#Layer_Color=8388736
#
#Feature symbol names
#
$0 r47.244
$1 r78.7401
$2 rect31.622x17.8425xr8.9212
$3 rect17.8425x31.622xr8.9212
$4 rect252.0945x236.3465
$5 rect126.1102x70.9921
$6 rect185.1654x78.8661
$7 rect78.8661x185.1654
$8 rect31.622x27.685
$9 rect13.9055x11.937xr4.9842
$10 s19.811
$11 rect15.874x15.0866xr4.8858
$12 rect43.4331x31.622
$13 rect45.4016x63.1181
$14 rect31.622x43.4331
$15 rect27.685x31.622
$16 rect11.937x13.9055xr4.9842
$17 rect15.0866x15.874xr4.8858
$18 rect74.9291x31.622xr9.9055_225
$19 rect74.9291x31.622xr9.9055_315
$20 rect74.9291x31.622xr9.9055
$21 r19.0236
$22 rect94.6142x32.0157xr16.0078
$23 rect32.0157x94.6142xr16.0078
$24 r26.1102
$25 rect18x67.0551_225
$26 rect18x67.0551_315
$27 rect15.874x67.8425
$28 rect67.8425x15.874
$29 rect27.685x86.7402
$30 r10
$31 r47.3701
$32 rect12.9212x17.8426
$33 rect17.8426x12.9212
$34 rect72.9606x70.0078
$35 rect73.9449x72.9606
$36 rect70.0078x73.9449
$37 rect70.0078x52.2913
$38 rect47.37x21.7795
$39 rect67.0551x67.0551
$40 rect67.0551x51.3071
$41 rect44.4173x21.7795
$42 r80.8346
$43 r135.9528
$44 r67.0551
$45 r94.6142
$46 r76.8976
$47 r39.4961
$48 r55.2441
$49 r108
$50 r78.8661

#
#Feature attribute names
#
@0 .nomenclature
@1 .string
@2 .string_angle
@3 .geometry
@4 .pad_usage

#
#Feature attribute text strings
#
&0 SMD_RoundX39.3701Y39.3701
&1 SMD_RoundRectX23.6220Y9.8425
&2 SMD_RoundRectX9.8425Y23.6220
&3 SMD_RectX244.0945Y228.3465
&4 SMD_RectX118.1102Y62.9921
&5 SMD_RectX177.1654Y70.8661
&6 SMD_RectX70.8661Y177.1654
&7 SMD_RectX23.6220Y19.6850
&8 SMD_RoundRectX5.9055Y3.9370
&9 SMD_SquareX11.8110Y11.8110
&10 SMD_RoundRectX7.8740Y7.0866
&11 SMD_RectX35.4331Y23.6220
&12 SMD_RectX37.4016Y55.1181
&13 SMD_RectX23.6220Y35.4331
&14 SMD_RectX19.6850Y23.6220
&15 SMD_RoundRectX3.9370Y5.9055
&16 SMD_RoundRectX7.0866Y7.8740
&17 SMD_RoundRectX66.9291Y23.6220
&18 SMD_RoundX11.0236Y11.0236
&19 SMD_RoundRectX86.6142Y24.0157
&20 SMD_RoundRectX24.0157Y86.6142
&21 SMD_RoundX18.1102Y18.1102
&22 SMD_RectX10.0000Y59.0551
&23 SMD_RectX7.8740Y59.8425
&24 SMD_RectX59.8425Y7.8740
&25 SMD_RectX19.6850Y78.7402
&26 Pad_Simple_X72.8346Y72.8346H47.2441C87.2441
&27 Pad_Simple_X127.9528Y127.9528H127.9528C167.9528
&28 Pad_Simple_X59.0551Y59.0551H35.0394C75.0394
&29 Pad_Simple_X86.6142Y86.6142H61.8110C101.8110
&30 Pad_Simple_X86.6142Y86.6142H110.2362C150.2362
&31 Pad_Simple_X68.8976Y68.8976H43.3071C83.3071
&32 Pad_Simple_X31.4961Y31.4961H31.4961C71.4961
&33 Pad_Simple_X47.2441Y47.2441H47.2441C87.2441
&34 Pad_Simple_X100.0000Y100.0000H59.0551C99.0551
&35 Pad_Simple_X70.8661Y70.8661H47.2441C87.2441

#
#Layer features
#
A 5.1141732 3.1299213 5.1141732 3.1299213 5.0984252 3.1299213 0 P 0 N
A 6.3346456 4.3503937 6.3346456 4.3503937 6.3188976 4.3503937 0 P 0 N
L 0.1574803 0.1574803 0.1574803 4.5669291 31 P 0
L 0.1574803 0.1574803 6.5354331 0.1574803 31 P 0
L 0.1574803 4.5669291 6.5354331 4.5669291 31 P 0
L 1.0622126 4.2309134 1.1082126 4.2309134 30 P 0
L 1.0622126 4.2329134 1.1022126 4.2329134 30 P 0
L 1.0622126 4.2349134 1.0982126 4.2349134 30 P 0
L 1.0622126 4.2369134 1.0942126 4.2369134 30 P 0
L 1.0622126 4.2389134 1.0922126 4.2389134 30 P 0
L 1.0622126 4.2409134 1.0882126 4.2409134 30 P 0
L 1.0642126 4.2269134 1.1202126 4.2269134 30 P 0
L 1.0642126 4.2289134 1.1142126 4.2289134 30 P 0
L 1.0642126 4.2429134 1.0922126 4.2429134 30 P 0
L 1.0642126 4.2449134 1.0962126 4.2449134 30 P 0
L 1.0662126 4.2229134 1.1362126 4.2229134 30 P 0
L 1.0662126 4.2249134 1.1262126 4.2249134 30 P 0
L 1.0662126 4.2469134 1.1002126 4.2469134 30 P 0
L 1.0682126 4.2209134 1.1442126 4.2209134 30 P 0
L 1.0682126 4.2489134 1.1042126 4.2489134 30 P 0
L 1.0702126 4.2189134 1.1542126 4.2189134 30 P 0
L 1.0702126 4.2509134 1.1082126 4.2509134 30 P 0
L 1.0722126 4.2169134 1.1822126 4.2169134 30 P 0
L 1.0722126 4.2529134 1.1142126 4.2529134 30 P 0
L 1.0742126 4.2149134 1.1822126 4.2149134 30 P 0
L 1.0762126 4.2129134 1.2002126 4.2129134 30 P 0
L 1.0762126 4.2549134 1.1202126 4.2549134 30 P 0
L 1.0782126 4.2569134 1.1262126 4.2569134 30 P 0
L 1.0802126 4.2109134 1.2242126 4.2109134 30 P 0
L 1.0822126 4.2089134 1.4362126 4.2089134 30 P 0
L 1.0822126 4.2589134 1.1342126 4.2589134 30 P 0
L 1.0862126 4.2069134 1.4362126 4.2069134 30 P 0
L 1.0862126 4.2609134 1.1422126 4.2609134 30 P 0
L 1.0902126 4.2049134 1.4342126 4.2049134 30 P 0
L 1.0922126 4.2629134 1.1502126 4.2629134 30 P 0
L 1.0942126 4.2029134 1.4342126 4.2029134 30 P 0
L 1.0982126 4.2009134 1.4322126 4.2009134 30 P 0
L 1.0982126 4.2649134 1.1622126 4.2649134 30 P 0
L 1.1022126 4.1989134 1.4302126 4.1989134 30 P 0
L 1.1042126 4.2669134 1.1742126 4.2669134 30 P 0
L 1.1082126 4.1969134 1.4282126 4.1969134 30 P 0
L 1.1102126 4.2689134 1.1882126 4.2689134 30 P 0
L 1.1142126 4.1949134 1.4262126 4.1949134 30 P 0
L 1.1202126 4.1929134 1.4222126 4.1929134 30 P 0
L 1.1202126 4.2709134 1.2082126 4.2709134 30 P 0
L 1.1262126 4.1909134 1.4182126 4.1909134 30 P 0
L 1.1282126 4.2729134 1.2362126 4.2729134 30 P 0
L 1.1342126 4.1889134 1.4142126 4.1889134 30 P 0
L 1.1382126 4.2749134 1.4302126 4.2749134 30 P 0
L 1.1422126 4.1869134 1.4102126 4.1869134 30 P 0
L 1.1502126 4.1829134 1.3962126 4.1829134 30 P 0
L 1.1502126 4.1849134 1.4042126 4.1849134 30 P 0
L 1.1502126 4.2769134 1.4182126 4.2769134 30 P 0
L 1.1522126 4.1769134 1.1702126 4.1769134 30 P 0
L 1.1522126 4.1789134 1.1682126 4.1789134 30 P 0
L 1.1522126 4.1809134 1.1682126 4.1809134 30 P 0
L 1.1542126 4.1729134 1.1722126 4.1729134 30 P 0
L 1.1542126 4.1749134 1.1702126 4.1749134 30 P 0
L 1.1562126 4.1689134 1.1762126 4.1689134 30 P 0
L 1.1562126 4.1709134 1.1742126 4.1709134 30 P 0
L 1.1562126 4.2189134 1.1882126 4.2189134 30 P 0
L 1.1582126 4.1649134 1.1782126 4.1649134 30 P 0
L 1.1582126 4.1669134 1.1762126 4.1669134 30 P 0
L 1.1582126 4.2209134 1.1942126 4.2209134 30 P 0
L 1.1602126 4.1629134 1.1802126 4.1629134 30 P 0
L 1.1622126 4.1609134 1.1822126 4.1609134 30 P 0
L 1.1622126 4.2229134 1.2022126 4.2229134 30 P 0
L 1.1642126 4.1569134 1.1882126 4.1569134 30 P 0
L 1.1642126 4.1589134 1.1862126 4.1589134 30 P 0
L 1.1642126 4.2789134 1.4042126 4.2789134 30 P 0
L 1.1662126 4.1549134 1.1902126 4.1549134 30 P 0
L 1.1662126 4.2249134 1.2102126 4.2249134 30 P 0
L 1.1682126 4.1529134 1.1942126 4.1529134 30 P 0
L 1.1702126 4.1509134 1.1982126 4.1509134 30 P 0
L 1.1702126 4.2269134 1.2202126 4.2269134 30 P 0
L 1.1722126 4.1489134 1.2022126 4.1489134 30 P 0
L 1.1742126 4.1469134 1.2062126 4.1469134 30 P 0
L 1.1742126 4.1809134 1.3862126 4.1809134 30 P 0
L 1.1762126 4.1449134 1.2122126 4.1449134 30 P 0
L 1.1762126 4.2289134 1.2342126 4.2289134 30 P 0
L 1.1782126 4.1429134 1.2362126 4.1429134 30 P 0
L 1.1822126 4.1409134 1.2322126 4.1409134 30 P 0
L 1.1822126 4.2309134 1.2542126 4.2309134 30 P 0
L 1.1822126 4.2809134 1.3862126 4.2809134 30 P 0
L 1.1842126 4.1389134 1.2322126 4.1389134 30 P 0
L 1.1862126 4.1369134 1.2442126 4.1369134 30 P 0
L 1.1882126 4.1789134 1.3762126 4.1789134 30 P 0
L 1.1882126 4.3809134 1.2222126 4.3809134 30 P 0
L 1.1882126 4.3829134 1.2142126 4.3829134 30 P 0
L 1.1882126 4.3849134 1.2042126 4.3849134 30 P 0
L 1.1902126 4.1349134 1.2622126 4.1349134 30 P 0
L 1.1902126 4.2329134 1.4102126 4.2329134 30 P 0
L 1.1902126 4.3789134 1.2282126 4.3789134 30 P 0
L 1.1922126 4.1329134 1.3722126 4.1329134 30 P 0
L 1.1922126 4.3769134 1.2342126 4.3769134 30 P 0
L 1.1942126 4.3749134 1.2402126 4.3749134 30 P 0
L 1.1962126 4.1309134 1.3702126 4.1309134 30 P 0
L 1.1982126 4.2349134 1.4022126 4.2349134 30 P 0
L 1.1982126 4.3729134 1.2442126 4.3729134 30 P 0
L 1.2002126 4.1289134 1.3702126 4.1289134 30 P 0
L 1.2002126 4.3709134 1.2482126 4.3709134 30 P 0
L 1.2022126 4.2829134 1.3662126 4.2829134 30 P 0
L 1.2022126 4.3689134 1.2502126 4.3689134 30 P 0
L 1.2042126 4.1269134 1.3682126 4.1269134 30 P 0
L 1.2042126 4.3669134 1.2542126 4.3669134 30 P 0
L 1.2062126 4.1249134 1.3662126 4.1249134 30 P 0
L 1.2062126 4.1769134 1.3602126 4.1769134 30 P 0
L 1.2062126 4.2369134 1.3942126 4.2369134 30 P 0
L 1.2062126 4.3649134 1.2562126 4.3649134 30 P 0
L 1.2102126 4.3629134 1.2582126 4.3629134 30 P 0
L 1.2122126 4.1229134 1.3642126 4.1229134 30 P 0
L 1.2122126 4.3609134 1.2602126 4.3609134 30 P 0
L 1.2142126 4.1209134 1.3622126 4.1209134 30 P 0
L 1.2142126 4.3589134 1.2622126 4.3589134 30 P 0
L 1.2162126 4.1169134 1.3522126 4.1169134 30 P 0
L 1.2162126 4.1189134 1.3582126 4.1189134 30 P 0
L 1.2162126 4.1449134 1.2422126 4.1449134 30 P 0
L 1.2162126 4.3569134 1.2642126 4.3569134 30 P 0
L 1.2182126 4.1149134 1.3462126 4.1149134 30 P 0
L 1.2182126 4.2389134 1.3802126 4.2389134 30 P 0
L 1.2182126 4.3549134 1.2642126 4.3549134 30 P 0
L 1.2202126 4.1129134 1.2382126 4.1129134 30 P 0
L 1.2202126 4.1469134 1.2462126 4.1469134 30 P 0
L 1.2222126 4.1109134 1.2402126 4.1109134 30 P 0
L 1.2222126 4.1489134 1.2542126 4.1489134 30 P 0
L 1.2222126 4.3529134 1.2662126 4.3529134 30 P 0
L 1.2242126 4.1089134 1.2422126 4.1089134 30 P 0
L 1.2242126 4.3509134 1.2662126 4.3509134 30 P 0
L 1.2262126 4.1069134 1.2462126 4.1069134 30 P 0
L 1.2262126 4.1509134 1.2642126 4.1509134 30 P 0
L 1.2262126 4.3489134 1.2682126 4.3489134 30 P 0
L 1.2282126 4.1049134 1.2482126 4.1049134 30 P 0
L 1.2282126 4.3469134 1.2682126 4.3469134 30 P 0
L 1.2302126 4.1749134 1.3402126 4.1749134 30 P 0
L 1.2302126 4.3449134 1.2702126 4.3449134 30 P 0
L 1.2322126 4.1029134 1.2502126 4.1029134 30 P 0
L 1.2322126 4.1529134 1.3602126 4.1529134 30 P 0
L 1.2322126 4.2409134 1.3642126 4.2409134 30 P 0
L 1.2322126 4.2849134 1.3362126 4.2849134 30 P 0
L 1.2322126 4.3429134 1.2702126 4.3429134 30 P 0
L 1.2342126 4.1009134 1.2542126 4.1009134 30 P 0
L 1.2362126 4.0989134 1.2562126 4.0989134 30 P 0
L 1.2362126 4.3409134 1.2702126 4.3409134 30 P 0
L 1.2382126 4.1549134 1.3562126 4.1549134 30 P 0
L 1.2382126 4.3389134 1.2702126 4.3389134 30 P 0
L 1.2402126 4.0969134 1.2582126 4.0969134 30 P 0
L 1.2402126 4.3369134 1.2722126 4.3369134 30 P 0
L 1.2422126 4.0949134 1.2622126 4.0949134 30 P 0
L 1.2422126 4.1129134 1.3402126 4.1129134 30 P 0
L 1.2422126 4.3349134 1.2722126 4.3349134 30 P 0
L 1.2442126 4.1569134 1.3502126 4.1569134 30 P 0
L 1.2442126 4.3329134 1.2722126 4.3329134 30 P 0
L 1.2462126 4.0929134 1.2642126 4.0929134 30 P 0
L 1.2462126 4.3309134 1.2722126 4.3309134 30 P 0
L 1.2482126 4.0909134 1.2662126 4.0909134 30 P 0
L 1.2482126 4.3289134 1.2722126 4.3289134 30 P 0
L 1.2502126 4.0889134 1.2682126 4.0889134 30 P 0
L 1.2502126 4.3269134 1.2722126 4.3269134 30 P 0
L 1.2522126 4.1109134 1.3282126 4.1109134 30 P 0
L 1.2522126 4.1589134 1.3402126 4.1589134 30 P 0
L 1.2522126 4.3249134 1.2722126 4.3249134 30 P 0
L 1.2542126 4.0869134 1.2702126 4.0869134 30 P 0
L 1.2542126 4.2429134 1.3342126 4.2429134 30 P 0
L 1.2542126 4.3229134 1.2722126 4.3229134 30 P 0
L 1.2562126 4.0849134 1.2722126 4.0849134 30 P 0
L 1.2562126 4.3209134 1.2722126 4.3209134 30 P 0
L 1.2582126 4.0829134 1.2742126 4.0829134 30 P 0
L 1.2582126 4.3189134 1.2742126 4.3189134 30 P 0
L 1.2602126 4.0809134 1.2762126 4.0809134 30 P 0
L 1.2602126 4.3169134 1.2742126 4.3169134 30 P 0
L 1.2622126 4.0789134 1.2882126 4.0789134 30 P 0
L 1.2642126 4.0769134 1.2882126 4.0769134 30 P 0
L 1.2642126 4.3149134 1.2742126 4.3149134 30 P 0
L 1.2662126 4.0749134 1.2882126 4.0749134 30 P 0
L 1.2662126 4.1609134 1.3242126 4.1609134 30 P 0
L 1.2662126 4.3129134 1.2742126 4.3129134 30 P 0
L 1.2682126 4.0729134 1.2882126 4.0729134 30 P 0
L 1.2682126 4.1089134 1.3102126 4.1089134 30 P 0
L 1.2682126 4.3089134 1.2742126 4.3089134 30 P 0
L 1.2682126 4.3109134 1.2742126 4.3109134 30 P 0
L 1.2702126 4.0709134 1.2882126 4.0709134 30 P 0
L 1.2702126 4.3069134 1.2742126 4.3069134 30 P 0
L 1.2722126 4.0669134 1.2882126 4.0669134 30 P 0
L 1.2722126 4.0689134 1.2882126 4.0689134 30 P 0
L 1.2742126 4.0629134 1.2882126 4.0629134 30 P 0
L 1.2742126 4.0649134 1.2882126 4.0649134 30 P 0
L 1.2762126 4.0569134 1.2882126 4.0569134 30 P 0
L 1.2762126 4.0589134 1.2882126 4.0589134 30 P 0
L 1.2762126 4.0609134 1.2882126 4.0609134 30 P 0
L 1.2782126 4.0489134 1.2882126 4.0489134 30 P 0
L 1.2782126 4.0509134 1.2882126 4.0509134 30 P 0
L 1.2782126 4.0529134 1.2882126 4.0529134 30 P 0
L 1.2782126 4.0549134 1.2882126 4.0549134 30 P 0
L 1.2782126 4.0809134 1.2882126 4.0809134 30 P 0
L 1.2782126 4.0829134 1.2882126 4.0829134 30 P 0
L 1.2782126 4.0849134 1.2882126 4.0849134 30 P 0
L 1.2782126 4.0869134 1.2882126 4.0869134 30 P 0
L 1.2782126 4.0889134 1.2882126 4.0889134 30 P 0
L 1.2782126 4.0909134 1.2882126 4.0909134 30 P 0
L 1.2782126 4.0929134 1.2882126 4.0929134 30 P 0
L 1.2782126 4.0949134 1.2882126 4.0949134 30 P 0
L 1.2782126 4.0969134 1.2882126 4.0969134 30 P 0
L 1.2782126 4.0989134 1.2882126 4.0989134 30 P 0
L 1.2782126 4.1009134 1.2882126 4.1009134 30 P 0
L 1.2782126 4.1029134 1.2882126 4.1029134 30 P 0
L 1.2782126 4.1049134 1.2882126 4.1049134 30 P 0
L 1.2782126 4.1069134 1.2882126 4.1069134 30 P 0
L 1.2782126 4.1349134 1.2882126 4.1349134 30 P 0
L 1.2782126 4.1369134 1.2882126 4.1369134 30 P 0
L 1.2782126 4.1389134 1.2882126 4.1389134 30 P 0
L 1.2782126 4.1409134 1.2882126 4.1409134 30 P 0
L 1.2782126 4.1429134 1.2882126 4.1429134 30 P 0
L 1.2782126 4.1449134 1.2882126 4.1449134 30 P 0
L 1.2782126 4.1469134 1.2882126 4.1469134 30 P 0
L 1.2782126 4.1489134 1.2882126 4.1489134 30 P 0
L 1.2782126 4.1509134 1.2882126 4.1509134 30 P 0
L 1.2782126 4.1629134 1.2882126 4.1629134 30 P 0
L 1.2782126 4.1649134 1.2882126 4.1649134 30 P 0
L 1.2782126 4.1669134 1.2882126 4.1669134 30 P 0
L 1.2782126 4.1689134 1.2882126 4.1689134 30 P 0
L 1.2782126 4.1709134 1.2882126 4.1709134 30 P 0
L 1.2782126 4.1729134 1.2882126 4.1729134 30 P 0
L 1.2782126 4.2109134 1.2882126 4.2109134 30 P 0
L 1.2782126 4.2129134 1.2882126 4.2129134 30 P 0
L 1.2782126 4.2149134 1.2882126 4.2149134 30 P 0
L 1.2782126 4.2169134 1.2882126 4.2169134 30 P 0
L 1.2782126 4.2189134 1.2882126 4.2189134 30 P 0
L 1.2782126 4.2209134 1.2882126 4.2209134 30 P 0
L 1.2782126 4.2229134 1.2882126 4.2229134 30 P 0
L 1.2782126 4.2249134 1.2882126 4.2249134 30 P 0
L 1.2782126 4.2269134 1.2882126 4.2269134 30 P 0
L 1.2782126 4.2289134 1.2882126 4.2289134 30 P 0
L 1.2782126 4.2309134 1.2882126 4.2309134 30 P 0
L 1.2782126 4.2449134 1.2882126 4.2449134 30 P 0
L 1.2782126 4.2469134 1.2882126 4.2469134 30 P 0
L 1.2782126 4.2489134 1.2882126 4.2489134 30 P 0
L 1.2782126 4.2509134 1.2882126 4.2509134 30 P 0
L 1.2782126 4.2529134 1.2882126 4.2529134 30 P 0
L 1.2782126 4.2549134 1.2882126 4.2549134 30 P 0
L 1.2782126 4.2569134 1.2882126 4.2569134 30 P 0
L 1.2782126 4.2589134 1.2882126 4.2589134 30 P 0
L 1.2782126 4.2609134 1.2882126 4.2609134 30 P 0
L 1.2782126 4.2629134 1.2882126 4.2629134 30 P 0
L 1.2782126 4.2649134 1.2882126 4.2649134 30 P 0
L 1.2782126 4.2669134 1.2882126 4.2669134 30 P 0
L 1.2782126 4.2689134 1.2882126 4.2689134 30 P 0
L 1.2782126 4.2709134 1.2882126 4.2709134 30 P 0
L 1.2782126 4.2729134 1.2882126 4.2729134 30 P 0
L 1.2782126 4.2869134 1.2902126 4.2869134 30 P 0
L 1.2782126 4.2889134 1.2902126 4.2889134 30 P 0
L 1.2782126 4.2909134 1.2902126 4.2909134 30 P 0
L 1.2782126 4.2929134 1.2902126 4.2929134 30 P 0
L 1.2782126 4.2949134 1.2902126 4.2949134 30 P 0
L 1.2782126 4.2969134 1.2922126 4.2969134 30 P 0
L 1.2782126 4.2989134 1.2922126 4.2989134 30 P 0
L 1.2782126 4.3009134 1.2922126 4.3009134 30 P 0
L 1.2782126 4.3029134 1.2922126 4.3029134 30 P 0
L 1.2782126 4.3049134 1.2942126 4.3049134 30 P 0
L 1.2782126 4.3069134 1.2942126 4.3069134 30 P 0
L 1.2782126 4.3089134 1.2962126 4.3089134 30 P 0
L 1.2782126 4.3109134 1.2962126 4.3109134 30 P 0
L 1.2782126 4.3129134 1.2962126 4.3129134 30 P 0
L 1.2782126 4.3149134 1.2982126 4.3149134 30 P 0
L 1.2782126 4.3169134 1.2982126 4.3169134 30 P 0
L 1.2802126 4.3189134 1.3002126 4.3189134 30 P 0
L 1.2802126 4.3209134 1.3002126 4.3209134 30 P 0
L 1.2802126 4.3229134 1.3022126 4.3229134 30 P 0
L 1.2802126 4.3249134 1.3022126 4.3249134 30 P 0
L 1.2802126 4.3269134 1.3042126 4.3269134 30 P 0
L 1.2802126 4.3289134 1.3042126 4.3289134 30 P 0
L 1.2802126 4.3309134 1.3062126 4.3309134 30 P 0
L 1.2802126 4.3329134 1.3082126 4.3329134 30 P 0
L 1.2802126 4.3349134 1.3082126 4.3349134 30 P 0
L 1.2802126 4.3369134 1.3102126 4.3369134 30 P 0
L 1.2822126 4.3389134 1.3102126 4.3389134 30 P 0
L 1.2822126 4.3409134 1.3122126 4.3409134 30 P 0
L 1.2822126 4.3429134 1.3142126 4.3429134 30 P 0
L 1.2822126 4.3449134 1.3142126 4.3449134 30 P 0
L 1.2822126 4.3469134 1.3162126 4.3469134 30 P 0
L 1.2842126 4.3489134 1.3182126 4.3489134 30 P 0
L 1.2842126 4.3509134 1.3182126 4.3509134 30 P 0
L 1.2842126 4.3529134 1.3202126 4.3529134 30 P 0
L 1.2862126 4.3549134 1.3222126 4.3549134 30 P 0
L 1.2862126 4.3569134 1.3242126 4.3569134 30 P 0
L 1.2882126 4.3589134 1.3242126 4.3589134 30 P 0
L 1.2882126 4.3609134 1.3262126 4.3609134 30 P 0
L 1.2882126 4.3629134 1.3282126 4.3629134 30 P 0
L 1.2902126 4.3649134 1.3302126 4.3649134 30 P 0
L 1.2902126 4.3669134 1.3302126 4.3669134 30 P 0
L 1.2922126 4.3689134 1.3322126 4.3689134 30 P 0
L 1.2942126 4.3709134 1.3342126 4.3709134 30 P 0
L 1.2942126 4.3729134 1.3362126 4.3729134 30 P 0
L 1.2962126 4.3749134 1.3382126 4.3749134 30 P 0
L 1.2982126 4.3769134 1.3402126 4.3769134 30 P 0
L 1.3002126 4.3789134 1.3402126 4.3789134 30 P 0
L 1.3002126 4.3809134 1.3422126 4.3809134 30 P 0
L 1.3022126 4.3829134 1.3442126 4.3829134 30 P 0
L 1.3042126 4.3849134 1.3462126 4.3849134 30 P 0
L 1.3062126 4.3869134 1.3482126 4.3869134 30 P 0
L 1.3082126 4.3889134 1.3502126 4.3889134 30 P 0
L 1.3122126 4.3909134 1.3522126 4.3909134 30 P 0
L 1.3142126 4.3929134 1.3522126 4.3929134 30 P 0
L 1.3162126 4.1349134 1.3722126 4.1349134 30 P 0
L 1.3162126 4.3949134 1.3542126 4.3949134 30 P 0
L 1.3182126 4.3969134 1.3562126 4.3969134 30 P 0
L 1.3222126 4.1509134 1.3642126 4.1509134 30 P 0
L 1.3222126 4.3989134 1.3582126 4.3989134 30 P 0
L 1.3242126 4.4009134 1.3602126 4.4009134 30 P 0
L 1.3262126 4.4029134 1.3622126 4.4029134 30 P 0
L 1.3302126 4.4049134 1.3642126 4.4049134 30 P 0
L 1.3322126 4.2729134 1.4402126 4.2729134 30 P 0
L 1.3322126 4.4069134 1.3662126 4.4069134 30 P 0
L 1.3342126 4.1369134 1.3722126 4.1369134 30 P 0
L 1.3362126 4.1489134 1.3662126 4.1489134 30 P 0
L 1.3362126 4.4089134 1.3682126 4.4089134 30 P 0
L 1.3402126 4.2309134 1.4162126 4.2309134 30 P 0
L 1.3402126 4.4109134 1.3702126 4.4109134 30 P 0
L 1.3422126 4.1389134 1.3722126 4.1389134 30 P 0
L 1.3422126 4.4129134 1.3722126 4.4129134 30 P 0
L 1.3442126 4.1469134 1.3682126 4.1469134 30 P 0
L 1.3462126 4.2109134 1.4362126 4.2109134 30 P 0
L 1.3462126 4.4149134 1.3722126 4.4149134 30 P 0
L 1.3502126 4.1409134 1.3722126 4.1409134 30 P 0
L 1.3502126 4.1449134 1.3702126 4.1449134 30 P 0
L 1.3502126 4.4169134 1.3742126 4.4169134 30 P 0
L 1.3542126 4.1429134 1.3722126 4.1429134 30 P 0
L 1.3542126 4.4189134 1.3762126 4.4189134 30 P 0
L 1.3602126 4.2709134 1.4502126 4.2709134 30 P 0
L 1.3602126 4.4209134 1.3762126 4.4209134 30 P 0
L 1.3622126 4.2289134 1.4222126 4.2289134 30 P 0
L 1.3642126 4.4229134 1.3762126 4.4229134 30 P 0
L 1.3682126 4.2129134 1.4362126 4.2129134 30 P 0
L 1.3702126 4.4249134 1.3762126 4.4249134 30 P 0
L 1.3762126 4.2269134 1.4262126 4.2269134 30 P 0
L 1.3802126 4.2689134 1.4582126 4.2689134 30 P 0
L 1.3822126 4.2149134 1.4362126 4.2149134 30 P 0
L 1.3862126 4.2249134 1.4282126 4.2249134 30 P 0
L 1.3922126 4.2169134 1.4362126 4.2169134 30 P 0
L 1.3942126 4.2229134 1.4302126 4.2229134 30 P 0
L 1.3942126 4.2669134 1.4642126 4.2669134 30 P 0
L 1.3982126 4.2189134 1.4342126 4.2189134 30 P 0
L 1.4002126 4.2209134 1.4322126 4.2209134 30 P 0
L 1.4062126 4.2649134 1.4702126 4.2649134 30 P 0
L 1.4182126 4.2629134 1.4762126 4.2629134 30 P 0
L 1.4222126 4.0609134 1.5242126 4.0609134 30 P 0
L 1.4222126 4.0629134 1.5242126 4.0629134 30 P 0
L 1.4222126 4.0649134 1.4682126 4.0649134 30 P 0
L 1.4222126 4.0669134 1.4642126 4.0669134 30 P 0
L 1.4222126 4.0689134 1.4622126 4.0689134 30 P 0
L 1.4222126 4.0709134 1.4602126 4.0709134 30 P 0
L 1.4222126 4.0729134 1.4582126 4.0729134 30 P 0
L 1.4222126 4.0749134 1.4582126 4.0749134 30 P 0
L 1.4222126 4.0769134 1.4582126 4.0769134 30 P 0
L 1.4222126 4.0789134 1.4562126 4.0789134 30 P 0
L 1.4222126 4.0809134 1.4562126 4.0809134 30 P 0
L 1.4222126 4.0829134 1.4562126 4.0829134 30 P 0
L 1.4222126 4.0849134 1.4562126 4.0849134 30 P 0
L 1.4222126 4.0869134 1.4562126 4.0869134 30 P 0
L 1.4222126 4.0889134 1.4562126 4.0889134 30 P 0
L 1.4222126 4.0909134 1.4562126 4.0909134 30 P 0
L 1.4222126 4.0929134 1.4562126 4.0929134 30 P 0
L 1.4222126 4.0949134 1.4562126 4.0949134 30 P 0
L 1.4222126 4.0969134 1.4562126 4.0969134 30 P 0
L 1.4222126 4.0989134 1.4562126 4.0989134 30 P 0
L 1.4222126 4.1009134 1.4562126 4.1009134 30 P 0
L 1.4222126 4.1029134 1.4562126 4.1029134 30 P 0
L 1.4222126 4.1049134 1.4562126 4.1049134 30 P 0
L 1.4222126 4.1069134 1.4562126 4.1069134 30 P 0
L 1.4222126 4.1089134 1.4562126 4.1089134 30 P 0
L 1.4222126 4.1109134 1.4562126 4.1109134 30 P 0
L 1.4222126 4.1129134 1.4562126 4.1129134 30 P 0
L 1.4222126 4.1149134 1.4562126 4.1149134 30 P 0
L 1.4222126 4.1169134 1.4562126 4.1169134 30 P 0
L 1.4222126 4.1189134 1.4582126 4.1189134 30 P 0
L 1.4222126 4.1209134 1.4582126 4.1209134 30 P 0
L 1.4222126 4.1229134 1.4582126 4.1229134 30 P 0
L 1.4222126 4.1249134 1.4602126 4.1249134 30 P 0
L 1.4222126 4.1269134 1.4622126 4.1269134 30 P 0
L 1.4222126 4.1289134 1.4642126 4.1289134 30 P 0
L 1.4222126 4.1309134 1.4682126 4.1309134 30 P 0
L 1.4222126 4.1329134 1.5242126 4.1329134 30 P 0
L 1.4222126 4.1349134 1.5242126 4.1349134 30 P 0
L 1.4242126 4.0569134 1.5222126 4.0569134 30 P 0
L 1.4242126 4.0589134 1.5222126 4.0589134 30 P 0
L 1.4242126 4.1369134 1.5222126 4.1369134 30 P 0
L 1.4242126 4.1389134 1.5222126 4.1389134 30 P 0
L 1.4262126 4.0549134 1.5202126 4.0549134 30 P 0
L 1.4262126 4.1409134 1.5202126 4.1409134 30 P 0
L 1.4262126 4.2609134 1.4802126 4.2609134 30 P 0
L 1.4282126 4.0529134 1.5182126 4.0529134 30 P 0
L 1.4282126 4.1429134 1.5182126 4.1429134 30 P 0
L 1.4302126 4.0509134 1.5162126 4.0509134 30 P 0
L 1.4302126 4.1449134 1.5162126 4.1449134 30 P 0
L 1.4342126 4.0489134 1.5122126 4.0489134 30 P 0
L 1.4342126 4.1469134 1.5102126 4.1469134 30 P 0
L 1.4342126 4.2589134 1.4862126 4.2589134 30 P 0
L 1.4422126 4.2569134 1.4902126 4.2569134 30 P 0
L 1.4482126 4.2549134 1.4922126 4.2549134 30 P 0
L 1.4542126 4.2109134 1.4902126 4.2109134 30 P 0
L 1.4542126 4.2129134 1.4922126 4.2129134 30 P 0
L 1.4542126 4.2149134 1.4942126 4.2149134 30 P 0
L 1.4542126 4.2169134 1.4962126 4.2169134 30 P 0
L 1.4542126 4.2189134 1.4982126 4.2189134 30 P 0
L 1.4542126 4.2209134 1.5002126 4.2209134 30 P 0
L 1.4542126 4.2529134 1.4962126 4.2529134 30 P 0
L 1.4562126 4.2049134 1.4802126 4.2049134 30 P 0
L 1.4562126 4.2069134 1.4842126 4.2069134 30 P 0
L 1.4562126 4.2089134 1.4862126 4.2089134 30 P 0
L 1.4562126 4.2229134 1.5022126 4.2229134 30 P 0
L 1.4562126 4.2249134 1.5042126 4.2249134 30 P 0
L 1.4562126 4.2269134 1.5042126 4.2269134 30 P 0
L 1.4582126 4.2009134 1.4722126 4.2009134 30 P 0
L 1.4582126 4.2029134 1.4762126 4.2029134 30 P 0
L 1.4582126 4.2289134 1.5042126 4.2289134 30 P 0
L 1.4602126 4.2309134 1.5062126 4.2309134 30 P 0
L 1.4602126 4.2509134 1.4982126 4.2509134 30 P 0
L 1.4622126 4.1989134 1.4662126 4.1989134 30 P 0
L 1.4642126 4.2329134 1.5062126 4.2329134 30 P 0
L 1.4642126 4.2489134 1.5002126 4.2489134 30 P 0
L 1.4682126 4.2349134 1.5062126 4.2349134 30 P 0
L 1.4682126 4.2469134 1.5022126 4.2469134 30 P 0
L 1.4722126 4.2369134 1.5062126 4.2369134 30 P 0
L 1.4722126 4.2449134 1.5042126 4.2449134 30 P 0
L 1.4742126 4.2389134 1.5062126 4.2389134 30 P 0
L 1.4762126 4.2429134 1.5042126 4.2429134 30 P 0
L 1.4782126 4.0649134 1.5242126 4.0649134 30 P 0
L 1.4782126 4.1309134 1.5242126 4.1309134 30 P 0
L 1.4782126 4.2409134 1.5062126 4.2409134 30 P 0
L 1.4822126 4.0669134 1.5242126 4.0669134 30 P 0
L 1.4822126 4.1289134 1.5242126 4.1289134 30 P 0
L 1.4842126 4.0689134 1.5242126 4.0689134 30 P 0
L 1.4842126 4.1269134 1.5242126 4.1269134 30 P 0
L 1.4862126 4.0709134 1.5242126 4.0709134 30 P 0
L 1.4862126 4.1229134 1.5242126 4.1229134 30 P 0
L 1.4862126 4.1249134 1.5242126 4.1249134 30 P 0
L 1.4882126 4.0729134 1.5242126 4.0729134 30 P 0
L 1.4882126 4.0749134 1.5242126 4.0749134 30 P 0
L 1.4882126 4.0769134 1.5242126 4.0769134 30 P 0
L 1.4882126 4.0789134 1.5242126 4.0789134 30 P 0
L 1.4882126 4.0809134 1.5242126 4.0809134 30 P 0
L 1.4882126 4.0829134 1.5242126 4.0829134 30 P 0
L 1.4882126 4.0849134 1.5242126 4.0849134 30 P 0
L 1.4882126 4.0869134 1.5242126 4.0869134 30 P 0
L 1.4882126 4.0889134 1.5242126 4.0889134 30 P 0
L 1.4882126 4.0909134 1.5242126 4.0909134 30 P 0
L 1.4882126 4.0929134 1.5242126 4.0929134 30 P 0
L 1.4882126 4.0949134 1.5242126 4.0949134 30 P 0
L 1.4882126 4.0969134 1.5242126 4.0969134 30 P 0
L 1.4882126 4.0989134 1.5242126 4.0989134 30 P 0
L 1.4882126 4.1009134 1.5242126 4.1009134 30 P 0
L 1.4882126 4.1029134 1.5242126 4.1029134 30 P 0
L 1.4882126 4.1049134 1.5242126 4.1049134 30 P 0
L 1.4882126 4.1069134 1.5242126 4.1069134 30 P 0
L 1.4882126 4.1089134 1.5242126 4.1089134 30 P 0
L 1.4882126 4.1109134 1.5242126 4.1109134 30 P 0
L 1.4882126 4.1129134 1.5242126 4.1129134 30 P 0
L 1.4882126 4.1149134 1.5242126 4.1149134 30 P 0
L 1.4882126 4.1169134 1.5242126 4.1169134 30 P 0
L 1.4882126 4.1189134 1.5242126 4.1189134 30 P 0
L 1.4882126 4.1209134 1.5242126 4.1209134 30 P 0
L 1.5542126 4.0489134 1.6282126 4.0489134 30 P 0
L 1.5542126 4.0509134 1.6322126 4.0509134 30 P 0
L 1.5542126 4.0529134 1.6342126 4.0529134 30 P 0
L 1.5542126 4.0549134 1.6362126 4.0549134 30 P 0
L 1.5542126 4.0569134 1.6382126 4.0569134 30 P 0
L 1.5542126 4.0589134 1.6382126 4.0589134 30 P 0
L 1.5542126 4.0609134 1.6402126 4.0609134 30 P 0
L 1.5542126 4.0629134 1.6402126 4.0629134 30 P 0
L 1.5542126 4.1049134 1.6302126 4.1049134 30 P 0
L 1.5542126 4.1069134 1.6002126 4.1069134 30 P 0
L 1.5542126 4.1089134 1.5962126 4.1089134 30 P 0
L 1.5542126 4.1109134 1.5942126 4.1109134 30 P 0
L 1.5542126 4.1129134 1.5922126 4.1129134 30 P 0
L 1.5542126 4.1149134 1.5922126 4.1149134 30 P 0
L 1.5542126 4.1169134 1.5902126 4.1169134 30 P 0
L 1.5542126 4.1189134 1.5902126 4.1189134 30 P 0
L 1.5542126 4.1209134 1.5902126 4.1209134 30 P 0
L 1.5542126 4.1229134 1.5902126 4.1229134 30 P 0
L 1.5542126 4.1249134 1.5922126 4.1249134 30 P 0
L 1.5542126 4.1269134 1.5942126 4.1269134 30 P 0
L 1.5542126 4.1289134 1.5962126 4.1289134 30 P 0
L 1.5542126 4.1309134 1.5982126 4.1309134 30 P 0
L 1.5542126 4.1329134 1.6402126 4.1329134 30 P 0
L 1.5562126 4.0989134 1.6362126 4.0989134 30 P 0
L 1.5562126 4.1009134 1.6342126 4.1009134 30 P 0
L 1.5562126 4.1029134 1.6322126 4.1029134 30 P 0
L 1.5562126 4.1349134 1.6402126 4.1349134 30 P 0
L 1.5562126 4.1369134 1.6402126 4.1369134 30 P 0
L 1.5562126 4.1389134 1.6402126 4.1389134 30 P 0
L 1.5582126 4.0969134 1.6382126 4.0969134 30 P 0
L 1.5582126 4.1409134 1.6402126 4.1409134 30 P 0
L 1.5602126 4.0949134 1.6382126 4.0949134 30 P 0
L 1.5602126 4.1429134 1.6402126 4.1429134 30 P 0
L 1.5622126 4.0929134 1.6402126 4.0929134 30 P 0
L 1.5622126 4.1449134 1.6402126 4.1449134 30 P 0
L 1.5662126 4.0909134 1.6402126 4.0909134 30 P 0
L 1.5682126 4.1469134 1.6402126 4.1469134 30 P 0
L 1.5942126 4.0889134 1.6402126 4.0889134 30 P 0
L 1.5962126 4.0649134 1.6402126 4.0649134 30 P 0
L 1.6002126 4.0669134 1.6402126 4.0669134 30 P 0
L 1.6002126 4.0869134 1.6402126 4.0869134 30 P 0
L 1.6022126 4.0689134 1.6402126 4.0689134 30 P 0
L 1.6022126 4.0829134 1.6402126 4.0829134 30 P 0
L 1.6022126 4.0849134 1.6402126 4.0849134 30 P 0
L 1.6042126 4.0709134 1.6402126 4.0709134 30 P 0
L 1.6042126 4.0729134 1.6402126 4.0729134 30 P 0
L 1.6042126 4.0749134 1.6402126 4.0749134 30 P 0
L 1.6042126 4.0769134 1.6402126 4.0769134 30 P 0
L 1.6042126 4.0789134 1.6402126 4.0789134 30 P 0
L 1.6042126 4.0809134 1.6402126 4.0809134 30 P 0
L 1.6722126 4.0609134 1.7402126 4.0609134 30 P 0
L 1.6722126 4.0629134 1.7402126 4.0629134 30 P 0
L 1.6722126 4.0649134 1.7162126 4.0649134 30 P 0
L 1.6722126 4.0669134 1.7122126 4.0669134 30 P 0
L 1.6722126 4.0689134 1.7102126 4.0689134 30 P 0
L 1.6722126 4.0709134 1.7102126 4.0709134 30 P 0
L 1.6722126 4.0729134 1.7082126 4.0729134 30 P 0
L 1.6722126 4.0749134 1.7082126 4.0749134 30 P 0
L 1.6722126 4.0769134 1.7082126 4.0769134 30 P 0
L 1.6722126 4.0789134 1.7082126 4.0789134 30 P 0
L 1.6722126 4.0809134 1.7082126 4.0809134 30 P 0
L 1.6722126 4.0829134 1.7082126 4.0829134 30 P 0
L 1.6722126 4.0849134 1.7082126 4.0849134 30 P 0
L 1.6722126 4.0869134 1.7082126 4.0869134 30 P 0
L 1.6722126 4.0889134 1.7082126 4.0889134 30 P 0
L 1.6722126 4.0909134 1.7082126 4.0909134 30 P 0
L 1.6722126 4.0929134 1.7082126 4.0929134 30 P 0
L 1.6722126 4.0949134 1.7082126 4.0949134 30 P 0
L 1.6722126 4.0969134 1.7082126 4.0969134 30 P 0
L 1.6722126 4.0989134 1.7082126 4.0989134 30 P 0
L 1.6722126 4.1009134 1.7082126 4.1009134 30 P 0
L 1.6722126 4.1029134 1.7082126 4.1029134 30 P 0
L 1.6722126 4.1049134 1.7082126 4.1049134 30 P 0
L 1.6722126 4.1069134 1.7082126 4.1069134 30 P 0
L 1.6722126 4.1089134 1.7082126 4.1089134 30 P 0
L 1.6722126 4.1109134 1.7082126 4.1109134 30 P 0
L 1.6722126 4.1129134 1.7082126 4.1129134 30 P 0
L 1.6722126 4.1149134 1.7082126 4.1149134 30 P 0
L 1.6722126 4.1169134 1.7082126 4.1169134 30 P 0
L 1.6722126 4.1189134 1.7082126 4.1189134 30 P 0
L 1.6722126 4.1209134 1.7082126 4.1209134 30 P 0
L 1.6722126 4.1229134 1.7082126 4.1229134 30 P 0
L 1.6722126 4.1249134 1.7082126 4.1249134 30 P 0
L 1.6722126 4.1269134 1.7082126 4.1269134 30 P 0
L 1.6722126 4.1289134 1.7082126 4.1289134 30 P 0
L 1.6722126 4.1309134 1.7082126 4.1309134 30 P 0
L 1.6722126 4.1329134 1.7402126 4.1329134 30 P 0
L 1.6722126 4.1349134 1.7402126 4.1349134 30 P 0
L 1.6722126 4.1369134 1.7402126 4.1369134 30 P 0
L 1.6722126 4.1389134 1.7402126 4.1389134 30 P 0
L 1.6722126 4.1409134 1.7402126 4.1409134 30 P 0
L 1.6722126 4.1429134 1.7402126 4.1429134 30 P 0
L 1.6722126 4.1449134 1.7402126 4.1449134 30 P 0
L 1.6722126 4.1469134 1.7402126 4.1469134 30 P 0
L 1.6722126 4.1489134 1.7082126 4.1489134 30 P 0
L 1.6722126 4.1509134 1.7082126 4.1509134 30 P 0
L 1.6722126 4.1529134 1.7082126 4.1529134 30 P 0
L 1.6722126 4.1549134 1.7082126 4.1549134 30 P 0
L 1.6722126 4.1569134 1.7082126 4.1569134 30 P 0
L 1.6722126 4.1589134 1.7082126 4.1589134 30 P 0
L 1.6722126 4.1609134 1.7082126 4.1609134 30 P 0
L 1.6722126 4.1629134 1.7082126 4.1629134 30 P 0
L 1.6722126 4.1649134 1.7082126 4.1649134 30 P 0
L 1.6722126 4.1669134 1.7082126 4.1669134 30 P 0
L 1.6722126 4.1689134 1.7082126 4.1689134 30 P 0
L 1.6722126 4.1709134 1.7082126 4.1709134 30 P 0
L 1.6722126 4.1729134 1.7082126 4.1729134 30 P 0
L 1.6722126 4.1749134 1.7082126 4.1749134 30 P 0
L 1.6742126 4.0569134 1.7402126 4.0569134 30 P 0
L 1.6742126 4.0589134 1.7402126 4.0589134 30 P 0
L 1.6762126 4.0549134 1.7402126 4.0549134 30 P 0
L 1.6782126 4.0529134 1.7402126 4.0529134 30 P 0
L 1.6802126 4.0509134 1.7402126 4.0509134 30 P 0
L 1.6842126 4.0489134 1.7402126 4.0489134 30 P 0
L 1.7702126 4.0589134 1.8682126 4.0589134 30 P 0
L 1.7702126 4.0609134 1.8682126 4.0609134 30 P 0
L 1.7702126 4.0629134 1.8682126 4.0629134 30 P 0
L 1.7702126 4.0649134 1.8142126 4.0649134 30 P 0
L 1.7702126 4.0669134 1.8102126 4.0669134 30 P 0
L 1.7702126 4.0689134 1.8082126 4.0689134 30 P 0
L 1.7702126 4.0709134 1.8062126 4.0709134 30 P 0
L 1.7702126 4.0729134 1.8062126 4.0729134 30 P 0
L 1.7702126 4.0749134 1.8042126 4.0749134 30 P 0
L 1.7702126 4.0769134 1.8042126 4.0769134 30 P 0
L 1.7702126 4.0789134 1.8042126 4.0789134 30 P 0
L 1.7702126 4.0809134 1.8042126 4.0809134 30 P 0
L 1.7702126 4.0829134 1.8702126 4.0829134 30 P 0
L 1.7702126 4.0849134 1.8702126 4.0849134 30 P 0
L 1.7702126 4.0869134 1.8702126 4.0869134 30 P 0
L 1.7702126 4.0889134 1.8702126 4.0889134 30 P 0
L 1.7702126 4.0909134 1.8702126 4.0909134 30 P 0
L 1.7702126 4.0929134 1.8702126 4.0929134 30 P 0
L 1.7702126 4.0949134 1.8702126 4.0949134 30 P 0
L 1.7702126 4.0969134 1.8702126 4.0969134 30 P 0
L 1.7702126 4.0989134 1.8042126 4.0989134 30 P 0
L 1.7702126 4.1009134 1.8042126 4.1009134 30 P 0
L 1.7702126 4.1029134 1.8042126 4.1029134 30 P 0
L 1.7702126 4.1049134 1.8042126 4.1049134 30 P 0
L 1.7702126 4.1069134 1.8042126 4.1069134 30 P 0
L 1.7702126 4.1089134 1.8042126 4.1089134 30 P 0
L 1.7702126 4.1109134 1.8042126 4.1109134 30 P 0
L 1.7702126 4.1129134 1.8042126 4.1129134 30 P 0
L 1.7702126 4.1149134 1.8042126 4.1149134 30 P 0
L 1.7702126 4.1169134 1.8042126 4.1169134 30 P 0
L 1.7702126 4.1189134 1.8042126 4.1189134 30 P 0
L 1.7702126 4.1209134 1.8062126 4.1209134 30 P 0
L 1.7702126 4.1229134 1.8062126 4.1229134 30 P 0
L 1.7702126 4.1249134 1.8062126 4.1249134 30 P 0
L 1.7702126 4.1269134 1.8082126 4.1269134 30 P 0
L 1.7702126 4.1289134 1.8122126 4.1289134 30 P 0
L 1.7702126 4.1309134 1.8162126 4.1309134 30 P 0
L 1.7702126 4.1329134 1.8702126 4.1329134 30 P 0
L 1.7702126 4.1349134 1.8702126 4.1349134 30 P 0
L 1.7702126 4.1369134 1.8682126 4.1369134 30 P 0
L 1.7722126 4.0549134 1.8682126 4.0549134 30 P 0
L 1.7722126 4.0569134 1.8682126 4.0569134 30 P 0
L 1.7722126 4.1389134 1.8682126 4.1389134 30 P 0
L 1.7722126 4.1409134 1.8662126 4.1409134 30 P 0
L 1.7742126 4.0529134 1.8682126 4.0529134 30 P 0
L 1.7742126 4.1429134 1.8642126 4.1429134 30 P 0
L 1.7762126 4.0509134 1.8682126 4.0509134 30 P 0
L 1.7782126 4.1449134 1.8622126 4.1449134 30 P 0
L 1.7822126 4.0489134 1.8682126 4.0489134 30 P 0
L 1.7822126 4.1469134 1.8582126 4.1469134 30 P 0
L 1.8242126 4.1309134 1.8702126 4.1309134 30 P 0
L 1.8282126 4.1289134 1.8702126 4.1289134 30 P 0
L 1.8302126 4.1269134 1.8702126 4.1269134 30 P 0
L 1.8322126 4.1249134 1.8702126 4.1249134 30 P 0
L 1.8342126 4.1189134 1.8702126 4.1189134 30 P 0
L 1.8342126 4.1209134 1.8702126 4.1209134 30 P 0
L 1.8342126 4.1229134 1.8702126 4.1229134 30 P 0
L 1.8362126 4.0989134 1.8702126 4.0989134 30 P 0
L 1.8362126 4.1009134 1.8702126 4.1009134 30 P 0
L 1.8362126 4.1029134 1.8702126 4.1029134 30 P 0
L 1.8362126 4.1049134 1.8702126 4.1049134 30 P 0
L 1.8362126 4.1069134 1.8702126 4.1069134 30 P 0
L 1.8362126 4.1089134 1.8702126 4.1089134 30 P 0
L 1.8362126 4.1109134 1.8702126 4.1109134 30 P 0
L 1.8362126 4.1129134 1.8702126 4.1129134 30 P 0
L 1.8362126 4.1149134 1.8702126 4.1149134 30 P 0
L 1.8362126 4.1169134 1.8702126 4.1169134 30 P 0
L 1.9042126 4.0589134 1.9982126 4.0589134 30 P 0
L 1.9042126 4.0609134 1.9982126 4.0609134 30 P 0
L 1.9042126 4.0629134 1.9982126 4.0629134 30 P 0
L 1.9042126 4.0649134 1.9482126 4.0649134 30 P 0
L 1.9042126 4.0669134 1.9442126 4.0669134 30 P 0
L 1.9042126 4.0689134 1.9422126 4.0689134 30 P 0
L 1.9042126 4.0709134 1.9402126 4.0709134 30 P 0
L 1.9042126 4.0729134 1.9402126 4.0729134 30 P 0
L 1.9042126 4.0749134 1.9382126 4.0749134 30 P 0
L 1.9042126 4.0769134 1.9382126 4.0769134 30 P 0
L 1.9042126 4.0789134 1.9382126 4.0789134 30 P 0
L 1.9042126 4.0809134 1.9382126 4.0809134 30 P 0
L 1.9042126 4.0829134 1.9382126 4.0829134 30 P 0
L 1.9042126 4.0849134 1.9382126 4.0849134 30 P 0
L 1.9042126 4.0869134 1.9382126 4.0869134 30 P 0
L 1.9042126 4.0889134 1.9382126 4.0889134 30 P 0
L 1.9042126 4.0909134 1.9382126 4.0909134 30 P 0
L 1.9042126 4.0929134 1.9382126 4.0929134 30 P 0
L 1.9042126 4.0949134 1.9382126 4.0949134 30 P 0
L 1.9042126 4.0969134 1.9382126 4.0969134 30 P 0
L 1.9042126 4.0989134 1.9382126 4.0989134 30 P 0
L 1.9042126 4.1009134 1.9382126 4.1009134 30 P 0
L 1.9042126 4.1029134 1.9382126 4.1029134 30 P 0
L 1.9042126 4.1049134 1.9382126 4.1049134 30 P 0
L 1.9042126 4.1069134 1.9382126 4.1069134 30 P 0
L 1.9042126 4.1089134 1.9382126 4.1089134 30 P 0
L 1.9042126 4.1109134 1.9382126 4.1109134 30 P 0
L 1.9042126 4.1129134 1.9382126 4.1129134 30 P 0
L 1.9042126 4.1149134 1.9382126 4.1149134 30 P 0
L 1.9042126 4.1169134 1.9382126 4.1169134 30 P 0
L 1.9042126 4.1189134 1.9382126 4.1189134 30 P 0
L 1.9042126 4.1209134 1.9382126 4.1209134 30 P 0
L 1.9042126 4.1229134 1.9402126 4.1229134 30 P 0
L 1.9042126 4.1249134 1.9402126 4.1249134 30 P 0
L 1.9042126 4.1269134 1.9422126 4.1269134 30 P 0
L 1.9042126 4.1289134 1.9442126 4.1289134 30 P 0
L 1.9042126 4.1309134 1.9482126 4.1309134 30 P 0
L 1.9042126 4.1329134 1.9982126 4.1329134 30 P 0
L 1.9042126 4.1349134 1.9982126 4.1349134 30 P 0
L 1.9042126 4.1369134 1.9982126 4.1369134 30 P 0
L 1.9062126 4.0569134 1.9982126 4.0569134 30 P 0
L 1.9062126 4.1389134 1.9982126 4.1389134 30 P 0
L 1.9082126 4.0529134 1.9982126 4.0529134 30 P 0
L 1.9082126 4.0549134 1.9982126 4.0549134 30 P 0
L 1.9082126 4.1409134 1.9982126 4.1409134 30 P 0
L 1.9082126 4.1429134 1.9982126 4.1429134 30 P 0
L 1.9122126 4.0509134 1.9982126 4.0509134 30 P 0
L 1.9122126 4.1449134 1.9982126 4.1449134 30 P 0
L 1.9162126 4.0489134 1.9982126 4.0489134 30 P 0
L 1.9162126 4.1469134 1.9982126 4.1469134 30 P 0
L 6.5354331 0.1574803 6.5354331 4.5669291 31 P 0
P 0.3496063 0.4330709 16 P 0 0 ;3=15,4=0
P 0.3496063 0.5118111 16 P 0 0 ;3=15,4=0
P 0.3496063 0.5905512 16 P 0 0 ;3=15,4=0
P 0.3496063 0.6692914 16 P 0 0 ;3=15,4=0
P 0.3496063 0.7480315 16 P 0 0 ;3=15,4=0
P 0.3543307 0.9007874 9 P 0 0 ;3=8,4=0
P 0.3543307 0.9102362 9 P 0 0 ;3=8,4=0
P 0.3543307 0.969685 9 P 0 0 ;3=8,4=0
P 0.3543307 0.9791338 9 P 0 0 ;3=8,4=0
P 0.3543307 1.0425198 9 P 0 0 ;3=8,4=0
P 0.3543307 1.0519686 9 P 0 0 ;3=8,4=0
P 0.3543307 1.1173228 9 P 0 0 ;3=8,4=0
P 0.3543307 1.1267716 9 P 0 0 ;3=8,4=0
P 0.3590551 0.4330709 16 P 0 0 ;3=15,4=0
P 0.3590551 0.5118111 16 P 0 0 ;3=15,4=0
P 0.3590551 0.5905512 16 P 0 0 ;3=15,4=0
P 0.3590551 0.6692914 16 P 0 0 ;3=15,4=0
P 0.3590551 0.7480315 16 P 0 0 ;3=15,4=0
P 0.3937007 2.0275591 14 P 0 0 ;3=13,4=0
P 0.4035434 2.9232283 15 P 0 0 ;3=14,4=0
P 0.4062993 1.6023622 45 P 0 0 ;3=30,4=0
P 0.4283465 0.4330709 16 P 0 0 ;3=15,4=0
P 0.4283465 0.5118111 16 P 0 0 ;3=15,4=0
P 0.4283465 0.5905512 16 P 0 0 ;3=15,4=0
P 0.4283465 0.6692914 16 P 0 0 ;3=15,4=0
P 0.4283465 0.7480315 16 P 0 0 ;3=15,4=0
P 0.4330709 0.9007874 9 P 0 0 ;3=8,4=0
P 0.4330709 0.9102362 9 P 0 0 ;3=8,4=0
P 0.4330709 0.969685 9 P 0 0 ;3=8,4=0
P 0.4330709 0.9791338 9 P 0 0 ;3=8,4=0
P 0.4330709 1.0425198 9 P 0 0 ;3=8,4=0
P 0.4330709 1.0519686 9 P 0 0 ;3=8,4=0
P 0.4330709 1.1173228 9 P 0 0 ;3=8,4=0
P 0.4330709 1.1267716 9 P 0 0 ;3=8,4=0
P 0.4377953 0.4330709 16 P 0 0 ;3=15,4=0
P 0.4377953 0.5118111 16 P 0 0 ;3=15,4=0
P 0.4377953 0.5905512 16 P 0 0 ;3=15,4=0
P 0.4377953 0.6692914 16 P 0 0 ;3=15,4=0
P 0.4377953 0.7480315 16 P 0 0 ;3=15,4=0
P 0.4429134 2.9232283 15 P 0 0 ;3=14,4=0
P 0.4547244 2.0275591 14 P 0 0 ;3=13,4=0
P 0.4625983 3.2972441 21 P 0 0 ;3=18,4=0
P 0.4625983 3.4153543 21 P 0 0 ;3=18,4=0
P 0.4625983 3.4350393 21 P 0 0 ;3=18,4=0
P 0.4625983 3.4547244 21 P 0 0 ;3=18,4=0
P 0.4625983 3.4744094 21 P 0 0 ;3=18,4=0
P 0.4625983 3.4940945 21 P 0 0 ;3=18,4=0
P 0.4625983 3.5137795 21 P 0 0 ;3=18,4=0
P 0.4625983 3.5334645 21 P 0 0 ;3=18,4=0
P 0.4625983 3.5531496 21 P 0 0 ;3=18,4=0
P 0.4625983 3.5728346 21 P 0 0 ;3=18,4=0
P 0.4625983 3.5925197 21 P 0 0 ;3=18,4=0
P 0.4625983 3.6122047 21 P 0 0 ;3=18,4=0
P 0.4625983 3.6318897 21 P 0 0 ;3=18,4=0
P 0.4625983 3.6515748 21 P 0 0 ;3=18,4=0
P 0.4625983 3.6712598 21 P 0 0 ;3=18,4=0
P 0.4625984 3.257874 21 P 0 0 ;3=18,4=0
P 0.4625984 3.277559 21 P 0 0 ;3=18,4=0
P 0.4625984 3.3169291 21 P 0 0 ;3=18,4=0
P 0.4625984 3.3169291 21 P 0 0 ;3=18,4=0
P 0.4625984 3.3366141 21 P 0 0 ;3=18,4=0
P 0.4625984 3.3366141 21 P 0 0 ;3=18,4=0
P 0.4625984 3.3562992 21 P 0 0 ;3=18,4=0
P 0.4625984 3.3759842 21 P 0 0 ;3=18,4=0
P 0.4625984 3.3956693 21 P 0 0 ;3=18,4=0
P 0.4822833 3.2972441 21 P 0 0 ;3=18,4=0
P 0.4822833 3.4153543 21 P 0 0 ;3=18,4=0
P 0.4822833 3.4350393 21 P 0 0 ;3=18,4=0
P 0.4822833 3.4547244 21 P 0 0 ;3=18,4=0
P 0.4822833 3.4744094 21 P 0 0 ;3=18,4=0
P 0.4822833 3.4940945 21 P 0 0 ;3=18,4=0
P 0.4822833 3.5137795 21 P 0 0 ;3=18,4=0
P 0.4822833 3.5334645 21 P 0 0 ;3=18,4=0
P 0.4822833 3.5531496 21 P 0 0 ;3=18,4=0
P 0.4822833 3.5728346 21 P 0 0 ;3=18,4=0
P 0.4822833 3.5925197 21 P 0 0 ;3=18,4=0
P 0.4822833 3.6122047 21 P 0 0 ;3=18,4=0
P 0.4822833 3.6318897 21 P 0 0 ;3=18,4=0
P 0.4822833 3.6515748 21 P 0 0 ;3=18,4=0
P 0.4822833 3.6712598 21 P 0 0 ;3=18,4=0
P 0.4822834 3.257874 21 P 0 0 ;3=18,4=0
P 0.4822834 3.277559 21 P 0 0 ;3=18,4=0
P 0.4822834 3.3169291 21 P 0 0 ;3=18,4=0
P 0.4822834 3.3366141 21 P 0 0 ;3=18,4=0
P 0.4822834 3.3562992 21 P 0 0 ;3=18,4=0
P 0.4822834 3.3759842 21 P 0 0 ;3=18,4=0
P 0.4822834 3.3956693 21 P 0 0 ;3=18,4=0
P 0.5019684 3.2972441 21 P 0 0 ;3=18,4=0
P 0.5019684 3.4153543 21 P 0 0 ;3=18,4=0
P 0.5019684 3.4350393 21 P 0 0 ;3=18,4=0
P 0.5019684 3.4547244 21 P 0 0 ;3=18,4=0
P 0.5019684 3.4744094 21 P 0 0 ;3=18,4=0
P 0.5019684 3.4940945 21 P 0 0 ;3=18,4=0
P 0.5019684 3.5137795 21 P 0 0 ;3=18,4=0
P 0.5019684 3.5334645 21 P 0 0 ;3=18,4=0
P 0.5019684 3.5531496 21 P 0 0 ;3=18,4=0
P 0.5019684 3.5728346 21 P 0 0 ;3=18,4=0
P 0.5019684 3.5925197 21 P 0 0 ;3=18,4=0
P 0.5019684 3.6122047 21 P 0 0 ;3=18,4=0
P 0.5019684 3.6318897 21 P 0 0 ;3=18,4=0
P 0.5019684 3.6515748 21 P 0 0 ;3=18,4=0
P 0.5019684 3.6712598 21 P 0 0 ;3=18,4=0
P 0.5019685 3.257874 21 P 0 0 ;3=18,4=0
P 0.5019685 3.277559 21 P 0 0 ;3=18,4=0
P 0.5019685 3.3169291 21 P 0 0 ;3=18,4=0
P 0.5019685 3.3366141 21 P 0 0 ;3=18,4=0
P 0.5019685 3.3562992 21 P 0 0 ;3=18,4=0
P 0.5019685 3.3759842 21 P 0 0 ;3=18,4=0
P 0.5019685 3.3956693 21 P 0 0 ;3=18,4=0
P 0.5070866 0.4330709 16 P 0 0 ;3=15,4=0
P 0.5070866 0.5118111 16 P 0 0 ;3=15,4=0
P 0.5070866 0.5905512 16 P 0 0 ;3=15,4=0
P 0.5070866 0.6692914 16 P 0 0 ;3=15,4=0
P 0.5070866 0.7480315 16 P 0 0 ;3=15,4=0
P 0.511811 0.9007874 9 P 0 0 ;3=8,4=0
P 0.511811 0.9102362 9 P 0 0 ;3=8,4=0
P 0.511811 0.969685 9 P 0 0 ;3=8,4=0
P 0.511811 0.9791338 9 P 0 0 ;3=8,4=0
P 0.511811 1.0425198 9 P 0 0 ;3=8,4=0
P 0.511811 1.0519686 9 P 0 0 ;3=8,4=0
P 0.511811 1.1173228 9 P 0 0 ;3=8,4=0
P 0.511811 1.1267716 9 P 0 0 ;3=8,4=0
P 0.5165354 0.4330709 16 P 0 0 ;3=15,4=0
P 0.5165354 0.5118111 16 P 0 0 ;3=15,4=0
P 0.5165354 0.5905512 16 P 0 0 ;3=15,4=0
P 0.5165354 0.6692914 16 P 0 0 ;3=15,4=0
P 0.5165354 0.7480315 16 P 0 0 ;3=15,4=0
P 0.5216534 3.2972441 21 P 0 0 ;3=18,4=0
P 0.5216534 3.4153543 21 P 0 0 ;3=18,4=0
P 0.5216534 3.4350393 21 P 0 0 ;3=18,4=0
P 0.5216534 3.4547244 21 P 0 0 ;3=18,4=0
P 0.5216534 3.4744094 21 P 0 0 ;3=18,4=0
P 0.5216534 3.4940945 21 P 0 0 ;3=18,4=0
P 0.5216534 3.5137795 21 P 0 0 ;3=18,4=0
P 0.5216534 3.5334645 21 P 0 0 ;3=18,4=0
P 0.5216534 3.5531496 21 P 0 0 ;3=18,4=0
P 0.5216534 3.5728346 21 P 0 0 ;3=18,4=0
P 0.5216534 3.5925197 21 P 0 0 ;3=18,4=0
P 0.5216534 3.6122047 21 P 0 0 ;3=18,4=0
P 0.5216534 3.6318897 21 P 0 0 ;3=18,4=0
P 0.5216534 3.6515748 21 P 0 0 ;3=18,4=0
P 0.5216534 3.6712598 21 P 0 0 ;3=18,4=0
P 0.5216535 3.257874 21 P 0 0 ;3=18,4=0
P 0.5216535 3.277559 21 P 0 0 ;3=18,4=0
P 0.5216535 3.3169291 21 P 0 0 ;3=18,4=0
P 0.5216535 3.3366141 21 P 0 0 ;3=18,4=0
P 0.5216535 3.3562992 21 P 0 0 ;3=18,4=0
P 0.5216535 3.3759842 21 P 0 0 ;3=18,4=0
P 0.5216535 3.3956693 21 P 0 0 ;3=18,4=0
P 0.5232283 2.230315 43 P 0 0 ;3=27,4=0
P 0.5232283 2.730315 43 P 0 0 ;3=27,4=0
P 0.5413385 3.2972441 21 P 0 0 ;3=18,4=0
P 0.5413385 3.4153543 21 P 0 0 ;3=18,4=0
P 0.5413385 3.4350393 21 P 0 0 ;3=18,4=0
P 0.5413385 3.4547244 21 P 0 0 ;3=18,4=0
P 0.5413385 3.4744094 21 P 0 0 ;3=18,4=0
P 0.5413385 3.4940945 21 P 0 0 ;3=18,4=0
P 0.5413385 3.5137795 21 P 0 0 ;3=18,4=0
P 0.5413385 3.5334645 21 P 0 0 ;3=18,4=0
P 0.5413385 3.5531496 21 P 0 0 ;3=18,4=0
P 0.5413385 3.5728346 21 P 0 0 ;3=18,4=0
P 0.5413385 3.5925197 21 P 0 0 ;3=18,4=0
P 0.5413385 3.6122047 21 P 0 0 ;3=18,4=0
P 0.5413385 3.6318897 21 P 0 0 ;3=18,4=0
P 0.5413385 3.6515748 21 P 0 0 ;3=18,4=0
P 0.5413385 3.6712598 21 P 0 0 ;3=18,4=0
P 0.5413386 3.257874 21 P 0 0 ;3=18,4=0
P 0.5413386 3.277559 21 P 0 0 ;3=18,4=0
P 0.5413386 3.3169291 21 P 0 0 ;3=18,4=0
P 0.5413386 3.3366141 21 P 0 0 ;3=18,4=0
P 0.5413386 3.3562992 21 P 0 0 ;3=18,4=0
P 0.5413386 3.3759842 21 P 0 0 ;3=18,4=0
P 0.5413386 3.3956693 21 P 0 0 ;3=18,4=0
P 0.5610235 3.2972441 21 P 0 0 ;3=18,4=0
P 0.5610235 3.4153543 21 P 0 0 ;3=18,4=0
P 0.5610235 3.4350393 21 P 0 0 ;3=18,4=0
P 0.5610235 3.4547244 21 P 0 0 ;3=18,4=0
P 0.5610235 3.4744094 21 P 0 0 ;3=18,4=0
P 0.5610235 3.4940945 21 P 0 0 ;3=18,4=0
P 0.5610235 3.5137795 21 P 0 0 ;3=18,4=0
P 0.5610235 3.5334645 21 P 0 0 ;3=18,4=0
P 0.5610235 3.5531496 21 P 0 0 ;3=18,4=0
P 0.5610235 3.5728346 21 P 0 0 ;3=18,4=0
P 0.5610235 3.5925197 21 P 0 0 ;3=18,4=0
P 0.5610235 3.6122047 21 P 0 0 ;3=18,4=0
P 0.5610235 3.6318897 21 P 0 0 ;3=18,4=0
P 0.5610235 3.6515748 21 P 0 0 ;3=18,4=0
P 0.5610235 3.6712598 21 P 0 0 ;3=18,4=0
P 0.5610236 3.257874 21 P 0 0 ;3=18,4=0
P 0.5610236 3.277559 21 P 0 0 ;3=18,4=0
P 0.5610236 3.3169291 21 P 0 0 ;3=18,4=0
P 0.5610236 3.3366141 21 P 0 0 ;3=18,4=0
P 0.5610236 3.3562992 21 P 0 0 ;3=18,4=0
P 0.5610236 3.3759842 21 P 0 0 ;3=18,4=0
P 0.5610236 3.3956693 21 P 0 0 ;3=18,4=0
P 0.5807085 3.2972441 21 P 0 0 ;3=18,4=0
P 0.5807085 3.4153543 21 P 0 0 ;3=18,4=0
P 0.5807085 3.4350393 21 P 0 0 ;3=18,4=0
P 0.5807085 3.4547244 21 P 0 0 ;3=18,4=0
P 0.5807085 3.4744094 21 P 0 0 ;3=18,4=0
P 0.5807085 3.4940945 21 P 0 0 ;3=18,4=0
P 0.5807085 3.5137795 21 P 0 0 ;3=18,4=0
P 0.5807085 3.5334645 21 P 0 0 ;3=18,4=0
P 0.5807085 3.5531496 21 P 0 0 ;3=18,4=0
P 0.5807085 3.5728346 21 P 0 0 ;3=18,4=0
P 0.5807085 3.5925197 21 P 0 0 ;3=18,4=0
P 0.5807085 3.6122047 21 P 0 0 ;3=18,4=0
P 0.5807085 3.6318897 21 P 0 0 ;3=18,4=0
P 0.5807085 3.6515748 21 P 0 0 ;3=18,4=0
P 0.5807085 3.6712598 21 P 0 0 ;3=18,4=0
P 0.5807086 3.257874 21 P 0 0 ;3=18,4=0
P 0.5807086 3.277559 21 P 0 0 ;3=18,4=0
P 0.5807086 3.3169291 21 P 0 0 ;3=18,4=0
P 0.5807086 3.3366141 21 P 0 0 ;3=18,4=0
P 0.5807086 3.3562992 21 P 0 0 ;3=18,4=0
P 0.5807086 3.3759842 21 P 0 0 ;3=18,4=0
P 0.5807086 3.3956693 21 P 0 0 ;3=18,4=0
P 0.5807088 2.9232283 15 P 0 0 ;3=14,4=0
P 0.5858268 0.4330709 16 P 0 0 ;3=15,4=0
P 0.5858268 0.5118111 16 P 0 0 ;3=15,4=0
P 0.5858268 0.5905512 16 P 0 0 ;3=15,4=0
P 0.5858268 0.6692914 16 P 0 0 ;3=15,4=0
P 0.5858268 0.7480315 16 P 0 0 ;3=15,4=0
P 0.5905512 0.9007874 9 P 0 0 ;3=8,4=0
P 0.5905512 0.9102362 9 P 0 0 ;3=8,4=0
P 0.5905512 0.969685 9 P 0 0 ;3=8,4=0
P 0.5905512 0.9791338 9 P 0 0 ;3=8,4=0
P 0.5905512 1.0425198 9 P 0 0 ;3=8,4=0
P 0.5905512 1.0519686 9 P 0 0 ;3=8,4=0
P 0.5905512 1.1173228 9 P 0 0 ;3=8,4=0
P 0.5905512 1.1267716 9 P 0 0 ;3=8,4=0
P 0.5905512 4.3307087 1 P 0 0 ;3=0,4=0
P 0.5925196 2.0275591 14 P 0 0 ;3=13,4=0
P 0.5952756 0.4330709 16 P 0 0 ;3=15,4=0
P 0.5952756 0.5118111 16 P 0 0 ;3=15,4=0
P 0.5952756 0.5905512 16 P 0 0 ;3=15,4=0
P 0.5952756 0.6692914 16 P 0 0 ;3=15,4=0
P 0.5952756 0.7480315 16 P 0 0 ;3=15,4=0
P 0.6003936 3.2972441 21 P 0 0 ;3=18,4=0
P 0.6003936 3.4153543 21 P 0 0 ;3=18,4=0
P 0.6003936 3.4350393 21 P 0 0 ;3=18,4=0
P 0.6003936 3.4547244 21 P 0 0 ;3=18,4=0
P 0.6003936 3.4744094 21 P 0 0 ;3=18,4=0
P 0.6003936 3.4940945 21 P 0 0 ;3=18,4=0
P 0.6003936 3.5137795 21 P 0 0 ;3=18,4=0
P 0.6003936 3.5334645 21 P 0 0 ;3=18,4=0
P 0.6003936 3.5531496 21 P 0 0 ;3=18,4=0
P 0.6003936 3.5728346 21 P 0 0 ;3=18,4=0
P 0.6003936 3.5925197 21 P 0 0 ;3=18,4=0
P 0.6003936 3.6122047 21 P 0 0 ;3=18,4=0
P 0.6003936 3.6318897 21 P 0 0 ;3=18,4=0
P 0.6003936 3.6515748 21 P 0 0 ;3=18,4=0
P 0.6003936 3.6712598 21 P 0 0 ;3=18,4=0
P 0.6003937 3.257874 21 P 0 0 ;3=18,4=0
P 0.6003937 3.277559 21 P 0 0 ;3=18,4=0
P 0.6003937 3.3169291 21 P 0 0 ;3=18,4=0
P 0.6003937 3.3366141 21 P 0 0 ;3=18,4=0
P 0.6003937 3.3562992 21 P 0 0 ;3=18,4=0
P 0.6003937 3.3759842 21 P 0 0 ;3=18,4=0
P 0.6003937 3.3956693 21 P 0 0 ;3=18,4=0
P 0.6200786 3.2972441 21 P 0 0 ;3=18,4=0
P 0.6200786 3.4153543 21 P 0 0 ;3=18,4=0
P 0.6200786 3.4350393 21 P 0 0 ;3=18,4=0
P 0.6200786 3.4547244 21 P 0 0 ;3=18,4=0
P 0.6200786 3.4744094 21 P 0 0 ;3=18,4=0
P 0.6200786 3.4940945 21 P 0 0 ;3=18,4=0
P 0.6200786 3.5137795 21 P 0 0 ;3=18,4=0
P 0.6200786 3.5334645 21 P 0 0 ;3=18,4=0
P 0.6200786 3.5531496 21 P 0 0 ;3=18,4=0
P 0.6200786 3.5728346 21 P 0 0 ;3=18,4=0
P 0.6200786 3.5925197 21 P 0 0 ;3=18,4=0
P 0.6200786 3.6122047 21 P 0 0 ;3=18,4=0
P 0.6200786 3.6318897 21 P 0 0 ;3=18,4=0
P 0.6200786 3.6515748 21 P 0 0 ;3=18,4=0
P 0.6200786 3.6712598 21 P 0 0 ;3=18,4=0
P 0.6200787 3.257874 21 P 0 0 ;3=18,4=0
P 0.6200787 3.277559 21 P 0 0 ;3=18,4=0
P 0.6200787 3.3169291 21 P 0 0 ;3=18,4=0
P 0.6200787 3.3366141 21 P 0 0 ;3=18,4=0
P 0.6200787 3.3562992 21 P 0 0 ;3=18,4=0
P 0.6200787 3.3759842 21 P 0 0 ;3=18,4=0
P 0.6200787 3.3956693 21 P 0 0 ;3=18,4=0
P 0.6200788 2.9232283 15 P 0 0 ;3=14,4=0
P 0.6232283 2.3393701 44 P 0 0 ;3=28,4=0
P 0.6232283 2.4196851 44 P 0 0 ;3=28,4=0
P 0.6232283 2.5 44 P 0 0 ;3=28,4=0
P 0.6232283 2.580315 44 P 0 0 ;3=28,4=0
P 0.6279528 1.5141732 46 P 0 0 ;3=31,4=0
P 0.6279528 1.6141732 46 P 0 0 ;3=31,4=0
P 0.6279529 1.714173 46 P 0 0 ;3=31,4=0
P 0.6397637 3.2972441 21 P 0 0 ;3=18,4=0
P 0.6397637 3.4153543 21 P 0 0 ;3=18,4=0
P 0.6397637 3.4350393 21 P 0 0 ;3=18,4=0
P 0.6397637 3.4547244 21 P 0 0 ;3=18,4=0
P 0.6397637 3.4744094 21 P 0 0 ;3=18,4=0
P 0.6397637 3.4940945 21 P 0 0 ;3=18,4=0
P 0.6397637 3.5137795 21 P 0 0 ;3=18,4=0
P 0.6397637 3.5334645 21 P 0 0 ;3=18,4=0
P 0.6397637 3.5531496 21 P 0 0 ;3=18,4=0
P 0.6397637 3.5728346 21 P 0 0 ;3=18,4=0
P 0.6397637 3.5925197 21 P 0 0 ;3=18,4=0
P 0.6397637 3.6122047 21 P 0 0 ;3=18,4=0
P 0.6397637 3.6318897 21 P 0 0 ;3=18,4=0
P 0.6397637 3.6515748 21 P 0 0 ;3=18,4=0
P 0.6397637 3.6712598 21 P 0 0 ;3=18,4=0
P 0.6397638 3.257874 21 P 0 0 ;3=18,4=0
P 0.6397638 3.277559 21 P 0 0 ;3=18,4=0
P 0.6397638 3.3169291 21 P 0 0 ;3=18,4=0
P 0.6397638 3.3366141 21 P 0 0 ;3=18,4=0
P 0.6397638 3.3562992 21 P 0 0 ;3=18,4=0
P 0.6397638 3.3759842 21 P 0 0 ;3=18,4=0
P 0.6397638 3.3956693 21 P 0 0 ;3=18,4=0
P 0.6535433 2.0275591 14 P 0 0 ;3=13,4=0
P 0.6582677 2.1602363 45 P 0 0 ;3=29,4=0
P 0.6582677 2.8003937 45 P 0 0 ;3=29,4=0
P 0.6594487 3.2972441 21 P 0 0 ;3=18,4=0
P 0.6594487 3.4153543 21 P 0 0 ;3=18,4=0
P 0.6594487 3.4350393 21 P 0 0 ;3=18,4=0
P 0.6594487 3.4547244 21 P 0 0 ;3=18,4=0
P 0.6594487 3.4744094 21 P 0 0 ;3=18,4=0
P 0.6594487 3.4940945 21 P 0 0 ;3=18,4=0
P 0.6594487 3.5137795 21 P 0 0 ;3=18,4=0
P 0.6594487 3.5334645 21 P 0 0 ;3=18,4=0
P 0.6594487 3.5531496 21 P 0 0 ;3=18,4=0
P 0.6594487 3.5728346 21 P 0 0 ;3=18,4=0
P 0.6594487 3.5925197 21 P 0 0 ;3=18,4=0
P 0.6594487 3.6122047 21 P 0 0 ;3=18,4=0
P 0.6594487 3.6318897 21 P 0 0 ;3=18,4=0
P 0.6594487 3.6515748 21 P 0 0 ;3=18,4=0
P 0.6594487 3.6712598 21 P 0 0 ;3=18,4=0
P 0.6594488 3.257874 21 P 0 0 ;3=18,4=0
P 0.6594488 3.277559 21 P 0 0 ;3=18,4=0
P 0.6594488 3.3169291 21 P 0 0 ;3=18,4=0
P 0.6594488 3.3366141 21 P 0 0 ;3=18,4=0
P 0.6594488 3.3562992 21 P 0 0 ;3=18,4=0
P 0.6594488 3.3759842 21 P 0 0 ;3=18,4=0
P 0.6594488 3.3956693 21 P 0 0 ;3=18,4=0
P 0.6645669 0.4330709 16 P 0 0 ;3=15,4=0
P 0.6645669 0.5118111 16 P 0 0 ;3=15,4=0
P 0.6645669 0.5905512 16 P 0 0 ;3=15,4=0
P 0.6645669 0.6692914 16 P 0 0 ;3=15,4=0
P 0.6645669 0.7480315 16 P 0 0 ;3=15,4=0
P 0.6692913 0.9007874 9 P 0 0 ;3=8,4=0
P 0.6692913 0.9102362 9 P 0 0 ;3=8,4=0
P 0.6692913 0.9685039 9 P 0 0 ;3=8,4=0
P 0.6692913 0.9779527 9 P 0 0 ;3=8,4=0
P 0.6692913 1.0425198 9 P 0 0 ;3=8,4=0
P 0.6692913 1.0519686 9 P 0 0 ;3=8,4=0
P 0.6692913 1.1173228 9 P 0 0 ;3=8,4=0
P 0.6692913 1.1267716 9 P 0 0 ;3=8,4=0
P 0.6740157 0.4330709 16 P 0 0 ;3=15,4=0
P 0.6740157 0.5118111 16 P 0 0 ;3=15,4=0
P 0.6740157 0.5905512 16 P 0 0 ;3=15,4=0
P 0.6740157 0.6692914 16 P 0 0 ;3=15,4=0
P 0.6740157 0.7480315 16 P 0 0 ;3=15,4=0
P 0.6791337 3.2972441 21 P 0 0 ;3=18,4=0
P 0.6791337 3.4153543 21 P 0 0 ;3=18,4=0
P 0.6791337 3.4350393 21 P 0 0 ;3=18,4=0
P 0.6791337 3.4547244 21 P 0 0 ;3=18,4=0
P 0.6791337 3.4744094 21 P 0 0 ;3=18,4=0
P 0.6791337 3.4940945 21 P 0 0 ;3=18,4=0
P 0.6791337 3.5137795 21 P 0 0 ;3=18,4=0
P 0.6791337 3.5334645 21 P 0 0 ;3=18,4=0
P 0.6791337 3.5531496 21 P 0 0 ;3=18,4=0
P 0.6791337 3.5728346 21 P 0 0 ;3=18,4=0
P 0.6791337 3.5925197 21 P 0 0 ;3=18,4=0
P 0.6791337 3.6122047 21 P 0 0 ;3=18,4=0
P 0.6791337 3.6318897 21 P 0 0 ;3=18,4=0
P 0.6791337 3.6515748 21 P 0 0 ;3=18,4=0
P 0.6791337 3.6712598 21 P 0 0 ;3=18,4=0
P 0.6791338 3.257874 21 P 0 0 ;3=18,4=0
P 0.6791338 3.277559 21 P 0 0 ;3=18,4=0
P 0.6791338 3.3169291 21 P 0 0 ;3=18,4=0
P 0.6791338 3.3366141 21 P 0 0 ;3=18,4=0
P 0.6791338 3.3562992 21 P 0 0 ;3=18,4=0
P 0.6791338 3.3759842 21 P 0 0 ;3=18,4=0
P 0.6791338 3.3956693 21 P 0 0 ;3=18,4=0
P 0.6933071 2.3795276 44 P 0 0 ;3=28,4=0
P 0.6933071 2.4598426 44 P 0 0 ;3=28,4=0
P 0.6933071 2.5401575 44 P 0 0 ;3=28,4=0
P 0.6933071 2.6204725 44 P 0 0 ;3=28,4=0
P 0.6988188 3.2972441 21 P 0 0 ;3=18,4=0
P 0.6988188 3.4153543 21 P 0 0 ;3=18,4=0
P 0.6988188 3.4350393 21 P 0 0 ;3=18,4=0
P 0.6988188 3.4547244 21 P 0 0 ;3=18,4=0
P 0.6988188 3.4744094 21 P 0 0 ;3=18,4=0
P 0.6988188 3.4940945 21 P 0 0 ;3=18,4=0
P 0.6988188 3.5137795 21 P 0 0 ;3=18,4=0
P 0.6988188 3.5334645 21 P 0 0 ;3=18,4=0
P 0.6988188 3.5531496 21 P 0 0 ;3=18,4=0
P 0.6988188 3.5728346 21 P 0 0 ;3=18,4=0
P 0.6988188 3.5925197 21 P 0 0 ;3=18,4=0
P 0.6988188 3.6122047 21 P 0 0 ;3=18,4=0
P 0.6988188 3.6318897 21 P 0 0 ;3=18,4=0
P 0.6988188 3.6515748 21 P 0 0 ;3=18,4=0
P 0.6988188 3.6712598 21 P 0 0 ;3=18,4=0
P 0.6988189 3.257874 21 P 0 0 ;3=18,4=0
P 0.6988189 3.277559 21 P 0 0 ;3=18,4=0
P 0.6988189 3.3169291 21 P 0 0 ;3=18,4=0
P 0.6988189 3.3366141 21 P 0 0 ;3=18,4=0
P 0.6988189 3.3562992 21 P 0 0 ;3=18,4=0
P 0.6988189 3.3759842 21 P 0 0 ;3=18,4=0
P 0.6988189 3.3956693 21 P 0 0 ;3=18,4=0
P 0.7185038 3.2972441 21 P 0 0 ;3=18,4=0
P 0.7185038 3.4153543 21 P 0 0 ;3=18,4=0
P 0.7185038 3.4350393 21 P 0 0 ;3=18,4=0
P 0.7185038 3.4547244 21 P 0 0 ;3=18,4=0
P 0.7185038 3.4744094 21 P 0 0 ;3=18,4=0
P 0.7185038 3.4940945 21 P 0 0 ;3=18,4=0
P 0.7185038 3.5137795 21 P 0 0 ;3=18,4=0
P 0.7185038 3.5334645 21 P 0 0 ;3=18,4=0
P 0.7185038 3.5531496 21 P 0 0 ;3=18,4=0
P 0.7185038 3.5728346 21 P 0 0 ;3=18,4=0
P 0.7185038 3.5925197 21 P 0 0 ;3=18,4=0
P 0.7185038 3.6122047 21 P 0 0 ;3=18,4=0
P 0.7185038 3.6318897 21 P 0 0 ;3=18,4=0
P 0.7185038 3.6515748 21 P 0 0 ;3=18,4=0
P 0.7185038 3.6712598 21 P 0 0 ;3=18,4=0
P 0.7185039 3.257874 21 P 0 0 ;3=18,4=0
P 0.7185039 3.277559 21 P 0 0 ;3=18,4=0
P 0.7185039 3.3169291 21 P 0 0 ;3=18,4=0
P 0.7185039 3.3366141 21 P 0 0 ;3=18,4=0
P 0.7185039 3.3562992 21 P 0 0 ;3=18,4=0
P 0.7185039 3.3759842 21 P 0 0 ;3=18,4=0
P 0.7185039 3.3956693 21 P 0 0 ;3=18,4=0
P 0.7279528 1.5141732 46 P 0 0 ;3=31,4=0
P 0.7279528 1.6141732 46 P 0 0 ;3=31,4=0
P 0.7279529 1.714173 46 P 0 0 ;3=31,4=0
P 0.7381889 3.2972441 21 P 0 0 ;3=18,4=0
P 0.7381889 3.4153543 21 P 0 0 ;3=18,4=0
P 0.7381889 3.4350393 21 P 0 0 ;3=18,4=0
P 0.7381889 3.4547244 21 P 0 0 ;3=18,4=0
P 0.7381889 3.4744094 21 P 0 0 ;3=18,4=0
P 0.7381889 3.4940945 21 P 0 0 ;3=18,4=0
P 0.7381889 3.5137795 21 P 0 0 ;3=18,4=0
P 0.7381889 3.5334645 21 P 0 0 ;3=18,4=0
P 0.7381889 3.5531496 21 P 0 0 ;3=18,4=0
P 0.7381889 3.5728346 21 P 0 0 ;3=18,4=0
P 0.7381889 3.5925197 21 P 0 0 ;3=18,4=0
P 0.7381889 3.6122047 21 P 0 0 ;3=18,4=0
P 0.7381889 3.6318897 21 P 0 0 ;3=18,4=0
P 0.7381889 3.6515748 21 P 0 0 ;3=18,4=0
P 0.7381889 3.6712598 21 P 0 0 ;3=18,4=0
P 0.738189 3.257874 21 P 0 0 ;3=18,4=0
P 0.738189 3.277559 21 P 0 0 ;3=18,4=0
P 0.738189 3.3169291 21 P 0 0 ;3=18,4=0
P 0.738189 3.3366141 21 P 0 0 ;3=18,4=0
P 0.738189 3.3562992 21 P 0 0 ;3=18,4=0
P 0.738189 3.3759842 21 P 0 0 ;3=18,4=0
P 0.738189 3.3956693 21 P 0 0 ;3=18,4=0
P 0.7480316 2.9232283 15 P 0 0 ;3=14,4=0
P 0.7578739 3.2972441 21 P 0 0 ;3=18,4=0
P 0.7578739 3.4153543 21 P 0 0 ;3=18,4=0
P 0.7578739 3.4350393 21 P 0 0 ;3=18,4=0
P 0.7578739 3.4547244 21 P 0 0 ;3=18,4=0
P 0.7578739 3.4744094 21 P 0 0 ;3=18,4=0
P 0.7578739 3.4940945 21 P 0 0 ;3=18,4=0
P 0.7578739 3.5137795 21 P 0 0 ;3=18,4=0
P 0.7578739 3.5334645 21 P 0 0 ;3=18,4=0
P 0.7578739 3.5531496 21 P 0 0 ;3=18,4=0
P 0.7578739 3.5728346 21 P 0 0 ;3=18,4=0
P 0.7578739 3.5925197 21 P 0 0 ;3=18,4=0
P 0.7578739 3.6122047 21 P 0 0 ;3=18,4=0
P 0.7578739 3.6318897 21 P 0 0 ;3=18,4=0
P 0.7578739 3.6515748 21 P 0 0 ;3=18,4=0
P 0.7578739 3.6712598 21 P 0 0 ;3=18,4=0
P 0.757874 3.257874 21 P 0 0 ;3=18,4=0
P 0.757874 3.277559 21 P 0 0 ;3=18,4=0
P 0.757874 3.3169291 21 P 0 0 ;3=18,4=0
P 0.757874 3.3366141 21 P 0 0 ;3=18,4=0
P 0.757874 3.3562992 21 P 0 0 ;3=18,4=0
P 0.757874 3.3759842 21 P 0 0 ;3=18,4=0
P 0.757874 3.3956693 21 P 0 0 ;3=18,4=0
P 0.7775589 3.2972441 21 P 0 0 ;3=18,4=0
P 0.7775589 3.4153543 21 P 0 0 ;3=18,4=0
P 0.7775589 3.4350393 21 P 0 0 ;3=18,4=0
P 0.7775589 3.4547244 21 P 0 0 ;3=18,4=0
P 0.7775589 3.4744094 21 P 0 0 ;3=18,4=0
P 0.7775589 3.4940945 21 P 0 0 ;3=18,4=0
P 0.7775589 3.5137795 21 P 0 0 ;3=18,4=0
P 0.7775589 3.5334645 21 P 0 0 ;3=18,4=0
P 0.7775589 3.5531496 21 P 0 0 ;3=18,4=0
P 0.7775589 3.5728346 21 P 0 0 ;3=18,4=0
P 0.7775589 3.5925197 21 P 0 0 ;3=18,4=0
P 0.7775589 3.6122047 21 P 0 0 ;3=18,4=0
P 0.7775589 3.6318897 21 P 0 0 ;3=18,4=0
P 0.7775589 3.6515748 21 P 0 0 ;3=18,4=0
P 0.7775589 3.6712598 21 P 0 0 ;3=18,4=0
P 0.777559 3.257874 21 P 0 0 ;3=18,4=0
P 0.777559 3.277559 21 P 0 0 ;3=18,4=0
P 0.777559 3.3169291 21 P 0 0 ;3=18,4=0
P 0.777559 3.3366141 21 P 0 0 ;3=18,4=0
P 0.777559 3.3562992 21 P 0 0 ;3=18,4=0
P 0.777559 3.3759842 21 P 0 0 ;3=18,4=0
P 0.777559 3.3956693 21 P 0 0 ;3=18,4=0
P 0.7874016 2.9232283 15 P 0 0 ;3=14,4=0
P 0.797244 2.0275591 14 P 0 0 ;3=13,4=0
P 0.797244 3.2972441 21 P 0 0 ;3=18,4=0
P 0.797244 3.4153543 21 P 0 0 ;3=18,4=0
P 0.797244 3.4350393 21 P 0 0 ;3=18,4=0
P 0.797244 3.4547244 21 P 0 0 ;3=18,4=0
P 0.797244 3.4744094 21 P 0 0 ;3=18,4=0
P 0.797244 3.4940945 21 P 0 0 ;3=18,4=0
P 0.797244 3.5137795 21 P 0 0 ;3=18,4=0
P 0.797244 3.5334645 21 P 0 0 ;3=18,4=0
P 0.797244 3.5531496 21 P 0 0 ;3=18,4=0
P 0.797244 3.5728346 21 P 0 0 ;3=18,4=0
P 0.797244 3.5925197 21 P 0 0 ;3=18,4=0
P 0.797244 3.6122047 21 P 0 0 ;3=18,4=0
P 0.797244 3.6318897 21 P 0 0 ;3=18,4=0
P 0.797244 3.6515748 21 P 0 0 ;3=18,4=0
P 0.797244 3.6712598 21 P 0 0 ;3=18,4=0
P 0.7972441 3.257874 21 P 0 0 ;3=18,4=0
P 0.7972441 3.277559 21 P 0 0 ;3=18,4=0
P 0.7972441 3.3169291 21 P 0 0 ;3=18,4=0
P 0.7972441 3.3366141 21 P 0 0 ;3=18,4=0
P 0.7972441 3.3562992 21 P 0 0 ;3=18,4=0
P 0.7972441 3.3759842 21 P 0 0 ;3=18,4=0
P 0.7972441 3.3956693 21 P 0 0 ;3=18,4=0
P 0.816929 3.2972441 21 P 0 0 ;3=18,4=0
P 0.816929 3.4153543 21 P 0 0 ;3=18,4=0
P 0.816929 3.4350393 21 P 0 0 ;3=18,4=0
P 0.816929 3.4547244 21 P 0 0 ;3=18,4=0
P 0.816929 3.4744094 21 P 0 0 ;3=18,4=0
P 0.816929 3.4940945 21 P 0 0 ;3=18,4=0
P 0.816929 3.5137795 21 P 0 0 ;3=18,4=0
P 0.816929 3.5334645 21 P 0 0 ;3=18,4=0
P 0.816929 3.5531496 21 P 0 0 ;3=18,4=0
P 0.816929 3.5728346 21 P 0 0 ;3=18,4=0
P 0.816929 3.5925197 21 P 0 0 ;3=18,4=0
P 0.816929 3.6122047 21 P 0 0 ;3=18,4=0
P 0.816929 3.6318897 21 P 0 0 ;3=18,4=0
P 0.816929 3.6515748 21 P 0 0 ;3=18,4=0
P 0.816929 3.6712598 21 P 0 0 ;3=18,4=0
P 0.8169291 3.257874 21 P 0 0 ;3=18,4=0
P 0.8169291 3.277559 21 P 0 0 ;3=18,4=0
P 0.8169291 3.3169291 21 P 0 0 ;3=18,4=0
P 0.8169291 3.3366141 21 P 0 0 ;3=18,4=0
P 0.8169291 3.3562992 21 P 0 0 ;3=18,4=0
P 0.8169291 3.3759842 21 P 0 0 ;3=18,4=0
P 0.8169291 3.3956693 21 P 0 0 ;3=18,4=0
P 0.8279528 1.5141732 46 P 0 0 ;3=31,4=0
P 0.8279528 1.6141732 46 P 0 0 ;3=31,4=0
P 0.8279529 1.714173 46 P 0 0 ;3=31,4=0
P 0.8366141 3.2972441 21 P 0 0 ;3=18,4=0
P 0.8366141 3.4153543 21 P 0 0 ;3=18,4=0
P 0.8366141 3.4350393 21 P 0 0 ;3=18,4=0
P 0.8366141 3.4547244 21 P 0 0 ;3=18,4=0
P 0.8366141 3.4744094 21 P 0 0 ;3=18,4=0
P 0.8366141 3.4940945 21 P 0 0 ;3=18,4=0
P 0.8366141 3.5137795 21 P 0 0 ;3=18,4=0
P 0.8366141 3.5334645 21 P 0 0 ;3=18,4=0
P 0.8366141 3.5531496 21 P 0 0 ;3=18,4=0
P 0.8366141 3.5728346 21 P 0 0 ;3=18,4=0
P 0.8366141 3.5925197 21 P 0 0 ;3=18,4=0
P 0.8366141 3.6122047 21 P 0 0 ;3=18,4=0
P 0.8366141 3.6318897 21 P 0 0 ;3=18,4=0
P 0.8366141 3.6515748 21 P 0 0 ;3=18,4=0
P 0.8366141 3.6712598 21 P 0 0 ;3=18,4=0
P 0.8366142 3.257874 21 P 0 0 ;3=18,4=0
P 0.8366142 3.277559 21 P 0 0 ;3=18,4=0
P 0.8366142 3.3169291 21 P 0 0 ;3=18,4=0
P 0.8366142 3.3366141 21 P 0 0 ;3=18,4=0
P 0.8366142 3.3562992 21 P 0 0 ;3=18,4=0
P 0.8366142 3.3759842 21 P 0 0 ;3=18,4=0
P 0.8366142 3.3956693 21 P 0 0 ;3=18,4=0
P 0.8562991 3.2972441 21 P 0 0 ;3=18,4=0
P 0.8562991 3.4153543 21 P 0 0 ;3=18,4=0
P 0.8562991 3.4350393 21 P 0 0 ;3=18,4=0
P 0.8562991 3.4547244 21 P 0 0 ;3=18,4=0
P 0.8562991 3.4744094 21 P 0 0 ;3=18,4=0
P 0.8562991 3.4940945 21 P 0 0 ;3=18,4=0
P 0.8562991 3.5137795 21 P 0 0 ;3=18,4=0
P 0.8562991 3.5334645 21 P 0 0 ;3=18,4=0
P 0.8562991 3.5531496 21 P 0 0 ;3=18,4=0
P 0.8562991 3.5728346 21 P 0 0 ;3=18,4=0
P 0.8562991 3.5925197 21 P 0 0 ;3=18,4=0
P 0.8562991 3.6122047 21 P 0 0 ;3=18,4=0
P 0.8562991 3.6318897 21 P 0 0 ;3=18,4=0
P 0.8562991 3.6515748 21 P 0 0 ;3=18,4=0
P 0.8562991 3.6712598 21 P 0 0 ;3=18,4=0
P 0.8562992 3.257874 21 P 0 0 ;3=18,4=0
P 0.8562992 3.277559 21 P 0 0 ;3=18,4=0
P 0.8562992 3.3169291 21 P 0 0 ;3=18,4=0
P 0.8562992 3.3366141 21 P 0 0 ;3=18,4=0
P 0.8562992 3.3562992 21 P 0 0 ;3=18,4=0
P 0.8562992 3.3759842 21 P 0 0 ;3=18,4=0
P 0.8562992 3.3956693 21 P 0 0 ;3=18,4=0
P 0.8582677 2.0275591 14 P 0 0 ;3=13,4=0
P 0.8602362 0.4330709 17 P 0 0 ;3=16,4=0
P 0.8602362 0.5118111 17 P 0 0 ;3=16,4=0
P 0.8602362 0.5905512 17 P 0 0 ;3=16,4=0
P 0.8602362 0.6692914 17 P 0 0 ;3=16,4=0
P 0.8602362 0.7480316 17 P 0 0 ;3=16,4=0
P 0.8661417 0.8996063 11 P 0 0 ;3=10,4=0
P 0.8661417 0.9114173 11 P 0 0 ;3=10,4=0
P 0.8661417 0.9704725 11 P 0 0 ;3=10,4=0
P 0.8661417 0.9822835 11 P 0 0 ;3=10,4=0
P 0.8661417 1.0452756 11 P 0 0 ;3=10,4=0
P 0.8661417 1.0570866 11 P 0 0 ;3=10,4=0
P 0.8661417 1.1161417 11 P 0 0 ;3=10,4=0
P 0.8661417 1.1279527 11 P 0 0 ;3=10,4=0
P 0.8720472 0.4330709 17 P 0 0 ;3=16,4=0
P 0.8720472 0.5118111 17 P 0 0 ;3=16,4=0
P 0.8720472 0.5905512 17 P 0 0 ;3=16,4=0
P 0.8720472 0.6692914 17 P 0 0 ;3=16,4=0
P 0.8720472 0.7480316 17 P 0 0 ;3=16,4=0
P 0.8759841 3.2972441 21 P 0 0 ;3=18,4=0
P 0.8759841 3.4350393 21 P 0 0 ;3=18,4=0
P 0.8759841 3.4547244 21 P 0 0 ;3=18,4=0
P 0.8759841 3.4744094 21 P 0 0 ;3=18,4=0
P 0.8759841 3.4940945 21 P 0 0 ;3=18,4=0
P 0.8759841 3.5137795 21 P 0 0 ;3=18,4=0
P 0.8759841 3.5334645 21 P 0 0 ;3=18,4=0
P 0.8759841 3.5531496 21 P 0 0 ;3=18,4=0
P 0.8759841 3.5728346 21 P 0 0 ;3=18,4=0
P 0.8759841 3.5925197 21 P 0 0 ;3=18,4=0
P 0.8759841 3.6122047 21 P 0 0 ;3=18,4=0
P 0.8759841 3.6318897 21 P 0 0 ;3=18,4=0
P 0.8759841 3.6515748 21 P 0 0 ;3=18,4=0
P 0.8759841 3.6712598 21 P 0 0 ;3=18,4=0
P 0.8759842 3.257874 21 P 0 0 ;3=18,4=0
P 0.8759842 3.277559 21 P 0 0 ;3=18,4=0
P 0.8759842 3.3169291 21 P 0 0 ;3=18,4=0
P 0.8759842 3.3366141 21 P 0 0 ;3=18,4=0
P 0.8759842 3.3562992 21 P 0 0 ;3=18,4=0
P 0.8759842 3.3759842 21 P 0 0 ;3=18,4=0
P 0.8759842 3.3956693 21 P 0 0 ;3=18,4=0
P 0.8759842 3.4153543 21 P 0 0 ;3=18,4=0
P 0.9279528 1.5141732 46 P 0 0 ;3=31,4=0
P 0.9279528 1.6141732 46 P 0 0 ;3=31,4=0
P 0.9279529 1.714173 46 P 0 0 ;3=31,4=0
P 0.9389764 0.4330709 17 P 0 0 ;3=16,4=0
P 0.9389764 0.5118111 17 P 0 0 ;3=16,4=0
P 0.9389764 0.5905512 17 P 0 0 ;3=16,4=0
P 0.9389764 0.6692914 17 P 0 0 ;3=16,4=0
P 0.9389764 0.7480316 17 P 0 0 ;3=16,4=0
P 0.9448819 0.8996063 11 P 0 0 ;3=10,4=0
P 0.9448819 0.9114173 11 P 0 0 ;3=10,4=0
P 0.9448819 0.9704725 11 P 0 0 ;3=10,4=0
P 0.9448819 0.9822835 11 P 0 0 ;3=10,4=0
P 0.9448819 1.0452756 11 P 0 0 ;3=10,4=0
P 0.9448819 1.0570866 11 P 0 0 ;3=10,4=0
P 0.9448819 1.1161417 11 P 0 0 ;3=10,4=0
P 0.9448819 1.1279527 11 P 0 0 ;3=10,4=0
P 0.9507874 0.4330709 17 P 0 0 ;3=16,4=0
P 0.9507874 0.5118111 17 P 0 0 ;3=16,4=0
P 0.9507874 0.5905512 17 P 0 0 ;3=16,4=0
P 0.9507874 0.6692914 17 P 0 0 ;3=16,4=0
P 0.9507874 0.7480316 17 P 0 0 ;3=16,4=0
P 1.0177165 0.4330709 17 P 0 0 ;3=16,4=0
P 1.0177165 0.5118111 17 P 0 0 ;3=16,4=0
P 1.0177165 0.5905512 17 P 0 0 ;3=16,4=0
P 1.0177165 0.6692914 17 P 0 0 ;3=16,4=0
P 1.0177165 0.7480316 17 P 0 0 ;3=16,4=0
P 1.023622 0.8996063 11 P 0 0 ;3=10,4=0
P 1.023622 0.9114173 11 P 0 0 ;3=10,4=0
P 1.023622 0.9704725 11 P 0 0 ;3=10,4=0
P 1.023622 0.9822835 11 P 0 0 ;3=10,4=0
P 1.023622 1.0452756 11 P 0 0 ;3=10,4=0
P 1.023622 1.0570866 11 P 0 0 ;3=10,4=0
P 1.023622 1.1161417 11 P 0 0 ;3=10,4=0
P 1.023622 1.1279527 11 P 0 0 ;3=10,4=0
P 1.0279528 1.5141732 46 P 0 0 ;3=31,4=0
P 1.0279528 1.6141732 46 P 0 0 ;3=31,4=0
P 1.0279529 1.714173 46 P 0 0 ;3=31,4=0
P 1.0295275 0.4330709 17 P 0 0 ;3=16,4=0
P 1.0295275 0.5118111 17 P 0 0 ;3=16,4=0
P 1.0295275 0.5905512 17 P 0 0 ;3=16,4=0
P 1.0295275 0.6692914 17 P 0 0 ;3=16,4=0
P 1.0295275 0.7480316 17 P 0 0 ;3=16,4=0
P 1.0472442 1.9401576 50 P 0 0 ;3=35,4=0
P 1.0472442 2.2736221 50 P 0 0 ;3=35,4=0
P 1.0472442 2.6070866 50 P 0 0 ;3=35,4=0
P 1.0472442 2.9401576 50 P 0 0 ;3=35,4=0
P 1.0964567 0.4330709 17 P 0 0 ;3=16,4=0
P 1.0964567 0.5118111 17 P 0 0 ;3=16,4=0
P 1.0964567 0.5905512 17 P 0 0 ;3=16,4=0
P 1.0964567 0.6692914 17 P 0 0 ;3=16,4=0
P 1.0964567 0.7480316 17 P 0 0 ;3=16,4=0
P 1.1023622 0.8996063 11 P 0 0 ;3=10,4=0
P 1.1023622 0.9114173 11 P 0 0 ;3=10,4=0
P 1.1023622 0.9704725 11 P 0 0 ;3=10,4=0
P 1.1023622 0.9822835 11 P 0 0 ;3=10,4=0
P 1.1023622 1.0452756 11 P 0 0 ;3=10,4=0
P 1.1023622 1.0570866 11 P 0 0 ;3=10,4=0
P 1.1023622 1.1161417 11 P 0 0 ;3=10,4=0
P 1.1023622 1.1279527 11 P 0 0 ;3=10,4=0
P 1.1082677 0.4330709 17 P 0 0 ;3=16,4=0
P 1.1082677 0.5118111 17 P 0 0 ;3=16,4=0
P 1.1082677 0.5905512 17 P 0 0 ;3=16,4=0
P 1.1082677 0.6692914 17 P 0 0 ;3=16,4=0
P 1.1082677 0.7480316 17 P 0 0 ;3=16,4=0
P 1.1279528 1.5141732 46 P 0 0 ;3=31,4=0
P 1.1279528 1.6141732 46 P 0 0 ;3=31,4=0
P 1.1279529 1.714173 46 P 0 0 ;3=31,4=0
P 1.1751968 0.4330709 17 P 0 0 ;3=16,4=0
P 1.1751968 0.5118111 17 P 0 0 ;3=16,4=0
P 1.1751968 0.5905512 17 P 0 0 ;3=16,4=0
P 1.1751968 0.6692914 17 P 0 0 ;3=16,4=0
P 1.1751968 0.7480316 17 P 0 0 ;3=16,4=0
P 1.1756889 3.2775592 32 P 0 0
P 1.1756889 3.2972442 32 P 0 0
P 1.1756889 3.3169292 32 P 0 0
P 1.1756889 3.336614 32 P 0 0
P 1.1756889 3.3562994 32 P 0 0
P 1.1756889 3.3759844 32 P 0 0
P 1.1756889 3.3956694 32 P 0 0
P 1.1756889 3.4153544 32 P 0 0
P 1.1756889 3.67126 32 P 0 0
P 1.1756889 3.690945 32 P 0 0
P 1.1756889 3.71063 32 P 0 0
P 1.1756889 3.7303148 32 P 0 0
P 1.1756889 3.7500002 32 P 0 0
P 1.1756889 3.7696852 32 P 0 0
P 1.1756889 3.7893702 32 P 0 0
P 1.1756889 3.8090552 32 P 0 0
P 1.1811024 0.8996063 11 P 0 0 ;3=10,4=0
P 1.1811024 0.9114173 11 P 0 0 ;3=10,4=0
P 1.1811024 0.9704725 11 P 0 0 ;3=10,4=0
P 1.1811024 0.9822835 11 P 0 0 ;3=10,4=0
P 1.1811024 1.0452756 11 P 0 0 ;3=10,4=0
P 1.1811024 1.0570866 11 P 0 0 ;3=10,4=0
P 1.1811024 1.1161417 11 P 0 0 ;3=10,4=0
P 1.1811024 1.1279527 11 P 0 0 ;3=10,4=0
P 1.1850394 3.2775591 2 P 0 0 ;3=1,4=0
P 1.1850394 3.2972441 2 P 0 0 ;3=1,4=0
P 1.1850394 3.3169291 2 P 0 0 ;3=1,4=0
P 1.1850394 3.3366142 2 P 0 0 ;3=1,4=0
P 1.1850394 3.3562993 2 P 0 0 ;3=1,4=0
P 1.1850394 3.3759843 2 P 0 0 ;3=1,4=0
P 1.1850394 3.3956693 2 P 0 0 ;3=1,4=0
P 1.1850394 3.4153543 2 P 0 0 ;3=1,4=0
P 1.1850394 3.6712599 2 P 0 0 ;3=1,4=0
P 1.1850394 3.6909449 2 P 0 0 ;3=1,4=0
P 1.1850394 3.7106299 2 P 0 0 ;3=1,4=0
P 1.1850394 3.730315 2 P 0 0 ;3=1,4=0
P 1.1850394 3.7500001 2 P 0 0 ;3=1,4=0
P 1.1850394 3.7696851 2 P 0 0 ;3=1,4=0
P 1.1850394 3.7893701 2 P 0 0 ;3=1,4=0
P 1.1850394 3.8090551 2 P 0 0 ;3=1,4=0
P 1.1870078 0.4330709 17 P 0 0 ;3=16,4=0
P 1.1870078 0.5118111 17 P 0 0 ;3=16,4=0
P 1.1870078 0.5905512 17 P 0 0 ;3=16,4=0
P 1.1870078 0.6692914 17 P 0 0 ;3=16,4=0
P 1.1870078 0.7480316 17 P 0 0 ;3=16,4=0
P 1.2106299 3.242618 33 P 0 0
P 1.2106299 3.6363188 33 P 0 0
P 1.21063 3.2519685 3 P 0 0 ;3=2,4=0
P 1.21063 3.4409449 3 P 0 0 ;3=2,4=0
P 1.21063 3.6456693 3 P 0 0 ;3=2,4=0
P 1.21063 3.8346457 3 P 0 0 ;3=2,4=0
P 1.2106301 3.4502954 33 P 0 0
P 1.2106301 3.8439962 33 P 0 0
P 1.2279528 1.5141732 46 P 0 0 ;3=31,4=0
P 1.2279528 1.6141732 46 P 0 0 ;3=31,4=0
P 1.2279529 1.714173 46 P 0 0 ;3=31,4=0
P 1.2303149 3.242618 33 P 0 0
P 1.2303149 3.6363188 33 P 0 0
P 1.230315 3.2519685 3 P 0 0 ;3=2,4=0
P 1.230315 3.6456693 3 P 0 0 ;3=2,4=0
P 1.2303151 3.4409449 3 P 0 0 ;3=2,4=0
P 1.2303151 3.8346457 3 P 0 0 ;3=2,4=0
P 1.2303153 3.4502952 33 P 0 0
P 1.2303153 3.843996 33 P 0 0
P 1.246063 3.7066929 39 P 0 0
P 1.246063 3.765748 40 P 0 0
P 1.2475393 3.316437 36 P 0 0
P 1.2475393 3.3695866 37 P 0 0
P 1.2500001 3.242618 33 P 0 0
P 1.2500001 3.2519685 3 P 0 0 ;3=2,4=0
P 1.2500001 3.4409449 3 P 0 0 ;3=2,4=0
P 1.2500001 3.6363188 33 P 0 0
P 1.2500001 3.6456693 3 P 0 0 ;3=2,4=0
P 1.2500001 3.8346457 3 P 0 0 ;3=2,4=0
P 1.2500003 3.4502952 33 P 0 0
P 1.2500003 3.843996 33 P 0 0
P 1.2573819 3.7962598 41 P 0 0
P 1.2588582 3.402559 38 P 0 0
P 1.2696851 3.242618 33 P 0 0
P 1.2696851 3.2519685 3 P 0 0 ;3=2,4=0
P 1.2696851 3.4409449 3 P 0 0 ;3=2,4=0
P 1.2696851 3.6363188 33 P 0 0
P 1.2696851 3.6456693 3 P 0 0 ;3=2,4=0
P 1.2696851 3.8346457 3 P 0 0 ;3=2,4=0
P 1.2696853 3.4502952 33 P 0 0
P 1.2696853 3.843996 33 P 0 0
P 1.2893701 3.242618 33 P 0 0
P 1.2893701 3.4409449 3 P 0 0 ;3=2,4=0
P 1.2893701 3.6363188 33 P 0 0
P 1.2893701 3.8346457 3 P 0 0 ;3=2,4=0
P 1.2893702 3.2519685 3 P 0 0 ;3=2,4=0
P 1.2893702 3.6456693 3 P 0 0 ;3=2,4=0
P 1.2893703 3.4502952 33 P 0 0
P 1.2893703 3.843996 33 P 0 0
P 1.3090551 3.242618 33 P 0 0
P 1.3090551 3.6363188 33 P 0 0
P 1.3090552 3.2519685 3 P 0 0 ;3=2,4=0
P 1.3090552 3.4409449 3 P 0 0 ;3=2,4=0
P 1.3090552 3.6456693 3 P 0 0 ;3=2,4=0
P 1.3090552 3.8346457 3 P 0 0 ;3=2,4=0
P 1.3090553 3.4502954 33 P 0 0
P 1.3090553 3.8439962 33 P 0 0
P 1.3095472 3.3159449 35 P 0 0
P 1.3100393 3.3784449 34 P 0 0
P 1.3129921 3.7066929 39 P 0 0
P 1.3129921 3.773622 39 P 0 0
P 1.3279528 1.5141732 46 P 0 0 ;3=31,4=0
P 1.3279528 1.6141732 46 P 0 0 ;3=31,4=0
P 1.3279529 1.714173 46 P 0 0 ;3=31,4=0
P 1.3287401 3.242618 33 P 0 0
P 1.3287401 3.6363188 33 P 0 0
P 1.3287402 3.2519685 3 P 0 0 ;3=2,4=0
P 1.3287402 3.4409449 3 P 0 0 ;3=2,4=0
P 1.3287402 3.6456693 3 P 0 0 ;3=2,4=0
P 1.3287402 3.8346457 3 P 0 0 ;3=2,4=0
P 1.3287403 3.4502954 33 P 0 0
P 1.3287403 3.8439962 33 P 0 0
P 1.3472442 1.9401576 50 P 0 0 ;3=35,4=0
P 1.3472442 2.2736221 50 P 0 0 ;3=35,4=0
P 1.3472442 2.6070866 50 P 0 0 ;3=35,4=0
P 1.3472442 2.9401576 50 P 0 0 ;3=35,4=0
P 1.3484253 3.242618 33 P 0 0
P 1.3484253 3.2519685 3 P 0 0 ;3=2,4=0
P 1.3484253 3.4409449 3 P 0 0 ;3=2,4=0
P 1.3484253 3.6363188 33 P 0 0
P 1.3484253 3.6456693 3 P 0 0 ;3=2,4=0
P 1.3484253 3.8346457 3 P 0 0 ;3=2,4=0
P 1.3484255 3.4502952 33 P 0 0
P 1.3484255 3.843996 33 P 0 0
P 1.3690945 0.4330709 10 P 0 0 ;3=9,4=0
P 1.3690945 0.5118111 10 P 0 0 ;3=9,4=0
P 1.3690945 0.5905512 10 P 0 0 ;3=9,4=0
P 1.3690945 0.6692914 10 P 0 0 ;3=9,4=0
P 1.3690945 0.7480315 10 P 0 0 ;3=9,4=0
P 1.3740158 3.2775591 2 P 0 0 ;3=1,4=0
P 1.3740158 3.2972442 2 P 0 0 ;3=1,4=0
P 1.3740158 3.3169292 2 P 0 0 ;3=1,4=0
P 1.3740158 3.3366142 2 P 0 0 ;3=1,4=0
P 1.3740158 3.3562993 2 P 0 0 ;3=1,4=0
P 1.3740158 3.3759843 2 P 0 0 ;3=1,4=0
P 1.3740158 3.3956694 2 P 0 0 ;3=1,4=0
P 1.3740158 3.4153544 2 P 0 0 ;3=1,4=0
P 1.3740158 3.6712599 2 P 0 0 ;3=1,4=0
P 1.3740158 3.690945 2 P 0 0 ;3=1,4=0
P 1.3740158 3.71063 2 P 0 0 ;3=1,4=0
P 1.3740158 3.730315 2 P 0 0 ;3=1,4=0
P 1.3740158 3.7500001 2 P 0 0 ;3=1,4=0
P 1.3740158 3.7696851 2 P 0 0 ;3=1,4=0
P 1.3740158 3.7893702 2 P 0 0 ;3=1,4=0
P 1.3740158 3.8090552 2 P 0 0 ;3=1,4=0
P 1.3779528 0.9005904 10 P 0 0 ;3=9,4=0
P 1.3779528 0.918307 10 P 0 0 ;3=9,4=0
P 1.3779528 1.0009842 10 P 0 0 ;3=9,4=0
P 1.3779528 1.0187008 10 P 0 0 ;3=9,4=0
P 1.3779528 1.1013779 10 P 0 0 ;3=9,4=0
P 1.3779528 1.1190945 10 P 0 0 ;3=9,4=0
P 1.3833663 3.2775592 32 P 0 0
P 1.3833663 3.2972442 32 P 0 0
P 1.3833663 3.3169292 32 P 0 0
P 1.3833663 3.3366142 32 P 0 0
P 1.3833663 3.3562994 32 P 0 0
P 1.3833663 3.3759844 32 P 0 0
P 1.3833663 3.3956694 32 P 0 0
P 1.3833663 3.4153544 32 P 0 0
P 1.3833663 3.67126 32 P 0 0
P 1.3833663 3.690945 32 P 0 0
P 1.3833663 3.71063 32 P 0 0
P 1.3833663 3.730315 32 P 0 0
P 1.3833663 3.7500002 32 P 0 0
P 1.3833663 3.7696852 32 P 0 0
P 1.3833663 3.7893702 32 P 0 0
P 1.3833663 3.8090552 32 P 0 0
P 1.3868111 0.4330709 10 P 0 0 ;3=9,4=0
P 1.3868111 0.5118111 10 P 0 0 ;3=9,4=0
P 1.3868111 0.5905512 10 P 0 0 ;3=9,4=0
P 1.3868111 0.6692914 10 P 0 0 ;3=9,4=0
P 1.3868111 0.7480315 10 P 0 0 ;3=9,4=0
P 1.4279528 1.5141732 46 P 0 0 ;3=31,4=0
P 1.4279528 1.6141732 46 P 0 0 ;3=31,4=0
P 1.4279529 1.714173 46 P 0 0 ;3=31,4=0
P 1.4675196 0.4330709 10 P 0 0 ;3=9,4=0
P 1.4675196 0.5118111 10 P 0 0 ;3=9,4=0
P 1.4675196 0.5905512 10 P 0 0 ;3=9,4=0
P 1.4675196 0.6692914 10 P 0 0 ;3=9,4=0
P 1.4675196 0.7480315 10 P 0 0 ;3=9,4=0
P 1.4763779 1.1023621 10 P 0 0 ;3=9,4=0
P 1.4763779 1.1200787 10 P 0 0 ;3=9,4=0
P 1.476378 0.9005904 10 P 0 0 ;3=9,4=0
P 1.476378 0.918307 10 P 0 0 ;3=9,4=0
P 1.476378 1.0009842 10 P 0 0 ;3=9,4=0
P 1.476378 1.0187008 10 P 0 0 ;3=9,4=0
P 1.4852362 0.4330709 10 P 0 0 ;3=9,4=0
P 1.4852362 0.5118111 10 P 0 0 ;3=9,4=0
P 1.4852362 0.5905512 10 P 0 0 ;3=9,4=0
P 1.4852362 0.6692914 10 P 0 0 ;3=9,4=0
P 1.4852362 0.7480315 10 P 0 0 ;3=9,4=0
P 1.5279528 1.5141732 46 P 0 0 ;3=31,4=0
P 1.5279528 1.6141732 46 P 0 0 ;3=31,4=0
P 1.5279529 1.714173 46 P 0 0 ;3=31,4=0
P 1.5659449 0.4330709 10 P 0 0 ;3=9,4=0
P 1.5659449 0.5118111 10 P 0 0 ;3=9,4=0
P 1.5659449 0.5905512 10 P 0 0 ;3=9,4=0
P 1.5659449 0.6692914 10 P 0 0 ;3=9,4=0
P 1.5659449 0.7480315 10 P 0 0 ;3=9,4=0
P 1.5748032 0.9005904 10 P 0 0 ;3=9,4=0
P 1.5748032 0.918307 10 P 0 0 ;3=9,4=0
P 1.5748032 1.0009842 10 P 0 0 ;3=9,4=0
P 1.5748032 1.0187008 10 P 0 0 ;3=9,4=0
P 1.5748032 1.1013779 10 P 0 0 ;3=9,4=0
P 1.5748032 1.1190945 10 P 0 0 ;3=9,4=0
P 1.5836615 0.4330709 10 P 0 0 ;3=9,4=0
P 1.5836615 0.5118111 10 P 0 0 ;3=9,4=0
P 1.5836615 0.5905512 10 P 0 0 ;3=9,4=0
P 1.5836615 0.6692914 10 P 0 0 ;3=9,4=0
P 1.5836615 0.7480315 10 P 0 0 ;3=9,4=0
P 1.6279528 1.5141732 46 P 0 0 ;3=31,4=0
P 1.6279528 1.6141732 46 P 0 0 ;3=31,4=0
P 1.6279529 1.714173 46 P 0 0 ;3=31,4=0
P 1.6472442 1.9401576 50 P 0 0 ;3=35,4=0
P 1.6472442 1.9401576 50 P 0 0 ;3=35,4=0
P 1.6472442 2.1401576 50 P 0 0 ;3=35,4=0
P 1.6472442 2.3401576 50 P 0 0 ;3=35,4=0
P 1.6472442 2.5401576 50 P 0 0 ;3=35,4=0
P 1.6472442 2.7401576 50 P 0 0 ;3=35,4=0
P 1.6472442 2.9401576 50 P 0 0 ;3=35,4=0
P 1.6643699 0.4330709 10 P 0 0 ;3=9,4=0
P 1.6643699 0.5118111 10 P 0 0 ;3=9,4=0
P 1.6643699 0.5905512 10 P 0 0 ;3=9,4=0
P 1.6643699 0.6692914 10 P 0 0 ;3=9,4=0
P 1.6643699 0.7480315 10 P 0 0 ;3=9,4=0
P 1.6732284 0.9005904 10 P 0 0 ;3=9,4=0
P 1.6732284 0.918307 10 P 0 0 ;3=9,4=0
P 1.6732284 1.0009842 10 P 0 0 ;3=9,4=0
P 1.6732284 1.0187008 10 P 0 0 ;3=9,4=0
P 1.6732284 1.1013779 10 P 0 0 ;3=9,4=0
P 1.6732284 1.1190945 10 P 0 0 ;3=9,4=0
P 1.6820865 0.4330709 10 P 0 0 ;3=9,4=0
P 1.6820865 0.5118111 10 P 0 0 ;3=9,4=0
P 1.6820865 0.5905512 10 P 0 0 ;3=9,4=0
P 1.6820865 0.6692914 10 P 0 0 ;3=9,4=0
P 1.6820865 0.7480315 10 P 0 0 ;3=9,4=0
P 1.7279528 1.5141732 46 P 0 0 ;3=31,4=0
P 1.7279528 1.6141732 46 P 0 0 ;3=31,4=0
P 1.7279529 1.714173 46 P 0 0 ;3=31,4=0
P 1.7283464 3.2929135 22 P 0 0 ;3=19,4=0
P 1.7283464 3.3429135 22 P 0 0 ;3=19,4=0
P 1.7283464 3.3929135 22 P 0 0 ;3=19,4=0
P 1.7283464 3.4429135 22 P 0 0 ;3=19,4=0
P 1.7283464 3.4929135 22 P 0 0 ;3=19,4=0
P 1.7283464 3.5429135 22 P 0 0 ;3=19,4=0
P 1.7283464 3.5929135 22 P 0 0 ;3=19,4=0
P 1.7283464 3.6429135 22 P 0 0 ;3=19,4=0
P 1.7283464 3.6929135 22 P 0 0 ;3=19,4=0
P 1.7283464 3.7429135 22 P 0 0 ;3=19,4=0
P 1.7283464 3.7929135 22 P 0 0 ;3=19,4=0
P 1.7627952 0.4330709 10 P 0 0 ;3=9,4=0
P 1.7627952 0.5118111 10 P 0 0 ;3=9,4=0
P 1.7627952 0.5905512 10 P 0 0 ;3=9,4=0
P 1.7627952 0.6692914 10 P 0 0 ;3=9,4=0
P 1.7627952 0.7480315 10 P 0 0 ;3=9,4=0
P 1.7716536 0.9005904 10 P 0 0 ;3=9,4=0
P 1.7716536 0.918307 10 P 0 0 ;3=9,4=0
P 1.7716536 1.0009842 10 P 0 0 ;3=9,4=0
P 1.7716536 1.0187008 10 P 0 0 ;3=9,4=0
P 1.7716536 1.1013779 10 P 0 0 ;3=9,4=0
P 1.7716536 1.1190945 10 P 0 0 ;3=9,4=0
P 1.7805118 0.4330709 10 P 0 0 ;3=9,4=0
P 1.7805118 0.5118111 10 P 0 0 ;3=9,4=0
P 1.7805118 0.5905512 10 P 0 0 ;3=9,4=0
P 1.7805118 0.6692914 10 P 0 0 ;3=9,4=0
P 1.7805118 0.7480315 10 P 0 0 ;3=9,4=0
P 1.797244 3.2244095 23 P 0 0 ;3=20,4=0
P 1.7972441 3.8622048 23 P 0 0 ;3=20,4=0
P 1.8279528 1.5141732 46 P 0 0 ;3=31,4=0
P 1.8279528 1.6141732 46 P 0 0 ;3=31,4=0
P 1.8279529 1.714173 46 P 0 0 ;3=31,4=0
P 1.847244 3.2244095 23 P 0 0 ;3=20,4=0
P 1.8472441 3.8622048 23 P 0 0 ;3=20,4=0
P 1.8472442 1.9401576 50 P 0 0 ;3=35,4=0
P 1.8472442 2.1401576 50 P 0 0 ;3=35,4=0
P 1.8472442 2.3401576 50 P 0 0 ;3=35,4=0
P 1.8472442 2.5401576 50 P 0 0 ;3=35,4=0
P 1.8472442 2.7401576 50 P 0 0 ;3=35,4=0
P 1.8472442 2.9401576 50 P 0 0 ;3=35,4=0
P 1.897244 3.2244095 23 P 0 0 ;3=20,4=0
P 1.8972441 3.8622048 23 P 0 0 ;3=20,4=0
P 1.9279528 1.5141732 46 P 0 0 ;3=31,4=0
P 1.9279528 1.6141732 46 P 0 0 ;3=31,4=0
P 1.9279529 1.714173 46 P 0 0 ;3=31,4=0
P 1.947244 3.2244095 23 P 0 0 ;3=20,4=0
P 1.9472441 3.8622048 23 P 0 0 ;3=20,4=0
P 1.9881891 0.4330709 15 P 0 0 ;3=14,4=0
P 1.9881891 0.5118111 15 P 0 0 ;3=14,4=0
P 1.9881891 0.6692914 15 P 0 0 ;3=14,4=0
P 1.9881891 0.7480315 15 P 0 0 ;3=14,4=0
P 1.9881892 0.5905512 15 P 0 0 ;3=14,4=0
P 1.997244 3.2244095 23 P 0 0 ;3=20,4=0
P 1.9972441 3.8622048 23 P 0 0 ;3=20,4=0
P 2.0078741 0.9055119 8 P 0 0 ;3=7,4=0
P 2.0078741 0.9448819 8 P 0 0 ;3=7,4=0
P 2.0078741 1.0629921 8 P 0 0 ;3=7,4=0
P 2.0078741 1.1023621 8 P 0 0 ;3=7,4=0
P 2.0275591 0.4330709 15 P 0 0 ;3=14,4=0
P 2.0275591 0.5118111 15 P 0 0 ;3=14,4=0
P 2.0275591 0.6692914 15 P 0 0 ;3=14,4=0
P 2.0275591 0.7480315 15 P 0 0 ;3=14,4=0
P 2.0275592 0.5905512 15 P 0 0 ;3=14,4=0
P 2.0279528 1.5141732 46 P 0 0 ;3=31,4=0
P 2.0279528 1.6141732 46 P 0 0 ;3=31,4=0
P 2.0279529 1.714173 46 P 0 0 ;3=31,4=0
P 2.047244 3.2244095 23 P 0 0 ;3=20,4=0
P 2.0472441 3.8622048 23 P 0 0 ;3=20,4=0
P 2.0472442 1.9401576 50 P 0 0 ;3=35,4=0
P 2.0472442 2.1401576 50 P 0 0 ;3=35,4=0
P 2.0472442 2.3401576 50 P 0 0 ;3=35,4=0
P 2.0472442 2.5401576 50 P 0 0 ;3=35,4=0
P 2.0472442 2.7401576 50 P 0 0 ;3=35,4=0
P 2.0472442 2.9401576 50 P 0 0 ;3=35,4=0
P 2.097244 3.2244095 23 P 0 0 ;3=20,4=0
P 2.0972441 3.8622048 23 P 0 0 ;3=20,4=0
P 2.1062993 0.4330709 15 P 0 0 ;3=14,4=0
P 2.1062993 0.5118111 15 P 0 0 ;3=14,4=0
P 2.1062993 0.5905512 15 P 0 0 ;3=14,4=0
P 2.1062993 0.6692914 15 P 0 0 ;3=14,4=0
P 2.1062993 0.7480315 15 P 0 0 ;3=14,4=0
P 2.1259843 0.9055119 8 P 0 0 ;3=7,4=0
P 2.1259843 0.9448819 8 P 0 0 ;3=7,4=0
P 2.1259843 1.0629921 8 P 0 0 ;3=7,4=0
P 2.1259843 1.1023621 8 P 0 0 ;3=7,4=0
P 2.1279528 1.5141732 46 P 0 0 ;3=31,4=0
P 2.1279528 1.6141732 46 P 0 0 ;3=31,4=0
P 2.1279528 1.7141732 46 P 0 0 ;3=31,4=0
P 2.1456693 0.4330709 15 P 0 0 ;3=14,4=0
P 2.1456693 0.5118111 15 P 0 0 ;3=14,4=0
P 2.1456693 0.5905512 15 P 0 0 ;3=14,4=0
P 2.1456693 0.6692914 15 P 0 0 ;3=14,4=0
P 2.1456693 0.7480315 15 P 0 0 ;3=14,4=0
P 2.147244 3.2244095 23 P 0 0 ;3=20,4=0
P 2.1472441 3.8622048 23 P 0 0 ;3=20,4=0
P 2.197244 3.2244095 23 P 0 0 ;3=20,4=0
P 2.1972441 3.8622048 23 P 0 0 ;3=20,4=0
P 2.2244095 0.6692914 15 P 0 0 ;3=14,4=0
P 2.2244096 0.4330709 15 P 0 0 ;3=14,4=0
P 2.2244096 0.5118111 15 P 0 0 ;3=14,4=0
P 2.2244096 0.5905512 15 P 0 0 ;3=14,4=0
P 2.2244096 0.7480315 15 P 0 0 ;3=14,4=0
P 2.2440945 0.9055118 8 P 0 0 ;3=7,4=0
P 2.2440945 0.9448818 8 P 0 0 ;3=7,4=0
P 2.2440945 1.0629921 8 P 0 0 ;3=7,4=0
P 2.2440945 1.1023621 8 P 0 0 ;3=7,4=0
P 2.247244 3.2244095 23 P 0 0 ;3=20,4=0
P 2.2472441 3.8622048 23 P 0 0 ;3=20,4=0
P 2.2472442 1.9401576 50 P 0 0 ;3=35,4=0
P 2.2472442 2.1401576 50 P 0 0 ;3=35,4=0
P 2.2472442 2.3401576 50 P 0 0 ;3=35,4=0
P 2.2472442 2.5401576 50 P 0 0 ;3=35,4=0
P 2.2472442 2.7401576 50 P 0 0 ;3=35,4=0
P 2.2472442 2.9401576 50 P 0 0 ;3=35,4=0
P 2.2637795 0.6692914 15 P 0 0 ;3=14,4=0
P 2.2637796 0.4330709 15 P 0 0 ;3=14,4=0
P 2.2637796 0.5118111 15 P 0 0 ;3=14,4=0
P 2.2637796 0.5905512 15 P 0 0 ;3=14,4=0
P 2.2637796 0.7480315 15 P 0 0 ;3=14,4=0
P 2.297244 3.2244095 23 P 0 0 ;3=20,4=0
P 2.2972441 3.8622048 23 P 0 0 ;3=20,4=0
P 2.3425198 0.4330709 15 P 0 0 ;3=14,4=0
P 2.3425198 0.5118111 15 P 0 0 ;3=14,4=0
P 2.3425198 0.5905512 15 P 0 0 ;3=14,4=0
P 2.3425198 0.6692914 15 P 0 0 ;3=14,4=0
P 2.3425198 0.7480315 15 P 0 0 ;3=14,4=0
P 2.3480315 1.9429134 50 P 0 0 ;3=35,4=0
P 2.3480315 2.1429134 50 P 0 0 ;3=35,4=0
P 2.3480315 2.3429134 50 P 0 0 ;3=35,4=0
P 2.3480315 2.5429134 50 P 0 0 ;3=35,4=0
P 2.3480315 2.7429134 50 P 0 0 ;3=35,4=0
P 2.3480315 2.9429134 50 P 0 0 ;3=35,4=0
P 2.3496063 1.6023622 45 P 0 0 ;3=30,4=0
P 2.3622048 0.9055118 8 P 0 0 ;3=7,4=0
P 2.3622048 0.9448818 8 P 0 0 ;3=7,4=0
P 2.3622048 1.0629921 8 P 0 0 ;3=7,4=0
P 2.3622048 1.1023621 8 P 0 0 ;3=7,4=0
P 2.3661418 3.2931101 22 P 0 0 ;3=19,4=0
P 2.3661418 3.3431101 22 P 0 0 ;3=19,4=0
P 2.3661418 3.3931101 22 P 0 0 ;3=19,4=0
P 2.3661418 3.4431101 22 P 0 0 ;3=19,4=0
P 2.3661418 3.4931101 22 P 0 0 ;3=19,4=0
P 2.3661418 3.5431101 22 P 0 0 ;3=19,4=0
P 2.3661418 3.5931101 22 P 0 0 ;3=19,4=0
P 2.3661418 3.6431101 22 P 0 0 ;3=19,4=0
P 2.3661418 3.6931101 22 P 0 0 ;3=19,4=0
P 2.3661418 3.7431101 22 P 0 0 ;3=19,4=0
P 2.3661418 3.7931101 22 P 0 0 ;3=19,4=0
P 2.3818898 0.4330709 15 P 0 0 ;3=14,4=0
P 2.3818898 0.5118111 15 P 0 0 ;3=14,4=0
P 2.3818898 0.5905512 15 P 0 0 ;3=14,4=0
P 2.3818898 0.6692914 15 P 0 0 ;3=14,4=0
P 2.3818898 0.7480315 15 P 0 0 ;3=14,4=0
P 2.46063 0.5118111 15 P 0 0 ;3=14,4=0
P 2.46063 0.5905512 15 P 0 0 ;3=14,4=0
P 2.4606301 0.4330709 15 P 0 0 ;3=14,4=0
P 2.4606301 0.6692914 15 P 0 0 ;3=14,4=0
P 2.4606301 0.7480315 15 P 0 0 ;3=14,4=0
P 2.480315 0.9055118 8 P 0 0 ;3=7,4=0
P 2.480315 0.9448818 8 P 0 0 ;3=7,4=0
P 2.480315 1.0629921 8 P 0 0 ;3=7,4=0
P 2.480315 1.1023621 8 P 0 0 ;3=7,4=0
P 2.5 0.5118111 15 P 0 0 ;3=14,4=0
P 2.5 0.5905512 15 P 0 0 ;3=14,4=0
P 2.5000001 0.4330709 15 P 0 0 ;3=14,4=0
P 2.5000001 0.6692914 15 P 0 0 ;3=14,4=0
P 2.5000001 0.7480315 15 P 0 0 ;3=14,4=0
P 2.5480315 1.9429134 50 P 0 0 ;3=35,4=0
P 2.5480315 2.1429134 50 P 0 0 ;3=35,4=0
P 2.5480315 2.3429134 50 P 0 0 ;3=35,4=0
P 2.5480315 2.5429134 50 P 0 0 ;3=35,4=0
P 2.5480315 2.7429134 50 P 0 0 ;3=35,4=0
P 2.5480315 2.9429134 50 P 0 0 ;3=35,4=0
P 2.6480315 1.9429134 50 P 0 0 ;3=35,4=0
P 2.6480315 2.1429134 50 P 0 0 ;3=35,4=0
P 2.6480315 2.3429134 50 P 0 0 ;3=35,4=0
P 2.6480315 2.5429134 50 P 0 0 ;3=35,4=0
P 2.6480315 2.7429134 50 P 0 0 ;3=35,4=0
P 2.6480315 2.9429134 50 P 0 0 ;3=35,4=0
P 2.6712599 3.1964567 20 P 0 0 ;3=17,4=0
P 2.6712599 3.2464567 20 P 0 0 ;3=17,4=0
P 2.6712599 3.2964567 20 P 0 0 ;3=17,4=0
P 2.6712599 3.3464567 20 P 0 0 ;3=17,4=0
P 2.6712599 3.4464567 20 P 0 0 ;3=17,4=0
P 2.6712599 3.4964567 20 P 0 0 ;3=17,4=0
P 2.6716536 3.3964567 20 P 0 0 ;3=17,4=0
P 2.6802573 4.1548546 18 P 0 0 ;3=17,4=0
P 2.7156127 4.19021 18 P 0 0 ;3=17,4=0
P 2.7165354 0.4330709 14 P 0 0 ;3=13,4=0
P 2.7165354 0.511811 14 P 0 0 ;3=13,4=0
P 2.7165354 0.5905512 14 P 0 0 ;3=13,4=0
P 2.7165354 0.6692913 14 P 0 0 ;3=13,4=0
P 2.7165354 0.7480315 14 P 0 0 ;3=13,4=0
P 2.750968 4.2255653 18 P 0 0 ;3=17,4=0
P 2.7559056 0.8956692 12 P 0 0 ;3=11,4=0
P 2.7559056 0.9566929 12 P 0 0 ;3=11,4=0
P 2.7559056 1.0531496 12 P 0 0 ;3=11,4=0
P 2.7559056 1.1141733 12 P 0 0 ;3=11,4=0
P 2.7775591 0.4330709 14 P 0 0 ;3=13,4=0
P 2.7775591 0.511811 14 P 0 0 ;3=13,4=0
P 2.7775591 0.5905512 14 P 0 0 ;3=13,4=0
P 2.7775591 0.6692913 14 P 0 0 ;3=13,4=0
P 2.7775591 0.7480315 14 P 0 0 ;3=13,4=0
P 2.7863234 4.2609206 18 P 0 0 ;3=17,4=0
P 2.7913386 1.6141732 47 P 0 0 ;3=32,4=0
P 2.8216787 4.296276 18 P 0 0 ;3=17,4=0
P 2.8480315 1.9429134 50 P 0 0 ;3=35,4=0
P 2.8480315 2.0429134 50 P 0 0 ;3=35,4=0
P 2.8480315 2.1429134 50 P 0 0 ;3=35,4=0
P 2.8480315 2.2429134 50 P 0 0 ;3=35,4=0
P 2.8480315 2.3429134 50 P 0 0 ;3=35,4=0
P 2.8480315 2.4429134 50 P 0 0 ;3=35,4=0
P 2.8480315 2.5429134 50 P 0 0 ;3=35,4=0
P 2.8480315 2.6429134 50 P 0 0 ;3=35,4=0
P 2.8480315 2.7429134 50 P 0 0 ;3=35,4=0
P 2.8480315 2.8429134 50 P 0 0 ;3=35,4=0
P 2.8480315 2.9429134 50 P 0 0 ;3=35,4=0
P 2.855642 3.9794699 18 P 0 0 ;3=17,4=0
P 2.857034 4.3316313 18 P 0 0 ;3=17,4=0
P 2.8740157 0.4330709 14 P 0 0 ;3=13,4=0
P 2.8740157 0.511811 14 P 0 0 ;3=13,4=0
P 2.8740157 0.5905512 14 P 0 0 ;3=13,4=0
P 2.8740157 0.6692913 14 P 0 0 ;3=13,4=0
P 2.8740157 0.7480315 14 P 0 0 ;3=13,4=0
P 2.8897638 1.527559 29 P 0 0 ;3=25,4=0
P 2.8897638 1.7007874 29 P 0 0 ;3=25,4=0
P 2.8909974 4.0148253 18 P 0 0 ;3=17,4=0
P 2.8923894 4.3669867 18 P 0 0 ;3=17,4=0
P 2.9034239 3.6705604 25 P 0 0 ;3=22,4=0
P 2.9034239 3.8097546 26 P 0 0 ;3=22,4=0
P 2.9133859 0.8956692 12 P 0 0 ;3=11,4=0
P 2.9133859 0.9566929 12 P 0 0 ;3=11,4=0
P 2.9133859 1.0531496 12 P 0 0 ;3=11,4=0
P 2.9133859 1.1141733 12 P 0 0 ;3=11,4=0
P 2.9173433 3.656641 25 P 0 0 ;3=22,4=0
P 2.9173433 3.823674 26 P 0 0 ;3=22,4=0
P 2.9192913 3.1964567 20 P 0 0 ;3=17,4=0
P 2.9192913 3.2464567 20 P 0 0 ;3=17,4=0
P 2.9192913 3.2964567 20 P 0 0 ;3=17,4=0
P 2.9192913 3.3464567 20 P 0 0 ;3=17,4=0
P 2.9192913 3.3964567 20 P 0 0 ;3=17,4=0
P 2.9192913 3.4464567 20 P 0 0 ;3=17,4=0
P 2.9192913 3.4964567 20 P 0 0 ;3=17,4=0
P 2.9212599 1.527559 29 P 0 0 ;3=25,4=0
P 2.9212599 1.7007874 29 P 0 0 ;3=25,4=0
P 2.9260743 4.050459 18 P 0 0 ;3=17,4=0
P 2.9312627 3.6427216 25 P 0 0 ;3=22,4=0
P 2.9312627 3.8375934 26 P 0 0 ;3=22,4=0
P 2.9350394 0.4330709 14 P 0 0 ;3=13,4=0
P 2.9350394 0.511811 14 P 0 0 ;3=13,4=0
P 2.9350394 0.5905512 14 P 0 0 ;3=13,4=0
P 2.9350394 0.6692913 14 P 0 0 ;3=13,4=0
P 2.9350394 0.7480315 14 P 0 0 ;3=13,4=0
P 2.9451821 3.6288022 25 P 0 0 ;3=22,4=0
P 2.9451821 3.8515128 26 P 0 0 ;3=22,4=0
P 2.9480315 1.9429134 50 P 0 0 ;3=35,4=0
P 2.9480315 2.0429134 50 P 0 0 ;3=35,4=0
P 2.9480315 2.1429134 50 P 0 0 ;3=35,4=0
P 2.9480315 2.2429134 50 P 0 0 ;3=35,4=0
P 2.9480315 2.3429134 50 P 0 0 ;3=35,4=0
P 2.9480315 2.4429134 50 P 0 0 ;3=35,4=0
P 2.9480315 2.5429134 50 P 0 0 ;3=35,4=0
P 2.9480315 2.6429134 50 P 0 0 ;3=35,4=0
P 2.9480315 2.7429134 50 P 0 0 ;3=35,4=0
P 2.9480315 2.8429134 50 P 0 0 ;3=35,4=0
P 2.9480315 2.9429134 50 P 0 0 ;3=35,4=0
P 2.9527559 1.527559 29 P 0 0 ;3=25,4=0
P 2.9527559 1.7007874 29 P 0 0 ;3=25,4=0
P 2.9591015 3.6148828 25 P 0 0 ;3=22,4=0
P 2.9591015 3.8654322 26 P 0 0 ;3=22,4=0
P 2.961708 4.085536 18 P 0 0 ;3=17,4=0
P 2.9730209 3.6009634 25 P 0 0 ;3=22,4=0
P 2.9730209 3.8793516 26 P 0 0 ;3=22,4=0
P 2.984252 1.527559 29 P 0 0 ;3=25,4=0
P 2.984252 1.7007874 29 P 0 0 ;3=25,4=0
P 2.9869403 3.587044 25 P 0 0 ;3=22,4=0
P 2.9869403 3.893271 26 P 0 0 ;3=22,4=0
P 2.9970634 4.1208913 18 P 0 0 ;3=17,4=0
P 3.0008597 3.5731246 25 P 0 0 ;3=22,4=0
P 3.0008597 3.9071904 26 P 0 0 ;3=22,4=0
P 3.0147791 3.5592052 25 P 0 0 ;3=22,4=0
P 3.0147791 3.9211098 26 P 0 0 ;3=22,4=0
P 3.015748 1.527559 29 P 0 0 ;3=25,4=0
P 3.015748 1.7007874 29 P 0 0 ;3=25,4=0
P 3.0286985 3.5452858 25 P 0 0 ;3=22,4=0
P 3.0286985 3.9350292 26 P 0 0 ;3=22,4=0
P 3.031496 0.4330709 14 P 0 0 ;3=13,4=0
P 3.031496 0.511811 14 P 0 0 ;3=13,4=0
P 3.031496 0.5905512 14 P 0 0 ;3=13,4=0
P 3.031496 0.6692913 14 P 0 0 ;3=13,4=0
P 3.031496 0.7480315 14 P 0 0 ;3=13,4=0
P 3.0324187 4.1562466 18 P 0 0 ;3=17,4=0
P 3.0426179 3.5313664 25 P 0 0 ;3=22,4=0
P 3.0426179 3.9489486 26 P 0 0 ;3=22,4=0
P 3.0472441 1.527559 29 P 0 0 ;3=25,4=0
P 3.0472441 1.7007874 29 P 0 0 ;3=25,4=0
P 3.0480315 1.9429134 50 P 0 0 ;3=35,4=0
P 3.0480315 2.0429134 50 P 0 0 ;3=35,4=0
P 3.0480315 2.1429134 50 P 0 0 ;3=35,4=0
P 3.0480315 2.2429134 50 P 0 0 ;3=35,4=0
P 3.0480315 2.3429134 50 P 0 0 ;3=35,4=0
P 3.0480315 2.4429134 50 P 0 0 ;3=35,4=0
P 3.0480315 2.5429134 50 P 0 0 ;3=35,4=0
P 3.0480315 2.6429134 50 P 0 0 ;3=35,4=0
P 3.0480315 2.7429134 50 P 0 0 ;3=35,4=0
P 3.0480315 2.8429134 50 P 0 0 ;3=35,4=0
P 3.0480315 2.9429134 50 P 0 0 ;3=35,4=0
P 3.0565373 3.517447 25 P 0 0 ;3=22,4=0
P 3.0565373 3.962868 26 P 0 0 ;3=22,4=0
P 3.0677741 4.191602 18 P 0 0 ;3=17,4=0
P 3.0704567 3.5035276 25 P 0 0 ;3=22,4=0
P 3.0704567 3.9767874 26 P 0 0 ;3=22,4=0
P 3.0708662 0.8956692 12 P 0 0 ;3=11,4=0
P 3.0708662 0.9566929 12 P 0 0 ;3=11,4=0
P 3.0708662 1.0531496 12 P 0 0 ;3=11,4=0
P 3.0708662 1.1141733 12 P 0 0 ;3=11,4=0
P 3.0787402 1.527559 29 P 0 0 ;3=25,4=0
P 3.0787402 1.7007874 29 P 0 0 ;3=25,4=0
P 3.0843761 3.4896082 25 P 0 0 ;3=22,4=0
P 3.0843761 3.9907068 26 P 0 0 ;3=22,4=0
P 3.0925197 0.4330709 14 P 0 0 ;3=13,4=0
P 3.0925197 0.511811 14 P 0 0 ;3=13,4=0
P 3.0925197 0.5905512 14 P 0 0 ;3=13,4=0
P 3.0925197 0.6692913 14 P 0 0 ;3=13,4=0
P 3.0925197 0.7480315 14 P 0 0 ;3=13,4=0
P 3.0982955 3.4756888 25 P 0 0 ;3=22,4=0
P 3.0982955 4.0046262 26 P 0 0 ;3=22,4=0
P 3.1102362 1.527559 29 P 0 0 ;3=25,4=0
P 3.1102362 1.7007874 29 P 0 0 ;3=25,4=0
P 3.1122149 3.4617694 25 P 0 0 ;3=22,4=0
P 3.1122149 4.0185456 26 P 0 0 ;3=22,4=0
P 3.1261343 3.44785 25 P 0 0 ;3=22,4=0
P 3.1261343 4.032465 26 P 0 0 ;3=22,4=0
P 3.1400537 3.4339306 25 P 0 0 ;3=22,4=0
P 3.1400537 4.0463844 26 P 0 0 ;3=22,4=0
P 3.1417323 1.527559 29 P 0 0 ;3=25,4=0
P 3.1417323 1.7007874 29 P 0 0 ;3=25,4=0
P 3.1480315 1.9429134 50 P 0 0 ;3=35,4=0
P 3.1480315 2.0429134 50 P 0 0 ;3=35,4=0
P 3.1480315 2.1429134 50 P 0 0 ;3=35,4=0
P 3.1480315 2.2429134 50 P 0 0 ;3=35,4=0
P 3.1480315 2.3429134 50 P 0 0 ;3=35,4=0
P 3.1480315 2.4429134 50 P 0 0 ;3=35,4=0
P 3.1480315 2.5429134 50 P 0 0 ;3=35,4=0
P 3.1480315 2.6429134 50 P 0 0 ;3=35,4=0
P 3.1480315 2.7429134 50 P 0 0 ;3=35,4=0
P 3.1480315 2.8429134 50 P 0 0 ;3=35,4=0
P 3.1480315 2.9429134 50 P 0 0 ;3=35,4=0
P 3.1539731 3.4200112 25 P 0 0 ;3=22,4=0
P 3.1539731 4.0603038 26 P 0 0 ;3=22,4=0
P 3.1678925 3.4060918 25 P 0 0 ;3=22,4=0
P 3.1678925 4.0742232 26 P 0 0 ;3=22,4=0
P 3.1732284 1.527559 29 P 0 0 ;3=25,4=0
P 3.1732284 1.7007874 29 P 0 0 ;3=25,4=0
P 3.1818119 3.3921724 25 P 0 0 ;3=22,4=0
P 3.1818119 4.0881426 26 P 0 0 ;3=22,4=0
P 3.1889764 0.4330709 14 P 0 0 ;3=13,4=0
P 3.1889764 0.511811 14 P 0 0 ;3=13,4=0
P 3.1889764 0.5905512 14 P 0 0 ;3=13,4=0
P 3.1889764 0.6692913 14 P 0 0 ;3=13,4=0
P 3.1889764 0.7480315 14 P 0 0 ;3=13,4=0
P 3.1957313 3.378253 25 P 0 0 ;3=22,4=0
P 3.1957313 4.102062 26 P 0 0 ;3=22,4=0
P 3.2047244 1.527559 29 P 0 0 ;3=25,4=0
P 3.2047244 1.7007874 29 P 0 0 ;3=25,4=0
P 3.2096507 3.3643336 25 P 0 0 ;3=22,4=0
P 3.2096507 4.1159814 26 P 0 0 ;3=22,4=0
P 3.2235701 3.3504142 25 P 0 0 ;3=22,4=0
P 3.2235701 4.1299008 26 P 0 0 ;3=22,4=0
P 3.2283466 0.8956692 12 P 0 0 ;3=11,4=0
P 3.2283466 0.9566929 12 P 0 0 ;3=11,4=0
P 3.2283466 1.0531496 12 P 0 0 ;3=11,4=0
P 3.2283466 1.1141733 12 P 0 0 ;3=11,4=0
P 3.2362205 1.527559 29 P 0 0 ;3=25,4=0
P 3.2362205 1.7007874 29 P 0 0 ;3=25,4=0
P 3.2374895 3.3364948 25 P 0 0 ;3=22,4=0
P 3.2374895 4.1438202 26 P 0 0 ;3=22,4=0
P 3.2480315 1.9429134 50 P 0 0 ;3=35,4=0
P 3.2480315 2.0429134 50 P 0 0 ;3=35,4=0
P 3.2480315 2.1429134 50 P 0 0 ;3=35,4=0
P 3.2480315 2.2429134 50 P 0 0 ;3=35,4=0
P 3.2480315 2.3429134 50 P 0 0 ;3=35,4=0
P 3.2480315 2.4429134 50 P 0 0 ;3=35,4=0
P 3.2480315 2.5429134 50 P 0 0 ;3=35,4=0
P 3.2480315 2.6429134 50 P 0 0 ;3=35,4=0
P 3.2480315 2.7429134 50 P 0 0 ;3=35,4=0
P 3.2480315 2.8429134 50 P 0 0 ;3=35,4=0
P 3.2480315 2.9429134 50 P 0 0 ;3=35,4=0
P 3.2500001 0.4330709 14 P 0 0 ;3=13,4=0
P 3.2500001 0.511811 14 P 0 0 ;3=13,4=0
P 3.2500001 0.5905512 14 P 0 0 ;3=13,4=0
P 3.2500001 0.6692913 14 P 0 0 ;3=13,4=0
P 3.2500001 0.7480315 14 P 0 0 ;3=13,4=0
P 3.2677166 1.527559 29 P 0 0 ;3=25,4=0
P 3.2677166 1.7007874 29 P 0 0 ;3=25,4=0
P 3.2992126 1.527559 29 P 0 0 ;3=25,4=0
P 3.2992126 1.7007874 29 P 0 0 ;3=25,4=0
P 3.3307087 1.527559 29 P 0 0 ;3=25,4=0
P 3.3307087 1.7007874 29 P 0 0 ;3=25,4=0
P 3.3464567 0.4330709 14 P 0 0 ;3=13,4=0
P 3.3464567 0.511811 14 P 0 0 ;3=13,4=0
P 3.3464567 0.5905512 14 P 0 0 ;3=13,4=0
P 3.3464567 0.6692913 14 P 0 0 ;3=13,4=0
P 3.3464567 0.7480315 14 P 0 0 ;3=13,4=0
P 3.3480315 1.9429134 50 P 0 0 ;3=35,4=0
P 3.3480315 2.0429134 50 P 0 0 ;3=35,4=0
P 3.3480315 2.1429134 50 P 0 0 ;3=35,4=0
P 3.3480315 2.2429134 50 P 0 0 ;3=35,4=0
P 3.3480315 2.3429134 50 P 0 0 ;3=35,4=0
P 3.3480315 2.4429134 50 P 0 0 ;3=35,4=0
P 3.3480315 2.5429134 50 P 0 0 ;3=35,4=0
P 3.3480315 2.6429134 50 P 0 0 ;3=35,4=0
P 3.3480315 2.7429134 50 P 0 0 ;3=35,4=0
P 3.3480315 2.8429134 50 P 0 0 ;3=35,4=0
P 3.3480315 2.9429134 50 P 0 0 ;3=35,4=0
P 3.3622048 1.527559 29 P 0 0 ;3=25,4=0
P 3.3622048 1.7007874 29 P 0 0 ;3=25,4=0
P 3.3766837 3.3364948 26 P 0 0 ;3=22,4=0
P 3.3766837 4.1438202 25 P 0 0 ;3=22,4=0
P 3.3858269 0.8956692 12 P 0 0 ;3=11,4=0
P 3.3858269 0.9566929 12 P 0 0 ;3=11,4=0
P 3.3858269 1.0531496 12 P 0 0 ;3=11,4=0
P 3.3858269 1.1141733 12 P 0 0 ;3=11,4=0
P 3.3906031 3.3504142 26 P 0 0 ;3=22,4=0
P 3.3906031 4.1299008 25 P 0 0 ;3=22,4=0
P 3.3937008 1.527559 29 P 0 0 ;3=25,4=0
P 3.3937008 1.7007874 29 P 0 0 ;3=25,4=0
P 3.4045225 3.3643336 26 P 0 0 ;3=22,4=0
P 3.4045225 4.1159814 25 P 0 0 ;3=22,4=0
P 3.4074804 0.4330709 14 P 0 0 ;3=13,4=0
P 3.4074804 0.511811 14 P 0 0 ;3=13,4=0
P 3.4074804 0.5905512 14 P 0 0 ;3=13,4=0
P 3.4074804 0.6692913 14 P 0 0 ;3=13,4=0
P 3.4074804 0.7480315 14 P 0 0 ;3=13,4=0
P 3.4184419 3.378253 26 P 0 0 ;3=22,4=0
P 3.4184419 4.102062 25 P 0 0 ;3=22,4=0
P 3.4251968 1.527559 29 P 0 0 ;3=25,4=0
P 3.4251968 1.7007874 29 P 0 0 ;3=25,4=0
P 3.4323613 3.3921724 26 P 0 0 ;3=22,4=0
P 3.4323613 4.0881426 25 P 0 0 ;3=22,4=0
P 3.4462807 3.4060918 26 P 0 0 ;3=22,4=0
P 3.4462807 4.0742232 25 P 0 0 ;3=22,4=0
P 3.4480315 1.9429134 50 P 0 0 ;3=35,4=0
P 3.4480315 2.0429134 50 P 0 0 ;3=35,4=0
P 3.4480315 2.1429134 50 P 0 0 ;3=35,4=0
P 3.4480315 2.2429134 50 P 0 0 ;3=35,4=0
P 3.4480315 2.3429134 50 P 0 0 ;3=35,4=0
P 3.4480315 2.4429134 50 P 0 0 ;3=35,4=0
P 3.4480315 2.5429134 50 P 0 0 ;3=35,4=0
P 3.4480315 2.6429134 50 P 0 0 ;3=35,4=0
P 3.4480315 2.7429134 50 P 0 0 ;3=35,4=0
P 3.4480315 2.8429134 50 P 0 0 ;3=35,4=0
P 3.4480315 2.9429134 50 P 0 0 ;3=35,4=0
P 3.456693 1.527559 29 P 0 0 ;3=25,4=0
P 3.456693 1.7007874 29 P 0 0 ;3=25,4=0
P 3.4602001 3.4200112 26 P 0 0 ;3=22,4=0
P 3.4602001 4.0603038 25 P 0 0 ;3=22,4=0
P 3.4741195 3.4339306 26 P 0 0 ;3=22,4=0
P 3.4741195 4.0463844 25 P 0 0 ;3=22,4=0
P 3.4880389 3.44785 26 P 0 0 ;3=22,4=0
P 3.4880389 4.032465 25 P 0 0 ;3=22,4=0
P 3.488189 1.527559 29 P 0 0 ;3=25,4=0
P 3.488189 1.7007874 29 P 0 0 ;3=25,4=0
P 3.5019583 3.4617694 26 P 0 0 ;3=22,4=0
P 3.5019583 4.0185456 25 P 0 0 ;3=22,4=0
P 3.5158777 3.4756888 26 P 0 0 ;3=22,4=0
P 3.5158777 4.0046262 25 P 0 0 ;3=22,4=0
P 3.5297971 3.4896082 26 P 0 0 ;3=22,4=0
P 3.5297971 3.9907068 25 P 0 0 ;3=22,4=0
P 3.5437165 3.5035276 26 P 0 0 ;3=22,4=0
P 3.5437165 3.9767874 25 P 0 0 ;3=22,4=0
P 3.5463991 4.191602 19 P 0 0 ;3=17,4=0
P 3.5480315 1.9429134 50 P 0 0 ;3=35,4=0
P 3.5480315 2.0429134 50 P 0 0 ;3=35,4=0
P 3.5480315 2.1429134 50 P 0 0 ;3=35,4=0
P 3.5480315 2.2429134 50 P 0 0 ;3=35,4=0
P 3.5480315 2.3429134 50 P 0 0 ;3=35,4=0
P 3.5480315 2.4429134 50 P 0 0 ;3=35,4=0
P 3.5480315 2.5429134 50 P 0 0 ;3=35,4=0
P 3.5480315 2.6429134 50 P 0 0 ;3=35,4=0
P 3.5480315 2.7429134 50 P 0 0 ;3=35,4=0
P 3.5480315 2.8429134 50 P 0 0 ;3=35,4=0
P 3.5480315 2.9429134 50 P 0 0 ;3=35,4=0
P 3.5576359 3.517447 26 P 0 0 ;3=22,4=0
P 3.5576359 3.962868 25 P 0 0 ;3=22,4=0
P 3.5715553 3.5313664 26 P 0 0 ;3=22,4=0
P 3.5715553 3.9489486 25 P 0 0 ;3=22,4=0
P 3.5817545 4.1562466 19 P 0 0 ;3=17,4=0
P 3.5854747 3.5452858 26 P 0 0 ;3=22,4=0
P 3.5854747 3.9350292 25 P 0 0 ;3=22,4=0
P 3.5866142 1.6141732 48 P 0 0 ;3=33,4=0
P 3.5993941 3.5592052 26 P 0 0 ;3=22,4=0
P 3.5993941 3.9211098 25 P 0 0 ;3=22,4=0
P 3.6133135 3.5731246 26 P 0 0 ;3=22,4=0
P 3.6133135 3.9071904 25 P 0 0 ;3=22,4=0
P 3.6173882 4.1211697 19 P 0 0 ;3=17,4=0
P 3.6272329 3.587044 26 P 0 0 ;3=22,4=0
P 3.6272329 3.893271 25 P 0 0 ;3=22,4=0
P 3.6411523 3.6009634 26 P 0 0 ;3=22,4=0
P 3.6411523 3.8793516 25 P 0 0 ;3=22,4=0
P 3.6480315 1.9429134 50 P 0 0 ;3=35,4=0
P 3.6480315 2.0429134 50 P 0 0 ;3=35,4=0
P 3.6480315 2.1429134 50 P 0 0 ;3=35,4=0
P 3.6480315 2.2429134 50 P 0 0 ;3=35,4=0
P 3.6480315 2.3429134 50 P 0 0 ;3=35,4=0
P 3.6480315 2.4429134 50 P 0 0 ;3=35,4=0
P 3.6480315 2.5429134 50 P 0 0 ;3=35,4=0
P 3.6480315 2.6429134 50 P 0 0 ;3=35,4=0
P 3.6480315 2.7429134 50 P 0 0 ;3=35,4=0
P 3.6480315 2.8429134 50 P 0 0 ;3=35,4=0
P 3.6480315 2.9429134 50 P 0 0 ;3=35,4=0
P 3.6524652 4.085536 19 P 0 0 ;3=17,4=0
P 3.6550717 3.6148828 26 P 0 0 ;3=22,4=0
P 3.6550717 3.8654322 25 P 0 0 ;3=22,4=0
P 3.6689911 3.6288022 26 P 0 0 ;3=22,4=0
P 3.6689911 3.8515128 25 P 0 0 ;3=22,4=0
P 3.6829105 3.6427216 26 P 0 0 ;3=22,4=0
P 3.6829105 3.8375934 25 P 0 0 ;3=22,4=0
P 3.6878205 4.0501806 19 P 0 0 ;3=17,4=0
P 3.6948819 3.1964567 20 P 0 0 ;3=17,4=0
P 3.6948819 3.2464567 20 P 0 0 ;3=17,4=0
P 3.6948819 3.2964567 20 P 0 0 ;3=17,4=0
P 3.6948819 3.3464567 20 P 0 0 ;3=17,4=0
P 3.6948819 3.3964567 20 P 0 0 ;3=17,4=0
P 3.6948819 3.4464567 20 P 0 0 ;3=17,4=0
P 3.6948819 3.4964567 20 P 0 0 ;3=17,4=0
P 3.6968299 3.656641 26 P 0 0 ;3=22,4=0
P 3.6968299 3.823674 25 P 0 0 ;3=22,4=0
P 3.7107493 3.6705604 26 P 0 0 ;3=22,4=0
P 3.7107493 3.8097546 25 P 0 0 ;3=22,4=0
P 3.7217838 4.3669867 19 P 0 0 ;3=17,4=0
P 3.7231758 4.0148253 19 P 0 0 ;3=17,4=0
P 3.742126 0.4291338 13 P 0 0 ;3=12,4=0
P 3.742126 0.7125984 13 P 0 0 ;3=12,4=0
P 3.742126 0.8228346 13 P 0 0 ;3=12,4=0
P 3.7421261 1.1062992 13 P 0 0 ;3=12,4=0
P 3.7480315 1.9429134 50 P 0 0 ;3=35,4=0
P 3.7480315 2.0429134 50 P 0 0 ;3=35,4=0
P 3.7480315 2.1429134 50 P 0 0 ;3=35,4=0
P 3.7480315 2.2429134 50 P 0 0 ;3=35,4=0
P 3.7480315 2.3429134 50 P 0 0 ;3=35,4=0
P 3.7480315 2.4429134 50 P 0 0 ;3=35,4=0
P 3.7480315 2.5429134 50 P 0 0 ;3=35,4=0
P 3.7480315 2.6429134 50 P 0 0 ;3=35,4=0
P 3.7480315 2.7429134 50 P 0 0 ;3=35,4=0
P 3.7480315 2.8429134 50 P 0 0 ;3=35,4=0
P 3.7480315 2.9429134 50 P 0 0 ;3=35,4=0
P 3.7571392 4.3316313 19 P 0 0 ;3=17,4=0
P 3.7585312 3.9794699 19 P 0 0 ;3=17,4=0
P 3.7795276 0.515748 13 P 0 0 ;3=12,4=0
P 3.7795276 0.6259842 13 P 0 0 ;3=12,4=0
P 3.7795276 0.9094488 13 P 0 0 ;3=12,4=0
P 3.7795277 1.019685 13 P 0 0 ;3=12,4=0
P 3.7924945 4.296276 19 P 0 0 ;3=17,4=0
P 3.8169292 0.4291338 13 P 0 0 ;3=12,4=0
P 3.8169292 0.7125984 13 P 0 0 ;3=12,4=0
P 3.8169292 0.8228346 13 P 0 0 ;3=12,4=0
P 3.8169293 1.1062992 13 P 0 0 ;3=12,4=0
P 3.8278498 4.2609206 19 P 0 0 ;3=17,4=0
P 3.8632052 4.2255653 19 P 0 0 ;3=17,4=0
P 3.8985605 4.19021 19 P 0 0 ;3=17,4=0
P 3.9339159 4.1548546 19 P 0 0 ;3=17,4=0
P 3.9389764 0.4291338 13 P 0 0 ;3=12,4=0
P 3.9389764 0.7125984 13 P 0 0 ;3=12,4=0
P 3.9389764 0.8228346 13 P 0 0 ;3=12,4=0
P 3.9389765 1.1062992 13 P 0 0 ;3=12,4=0
P 3.9425196 3.2964567 20 P 0 0 ;3=17,4=0
P 3.9429133 3.1964567 20 P 0 0 ;3=17,4=0
P 3.9429133 3.2464567 20 P 0 0 ;3=17,4=0
P 3.9429133 3.3464567 20 P 0 0 ;3=17,4=0
P 3.9429133 3.3964567 20 P 0 0 ;3=17,4=0
P 3.9429133 3.4464567 20 P 0 0 ;3=17,4=0
P 3.9429133 3.4964567 20 P 0 0 ;3=17,4=0
P 3.976378 0.515748 13 P 0 0 ;3=12,4=0
P 3.976378 0.6259842 13 P 0 0 ;3=12,4=0
P 3.976378 0.9094488 13 P 0 0 ;3=12,4=0
P 3.9763781 1.019685 13 P 0 0 ;3=12,4=0
P 3.9944882 1.5141732 49 P 0 0 ;3=34,4=0
P 3.9944882 1.7141732 49 P 0 0 ;3=34,4=0
P 4.0137796 0.4291338 13 P 0 0 ;3=12,4=0
P 4.0137796 0.7125984 13 P 0 0 ;3=12,4=0
P 4.0137796 0.8228346 13 P 0 0 ;3=12,4=0
P 4.0137797 1.1062992 13 P 0 0 ;3=12,4=0
P 4.0444882 1.9909449 42 P 0 0 ;3=26,4=0
P 4.0444882 2.0909449 42 P 0 0 ;3=26,4=0
P 4.0444882 2.1909449 42 P 0 0 ;3=26,4=0
P 4.0444882 2.2909449 42 P 0 0 ;3=26,4=0
P 4.0444882 2.3909449 42 P 0 0 ;3=26,4=0
P 4.0444882 2.4909449 42 P 0 0 ;3=26,4=0
P 4.0444882 2.5909449 42 P 0 0 ;3=26,4=0
P 4.0444882 2.6909449 42 P 0 0 ;3=26,4=0
P 4.0444882 2.7909449 42 P 0 0 ;3=26,4=0
P 4.0444882 2.8909449 42 P 0 0 ;3=26,4=0
P 4.0944882 1.6141732 49 P 0 0 ;3=34,4=0
P 4.1358268 0.4291338 13 P 0 0 ;3=12,4=0
P 4.1358268 0.7125984 13 P 0 0 ;3=12,4=0
P 4.1358268 0.8228346 13 P 0 0 ;3=12,4=0
P 4.1358269 1.1062992 13 P 0 0 ;3=12,4=0
P 4.1444882 1.9909449 42 P 0 0 ;3=26,4=0
P 4.1444882 2.0909449 42 P 0 0 ;3=26,4=0
P 4.1444882 2.1909449 42 P 0 0 ;3=26,4=0
P 4.1444882 2.2909449 42 P 0 0 ;3=26,4=0
P 4.1444882 2.3909449 42 P 0 0 ;3=26,4=0
P 4.1444882 2.4909449 42 P 0 0 ;3=26,4=0
P 4.1444882 2.5909449 42 P 0 0 ;3=26,4=0
P 4.1444882 2.6909449 42 P 0 0 ;3=26,4=0
P 4.1444882 2.7909449 42 P 0 0 ;3=26,4=0
P 4.1444882 2.8909449 42 P 0 0 ;3=26,4=0
P 4.1732284 0.515748 13 P 0 0 ;3=12,4=0
P 4.1732284 0.6259842 13 P 0 0 ;3=12,4=0
P 4.1732284 0.9094488 13 P 0 0 ;3=12,4=0
P 4.1732285 1.019685 13 P 0 0 ;3=12,4=0
P 4.1929128 3.2086614 24 P 0 0 ;3=21,4=0
P 4.1929134 3.2480315 24 P 0 0 ;3=21,4=0
P 4.1929134 3.2874016 24 P 0 0 ;3=21,4=0
P 4.1929134 3.3267716 24 P 0 0 ;3=21,4=0
P 4.1929134 3.3661417 24 P 0 0 ;3=21,4=0
P 4.1929134 3.4055118 24 P 0 0 ;3=21,4=0
P 4.1929134 3.4448819 24 P 0 0 ;3=21,4=0
P 4.1929134 3.484252 24 P 0 0 ;3=21,4=0
P 4.1929134 3.5629921 24 P 0 0 ;3=21,4=0
P 4.1929134 3.6023622 24 P 0 0 ;3=21,4=0
P 4.1929134 3.7204723 24 P 0 0 ;3=21,4=0
P 4.1929135 3.6417323 24 P 0 0 ;3=21,4=0
P 4.1929135 3.6811024 24 P 0 0 ;3=21,4=0
P 4.1929135 3.7598424 24 P 0 0 ;3=21,4=0
P 4.1929135 3.7992125 24 P 0 0 ;3=21,4=0
P 4.1929136 3.523622 24 P 0 0 ;3=21,4=0
P 4.1944882 1.5141732 49 P 0 0 ;3=34,4=0
P 4.1944882 1.7141732 49 P 0 0 ;3=34,4=0
P 4.21063 0.4291338 13 P 0 0 ;3=12,4=0
P 4.21063 0.7125984 13 P 0 0 ;3=12,4=0
P 4.21063 0.8228346 13 P 0 0 ;3=12,4=0
P 4.2106301 1.1062992 13 P 0 0 ;3=12,4=0
P 4.2322832 3.2086614 24 P 0 0 ;3=21,4=0
P 4.2322834 3.2874016 24 P 0 0 ;3=21,4=0
P 4.2322834 3.3267716 24 P 0 0 ;3=21,4=0
P 4.2322834 3.4055118 24 P 0 0 ;3=21,4=0
P 4.2322834 3.4448819 24 P 0 0 ;3=21,4=0
P 4.2322834 3.484252 24 P 0 0 ;3=21,4=0
P 4.2322835 3.6023622 24 P 0 0 ;3=21,4=0
P 4.2322835 3.6417323 24 P 0 0 ;3=21,4=0
P 4.2322835 3.7204723 24 P 0 0 ;3=21,4=0
P 4.2322836 3.523622 24 P 0 0 ;3=21,4=0
P 4.2322836 3.5629921 24 P 0 0 ;3=21,4=0
P 4.2322836 3.6811024 24 P 0 0 ;3=21,4=0
P 4.2322836 3.7598424 24 P 0 0 ;3=21,4=0
P 4.2322836 3.7992125 24 P 0 0 ;3=21,4=0
P 4.2322838 3.2480315 24 P 0 0 ;3=21,4=0
P 4.2322838 3.3661417 24 P 0 0 ;3=21,4=0
P 4.2716534 3.2480315 24 P 0 0 ;3=21,4=0
P 4.2716534 3.2874016 24 P 0 0 ;3=21,4=0
P 4.2716534 3.3267716 24 P 0 0 ;3=21,4=0
P 4.2716534 3.4448819 24 P 0 0 ;3=21,4=0
P 4.2716535 3.7204723 24 P 0 0 ;3=21,4=0
P 4.2716536 3.2086614 24 P 0 0 ;3=21,4=0
P 4.2716536 3.484252 24 P 0 0 ;3=21,4=0
P 4.2716536 3.523622 24 P 0 0 ;3=21,4=0
P 4.2716536 3.5629921 24 P 0 0 ;3=21,4=0
P 4.2716536 3.6023622 24 P 0 0 ;3=21,4=0
P 4.2716536 3.6417323 24 P 0 0 ;3=21,4=0
P 4.2716536 3.6811024 24 P 0 0 ;3=21,4=0
P 4.2716536 3.7598424 24 P 0 0 ;3=21,4=0
P 4.2716537 3.7992125 24 P 0 0 ;3=21,4=0
P 4.2716538 3.3661417 24 P 0 0 ;3=21,4=0
P 4.2716538 3.4055118 24 P 0 0 ;3=21,4=0
P 4.3110232 3.2086614 24 P 0 0 ;3=21,4=0
P 4.3110234 3.2874016 24 P 0 0 ;3=21,4=0
P 4.3110234 3.3267716 24 P 0 0 ;3=21,4=0
P 4.3110236 3.484252 24 P 0 0 ;3=21,4=0
P 4.3110236 3.5629921 24 P 0 0 ;3=21,4=0
P 4.3110236 3.6023622 24 P 0 0 ;3=21,4=0
P 4.3110236 3.7204723 24 P 0 0 ;3=21,4=0
P 4.3110237 3.6417323 24 P 0 0 ;3=21,4=0
P 4.3110237 3.6811024 24 P 0 0 ;3=21,4=0
P 4.3110237 3.7598424 24 P 0 0 ;3=21,4=0
P 4.3110237 3.7992125 24 P 0 0 ;3=21,4=0
P 4.3110238 3.2480315 24 P 0 0 ;3=21,4=0
P 4.3110238 3.3661417 24 P 0 0 ;3=21,4=0
P 4.3110238 3.4055118 24 P 0 0 ;3=21,4=0
P 4.3110238 3.4448819 24 P 0 0 ;3=21,4=0
P 4.3110238 3.523622 24 P 0 0 ;3=21,4=0
P 4.3326772 0.4291338 13 P 0 0 ;3=12,4=0
P 4.3326772 0.7125984 13 P 0 0 ;3=12,4=0
P 4.3326772 0.8228346 13 P 0 0 ;3=12,4=0
P 4.3326773 1.1062992 13 P 0 0 ;3=12,4=0
P 4.3503934 3.2480315 24 P 0 0 ;3=21,4=0
P 4.3503934 3.2874016 24 P 0 0 ;3=21,4=0
P 4.3503934 3.3267716 24 P 0 0 ;3=21,4=0
P 4.3503936 3.2086614 24 P 0 0 ;3=21,4=0
P 4.3503936 3.484252 24 P 0 0 ;3=21,4=0
P 4.3503937 3.6023622 24 P 0 0 ;3=21,4=0
P 4.3503937 3.6417323 24 P 0 0 ;3=21,4=0
P 4.3503937 3.7204723 24 P 0 0 ;3=21,4=0
P 4.3503938 3.3661417 24 P 0 0 ;3=21,4=0
P 4.3503938 3.4055118 24 P 0 0 ;3=21,4=0
P 4.3503938 3.4448819 24 P 0 0 ;3=21,4=0
P 4.3503938 3.523622 24 P 0 0 ;3=21,4=0
P 4.3503938 3.5629921 24 P 0 0 ;3=21,4=0
P 4.3503938 3.6811024 24 P 0 0 ;3=21,4=0
P 4.3503938 3.7598424 24 P 0 0 ;3=21,4=0
P 4.3503938 3.7992125 24 P 0 0 ;3=21,4=0
P 4.3700788 0.515748 13 P 0 0 ;3=12,4=0
P 4.3700788 0.6259842 13 P 0 0 ;3=12,4=0
P 4.3700788 0.9094488 13 P 0 0 ;3=12,4=0
P 4.3700789 1.019685 13 P 0 0 ;3=12,4=0
P 4.3897632 3.2086614 24 P 0 0 ;3=21,4=0
P 4.3897638 3.2480315 24 P 0 0 ;3=21,4=0
P 4.3897638 3.2874016 24 P 0 0 ;3=21,4=0
P 4.3897638 3.3267716 24 P 0 0 ;3=21,4=0
P 4.3897638 3.3661417 24 P 0 0 ;3=21,4=0
P 4.3897638 3.4055118 24 P 0 0 ;3=21,4=0
P 4.3897638 3.4448819 24 P 0 0 ;3=21,4=0
P 4.3897638 3.484252 24 P 0 0 ;3=21,4=0
P 4.3897638 3.5629921 24 P 0 0 ;3=21,4=0
P 4.3897638 3.6023622 24 P 0 0 ;3=21,4=0
P 4.3897638 3.6417323 24 P 0 0 ;3=21,4=0
P 4.3897638 3.7204723 24 P 0 0 ;3=21,4=0
P 4.3897639 3.6811024 24 P 0 0 ;3=21,4=0
P 4.3897639 3.7598424 24 P 0 0 ;3=21,4=0
P 4.3897639 3.7992125 24 P 0 0 ;3=21,4=0
P 4.389764 3.523622 24 P 0 0 ;3=21,4=0
P 4.4074804 0.4291338 13 P 0 0 ;3=12,4=0
P 4.4074804 0.7125984 13 P 0 0 ;3=12,4=0
P 4.4074804 0.8228346 13 P 0 0 ;3=12,4=0
P 4.4074805 1.1062992 13 P 0 0 ;3=12,4=0
P 4.4143702 4.1781496 21 P 0 0 ;3=18,4=0
P 4.4143702 4.2076771 21 P 0 0 ;3=18,4=0
P 4.4143702 4.2667322 21 P 0 0 ;3=18,4=0
P 4.4143702 4.2962598 21 P 0 0 ;3=18,4=0
P 4.4143702 4.3257873 21 P 0 0 ;3=18,4=0
P 4.4143702 4.3553148 21 P 0 0 ;3=18,4=0
P 4.4143703 4.148622 21 P 0 0 ;3=18,4=0
P 4.4143703 4.2372046 21 P 0 0 ;3=18,4=0
P 4.4291336 3.2086614 24 P 0 0 ;3=21,4=0
P 4.4291338 3.2874016 24 P 0 0 ;3=21,4=0
P 4.4291338 3.3267716 24 P 0 0 ;3=21,4=0
P 4.4291338 3.4055118 24 P 0 0 ;3=21,4=0
P 4.4291338 3.4448819 24 P 0 0 ;3=21,4=0
P 4.4291338 3.484252 24 P 0 0 ;3=21,4=0
P 4.4291339 3.6023622 24 P 0 0 ;3=21,4=0
P 4.4291339 3.6417323 24 P 0 0 ;3=21,4=0
P 4.4291339 3.7204723 24 P 0 0 ;3=21,4=0
P 4.429134 3.523622 24 P 0 0 ;3=21,4=0
P 4.429134 3.5629921 24 P 0 0 ;3=21,4=0
P 4.429134 3.6811024 24 P 0 0 ;3=21,4=0
P 4.429134 3.7598424 24 P 0 0 ;3=21,4=0
P 4.429134 3.7992125 24 P 0 0 ;3=21,4=0
P 4.4291342 3.2480315 24 P 0 0 ;3=21,4=0
P 4.4291342 3.3661417 24 P 0 0 ;3=21,4=0
P 4.4438977 4.3257873 21 P 0 0 ;3=18,4=0
P 4.4438978 4.148622 21 P 0 0 ;3=18,4=0
P 4.4438978 4.1781496 21 P 0 0 ;3=18,4=0
P 4.4438978 4.2076771 21 P 0 0 ;3=18,4=0
P 4.4438978 4.2667322 21 P 0 0 ;3=18,4=0
P 4.4438978 4.2962598 21 P 0 0 ;3=18,4=0
P 4.4438978 4.3553148 21 P 0 0 ;3=18,4=0
P 4.4438979 4.2372046 21 P 0 0 ;3=18,4=0
P 4.4685038 3.2480315 24 P 0 0 ;3=21,4=0
P 4.4685038 3.2874016 24 P 0 0 ;3=21,4=0
P 4.4685038 3.3267716 24 P 0 0 ;3=21,4=0
P 4.4685038 3.4448819 24 P 0 0 ;3=21,4=0
P 4.4685038 3.484252 24 P 0 0 ;3=21,4=0
P 4.4685039 3.6023622 24 P 0 0 ;3=21,4=0
P 4.4685039 3.7204723 24 P 0 0 ;3=21,4=0
P 4.468504 3.2086614 24 P 0 0 ;3=21,4=0
P 4.468504 3.523622 24 P 0 0 ;3=21,4=0
P 4.468504 3.5629921 24 P 0 0 ;3=21,4=0
P 4.468504 3.6417323 24 P 0 0 ;3=21,4=0
P 4.468504 3.6811024 24 P 0 0 ;3=21,4=0
P 4.468504 3.7598424 24 P 0 0 ;3=21,4=0
P 4.4685041 3.7992125 24 P 0 0 ;3=21,4=0
P 4.4685042 3.3661417 24 P 0 0 ;3=21,4=0
P 4.4685042 3.4055118 24 P 0 0 ;3=21,4=0
P 4.4734253 4.1781496 21 P 0 0 ;3=18,4=0
P 4.4734253 4.2962598 21 P 0 0 ;3=18,4=0
P 4.4734253 4.3257873 21 P 0 0 ;3=18,4=0
P 4.4734253 4.3553148 21 P 0 0 ;3=18,4=0
P 4.4734254 4.148622 21 P 0 0 ;3=18,4=0
P 4.4734254 4.2076771 21 P 0 0 ;3=18,4=0
P 4.4734254 4.2667322 21 P 0 0 ;3=18,4=0
P 4.5029528 4.3257873 21 P 0 0 ;3=18,4=0
P 4.5029529 4.148622 21 P 0 0 ;3=18,4=0
P 4.5029529 4.1781496 21 P 0 0 ;3=18,4=0
P 4.5029529 4.2076771 21 P 0 0 ;3=18,4=0
P 4.5029529 4.2962598 21 P 0 0 ;3=18,4=0
P 4.5029529 4.3553148 21 P 0 0 ;3=18,4=0
P 4.502953 4.2667322 21 P 0 0 ;3=18,4=0
P 4.5062992 1.5141732 49 P 0 0 ;3=34,4=0
P 4.5062992 1.7141732 49 P 0 0 ;3=34,4=0
P 4.5078736 3.2086614 24 P 0 0 ;3=21,4=0
P 4.5078738 3.2874016 24 P 0 0 ;3=21,4=0
P 4.5078738 3.3267716 24 P 0 0 ;3=21,4=0
P 4.507874 3.5629921 24 P 0 0 ;3=21,4=0
P 4.507874 3.6023622 24 P 0 0 ;3=21,4=0
P 4.507874 3.7204723 24 P 0 0 ;3=21,4=0
P 4.5078741 3.6417323 24 P 0 0 ;3=21,4=0
P 4.5078741 3.6811024 24 P 0 0 ;3=21,4=0
P 4.5078741 3.7598424 24 P 0 0 ;3=21,4=0
P 4.5078741 3.7992125 24 P 0 0 ;3=21,4=0
P 4.5078742 3.2480315 24 P 0 0 ;3=21,4=0
P 4.5078742 3.3661417 24 P 0 0 ;3=21,4=0
P 4.5078742 3.4055118 24 P 0 0 ;3=21,4=0
P 4.5078742 3.4448819 24 P 0 0 ;3=21,4=0
P 4.5078742 3.484252 24 P 0 0 ;3=21,4=0
P 4.5078742 3.523622 24 P 0 0 ;3=21,4=0
P 4.5324804 4.1781496 21 P 0 0 ;3=18,4=0
P 4.5324804 4.3257873 21 P 0 0 ;3=18,4=0
P 4.5324804 4.3553148 21 P 0 0 ;3=18,4=0
P 4.5324805 4.148622 21 P 0 0 ;3=18,4=0
P 4.5324805 4.2076771 21 P 0 0 ;3=18,4=0
P 4.5324805 4.2667322 21 P 0 0 ;3=18,4=0
P 4.5324805 4.2962598 21 P 0 0 ;3=18,4=0
P 4.5324806 4.2372047 21 P 0 0 ;3=18,4=0
P 4.5472438 3.2480315 24 P 0 0 ;3=21,4=0
P 4.5472438 3.2874016 24 P 0 0 ;3=21,4=0
P 4.5472438 3.3267716 24 P 0 0 ;3=21,4=0
P 4.547244 3.2086614 24 P 0 0 ;3=21,4=0
P 4.5472441 3.6023622 24 P 0 0 ;3=21,4=0
P 4.5472441 3.6417323 24 P 0 0 ;3=21,4=0
P 4.5472441 3.7204723 24 P 0 0 ;3=21,4=0
P 4.5472442 3.3661417 24 P 0 0 ;3=21,4=0
P 4.5472442 3.4055118 24 P 0 0 ;3=21,4=0
P 4.5472442 3.4448819 24 P 0 0 ;3=21,4=0
P 4.5472442 3.484252 24 P 0 0 ;3=21,4=0
P 4.5472442 3.523622 24 P 0 0 ;3=21,4=0
P 4.5472442 3.5629921 24 P 0 0 ;3=21,4=0
P 4.5472442 3.6811024 24 P 0 0 ;3=21,4=0
P 4.5472442 3.7598424 24 P 0 0 ;3=21,4=0
P 4.5472442 3.7992125 24 P 0 0 ;3=21,4=0
P 4.5562992 1.9909449 42 P 0 0 ;3=26,4=0
P 4.5562992 2.0909449 42 P 0 0 ;3=26,4=0
P 4.5562992 2.1909449 42 P 0 0 ;3=26,4=0
P 4.5562992 2.2909449 42 P 0 0 ;3=26,4=0
P 4.5562992 2.3909449 42 P 0 0 ;3=26,4=0
P 4.5562992 2.4909449 42 P 0 0 ;3=26,4=0
P 4.5562992 2.5909449 42 P 0 0 ;3=26,4=0
P 4.5562992 2.6909449 42 P 0 0 ;3=26,4=0
P 4.5562992 2.7909449 42 P 0 0 ;3=26,4=0
P 4.5562992 2.8909449 42 P 0 0 ;3=26,4=0
P 4.562008 4.1781496 21 P 0 0 ;3=18,4=0
P 4.562008 4.2076771 21 P 0 0 ;3=18,4=0
P 4.562008 4.2667322 21 P 0 0 ;3=18,4=0
P 4.562008 4.2962598 21 P 0 0 ;3=18,4=0
P 4.562008 4.3257873 21 P 0 0 ;3=18,4=0
P 4.562008 4.3553148 21 P 0 0 ;3=18,4=0
P 4.5620081 4.148622 21 P 0 0 ;3=18,4=0
P 4.5620081 4.2372047 21 P 0 0 ;3=18,4=0
P 4.5866136 3.2086614 24 P 0 0 ;3=21,4=0
P 4.5866138 3.2874016 24 P 0 0 ;3=21,4=0
P 4.5866141 3.7204723 24 P 0 0 ;3=21,4=0
P 4.5866142 3.2480315 24 P 0 0 ;3=21,4=0
P 4.5866142 3.3267716 24 P 0 0 ;3=21,4=0
P 4.5866142 3.3661417 24 P 0 0 ;3=21,4=0
P 4.5866142 3.4055118 24 P 0 0 ;3=21,4=0
P 4.5866142 3.4448819 24 P 0 0 ;3=21,4=0
P 4.5866142 3.484252 24 P 0 0 ;3=21,4=0
P 4.5866142 3.5629921 24 P 0 0 ;3=21,4=0
P 4.5866142 3.6023622 24 P 0 0 ;3=21,4=0
P 4.5866142 3.6417323 24 P 0 0 ;3=21,4=0
P 4.5866142 3.6811024 24 P 0 0 ;3=21,4=0
P 4.5866142 3.7598424 24 P 0 0 ;3=21,4=0
P 4.5866143 3.7992125 24 P 0 0 ;3=21,4=0
P 4.5866144 3.523622 24 P 0 0 ;3=21,4=0
P 4.6062992 1.6141732 49 P 0 0 ;3=34,4=0
P 4.625984 3.2086614 24 P 0 0 ;3=21,4=0
P 4.6259842 3.2874016 24 P 0 0 ;3=21,4=0
P 4.6259842 3.3267716 24 P 0 0 ;3=21,4=0
P 4.6259842 3.4055118 24 P 0 0 ;3=21,4=0
P 4.6259842 3.4448819 24 P 0 0 ;3=21,4=0
P 4.6259842 3.484252 24 P 0 0 ;3=21,4=0
P 4.6259842 3.6023622 24 P 0 0 ;3=21,4=0
P 4.6259843 3.6417323 24 P 0 0 ;3=21,4=0
P 4.6259843 3.7204723 24 P 0 0 ;3=21,4=0
P 4.6259843 3.7992125 24 P 0 0 ;3=21,4=0
P 4.6259844 3.523622 24 P 0 0 ;3=21,4=0
P 4.6259844 3.5629921 24 P 0 0 ;3=21,4=0
P 4.6259844 3.6811024 24 P 0 0 ;3=21,4=0
P 4.6259844 3.7598424 24 P 0 0 ;3=21,4=0
P 4.6259846 3.2480315 24 P 0 0 ;3=21,4=0
P 4.6259846 3.3661417 24 P 0 0 ;3=21,4=0
P 4.6562992 1.9909449 42 P 0 0 ;3=26,4=0
P 4.6562992 2.0909449 42 P 0 0 ;3=26,4=0
P 4.6562992 2.1909449 42 P 0 0 ;3=26,4=0
P 4.6562992 2.2909449 42 P 0 0 ;3=26,4=0
P 4.6562992 2.3909449 42 P 0 0 ;3=26,4=0
P 4.6562992 2.4909449 42 P 0 0 ;3=26,4=0
P 4.6562992 2.5909449 42 P 0 0 ;3=26,4=0
P 4.6562992 2.6909449 42 P 0 0 ;3=26,4=0
P 4.6562992 2.7909449 42 P 0 0 ;3=26,4=0
P 4.6562992 2.8909449 42 P 0 0 ;3=26,4=0
P 4.6653542 3.2480315 24 P 0 0 ;3=21,4=0
P 4.6653542 3.3267716 24 P 0 0 ;3=21,4=0
P 4.6653542 3.4448819 24 P 0 0 ;3=21,4=0
P 4.6653542 3.484252 24 P 0 0 ;3=21,4=0
P 4.6653543 3.7204723 24 P 0 0 ;3=21,4=0
P 4.6653544 3.2086614 24 P 0 0 ;3=21,4=0
P 4.6653544 3.523622 24 P 0 0 ;3=21,4=0
P 4.6653544 3.5629921 24 P 0 0 ;3=21,4=0
P 4.6653544 3.6023622 24 P 0 0 ;3=21,4=0
P 4.6653544 3.6417323 24 P 0 0 ;3=21,4=0
P 4.6653544 3.6811024 24 P 0 0 ;3=21,4=0
P 4.6653544 3.7598424 24 P 0 0 ;3=21,4=0
P 4.6653545 3.7992125 24 P 0 0 ;3=21,4=0
P 4.6653546 3.2874016 24 P 0 0 ;3=21,4=0
P 4.6653546 3.3661417 24 P 0 0 ;3=21,4=0
P 4.6653546 3.4055118 24 P 0 0 ;3=21,4=0
P 4.704724 3.2086614 24 P 0 0 ;3=21,4=0
P 4.7047242 3.2874016 24 P 0 0 ;3=21,4=0
P 4.7047242 3.3267716 24 P 0 0 ;3=21,4=0
P 4.7047244 3.5629921 24 P 0 0 ;3=21,4=0
P 4.7047244 3.6023622 24 P 0 0 ;3=21,4=0
P 4.7047244 3.7204723 24 P 0 0 ;3=21,4=0
P 4.7047245 3.6417323 24 P 0 0 ;3=21,4=0
P 4.7047245 3.6811024 24 P 0 0 ;3=21,4=0
P 4.7047245 3.7598424 24 P 0 0 ;3=21,4=0
P 4.7047245 3.7992125 24 P 0 0 ;3=21,4=0
P 4.7047246 3.2480315 24 P 0 0 ;3=21,4=0
P 4.7047246 3.3661417 24 P 0 0 ;3=21,4=0
P 4.7047246 3.4055118 24 P 0 0 ;3=21,4=0
P 4.7047246 3.4448819 24 P 0 0 ;3=21,4=0
P 4.7047246 3.484252 24 P 0 0 ;3=21,4=0
P 4.7047246 3.523622 24 P 0 0 ;3=21,4=0
P 4.7062992 1.5141732 49 P 0 0 ;3=34,4=0
P 4.7062992 1.7141732 49 P 0 0 ;3=34,4=0
P 4.7440942 3.2480315 24 P 0 0 ;3=21,4=0
P 4.7440942 3.3267716 24 P 0 0 ;3=21,4=0
P 4.7440944 3.2086614 24 P 0 0 ;3=21,4=0
P 4.7440945 3.6417323 24 P 0 0 ;3=21,4=0
P 4.7440945 3.7204723 24 P 0 0 ;3=21,4=0
P 4.7440946 3.2874016 24 P 0 0 ;3=21,4=0
P 4.7440946 3.3661417 24 P 0 0 ;3=21,4=0
P 4.7440946 3.4055118 24 P 0 0 ;3=21,4=0
P 4.7440946 3.4448819 24 P 0 0 ;3=21,4=0
P 4.7440946 3.484252 24 P 0 0 ;3=21,4=0
P 4.7440946 3.523622 24 P 0 0 ;3=21,4=0
P 4.7440946 3.5629921 24 P 0 0 ;3=21,4=0
P 4.7440946 3.6023622 24 P 0 0 ;3=21,4=0
P 4.7440946 3.6811024 24 P 0 0 ;3=21,4=0
P 4.7440946 3.7598424 24 P 0 0 ;3=21,4=0
P 4.7440946 3.7992125 24 P 0 0 ;3=21,4=0
P 4.783464 3.2086614 24 P 0 0 ;3=21,4=0
P 4.7834642 3.2874016 24 P 0 0 ;3=21,4=0
P 4.7834642 3.3267716 24 P 0 0 ;3=21,4=0
P 4.7834645 3.7204723 24 P 0 0 ;3=21,4=0
P 4.7834646 3.2480315 24 P 0 0 ;3=21,4=0
P 4.7834646 3.3661417 24 P 0 0 ;3=21,4=0
P 4.7834646 3.4055118 24 P 0 0 ;3=21,4=0
P 4.7834646 3.4448819 24 P 0 0 ;3=21,4=0
P 4.7834646 3.484252 24 P 0 0 ;3=21,4=0
P 4.7834646 3.523622 24 P 0 0 ;3=21,4=0
P 4.7834646 3.5629921 24 P 0 0 ;3=21,4=0
P 4.7834646 3.6023622 24 P 0 0 ;3=21,4=0
P 4.7834646 3.6417323 24 P 0 0 ;3=21,4=0
P 4.7834646 3.6811024 24 P 0 0 ;3=21,4=0
P 4.7834646 3.7598424 24 P 0 0 ;3=21,4=0
P 4.7834647 3.7992125 24 P 0 0 ;3=21,4=0
P 4.834252 0.8942914 5 P 0 0 ;3=4,4=0
P 4.834252 1.0742126 5 P 0 0 ;3=4,4=0
P 4.9015748 0.5511811 4 P 0 0 ;3=3,4=0
P 5.0866151 3.2440956 28 P 0 0 ;3=24,4=0
P 5.0866151 3.2598436 28 P 0 0 ;3=24,4=0
P 5.0866151 3.2755916 28 P 0 0 ;3=24,4=0
P 5.0866151 3.2913396 28 P 0 0 ;3=24,4=0
P 5.0866151 3.3070876 28 P 0 0 ;3=24,4=0
P 5.0866151 3.3228356 28 P 0 0 ;3=24,4=0
P 5.0866151 3.3385836 28 P 0 0 ;3=24,4=0
P 5.0866151 3.3543316 28 P 0 0 ;3=24,4=0
P 5.0866151 3.3700796 28 P 0 0 ;3=24,4=0
P 5.0866151 3.3858276 28 P 0 0 ;3=24,4=0
P 5.0866151 3.4015756 28 P 0 0 ;3=24,4=0
P 5.0866151 3.4173236 28 P 0 0 ;3=24,4=0
P 5.0866151 3.4330716 28 P 0 0 ;3=24,4=0
P 5.0866151 3.4488196 28 P 0 0 ;3=24,4=0
P 5.0866151 3.4645676 28 P 0 0 ;3=24,4=0
P 5.0866151 3.4803156 28 P 0 0 ;3=24,4=0
P 5.0866151 3.4960636 28 P 0 0 ;3=24,4=0
P 5.0866151 3.5118116 28 P 0 0 ;3=24,4=0
P 5.0866151 3.5275596 28 P 0 0 ;3=24,4=0
P 5.0866151 3.5433076 28 P 0 0 ;3=24,4=0
P 5.0866151 3.5590556 28 P 0 0 ;3=24,4=0
P 5.0866151 3.5748036 28 P 0 0 ;3=24,4=0
P 5.0866151 3.5905516 28 P 0 0 ;3=24,4=0
P 5.0866151 3.6062996 28 P 0 0 ;3=24,4=0
P 5.0866151 3.6220476 28 P 0 0 ;3=24,4=0
P 5.0866151 3.6377956 28 P 0 0 ;3=24,4=0
P 5.0866151 3.6535436 28 P 0 0 ;3=24,4=0
P 5.0866151 3.6692916 28 P 0 0 ;3=24,4=0
P 5.0866151 3.6850396 28 P 0 0 ;3=24,4=0
P 5.0866151 3.7007876 28 P 0 0 ;3=24,4=0
P 5.0866151 3.7165356 28 P 0 0 ;3=24,4=0
P 5.0866151 3.7322836 28 P 0 0 ;3=24,4=0
P 5.0866151 3.7480316 28 P 0 0 ;3=24,4=0
P 5.0866151 3.7637796 28 P 0 0 ;3=24,4=0
P 5.0866151 3.7795276 28 P 0 0 ;3=24,4=0
P 5.0866151 3.7952756 28 P 0 0 ;3=24,4=0
P 5.0866151 3.8110236 28 P 0 0 ;3=24,4=0
P 5.0866151 3.8267716 28 P 0 0 ;3=24,4=0
P 5.0866151 3.8425196 28 P 0 0 ;3=24,4=0
P 5.0866151 3.8582676 28 P 0 0 ;3=24,4=0
P 5.0866151 3.8740156 28 P 0 0 ;3=24,4=0
P 5.0866151 3.8897636 28 P 0 0 ;3=24,4=0
P 5.0866151 3.9055116 28 P 0 0 ;3=24,4=0
P 5.0866151 3.9212596 28 P 0 0 ;3=24,4=0
P 5.0866151 3.9370076 28 P 0 0 ;3=24,4=0
P 5.0866151 3.9527556 28 P 0 0 ;3=24,4=0
P 5.0866151 3.9685036 28 P 0 0 ;3=24,4=0
P 5.0866151 3.9842516 28 P 0 0 ;3=24,4=0
P 5.0866151 3.9999996 28 P 0 0 ;3=24,4=0
P 5.0866151 4.0157476 28 P 0 0 ;3=24,4=0
P 5.0866151 4.0314956 28 P 0 0 ;3=24,4=0
P 5.0866151 4.0472436 28 P 0 0 ;3=24,4=0
P 5.0866151 4.0629916 28 P 0 0 ;3=24,4=0
P 5.0866151 4.0787396 28 P 0 0 ;3=24,4=0
P 5.0866151 4.0944876 28 P 0 0 ;3=24,4=0
P 5.0866151 4.1102356 28 P 0 0 ;3=24,4=0
P 5.0866151 4.1259836 28 P 0 0 ;3=24,4=0
P 5.0866151 4.1417316 28 P 0 0 ;3=24,4=0
P 5.0866151 4.1574796 28 P 0 0 ;3=24,4=0
P 5.0866151 4.1732276 28 P 0 0 ;3=24,4=0
P 5.0866151 4.1889756 28 P 0 0 ;3=24,4=0
P 5.0866151 4.2047236 28 P 0 0 ;3=24,4=0
P 5.0866151 4.2204716 28 P 0 0 ;3=24,4=0
P 5.0866151 4.2362196 28 P 0 0 ;3=24,4=0
P 5.1181102 0.984252 4 P 0 0 ;3=3,4=0
P 5.1673228 2.2834646 6 P 0 0 ;3=5,4=0
P 5.185433 0.4612205 5 P 0 0 ;3=4,4=0
P 5.185433 0.6411417 5 P 0 0 ;3=4,4=0
P 5.2125994 3.1181113 27 P 0 0 ;3=23,4=0
P 5.2125994 4.3622039 27 P 0 0 ;3=23,4=0
P 5.2283474 3.1181113 27 P 0 0 ;3=23,4=0
P 5.2283474 4.3622039 27 P 0 0 ;3=23,4=0
P 5.2440954 3.1181113 27 P 0 0 ;3=23,4=0
P 5.2440954 4.3622039 27 P 0 0 ;3=23,4=0
P 5.2598434 3.1181113 27 P 0 0 ;3=23,4=0
P 5.2598434 4.3622039 27 P 0 0 ;3=23,4=0
P 5.2755914 3.1181113 27 P 0 0 ;3=23,4=0
P 5.2755914 4.3622039 27 P 0 0 ;3=23,4=0
P 5.2913394 3.1181113 27 P 0 0 ;3=23,4=0
P 5.2913394 4.3622039 27 P 0 0 ;3=23,4=0
P 5.3070874 3.1181113 27 P 0 0 ;3=23,4=0
P 5.3070874 4.3622039 27 P 0 0 ;3=23,4=0
P 5.3228354 3.1181113 27 P 0 0 ;3=23,4=0
P 5.3228354 4.3622039 27 P 0 0 ;3=23,4=0
P 5.3385834 3.1181113 27 P 0 0 ;3=23,4=0
P 5.3385834 4.3622039 27 P 0 0 ;3=23,4=0
P 5.3543314 3.1181113 27 P 0 0 ;3=23,4=0
P 5.3543314 4.3622039 27 P 0 0 ;3=23,4=0
P 5.3700794 3.1181113 27 P 0 0 ;3=23,4=0
P 5.3700794 4.3622039 27 P 0 0 ;3=23,4=0
P 5.3858274 3.1181113 27 P 0 0 ;3=23,4=0
P 5.3858274 4.3622039 27 P 0 0 ;3=23,4=0
P 5.4015754 3.1181113 27 P 0 0 ;3=23,4=0
P 5.4015754 4.3622039 27 P 0 0 ;3=23,4=0
P 5.4173234 3.1181113 27 P 0 0 ;3=23,4=0
P 5.4173234 4.3622039 27 P 0 0 ;3=23,4=0
P 5.4330714 3.1181113 27 P 0 0 ;3=23,4=0
P 5.4330714 4.3622039 27 P 0 0 ;3=23,4=0
P 5.4488194 3.1181113 27 P 0 0 ;3=23,4=0
P 5.4488194 4.3622039 27 P 0 0 ;3=23,4=0
P 5.4625984 2.2834646 6 P 0 0 ;3=5,4=0
P 5.4645674 3.1181113 27 P 0 0 ;3=23,4=0
P 5.4645674 4.3622039 27 P 0 0 ;3=23,4=0
P 5.4803154 3.1181113 27 P 0 0 ;3=23,4=0
P 5.4803154 4.3622039 27 P 0 0 ;3=23,4=0
P 5.4960634 3.1181113 27 P 0 0 ;3=23,4=0
P 5.4960634 4.3622039 27 P 0 0 ;3=23,4=0
P 5.5118114 3.1181113 27 P 0 0 ;3=23,4=0
P 5.5118114 4.3622039 27 P 0 0 ;3=23,4=0
P 5.5275594 3.1181113 27 P 0 0 ;3=23,4=0
P 5.5275594 4.3622039 27 P 0 0 ;3=23,4=0
P 5.5433074 3.1181113 27 P 0 0 ;3=23,4=0
P 5.5433074 4.3622039 27 P 0 0 ;3=23,4=0
P 5.5590554 3.1181113 27 P 0 0 ;3=23,4=0
P 5.5590554 4.3622039 27 P 0 0 ;3=23,4=0
P 5.5748034 3.1181113 27 P 0 0 ;3=23,4=0
P 5.5748034 4.3622039 27 P 0 0 ;3=23,4=0
P 5.5905514 3.1181113 27 P 0 0 ;3=23,4=0
P 5.5905514 4.3622039 27 P 0 0 ;3=23,4=0
P 5.6003937 2.2637796 8 P 0 0 ;3=7,4=0
P 5.6003937 2.3031496 8 P 0 0 ;3=7,4=0
P 5.6062994 3.1181113 27 P 0 0 ;3=23,4=0
P 5.6062994 4.3622039 27 P 0 0 ;3=23,4=0
P 5.6220474 3.1181113 27 P 0 0 ;3=23,4=0
P 5.6220474 4.3622039 27 P 0 0 ;3=23,4=0
P 5.6377954 3.1181113 27 P 0 0 ;3=23,4=0
P 5.6377954 4.3622039 27 P 0 0 ;3=23,4=0
P 5.6535434 3.1181113 27 P 0 0 ;3=23,4=0
P 5.6535434 4.3622039 27 P 0 0 ;3=23,4=0
P 5.6692914 3.1181113 27 P 0 0 ;3=23,4=0
P 5.6692914 4.3622039 27 P 0 0 ;3=23,4=0
P 5.6850394 3.1181113 27 P 0 0 ;3=23,4=0
P 5.6850394 4.3622039 27 P 0 0 ;3=23,4=0
P 5.6889764 2.1751969 15 P 0 0 ;3=14,4=0
P 5.6889764 2.3917323 15 P 0 0 ;3=14,4=0
P 5.7007874 3.1181113 27 P 0 0 ;3=23,4=0
P 5.7007874 4.3622039 27 P 0 0 ;3=23,4=0
P 5.7086614 1.742126 7 P 0 0 ;3=6,4=0
P 5.7086614 2.0374016 7 P 0 0 ;3=6,4=0
P 5.7086614 2.5295276 7 P 0 0 ;3=6,4=0
P 5.7086614 2.8248032 7 P 0 0 ;3=6,4=0
P 5.7165354 3.1181113 27 P 0 0 ;3=23,4=0
P 5.7165354 4.3622039 27 P 0 0 ;3=23,4=0
P 5.7283464 2.1751969 15 P 0 0 ;3=14,4=0
P 5.7283464 2.3917323 15 P 0 0 ;3=14,4=0
P 5.7322834 3.1181113 27 P 0 0 ;3=23,4=0
P 5.7322834 4.3622039 27 P 0 0 ;3=23,4=0
P 5.7480314 3.1181113 27 P 0 0 ;3=23,4=0
P 5.7480314 4.3622039 27 P 0 0 ;3=23,4=0
P 5.7637794 3.1181113 27 P 0 0 ;3=23,4=0
P 5.7637794 4.3622039 27 P 0 0 ;3=23,4=0
P 5.7795274 3.1181113 27 P 0 0 ;3=23,4=0
P 5.7795274 4.3622039 27 P 0 0 ;3=23,4=0
P 5.7952754 3.1181113 27 P 0 0 ;3=23,4=0
P 5.7952754 4.3622039 27 P 0 0 ;3=23,4=0
P 5.8110234 3.1181113 27 P 0 0 ;3=23,4=0
P 5.8110234 4.3622039 27 P 0 0 ;3=23,4=0
P 5.8169291 2.2637796 8 P 0 0 ;3=7,4=0
P 5.8169291 2.3031496 8 P 0 0 ;3=7,4=0
P 5.8267714 3.1181113 27 P 0 0 ;3=23,4=0
P 5.8267714 4.3622039 27 P 0 0 ;3=23,4=0
P 5.8425194 3.1181113 27 P 0 0 ;3=23,4=0
P 5.8425194 4.3622039 27 P 0 0 ;3=23,4=0
P 5.8582674 3.1181113 27 P 0 0 ;3=23,4=0
P 5.8582674 4.3622039 27 P 0 0 ;3=23,4=0
P 5.8740154 3.1181113 27 P 0 0 ;3=23,4=0
P 5.8740154 4.3622039 27 P 0 0 ;3=23,4=0
P 5.8897634 3.1181113 27 P 0 0 ;3=23,4=0
P 5.8897634 4.3622039 27 P 0 0 ;3=23,4=0
P 5.9055114 3.1181113 27 P 0 0 ;3=23,4=0
P 5.9055114 4.3622039 27 P 0 0 ;3=23,4=0
P 5.9212594 3.1181113 27 P 0 0 ;3=23,4=0
P 5.9212594 4.3622039 27 P 0 0 ;3=23,4=0
P 5.9370074 3.1181113 27 P 0 0 ;3=23,4=0
P 5.9370074 4.3622039 27 P 0 0 ;3=23,4=0
P 5.9527554 3.1181113 27 P 0 0 ;3=23,4=0
P 5.9527554 4.3622039 27 P 0 0 ;3=23,4=0
P 5.9547244 2.2834646 6 P 0 0 ;3=5,4=0
P 5.9685034 3.1181113 27 P 0 0 ;3=23,4=0
P 5.9685034 4.3622039 27 P 0 0 ;3=23,4=0
P 5.9842514 3.1181113 27 P 0 0 ;3=23,4=0
P 5.9842514 4.3622039 27 P 0 0 ;3=23,4=0
P 5.9999994 3.1181113 27 P 0 0 ;3=23,4=0
P 5.9999994 4.3622039 27 P 0 0 ;3=23,4=0
P 6.0157474 3.1181113 27 P 0 0 ;3=23,4=0
P 6.0157474 4.3622039 27 P 0 0 ;3=23,4=0
P 6.0314954 3.1181113 27 P 0 0 ;3=23,4=0
P 6.0314954 4.3622039 27 P 0 0 ;3=23,4=0
P 6.0472434 3.1181113 27 P 0 0 ;3=23,4=0
P 6.0472434 4.3622039 27 P 0 0 ;3=23,4=0
P 6.0629914 3.1181113 27 P 0 0 ;3=23,4=0
P 6.0629914 4.3622039 27 P 0 0 ;3=23,4=0
P 6.0787394 3.1181113 27 P 0 0 ;3=23,4=0
P 6.0787394 4.3622039 27 P 0 0 ;3=23,4=0
P 6.0944874 3.1181113 27 P 0 0 ;3=23,4=0
P 6.0944874 4.3622039 27 P 0 0 ;3=23,4=0
P 6.1102354 3.1181113 27 P 0 0 ;3=23,4=0
P 6.1102354 4.3622039 27 P 0 0 ;3=23,4=0
P 6.1259834 3.1181113 27 P 0 0 ;3=23,4=0
P 6.1259834 4.3622039 27 P 0 0 ;3=23,4=0
P 6.1417314 3.1181113 27 P 0 0 ;3=23,4=0
P 6.1417314 4.3622039 27 P 0 0 ;3=23,4=0
P 6.1574794 3.1181113 27 P 0 0 ;3=23,4=0
P 6.1574794 4.3622039 27 P 0 0 ;3=23,4=0
P 6.1732274 3.1181113 27 P 0 0 ;3=23,4=0
P 6.1732274 4.3622039 27 P 0 0 ;3=23,4=0
P 6.1889754 3.1181113 27 P 0 0 ;3=23,4=0
P 6.1889754 4.3622039 27 P 0 0 ;3=23,4=0
P 6.2047234 3.1181113 27 P 0 0 ;3=23,4=0
P 6.2047234 4.3622039 27 P 0 0 ;3=23,4=0
P 6.25 2.2834646 6 P 0 0 ;3=5,4=0
P 6.2992126 0.5905512 1 P 0 0 ;3=0,4=0
P 6.3307077 3.2440956 28 P 0 0 ;3=24,4=0
P 6.3307077 3.2598436 28 P 0 0 ;3=24,4=0
P 6.3307077 3.2755916 28 P 0 0 ;3=24,4=0
P 6.3307077 3.2913396 28 P 0 0 ;3=24,4=0
P 6.3307077 3.3070876 28 P 0 0 ;3=24,4=0
P 6.3307077 3.3228356 28 P 0 0 ;3=24,4=0
P 6.3307077 3.3385836 28 P 0 0 ;3=24,4=0
P 6.3307077 3.3543316 28 P 0 0 ;3=24,4=0
P 6.3307077 3.3700796 28 P 0 0 ;3=24,4=0
P 6.3307077 3.3858276 28 P 0 0 ;3=24,4=0
P 6.3307077 3.4015756 28 P 0 0 ;3=24,4=0
P 6.3307077 3.4173236 28 P 0 0 ;3=24,4=0
P 6.3307077 3.4330716 28 P 0 0 ;3=24,4=0
P 6.3307077 3.4488196 28 P 0 0 ;3=24,4=0
P 6.3307077 3.4645676 28 P 0 0 ;3=24,4=0
P 6.3307077 3.4803156 28 P 0 0 ;3=24,4=0
P 6.3307077 3.4960636 28 P 0 0 ;3=24,4=0
P 6.3307077 3.5118116 28 P 0 0 ;3=24,4=0
P 6.3307077 3.5275596 28 P 0 0 ;3=24,4=0
P 6.3307077 3.5433076 28 P 0 0 ;3=24,4=0
P 6.3307077 3.5590556 28 P 0 0 ;3=24,4=0
P 6.3307077 3.5748036 28 P 0 0 ;3=24,4=0
P 6.3307077 3.5905516 28 P 0 0 ;3=24,4=0
P 6.3307077 3.6062996 28 P 0 0 ;3=24,4=0
P 6.3307077 3.6220476 28 P 0 0 ;3=24,4=0
P 6.3307077 3.6377956 28 P 0 0 ;3=24,4=0
P 6.3307077 3.6535436 28 P 0 0 ;3=24,4=0
P 6.3307077 3.6692916 28 P 0 0 ;3=24,4=0
P 6.3307077 3.6850396 28 P 0 0 ;3=24,4=0
P 6.3307077 3.7007876 28 P 0 0 ;3=24,4=0
P 6.3307077 3.7165356 28 P 0 0 ;3=24,4=0
P 6.3307077 3.7322836 28 P 0 0 ;3=24,4=0
P 6.3307077 3.7480316 28 P 0 0 ;3=24,4=0
P 6.3307077 3.7637796 28 P 0 0 ;3=24,4=0
P 6.3307077 3.7795276 28 P 0 0 ;3=24,4=0
P 6.3307077 3.7952756 28 P 0 0 ;3=24,4=0
P 6.3307077 3.8110236 28 P 0 0 ;3=24,4=0
P 6.3307077 3.8267716 28 P 0 0 ;3=24,4=0
P 6.3307077 3.8425196 28 P 0 0 ;3=24,4=0
P 6.3307077 3.8582676 28 P 0 0 ;3=24,4=0
P 6.3307077 3.8740156 28 P 0 0 ;3=24,4=0
P 6.3307077 3.8897636 28 P 0 0 ;3=24,4=0
P 6.3307077 3.9055116 28 P 0 0 ;3=24,4=0
P 6.3307077 3.9212596 28 P 0 0 ;3=24,4=0
P 6.3307077 3.9370076 28 P 0 0 ;3=24,4=0
P 6.3307077 3.9527556 28 P 0 0 ;3=24,4=0
P 6.3307077 3.9685036 28 P 0 0 ;3=24,4=0
P 6.3307077 3.9842516 28 P 0 0 ;3=24,4=0
P 6.3307077 3.9999996 28 P 0 0 ;3=24,4=0
P 6.3307077 4.0157476 28 P 0 0 ;3=24,4=0
P 6.3307077 4.0314956 28 P 0 0 ;3=24,4=0
P 6.3307077 4.0472436 28 P 0 0 ;3=24,4=0
P 6.3307077 4.0629916 28 P 0 0 ;3=24,4=0
P 6.3307077 4.0787396 28 P 0 0 ;3=24,4=0
P 6.3307077 4.0944876 28 P 0 0 ;3=24,4=0
P 6.3307077 4.1102356 28 P 0 0 ;3=24,4=0
P 6.3307077 4.1259836 28 P 0 0 ;3=24,4=0
P 6.3307077 4.1417316 28 P 0 0 ;3=24,4=0
P 6.3307077 4.1574796 28 P 0 0 ;3=24,4=0
P 6.3307077 4.1732276 28 P 0 0 ;3=24,4=0
P 6.3307077 4.1889756 28 P 0 0 ;3=24,4=0
P 6.3307077 4.2047236 28 P 0 0 ;3=24,4=0
P 6.3307077 4.2204716 28 P 0 0 ;3=24,4=0
P 6.3307077 4.2362196 28 P 0 0 ;3=24,4=0
S P 0
OB 1.2761138 3.7933444 I
OS 1.2766281 3.7932421
OS 1.2771246 3.7930736
OS 1.2775949 3.7928416
OS 1.2780309 3.7925503
OS 1.2784251 3.7922046
OS 1.2787708 3.7918104
OS 1.2790621 3.7913744
OS 1.2792941 3.7909041
OS 1.2794626 3.7904076
OS 1.2795649 3.7898933
OS 1.2795992 3.7893701
OS 1.2795992 3.7854331
OS 1.2795649 3.7849099
OS 1.2794626 3.7843956
OS 1.2792941 3.7838991
OS 1.2790621 3.7834288
OS 1.2787708 3.7829928
OS 1.2784251 3.7825986
OS 1.2780309 3.7822529
OS 1.2775949 3.7819616
OS 1.2771246 3.7817296
OS 1.2766281 3.7815611
OS 1.2761138 3.7814588
OS 1.2755906 3.7814245
OS 1.2165355 3.7814245
OS 1.2160123 3.7814588
OS 1.215498 3.7815611
OS 1.2150015 3.7817296
OS 1.2145312 3.7819616
OS 1.2140952 3.7822529
OS 1.213701 3.7825986
OS 1.2133553 3.7829928
OS 1.213064 3.7834288
OS 1.212832 3.7838991
OS 1.2126635 3.7843956
OS 1.2125612 3.7849099
OS 1.2125269 3.7854331
OS 1.2125269 3.7893701
OS 1.2125612 3.7898933
OS 1.2126635 3.7904076
OS 1.212832 3.7909041
OS 1.213064 3.7913744
OS 1.2133553 3.7918104
OS 1.213701 3.7922046
OS 1.2140952 3.7925503
OS 1.2145312 3.7928416
OS 1.2150015 3.7930736
OS 1.215498 3.7932421
OS 1.2160123 3.7933444
OS 1.2165355 3.7933787
OS 1.2755906 3.7933787
OS 1.2761138 3.7933444
OE
SE
S P 0
OB 1.2396965 3.8071239 I
OS 1.2402108 3.8070216
OS 1.2407073 3.8068531
OS 1.2411776 3.8066211
OS 1.2416136 3.8063298
OS 1.2420078 3.8059841
OS 1.2423535 3.8055899
OS 1.2426448 3.8051539
OS 1.2428768 3.8046836
OS 1.2430453 3.8041871
OS 1.2431476 3.8036728
OS 1.2431819 3.8031496
OS 1.2431819 3.7893701
OS 1.2431476 3.7888469
OS 1.2430453 3.7883326
OS 1.2428768 3.7878361
OS 1.2426448 3.7873658
OS 1.2423535 3.7869298
OS 1.2420078 3.7865356
OS 1.2416136 3.7861899
OS 1.2411776 3.7858986
OS 1.2407073 3.7856666
OS 1.2402108 3.7854981
OS 1.2396965 3.7853958
OS 1.2391733 3.7853615
OS 1.230315 3.7853615
OS 1.2297918 3.7853958
OS 1.2292775 3.7854981
OS 1.228781 3.7856666
OS 1.2283107 3.7858986
OS 1.2278747 3.7861899
OS 1.2274805 3.7865356
OS 1.2271348 3.7869298
OS 1.2268435 3.7873658
OS 1.2266115 3.7878361
OS 1.226443 3.7883326
OS 1.2263407 3.7888469
OS 1.2263064 3.7893701
OS 1.2263064 3.8031496
OS 1.2263407 3.8036728
OS 1.226443 3.8041871
OS 1.2266115 3.8046836
OS 1.2268435 3.8051539
OS 1.2271348 3.8055899
OS 1.2274805 3.8059841
OS 1.2278747 3.8063298
OS 1.2283107 3.8066211
OS 1.228781 3.8068531
OS 1.2292775 3.8070216
OS 1.2297918 3.8071239
OS 1.230315 3.8071582
OS 1.2391733 3.8071582
OS 1.2396965 3.8071239
OE
SE
S P 0
OB 1.2308382 3.8071239 I
OS 1.2313525 3.8070216
OS 1.231849 3.8068531
OS 1.2323193 3.8066211
OS 1.2327553 3.8063298
OS 1.2331495 3.8059841
OS 1.2334952 3.8055899
OS 1.2337865 3.8051539
OS 1.2340185 3.8046836
OS 1.234187 3.8041871
OS 1.2342893 3.8036728
OS 1.2343236 3.8031496
OS 1.2343236 3.7893701
OS 1.2342893 3.7888469
OS 1.234187 3.7883326
OS 1.2340185 3.7878361
OS 1.2337865 3.7873658
OS 1.2334952 3.7869298
OS 1.2331495 3.7865356
OS 1.2327553 3.7861899
OS 1.2323193 3.7858986
OS 1.231849 3.7856666
OS 1.2313525 3.7854981
OS 1.2308382 3.7853958
OS 1.230315 3.7853615
OS 1.2165355 3.7853615
OS 1.2160123 3.7853958
OS 1.215498 3.7854981
OS 1.2150015 3.7856666
OS 1.2145312 3.7858986
OS 1.2140952 3.7861899
OS 1.213701 3.7865356
OS 1.2133553 3.7869298
OS 1.213064 3.7873658
OS 1.212832 3.7878361
OS 1.2126635 3.7883326
OS 1.2125612 3.7888469
OS 1.2125269 3.7893701
OS 1.2125269 3.7952756
OS 1.2125612 3.7957988
OS 1.2126635 3.7963131
OS 1.212832 3.7968097
OS 1.213064 3.7972799
OS 1.2133553 3.7977159
OS 1.213701 3.7981101
OS 1.221575 3.8059841
OS 1.2219692 3.8063298
OS 1.2224052 3.8066211
OS 1.2228754 3.8068531
OS 1.223372 3.8070216
OS 1.2238863 3.8071239
OS 1.2244095 3.8071582
OS 1.230315 3.8071582
OS 1.2308382 3.8071239
OE
SE
S P 0
OB 1.2790665 3.3996436 I
OS 1.2795808 3.3995413
OS 1.2800773 3.3993728
OS 1.2805476 3.3991408
OS 1.2809836 3.3988495
OS 1.2813778 3.3985038
OS 1.2817235 3.3981096
OS 1.2820148 3.3976736
OS 1.2822468 3.3972033
OS 1.2824153 3.3967068
OS 1.2825176 3.3961925
OS 1.2825519 3.3956693
OS 1.2825519 3.3917323
OS 1.2825176 3.3912091
OS 1.2824153 3.3906948
OS 1.2822468 3.3901983
OS 1.2820148 3.389728
OS 1.2817235 3.389292
OS 1.2813778 3.3888978
OS 1.2809836 3.3885521
OS 1.2805476 3.3882608
OS 1.2800773 3.3880288
OS 1.2795808 3.3878603
OS 1.2790665 3.387758
OS 1.2785433 3.3877237
OS 1.2165355 3.3877237
OS 1.2160123 3.387758
OS 1.215498 3.3878603
OS 1.2150015 3.3880288
OS 1.2145312 3.3882608
OS 1.2140952 3.3885521
OS 1.213701 3.3888978
OS 1.2133553 3.389292
OS 1.213064 3.389728
OS 1.212832 3.3901983
OS 1.2126635 3.3906948
OS 1.2125612 3.3912091
OS 1.2125269 3.3917323
OS 1.2125269 3.3956693
OS 1.2125612 3.3961925
OS 1.2126635 3.3967068
OS 1.212832 3.3972033
OS 1.213064 3.3976736
OS 1.2133553 3.3981096
OS 1.213701 3.3985038
OS 1.2140952 3.3988495
OS 1.2145312 3.3991408
OS 1.2150015 3.3993728
OS 1.215498 3.3995413
OS 1.2160123 3.3996436
OS 1.2165355 3.3996779
OS 1.2785433 3.3996779
OS 1.2790665 3.3996436
OE
SE
S P 0
OB 1.2396965 3.4134231 I
OS 1.2402108 3.4133208
OS 1.2407073 3.4131523
OS 1.2411776 3.4129203
OS 1.2416136 3.412629
OS 1.2420078 3.4122833
OS 1.2423535 3.4118891
OS 1.2426448 3.4114531
OS 1.2428768 3.4109828
OS 1.2430453 3.4104863
OS 1.2431476 3.409972
OS 1.2431819 3.4094488
OS 1.2431819 3.3956693
OS 1.2431476 3.3951461
OS 1.2430453 3.3946318
OS 1.2428768 3.3941353
OS 1.2426448 3.393665
OS 1.2423535 3.393229
OS 1.2420078 3.3928348
OS 1.2416136 3.3924891
OS 1.2411776 3.3921978
OS 1.2407073 3.3919658
OS 1.2402108 3.3917973
OS 1.2396965 3.391695
OS 1.2391733 3.3916607
OS 1.230315 3.3916607
OS 1.2297918 3.391695
OS 1.2292775 3.3917973
OS 1.228781 3.3919658
OS 1.2283107 3.3921978
OS 1.2278747 3.3924891
OS 1.2274805 3.3928348
OS 1.2271348 3.393229
OS 1.2268435 3.393665
OS 1.2266115 3.3941353
OS 1.226443 3.3946318
OS 1.2263407 3.3951461
OS 1.2263064 3.3956693
OS 1.2263064 3.4094488
OS 1.2263407 3.409972
OS 1.226443 3.4104863
OS 1.2266115 3.4109828
OS 1.2268435 3.4114531
OS 1.2271348 3.4118891
OS 1.2274805 3.4122833
OS 1.2278747 3.412629
OS 1.2283107 3.4129203
OS 1.228781 3.4131523
OS 1.2292775 3.4133208
OS 1.2297918 3.4134231
OS 1.230315 3.4134574
OS 1.2391733 3.4134574
OS 1.2396965 3.4134231
OE
SE
S P 0
OB 1.2308382 3.4134231 I
OS 1.2313525 3.4133208
OS 1.231849 3.4131523
OS 1.2323193 3.4129203
OS 1.2327553 3.412629
OS 1.2331495 3.4122833
OS 1.2334952 3.4118891
OS 1.2337865 3.4114531
OS 1.2340185 3.4109828
OS 1.234187 3.4104863
OS 1.2342893 3.409972
OS 1.2343236 3.4094488
OS 1.2343236 3.3956693
OS 1.2342893 3.3951461
OS 1.234187 3.3946318
OS 1.2340185 3.3941353
OS 1.2337865 3.393665
OS 1.2334952 3.393229
OS 1.2331495 3.3928348
OS 1.2327553 3.3924891
OS 1.2323193 3.3921978
OS 1.231849 3.3919658
OS 1.2313525 3.3917973
OS 1.2308382 3.391695
OS 1.230315 3.3916607
OS 1.2165355 3.3916607
OS 1.2160123 3.391695
OS 1.215498 3.3917973
OS 1.2150015 3.3919658
OS 1.2145312 3.3921978
OS 1.2140952 3.3924891
OS 1.213701 3.3928348
OS 1.2133553 3.393229
OS 1.213064 3.393665
OS 1.212832 3.3941353
OS 1.2126635 3.3946318
OS 1.2125612 3.3951461
OS 1.2125269 3.3956693
OS 1.2125269 3.4015748
OS 1.2125612 3.402098
OS 1.2126635 3.4026123
OS 1.212832 3.4031089
OS 1.213064 3.4035791
OS 1.2133553 3.4040151
OS 1.213701 3.4044093
OS 1.221575 3.4122833
OS 1.2219692 3.412629
OS 1.2224052 3.4129203
OS 1.2228754 3.4131523
OS 1.223372 3.4133208
OS 1.2238863 3.4134231
OS 1.2244095 3.4134574
OS 1.230315 3.4134574
OS 1.2308382 3.4134231
OE
SE
S P 0
OB 0.6236304 3.0871208 I
OS 0.6241407 3.086975
OS 0.624651 3.0866834
OS 0.6250155 3.0863189
OS 0.6253071 3.0857357
OS 0.6254529 3.0849338
OS 0.6254529 3.0644489
OS 0.6304101 3.0644489
OS 0.6308475 3.064376
OS 0.6312849 3.0642302
OS 0.6317223 3.0639386
OS 0.6317952 3.0638657
OS 0.631941 3.0635741
OS 0.6320868 3.0630638
OS 0.6321597 3.0623348
OS 0.6321597 3.0622619
OS 0.6321597 3.0621161
OS 0.6320868 3.0616787
OS 0.6320139 3.0611684
OS 0.6317223 3.0606581
OS 0.6316494 3.0605852
OS 0.6313578 3.0604394
OS 0.6309204 3.0602207
OS 0.6302643 3.0601478
OS 0.6254529 3.0601478
OS 0.6254529 3.0527849
OS 0.6254529 3.052712
OS 0.6254529 3.0526391
OS 0.62538 3.0522017
OS 0.6252342 3.0517643
OS 0.6249426 3.0513269
OS 0.6248697 3.051254
OS 0.6245052 3.0511082
OS 0.6239949 3.0509624
OS 0.623193 3.0508895
OS 0.6229743 3.0508895
OS 0.6225369 3.0509624
OS 0.6219537 3.0511082
OS 0.6214434 3.0513269
OS 0.6213705 3.0513998
OS 0.6212247 3.0516914
OS 0.621006 3.0521288
OS 0.6209331 3.0527849
OS 0.6209331 3.0601478
OS 0.6065718 3.0601478
OS 0.6061344 3.0602207
OS 0.6056241 3.0603665
OS 0.6051867 3.0606581
OS 0.6051138 3.0608039
OS 0.604968 3.0610955
OS 0.6048222 3.0616787
OS 0.6047493 3.0624077
OS 0.6047493 3.0624806
OS 0.6047493 3.0625535
OS 0.6048222 3.062918
OS 0.6048951 3.0634283
OS 0.6051138 3.0638657
OS 0.619548 3.0854441
OS 0.619548 3.085517
OS 0.6196938 3.0855899
OS 0.6199854 3.0859544
OS 0.6204228 3.0864647
OS 0.6209331 3.0868292
OS 0.621006 3.0868292
OS 0.6210789 3.0869021
OS 0.6214434 3.0870479
OS 0.6220995 3.0871937
OS 0.6228285 3.0872666
OS 0.6232659 3.0872666
OS 0.6236304 3.0871208
OE
OB 0.550293 3.0871208 I
OS 0.5508033 3.086975
OS 0.5513136 3.0866834
OS 0.5516781 3.0863189
OS 0.5519697 3.0857357
OS 0.5521155 3.0849338
OS 0.5521155 3.0644489
OS 0.5570727 3.0644489
OS 0.5575101 3.064376
OS 0.5579475 3.0642302
OS 0.5583849 3.0639386
OS 0.5584578 3.0638657
OS 0.5586036 3.0635741
OS 0.5587494 3.0630638
OS 0.5588223 3.0623348
OS 0.5588223 3.0622619
OS 0.5588223 3.0621161
OS 0.5587494 3.0616787
OS 0.5586765 3.0611684
OS 0.5583849 3.0606581
OS 0.558312 3.0605852
OS 0.5580204 3.0604394
OS 0.557583 3.0602207
OS 0.5569269 3.0601478
OS 0.5521155 3.0601478
OS 0.5521155 3.0527849
OS 0.5521155 3.052712
OS 0.5521155 3.0526391
OS 0.5520426 3.0522017
OS 0.5518968 3.0517643
OS 0.5516052 3.0513269
OS 0.5515323 3.051254
OS 0.5511678 3.0511082
OS 0.5506575 3.0509624
OS 0.5498556 3.0508895
OS 0.5496369 3.0508895
OS 0.5491995 3.0509624
OS 0.5486163 3.0511082
OS 0.548106 3.0513269
OS 0.5480331 3.0513998
OS 0.5478873 3.0516914
OS 0.5476686 3.0521288
OS 0.5475957 3.0527849
OS 0.5475957 3.0601478
OS 0.5332344 3.0601478
OS 0.532797 3.0602207
OS 0.5322867 3.0603665
OS 0.5318493 3.0606581
OS 0.5317764 3.0608039
OS 0.5316306 3.0610955
OS 0.5314848 3.0616787
OS 0.5314119 3.0624077
OS 0.5314119 3.0624806
OS 0.5314119 3.0625535
OS 0.5314848 3.062918
OS 0.5315577 3.0634283
OS 0.5317764 3.0638657
OS 0.5462106 3.0854441
OS 0.5462106 3.085517
OS 0.5463564 3.0855899
OS 0.546648 3.0859544
OS 0.5470854 3.0864647
OS 0.5475957 3.0868292
OS 0.5476686 3.0868292
OS 0.5477415 3.0869021
OS 0.548106 3.0870479
OS 0.5487621 3.0871937
OS 0.5494911 3.0872666
OS 0.5499285 3.0872666
OS 0.550293 3.0871208
OE
OB 0.7666602 3.060002 I
OS 0.7676079 3.0599291
OS 0.7681182 3.0597833
OS 0.7684827 3.0596375
OS 0.7685556 3.0596375
OS 0.7686285 3.0595646
OS 0.768993 3.0593459
OS 0.7692846 3.0589085
OS 0.7693575 3.0586169
OS 0.7694304 3.0582524
OS 0.7694304 3.052712
OS 0.7694304 3.0526391
OS 0.7694304 3.0525662
OS 0.7692846 3.0521288
OS 0.7690659 3.0516914
OS 0.7687743 3.0514727
OS 0.7684827 3.051254
OS 0.7684098 3.051254
OS 0.7683369 3.0511811
OS 0.7681182 3.0511082
OS 0.7677537 3.0511082
OS 0.7673892 3.0510353
OS 0.766806 3.0509624
OS 0.7661499 3.0508895
OS 0.7646919 3.0508895
OS 0.7642545 3.0509624
OS 0.7632339 3.0510353
OS 0.7627965 3.0511082
OS 0.7623591 3.051254
OS 0.7622862 3.051254
OS 0.7622133 3.0513269
OS 0.7619217 3.0516185
OS 0.7615572 3.0520559
OS 0.7614843 3.0523475
OS 0.7614114 3.052712
OS 0.7614114 3.0582524
OS 0.7614114 3.0583253
OS 0.7614114 3.0583982
OS 0.7615572 3.0588356
OS 0.7618488 3.059273
OS 0.7620675 3.0594917
OS 0.7623591 3.0596375
OS 0.762432 3.0596375
OS 0.7625778 3.0597104
OS 0.7627965 3.0597833
OS 0.7630881 3.0598562
OS 0.7635255 3.0599291
OS 0.7640358 3.060002
OS 0.7646919 3.0600749
OS 0.7661499 3.0600749
OS 0.7666602 3.060002
OE
OB 0.8107647 3.0865376 I
OS 0.8112021 3.0863918
OS 0.8116395 3.0861002
OS 0.8117124 3.0860273
OS 0.8118582 3.0857357
OS 0.812004 3.0851525
OS 0.8120769 3.0844235
OS 0.8120769 3.0843506
OS 0.8120769 3.0842048
OS 0.812004 3.0837674
OS 0.8119311 3.0832571
OS 0.8116395 3.0827468
OS 0.8115666 3.0826739
OS 0.811275 3.0825281
OS 0.8108376 3.0823823
OS 0.8101815 3.0823094
OS 0.7962576 3.0823094
OS 0.7958931 3.0729782
OS 0.7960389 3.0730511
OS 0.7964034 3.0732698
OS 0.7969866 3.0734885
OS 0.7977885 3.073853
OS 0.7988091 3.0741446
OS 0.7998297 3.0743633
OS 0.801069 3.074582
OS 0.8023083 3.0746549
OS 0.8028915 3.0746549
OS 0.8035476 3.074582
OS 0.8044224 3.0744362
OS 0.8053701 3.0742904
OS 0.8064636 3.0739988
OS 0.8074842 3.0736343
OS 0.8085048 3.073124
OS 0.8086506 3.0730511
OS 0.8089422 3.0728324
OS 0.8093796 3.0724679
OS 0.8099628 3.0720305
OS 0.8106189 3.0714473
OS 0.811275 3.0707183
OS 0.8119311 3.0698435
OS 0.8124414 3.0688958
OS 0.8125143 3.06875
OS 0.8126601 3.0684584
OS 0.8128788 3.0678752
OS 0.8131704 3.0671462
OS 0.8133891 3.0661985
OS 0.8136078 3.0651779
OS 0.8137536 3.0639386
OS 0.8138265 3.0626993
OS 0.8138265 3.0626264
OS 0.8138265 3.0625535
OS 0.8138265 3.0621161
OS 0.8137536 3.06146
OS 0.8136078 3.0605852
OS 0.813462 3.0596375
OS 0.8131704 3.0586169
OS 0.8128059 3.0575234
OS 0.8122956 3.0564299
OS 0.8122227 3.0562841
OS 0.812004 3.0559925
OS 0.8116395 3.0554822
OS 0.8112021 3.0548261
OS 0.810546 3.05417
OS 0.809817 3.053441
OS 0.8089422 3.052712
OS 0.8079216 3.0520559
OS 0.8077758 3.051983
OS 0.8074113 3.0518372
OS 0.8068281 3.0515456
OS 0.8060262 3.0513269
OS 0.8050785 3.0510353
OS 0.8039121 3.0507437
OS 0.8026728 3.0505979
OS 0.8012877 3.050525
OS 0.8007774 3.050525
OS 0.8002671 3.0505979
OS 0.7995381 3.0506708
OS 0.7986633 3.0507437
OS 0.7976427 3.0509624
OS 0.7966221 3.0511811
OS 0.7955286 3.0514727
OS 0.7953828 3.0515456
OS 0.7950183 3.0516185
OS 0.794508 3.0518372
OS 0.793779 3.0521288
OS 0.7929771 3.0524933
OS 0.7921023 3.0529307
OS 0.7902798 3.0540242
OS 0.790134 3.05417
OS 0.7898424 3.0545345
OS 0.7895508 3.0550448
OS 0.7894779 3.0553364
OS 0.789405 3.055628
OS 0.789405 3.0557738
OS 0.7894779 3.0560654
OS 0.7896237 3.0565028
OS 0.7898424 3.0570131
OS 0.7899153 3.057086
OS 0.7899882 3.0572318
OS 0.7903527 3.0576692
OS 0.7909359 3.0580337
OS 0.7912275 3.0581795
OS 0.791592 3.0582524
OS 0.7916649 3.0582524
OS 0.7918836 3.0581795
OS 0.7921752 3.0581066
OS 0.7926126 3.0578879
OS 0.7926855 3.057815
OS 0.7929771 3.0576692
OS 0.7933416 3.0573776
OS 0.7938519 3.057086
OS 0.7944351 3.0567215
OS 0.7951641 3.056357
OS 0.7967679 3.0557009
OS 0.7968408 3.0557009
OS 0.7972053 3.0555551
OS 0.7976427 3.0554822
OS 0.7982259 3.0553364
OS 0.798882 3.0551906
OS 0.7996839 3.0550448
OS 0.8004858 3.0549719
OS 0.8012877 3.054899
OS 0.8017251 3.054899
OS 0.8021625 3.0549719
OS 0.8027457 3.0550448
OS 0.8034018 3.0551177
OS 0.8041308 3.0553364
OS 0.8048598 3.0555551
OS 0.8055159 3.0558467
OS 0.8055888 3.0559196
OS 0.8058075 3.0560654
OS 0.806172 3.0562841
OS 0.8065365 3.0565757
OS 0.8069739 3.0569402
OS 0.8074842 3.0574505
OS 0.8079216 3.0580337
OS 0.8082861 3.0586169
OS 0.808359 3.0586898
OS 0.8084319 3.0589085
OS 0.8085777 3.059273
OS 0.8087964 3.0597833
OS 0.8089422 3.0603665
OS 0.809088 3.0610955
OS 0.8091609 3.0618245
OS 0.8092338 3.0626993
OS 0.8092338 3.0627722
OS 0.8092338 3.0630638
OS 0.8091609 3.0635012
OS 0.8091609 3.0640115
OS 0.8090151 3.0645947
OS 0.8088693 3.0652508
OS 0.8086506 3.0659069
OS 0.808359 3.066563
OS 0.8082861 3.0666359
OS 0.8082132 3.0668546
OS 0.8079945 3.0671462
OS 0.8077029 3.0675836
OS 0.8073384 3.068021
OS 0.806901 3.0684584
OS 0.8063907 3.0688958
OS 0.8058075 3.0692603
OS 0.8057346 3.0693332
OS 0.8055159 3.0694061
OS 0.8051514 3.0695519
OS 0.804714 3.0697706
OS 0.8041308 3.0699164
OS 0.8034747 3.0700622
OS 0.8027457 3.0701351
OS 0.8019438 3.070208
OS 0.8012148 3.070208
OS 0.8007045 3.0701351
OS 0.8001213 3.0700622
OS 0.7995381 3.0699893
OS 0.7982259 3.0696977
OS 0.798153 3.0696977
OS 0.7979343 3.0696248
OS 0.7976427 3.069479
OS 0.7972782 3.0693332
OS 0.7962576 3.0688229
OS 0.7951641 3.0680939
OS 0.7950912 3.068021
OS 0.7947996 3.0679481
OS 0.7942893 3.0678752
OS 0.7936332 3.0678023
OS 0.7934145 3.0678023
OS 0.7929771 3.0678752
OS 0.7923939 3.068021
OS 0.7918836 3.0682397
OS 0.7918107 3.0683126
OS 0.7916649 3.0686042
OS 0.7914462 3.0690416
OS 0.7913733 3.0696977
OS 0.7920294 3.0846422
OS 0.7920294 3.0847151
OS 0.7920294 3.084788
OS 0.7921023 3.0852254
OS 0.7922481 3.0856628
OS 0.7925397 3.0861002
OS 0.7926126 3.0861731
OS 0.7929771 3.0863918
OS 0.7934874 3.0865376
OS 0.7942164 3.0866105
OS 0.8103273 3.0866105
OS 0.8107647 3.0865376
OE
OB 0.4375167 3.0865376 I
OS 0.4383186 3.0864647
OS 0.4392663 3.0863189
OS 0.440214 3.0861002
OS 0.4412346 3.0858086
OS 0.4421823 3.0853712
OS 0.4423281 3.0852983
OS 0.4426197 3.0851525
OS 0.4430571 3.0848609
OS 0.4435674 3.0844964
OS 0.4441506 3.0839861
OS 0.4448067 3.0834029
OS 0.4453899 3.0826739
OS 0.4459002 3.081872
OS 0.4459731 3.0817991
OS 0.4461189 3.0815075
OS 0.4462647 3.0809972
OS 0.4465563 3.080414
OS 0.446775 3.079685
OS 0.4469208 3.0788102
OS 0.4470666 3.0778625
OS 0.4471395 3.076769
OS 0.4471395 3.0766961
OS 0.4471395 3.0764045
OS 0.4470666 3.0759671
OS 0.4469937 3.0753839
OS 0.4469208 3.0747278
OS 0.4467021 3.0739988
OS 0.4464834 3.0733427
OS 0.4461189 3.0726137
OS 0.446046 3.0725408
OS 0.4459002 3.0723221
OS 0.4456815 3.0720305
OS 0.4453899 3.0715931
OS 0.4449525 3.0711557
OS 0.4444422 3.0706454
OS 0.443859 3.070208
OS 0.4432029 3.0697706
OS 0.4433487 3.0696977
OS 0.4436403 3.0695519
OS 0.4441506 3.0693332
OS 0.4448067 3.0689687
OS 0.4455357 3.0684584
OS 0.4462647 3.0679481
OS 0.4469208 3.067292
OS 0.4475769 3.0664901
OS 0.4476498 3.0664172
OS 0.4477956 3.0661256
OS 0.4480872 3.0656882
OS 0.4483788 3.0650321
OS 0.4485975 3.0642302
OS 0.4488891 3.0633554
OS 0.4490349 3.0623348
OS 0.4491078 3.0611684
OS 0.4491078 3.0610226
OS 0.4491078 3.0606581
OS 0.4490349 3.0600749
OS 0.448962 3.0593459
OS 0.4488162 3.0584711
OS 0.4485246 3.0575963
OS 0.448233 3.0566486
OS 0.4477956 3.0557738
OS 0.4477227 3.0557009
OS 0.4475769 3.0554093
OS 0.4472124 3.0549719
OS 0.4468479 3.0545345
OS 0.4462647 3.0539513
OS 0.4456086 3.0533681
OS 0.4448067 3.0528578
OS 0.443859 3.0523475
OS 0.4437132 3.0522746
OS 0.4434216 3.0522017
OS 0.4428384 3.051983
OS 0.4421094 3.0517643
OS 0.4412346 3.0515456
OS 0.4401411 3.0513998
OS 0.4389747 3.051254
OS 0.4376625 3.0511811
OS 0.424905 3.0511811
OS 0.4244676 3.051254
OS 0.4240302 3.0513998
OS 0.4235928 3.0516185
OS 0.4235199 3.0516914
OS 0.4233741 3.051983
OS 0.4232283 3.0524204
OS 0.4231554 3.0531494
OS 0.4231554 3.0845693
OS 0.4231554 3.0846422
OS 0.4231554 3.0847151
OS 0.4232283 3.0851525
OS 0.4233741 3.0856628
OS 0.4235928 3.0861002
OS 0.4236657 3.0861731
OS 0.4239573 3.0863918
OS 0.4243947 3.0865376
OS 0.4250508 3.0866105
OS 0.4368606 3.0866105
OS 0.4375167 3.0865376
OE
OB 0.9074301 3.0922238 I
OS 0.907503 3.0922238
OS 0.9075759 3.0921509
OS 0.9080133 3.0918593
OS 0.9087423 3.091349
OS 0.9096171 3.0906929
OS 0.9106377 3.0898181
OS 0.9118041 3.0888704
OS 0.9129705 3.087704
OS 0.9142098 3.0863918
OS 0.9142827 3.0863189
OS 0.9143556 3.086246
OS 0.9145014 3.0860273
OS 0.914793 3.0857357
OS 0.9153762 3.0850067
OS 0.9161052 3.0839132
OS 0.91698 3.0826739
OS 0.9178548 3.081143
OS 0.9187296 3.0794663
OS 0.9195315 3.0776438
OS 0.9195315 3.0775709
OS 0.9196044 3.0774251
OS 0.9197502 3.0771335
OS 0.9198231 3.076769
OS 0.9200418 3.0762587
OS 0.9201876 3.0757484
OS 0.9203334 3.0750923
OS 0.9205521 3.0743633
OS 0.9209166 3.0726866
OS 0.9212811 3.0707912
OS 0.9214998 3.06875
OS 0.9215727 3.066563
OS 0.9215727 3.0664901
OS 0.9215727 3.0662714
OS 0.9215727 3.0659798
OS 0.9215727 3.0655424
OS 0.9214998 3.0650321
OS 0.9214998 3.064376
OS 0.9214269 3.0637199
OS 0.921354 3.062918
OS 0.9210624 3.0612413
OS 0.9206979 3.0594188
OS 0.9201876 3.0574505
OS 0.9195315 3.0555551
OS 0.9195315 3.0554822
OS 0.9194586 3.0553364
OS 0.9193128 3.0550448
OS 0.919167 3.0547532
OS 0.9189483 3.0543158
OS 0.9187296 3.0538055
OS 0.9181464 3.0526391
OS 0.9173445 3.051254
OS 0.9164697 3.0498689
OS 0.9154491 3.048338
OS 0.9142827 3.0469529
OS 0.9142827 3.04688
OS 0.9141369 3.0468071
OS 0.9136995 3.0463697
OS 0.9130434 3.0457136
OS 0.9122415 3.0448388
OS 0.9112209 3.043964
OS 0.9100545 3.0429434
OS 0.9087423 3.0419957
OS 0.9074301 3.0411209
OS 0.9073572 3.0411209
OS 0.9072114 3.041048
OS 0.906774 3.0409751
OS 0.9067011 3.0409751
OS 0.9064824 3.041048
OS 0.9061908 3.0411209
OS 0.9058992 3.0413396
OS 0.9058263 3.0414125
OS 0.9056076 3.0415583
OS 0.9053889 3.041777
OS 0.9050973 3.0421415
OS 0.9050973 3.0422144
OS 0.9050244 3.0422873
OS 0.9048786 3.0426518
OS 0.9046599 3.0431621
OS 0.904587 3.0437453
OS 0.904587 3.0438182
OS 0.9046599 3.0441098
OS 0.9048057 3.0444014
OS 0.9050244 3.0446201
OS 0.9050973 3.044693
OS 0.9052431 3.0447659
OS 0.9055347 3.0449846
OS 0.9058992 3.0452762
OS 0.9063366 3.0455678
OS 0.9068469 3.0460052
OS 0.9080133 3.0470258
OS 0.9093984 3.0482651
OS 0.9108564 3.049796
OS 0.9122415 3.0515456
OS 0.9136266 3.0535139
OS 0.9136995 3.0535868
OS 0.9137724 3.0537326
OS 0.9139182 3.0540971
OS 0.9142098 3.0544616
OS 0.9144285 3.0550448
OS 0.9147201 3.055628
OS 0.9150846 3.056357
OS 0.9153762 3.0572318
OS 0.9157407 3.0581066
OS 0.9160323 3.0591272
OS 0.9163239 3.0601478
OS 0.9166155 3.0613142
OS 0.91698 3.0637928
OS 0.9170529 3.0651779
OS 0.9171258 3.066563
OS 0.9171258 3.0666359
OS 0.9171258 3.0669275
OS 0.9171258 3.067292
OS 0.9170529 3.0678752
OS 0.9170529 3.0685313
OS 0.91698 3.0692603
OS 0.9168342 3.0701351
OS 0.9166884 3.0710828
OS 0.916251 3.073124
OS 0.9156678 3.0753839
OS 0.914793 3.0775709
OS 0.9142098 3.0786644
OS 0.9136266 3.0797579
OS 0.9135537 3.0798308
OS 0.9134808 3.0799766
OS 0.9132621 3.0802682
OS 0.9129705 3.0807056
OS 0.9126789 3.081143
OS 0.9122415 3.0817262
OS 0.9112209 3.0829655
OS 0.9099816 3.0843506
OS 0.9085236 3.0858815
OS 0.9068469 3.0873395
OS 0.9050244 3.0887246
OS 0.9049515 3.0887975
OS 0.9048057 3.0889433
OS 0.9046599 3.0892349
OS 0.904587 3.0895994
OS 0.904587 3.0897452
OS 0.9046599 3.0901097
OS 0.9048057 3.09062
OS 0.9050973 3.0912032
OS 0.9051702 3.0912761
OS 0.905316 3.0914948
OS 0.9056076 3.0917864
OS 0.9058992 3.0920051
OS 0.9059721 3.092078
OS 0.9061908 3.0922238
OS 0.9064824 3.0922967
OS 0.906774 3.0923696
OS 0.9069927 3.0923696
OS 0.9074301 3.0922238
OE
OB 0.6976968 3.0922967 I
OS 0.6979884 3.0922238
OS 0.69828 3.0920051
OS 0.6983529 3.0919322
OS 0.6985716 3.0917864
OS 0.6987903 3.0915677
OS 0.6990819 3.0912032
OS 0.6990819 3.0911303
OS 0.6991548 3.0910574
OS 0.6993735 3.0906929
OS 0.6995193 3.0901826
OS 0.6995922 3.0895994
OS 0.6995922 3.0895265
OS 0.6995193 3.0893078
OS 0.6994464 3.0890162
OS 0.6992277 3.0887246
OS 0.6991548 3.0886517
OS 0.699009 3.0885788
OS 0.6987174 3.0883601
OS 0.6983529 3.0881414
OS 0.6979155 3.0877769
OS 0.6974052 3.0873395
OS 0.6962388 3.0863189
OS 0.6948537 3.0850067
OS 0.6933957 3.0834758
OS 0.6919377 3.0817262
OS 0.6905526 3.0797579
OS 0.6904797 3.079685
OS 0.6904068 3.0795392
OS 0.690261 3.0791747
OS 0.6900423 3.0788102
OS 0.6897507 3.078227
OS 0.6894591 3.0775709
OS 0.6891675 3.0768419
OS 0.688803 3.07604
OS 0.6885114 3.0750923
OS 0.6881469 3.0740717
OS 0.6878553 3.0730511
OS 0.6876366 3.0718847
OS 0.6871992 3.0693332
OS 0.6871263 3.0679481
OS 0.6870534 3.066563
OS 0.6870534 3.0664901
OS 0.6870534 3.0661985
OS 0.6870534 3.065834
OS 0.6871263 3.0653237
OS 0.6871263 3.0646676
OS 0.6872721 3.0638657
OS 0.687345 3.0629909
OS 0.6874908 3.0621161
OS 0.6879282 3.0600749
OS 0.6885114 3.0578879
OS 0.6893862 3.055628
OS 0.6898965 3.0545345
OS 0.6904797 3.0535139
OS 0.6905526 3.053441
OS 0.6906255 3.0532952
OS 0.6908442 3.0530036
OS 0.6911358 3.0526391
OS 0.6914274 3.0521288
OS 0.6918648 3.0516185
OS 0.6928854 3.0503792
OS 0.6941247 3.0489212
OS 0.6956556 3.0474632
OS 0.6973323 3.0460052
OS 0.6992277 3.0446201
OS 0.6993006 3.0445472
OS 0.6994464 3.0444014
OS 0.6995193 3.0441827
OS 0.6995922 3.0437453
OS 0.6995922 3.0435995
OS 0.6995193 3.0433079
OS 0.6993735 3.0427976
OS 0.6990819 3.0421415
OS 0.699009 3.0420686
OS 0.6988632 3.0418499
OS 0.6985716 3.0415583
OS 0.69828 3.0413396
OS 0.6982071 3.0412667
OS 0.6980613 3.0411938
OS 0.6977697 3.041048
OS 0.6974052 3.0409751
OS 0.6971865 3.0409751
OS 0.6967491 3.0411209
OS 0.6966762 3.0411209
OS 0.6966033 3.0411938
OS 0.6963846 3.0413396
OS 0.6961659 3.0415583
OS 0.6954369 3.0419957
OS 0.6945621 3.0426518
OS 0.6934686 3.0435266
OS 0.6923022 3.0444743
OS 0.6911358 3.0456407
OS 0.6898965 3.0469529
OS 0.6898965 3.0470258
OS 0.6897507 3.0470987
OS 0.6896049 3.0473174
OS 0.6893862 3.047609
OS 0.688803 3.048338
OS 0.688074 3.0494315
OS 0.6871992 3.0506708
OS 0.6863244 3.0521288
OS 0.6854496 3.0537326
OS 0.6846477 3.0555551
OS 0.6846477 3.055628
OS 0.6845748 3.0557738
OS 0.684429 3.0560654
OS 0.6843561 3.0564299
OS 0.6842103 3.0569402
OS 0.6839916 3.0574505
OS 0.6838458 3.0581066
OS 0.6836271 3.0588356
OS 0.6832626 3.0604394
OS 0.6828981 3.0623348
OS 0.6826794 3.064376
OS 0.6826065 3.066563
OS 0.6826065 3.0666359
OS 0.6826065 3.0668546
OS 0.6826065 3.0671462
OS 0.6826065 3.0675836
OS 0.6826794 3.0680939
OS 0.6827523 3.06875
OS 0.6827523 3.0694061
OS 0.6828981 3.070208
OS 0.6831168 3.0718847
OS 0.6834813 3.0737801
OS 0.6839916 3.0756755
OS 0.6846477 3.0776438
OS 0.6846477 3.0777167
OS 0.6847206 3.0778625
OS 0.6848664 3.0781541
OS 0.6850122 3.0785186
OS 0.6852309 3.078956
OS 0.6854496 3.0794663
OS 0.6861057 3.0806327
OS 0.6868347 3.0820178
OS 0.6877095 3.0834758
OS 0.6887301 3.0850067
OS 0.6898965 3.0863918
OS 0.6899694 3.0864647
OS 0.6900423 3.0865376
OS 0.6904797 3.086975
OS 0.6911358 3.0876311
OS 0.6920106 3.0885059
OS 0.6930312 3.0894536
OS 0.6941976 3.0904013
OS 0.6954369 3.091349
OS 0.6967491 3.0922238
OS 0.696822 3.0922238
OS 0.6969678 3.0922967
OS 0.6974052 3.0923696
OS 0.6974781 3.0923696
OS 0.6976968 3.0922967
OE
OB 0.5831709 3.0871937 I
OS 0.5839728 3.0871208
OS 0.5848476 3.086975
OS 0.5857953 3.0866834
OS 0.586743 3.0863918
OS 0.5876907 3.0859544
OS 0.5878365 3.0858815
OS 0.5881281 3.0857357
OS 0.5885655 3.0854441
OS 0.5890758 3.0850067
OS 0.5897319 3.0844964
OS 0.590388 3.0839132
OS 0.5909712 3.0831842
OS 0.5915544 3.0823823
OS 0.5916273 3.0823094
OS 0.5917731 3.0820178
OS 0.5919918 3.0815075
OS 0.5922834 3.0809243
OS 0.592575 3.0801953
OS 0.5927937 3.0793205
OS 0.5929395 3.0784457
OS 0.5930124 3.0774251
OS 0.5930124 3.0773522
OS 0.5930124 3.0769877
OS 0.5929395 3.0765503
OS 0.5928666 3.0759671
OS 0.5927208 3.0752381
OS 0.5924292 3.0745091
OS 0.5921376 3.0737801
OS 0.5917002 3.0730511
OS 0.5916273 3.0729782
OS 0.5914815 3.0727595
OS 0.5911899 3.072395
OS 0.5907525 3.0719576
OS 0.5902422 3.0714473
OS 0.589659 3.070937
OS 0.58893 3.0704267
OS 0.5881281 3.0699893
OS 0.5882739 3.0699164
OS 0.5885655 3.0697706
OS 0.5890758 3.069479
OS 0.5897319 3.0691145
OS 0.590388 3.0686042
OS 0.591117 3.068021
OS 0.591846 3.067292
OS 0.5925021 3.0664901
OS 0.592575 3.0664172
OS 0.5927937 3.0661256
OS 0.5930124 3.0656153
OS 0.5933769 3.0650321
OS 0.5936685 3.0642302
OS 0.5938872 3.0633554
OS 0.5941059 3.0624077
OS 0.5941788 3.0613142
OS 0.5941788 3.0611684
OS 0.5941788 3.0608039
OS 0.5941059 3.0602207
OS 0.5939601 3.0594917
OS 0.5938143 3.0586169
OS 0.5935227 3.0576692
OS 0.5930853 3.0567215
OS 0.592575 3.0557738
OS 0.5925021 3.0557009
OS 0.5922834 3.0553364
OS 0.5919189 3.054899
OS 0.5914815 3.0543887
OS 0.5908254 3.0537326
OS 0.5900964 3.0530765
OS 0.5892216 3.0524933
OS 0.5882739 3.0519101
OS 0.5881281 3.0518372
OS 0.5877636 3.0516914
OS 0.5872533 3.0514727
OS 0.5864514 3.051254
OS 0.5855766 3.0509624
OS 0.5844831 3.0507437
OS 0.5833167 3.0505979
OS 0.5820774 3.050525
OS 0.5814942 3.050525
OS 0.5808381 3.0505979
OS 0.5800362 3.0506708
OS 0.5790885 3.0508895
OS 0.577995 3.0511082
OS 0.5769744 3.0514727
OS 0.5758809 3.0519101
OS 0.5757351 3.051983
OS 0.5754435 3.0522017
OS 0.5749332 3.0524933
OS 0.5742771 3.0529307
OS 0.573621 3.053441
OS 0.572892 3.0540971
OS 0.5722359 3.054899
OS 0.5715798 3.0557738
OS 0.5715069 3.0559196
OS 0.5713611 3.0562112
OS 0.5710695 3.0567215
OS 0.5708508 3.0573776
OS 0.5705592 3.0582524
OS 0.5702676 3.0591272
OS 0.5701218 3.0602207
OS 0.5700489 3.0613142
OS 0.5700489 3.06146
OS 0.5700489 3.0618245
OS 0.5701218 3.0623348
OS 0.5702676 3.0630638
OS 0.5704134 3.0638657
OS 0.570705 3.0647405
OS 0.5711424 3.0656153
OS 0.5716527 3.0664901
OS 0.5717256 3.066563
OS 0.5719443 3.0668546
OS 0.5723088 3.067292
OS 0.5728191 3.0678023
OS 0.5734023 3.0683126
OS 0.5741313 3.0688958
OS 0.5750061 3.069479
OS 0.5759538 3.0699893
OS 0.5758809 3.0700622
OS 0.5755893 3.070208
OS 0.5752248 3.0704267
OS 0.5747145 3.0707912
OS 0.5741313 3.0712286
OS 0.5735481 3.0718118
OS 0.5729649 3.072395
OS 0.5724546 3.0730511
OS 0.5723817 3.073124
OS 0.5722359 3.0734156
OS 0.5720172 3.0737801
OS 0.5717985 3.0742904
OS 0.5715798 3.0749465
OS 0.5713611 3.0756755
OS 0.5712153 3.0765503
OS 0.5711424 3.0774251
OS 0.5711424 3.0775709
OS 0.5711424 3.0778625
OS 0.5712153 3.0783728
OS 0.5712882 3.0790289
OS 0.5715069 3.0798308
OS 0.5717256 3.0806327
OS 0.5720901 3.0815075
OS 0.5725275 3.0823823
OS 0.5726004 3.0824552
OS 0.5728191 3.0827468
OS 0.5731107 3.0831842
OS 0.5735481 3.0836945
OS 0.5741313 3.0842777
OS 0.5747874 3.0848609
OS 0.5755893 3.0854441
OS 0.5764641 3.0859544
OS 0.5766099 3.0860273
OS 0.5769015 3.0861731
OS 0.5774118 3.0863918
OS 0.5780679 3.0866105
OS 0.5789427 3.0868292
OS 0.5798904 3.0870479
OS 0.580911 3.0871937
OS 0.5820774 3.0872666
OS 0.5825877 3.0872666
OS 0.5831709 3.0871937
OE
OB 0.509469 3.0871937 I
OS 0.510198 3.0871208
OS 0.5108541 3.0868292
OS 0.510927 3.0868292
OS 0.5109999 3.0867563
OS 0.5112915 3.0864647
OS 0.511656 3.0860273
OS 0.5120205 3.0852983
OS 0.5238303 3.0536597
OS 0.5238303 3.0535868
OS 0.5239032 3.0533681
OS 0.5239761 3.0530765
OS 0.5239761 3.052712
OS 0.5239761 3.0526391
OS 0.5239032 3.0523475
OS 0.5238303 3.0520559
OS 0.5235387 3.0517643
OS 0.5234658 3.0516914
OS 0.5232471 3.0515456
OS 0.5228826 3.0513998
OS 0.5222994 3.0511811
OS 0.5221536 3.0511082
OS 0.521862 3.0510353
OS 0.5214246 3.0509624
OS 0.5210601 3.0508895
OS 0.5209872 3.0508895
OS 0.5206956 3.0509624
OS 0.520404 3.0510353
OS 0.5200395 3.0511811
OS 0.5199666 3.051254
OS 0.5198208 3.0513998
OS 0.519675 3.0517643
OS 0.5194563 3.0522017
OS 0.5161758 3.0610226
OS 0.5011584 3.0610226
OS 0.4978779 3.0522017
OS 0.497805 3.0520559
OS 0.4977321 3.0518372
OS 0.4975134 3.0514727
OS 0.4972218 3.0511811
OS 0.4971489 3.0511082
OS 0.4970031 3.0510353
OS 0.4966386 3.0509624
OS 0.4962741 3.0508895
OS 0.4962012 3.0508895
OS 0.4959825 3.0509624
OS 0.495618 3.0510353
OS 0.4951077 3.0511811
OS 0.4949619 3.051254
OS 0.4945974 3.0513269
OS 0.49416 3.0515456
OS 0.4937955 3.0517643
OS 0.4937226 3.0518372
OS 0.4935768 3.0520559
OS 0.493431 3.0523475
OS 0.4933581 3.052712
OS 0.4933581 3.0527849
OS 0.4933581 3.0530036
OS 0.493431 3.0532952
OS 0.4935768 3.0536597
OS 0.5053137 3.0852983
OS 0.5053137 3.0853712
OS 0.5053866 3.0854441
OS 0.5056053 3.0858815
OS 0.5059698 3.0863918
OS 0.5064801 3.0868292
OS 0.506553 3.0868292
OS 0.5066259 3.0869021
OS 0.5070633 3.0870479
OS 0.5077194 3.0871937
OS 0.5086671 3.0872666
OS 0.5091774 3.0872666
OS 0.509469 3.0871937
OE
OB 0.7301373 3.0871208 I
OS 0.7310121 3.086975
OS 0.7320327 3.0866834
OS 0.7331262 3.0863189
OS 0.7342926 3.0857357
OS 0.7353861 3.0849338
OS 0.7355319 3.0848609
OS 0.7358964 3.0844964
OS 0.7364067 3.0839861
OS 0.7370628 3.0832571
OS 0.7377918 3.0823823
OS 0.7385208 3.0812888
OS 0.7391769 3.0799766
OS 0.739833 3.0785186
OS 0.739833 3.0784457
OS 0.7399059 3.0782999
OS 0.7399788 3.0780812
OS 0.7400517 3.0777896
OS 0.7401975 3.0773522
OS 0.7403433 3.0769148
OS 0.7404891 3.0763316
OS 0.7406349 3.0757484
OS 0.7409265 3.0743633
OS 0.7412181 3.0726866
OS 0.7413639 3.0708641
OS 0.7414368 3.0688229
OS 0.7414368 3.06875
OS 0.7414368 3.0686042
OS 0.7414368 3.0683126
OS 0.7414368 3.0678752
OS 0.7413639 3.0674378
OS 0.7413639 3.0668546
OS 0.7412181 3.0655424
OS 0.7410723 3.0640844
OS 0.7407807 3.0624806
OS 0.7403433 3.0608039
OS 0.739833 3.0592001
OS 0.739833 3.0591272
OS 0.7397601 3.0590543
OS 0.7396872 3.0588356
OS 0.7395414 3.058544
OS 0.7391769 3.0577421
OS 0.7387395 3.0568673
OS 0.7380834 3.0557738
OS 0.7372815 3.0547532
OS 0.7364067 3.0537326
OS 0.7353861 3.0527849
OS 0.7352403 3.052712
OS 0.7348758 3.0524204
OS 0.7342926 3.0520559
OS 0.7334907 3.0516914
OS 0.732543 3.051254
OS 0.7313766 3.0508895
OS 0.7301373 3.0505979
OS 0.7287522 3.050525
OS 0.7283877 3.050525
OS 0.7280961 3.0505979
OS 0.7273671 3.0506708
OS 0.7264923 3.0508166
OS 0.7254717 3.0511082
OS 0.7243053 3.0514727
OS 0.7231389 3.0520559
OS 0.7220454 3.0527849
OS 0.7218996 3.0528578
OS 0.721608 3.0532223
OS 0.7210977 3.0537326
OS 0.7204416 3.0544616
OS 0.7197126 3.0553364
OS 0.7189836 3.0564299
OS 0.7182546 3.0577421
OS 0.7175985 3.0592001
OS 0.7175985 3.059273
OS 0.7175256 3.0594188
OS 0.7174527 3.0596375
OS 0.7173798 3.0599291
OS 0.717234 3.0603665
OS 0.7170882 3.0608039
OS 0.7168695 3.0619703
OS 0.7165779 3.0633554
OS 0.7162863 3.0650321
OS 0.7161405 3.0668546
OS 0.7160676 3.0688229
OS 0.7160676 3.0688958
OS 0.7160676 3.0690416
OS 0.7160676 3.0693332
OS 0.7160676 3.0697706
OS 0.7161405 3.070208
OS 0.7161405 3.0707912
OS 0.7162863 3.0721034
OS 0.7164321 3.0736343
OS 0.7167237 3.0752381
OS 0.7170882 3.0769148
OS 0.7175985 3.0785186
OS 0.7175985 3.0785915
OS 0.7176714 3.0787373
OS 0.7177443 3.0788831
OS 0.7178901 3.0791747
OS 0.7182546 3.0799766
OS 0.7187649 3.0808514
OS 0.719421 3.0819449
OS 0.72015 3.0829655
OS 0.7210248 3.0839861
OS 0.7220454 3.0849338
OS 0.7221912 3.0850067
OS 0.7225557 3.0852983
OS 0.7231389 3.0856628
OS 0.7240137 3.0861002
OS 0.7249614 3.0865376
OS 0.7261278 3.0869021
OS 0.7273671 3.0871937
OS 0.7287522 3.0872666
OS 0.7294083 3.0872666
OS 0.7301373 3.0871208
OE
OB 0.8480166 3.0793205 I
OS 0.8483811 3.0793205
OS 0.8494017 3.0790289
OS 0.8499849 3.0788102
OS 0.8504952 3.0785186
OS 0.8505681 3.0784457
OS 0.8507139 3.0783728
OS 0.8510055 3.0781541
OS 0.8512971 3.0778625
OS 0.8516616 3.077498
OS 0.8520261 3.0769877
OS 0.8523906 3.0764774
OS 0.8526822 3.0758213
OS 0.8527551 3.0757484
OS 0.852828 3.0755297
OS 0.8529738 3.0750923
OS 0.8531196 3.074582
OS 0.8532654 3.0739259
OS 0.8534112 3.0731969
OS 0.853557 3.0723221
OS 0.853557 3.0713744
OS 0.853557 3.0527849
OS 0.853557 3.052712
OS 0.853557 3.0526391
OS 0.8534841 3.0522017
OS 0.8533383 3.0517643
OS 0.8530467 3.0513269
OS 0.8529738 3.051254
OS 0.8526822 3.0511082
OS 0.852099 3.0509624
OS 0.85137 3.0508895
OS 0.8510784 3.0508895
OS 0.850641 3.0509624
OS 0.8500578 3.0511082
OS 0.8495475 3.0513269
OS 0.8494746 3.0513998
OS 0.8493288 3.0516914
OS 0.8491101 3.0521288
OS 0.8490372 3.0527849
OS 0.8490372 3.0708641
OS 0.8490372 3.070937
OS 0.8490372 3.0712286
OS 0.8490372 3.0715931
OS 0.8489643 3.0720305
OS 0.8487456 3.0730511
OS 0.8485998 3.0734885
OS 0.8483811 3.0739259
OS 0.8483811 3.0739988
OS 0.8482353 3.0740717
OS 0.8478708 3.0744362
OS 0.8475792 3.0746549
OS 0.8472147 3.0748007
OS 0.8467044 3.0748736
OS 0.8461941 3.0749465
OS 0.8459754 3.0749465
OS 0.8456838 3.0748736
OS 0.8453193 3.0748007
OS 0.8449548 3.0746549
OS 0.8445174 3.0743633
OS 0.8440071 3.0740717
OS 0.8435697 3.0736343
OS 0.8434968 3.0735614
OS 0.843351 3.0734156
OS 0.8431323 3.073124
OS 0.8429136 3.0727595
OS 0.842622 3.0722492
OS 0.8422575 3.0715931
OS 0.8419659 3.0708641
OS 0.8416743 3.0700622
OS 0.8416743 3.0699893
OS 0.8416014 3.0696248
OS 0.8414556 3.0691874
OS 0.8413827 3.0685313
OS 0.8412369 3.0677294
OS 0.8410911 3.0668546
OS 0.8410182 3.0659069
OS 0.8410182 3.0648134
OS 0.8410182 3.0527849
OS 0.8410182 3.052712
OS 0.8410182 3.0526391
OS 0.8409453 3.0522017
OS 0.8407995 3.0517643
OS 0.8405079 3.0513269
OS 0.840435 3.051254
OS 0.8401434 3.0511082
OS 0.8396331 3.0509624
OS 0.8392686 3.0508895
OS 0.8385396 3.0508895
OS 0.8381022 3.0509624
OS 0.837519 3.0511082
OS 0.8370087 3.0513269
OS 0.8369358 3.0513998
OS 0.83679 3.0516914
OS 0.8366442 3.0521288
OS 0.8365713 3.0527849
OS 0.8365713 3.0708641
OS 0.8365713 3.070937
OS 0.8365713 3.0712286
OS 0.8365713 3.0715931
OS 0.8364984 3.0720305
OS 0.8362797 3.0730511
OS 0.836061 3.0734885
OS 0.8358423 3.0739259
OS 0.8358423 3.0739988
OS 0.8356965 3.0740717
OS 0.835332 3.0744362
OS 0.8346759 3.0748007
OS 0.8342385 3.0748736
OS 0.8337282 3.0749465
OS 0.8335095 3.0749465
OS 0.8332179 3.0748736
OS 0.8328534 3.0748007
OS 0.8324889 3.0746549
OS 0.8320515 3.0743633
OS 0.8315412 3.0740717
OS 0.8311038 3.0736343
OS 0.8310309 3.0735614
OS 0.8308851 3.0734156
OS 0.8306664 3.073124
OS 0.8304477 3.0727595
OS 0.8301561 3.0722492
OS 0.8297916 3.0715931
OS 0.8295 3.0708641
OS 0.8292084 3.0700622
OS 0.8292084 3.0699893
OS 0.8291355 3.0696248
OS 0.8289897 3.0691874
OS 0.8289168 3.0685313
OS 0.828771 3.0677294
OS 0.8286252 3.0668546
OS 0.8285523 3.0659069
OS 0.8285523 3.0648134
OS 0.8285523 3.0527849
OS 0.8285523 3.052712
OS 0.8285523 3.0526391
OS 0.8284794 3.0522017
OS 0.8283336 3.0517643
OS 0.828042 3.0513269
OS 0.8279691 3.051254
OS 0.8276046 3.0511082
OS 0.8270943 3.0509624
OS 0.8262924 3.0508895
OS 0.8260008 3.0508895
OS 0.8255634 3.0509624
OS 0.8250531 3.0511082
OS 0.8245428 3.0513269
OS 0.8244699 3.0513998
OS 0.8243241 3.0516914
OS 0.8241054 3.0521288
OS 0.8240325 3.0527849
OS 0.8240325 3.0771335
OS 0.8240325 3.0772064
OS 0.8240325 3.0772793
OS 0.8241054 3.0777167
OS 0.8241783 3.0781541
OS 0.824397 3.0785915
OS 0.8244699 3.0786644
OS 0.8247615 3.0788102
OS 0.8251989 3.078956
OS 0.8259279 3.0790289
OS 0.8261466 3.0790289
OS 0.826584 3.078956
OS 0.8270943 3.0788831
OS 0.8274588 3.0785915
OS 0.8275317 3.0785186
OS 0.8276775 3.078227
OS 0.8278233 3.0777896
OS 0.8278962 3.0771335
OS 0.8278962 3.0737801
OS 0.8279691 3.0739259
OS 0.8281149 3.0742175
OS 0.8284065 3.0747278
OS 0.828771 3.075311
OS 0.8292084 3.07604
OS 0.8297187 3.0766961
OS 0.8303019 3.0773522
OS 0.830958 3.0779354
OS 0.8310309 3.0780083
OS 0.8312496 3.0781541
OS 0.8316141 3.0783728
OS 0.8321244 3.0786644
OS 0.8327076 3.078956
OS 0.8333637 3.0791747
OS 0.8340927 3.0793205
OS 0.8348946 3.0793934
OS 0.8352591 3.0793934
OS 0.8356236 3.0793205
OS 0.8361339 3.0792476
OS 0.8366442 3.0790289
OS 0.8372274 3.0788102
OS 0.8378106 3.0784457
OS 0.8383938 3.0780083
OS 0.8384667 3.0779354
OS 0.8386125 3.0777896
OS 0.8389041 3.0774251
OS 0.8392686 3.0769877
OS 0.8395602 3.0764045
OS 0.8399247 3.0757484
OS 0.8402163 3.0749465
OS 0.8405079 3.0739988
OS 0.8405079 3.0740717
OS 0.8406537 3.0742175
OS 0.8407995 3.0745091
OS 0.8410182 3.0748736
OS 0.8415285 3.0756755
OS 0.8423304 3.0766961
OS 0.843351 3.0777167
OS 0.8445174 3.0785186
OS 0.8451735 3.0788831
OS 0.8458296 3.0791747
OS 0.8465586 3.0793205
OS 0.8473605 3.0793934
OS 0.8476521 3.0793934
OS 0.8480166 3.0793205
OE
OB 0.8846853 3.0793205 I
OS 0.8850498 3.0793205
OS 0.8860704 3.0790289
OS 0.8866536 3.0788102
OS 0.8871639 3.0785186
OS 0.8872368 3.0784457
OS 0.8873826 3.0783728
OS 0.8876742 3.0781541
OS 0.8879658 3.0778625
OS 0.8883303 3.077498
OS 0.8886948 3.0769877
OS 0.8890593 3.0764774
OS 0.8893509 3.0758213
OS 0.8894238 3.0757484
OS 0.8894967 3.0755297
OS 0.8896425 3.0750923
OS 0.8897883 3.074582
OS 0.8899341 3.0739259
OS 0.8900799 3.0731969
OS 0.8902257 3.0723221
OS 0.8902257 3.0713744
OS 0.8902257 3.0527849
OS 0.8902257 3.052712
OS 0.8902257 3.0526391
OS 0.8901528 3.0522017
OS 0.890007 3.0517643
OS 0.8897154 3.0513269
OS 0.8896425 3.051254
OS 0.8893509 3.0511082
OS 0.8887677 3.0509624
OS 0.8880387 3.0508895
OS 0.8877471 3.0508895
OS 0.8873097 3.0509624
OS 0.8867265 3.0511082
OS 0.8862162 3.0513269
OS 0.8861433 3.0513998
OS 0.8859975 3.0516914
OS 0.8857788 3.0521288
OS 0.8857059 3.0527849
OS 0.8857059 3.0708641
OS 0.8857059 3.070937
OS 0.8857059 3.0712286
OS 0.8857059 3.0715931
OS 0.885633 3.0720305
OS 0.8854143 3.0730511
OS 0.8852685 3.0734885
OS 0.8850498 3.0739259
OS 0.8850498 3.0739988
OS 0.884904 3.0740717
OS 0.8845395 3.0744362
OS 0.8842479 3.0746549
OS 0.8838834 3.0748007
OS 0.8833731 3.0748736
OS 0.8828628 3.0749465
OS 0.8826441 3.0749465
OS 0.8823525 3.0748736
OS 0.881988 3.0748007
OS 0.8816235 3.0746549
OS 0.8811861 3.0743633
OS 0.8806758 3.0740717
OS 0.8802384 3.0736343
OS 0.8801655 3.0735614
OS 0.8800197 3.0734156
OS 0.879801 3.073124
OS 0.8795823 3.0727595
OS 0.8792907 3.0722492
OS 0.8789262 3.0715931
OS 0.8786346 3.0708641
OS 0.878343 3.0700622
OS 0.878343 3.0699893
OS 0.8782701 3.0696248
OS 0.8781243 3.0691874
OS 0.8780514 3.0685313
OS 0.8779056 3.0677294
OS 0.8777598 3.0668546
OS 0.8776869 3.0659069
OS 0.8776869 3.0648134
OS 0.8776869 3.0527849
OS 0.8776869 3.052712
OS 0.8776869 3.0526391
OS 0.877614 3.0522017
OS 0.8774682 3.0517643
OS 0.8771766 3.0513269
OS 0.8771037 3.051254
OS 0.8768121 3.0511082
OS 0.8763018 3.0509624
OS 0.8759373 3.0508895
OS 0.8752083 3.0508895
OS 0.8747709 3.0509624
OS 0.8741877 3.0511082
OS 0.8736774 3.0513269
OS 0.8736045 3.0513998
OS 0.8734587 3.0516914
OS 0.8733129 3.0521288
OS 0.87324 3.0527849
OS 0.87324 3.0708641
OS 0.87324 3.070937
OS 0.87324 3.0712286
OS 0.87324 3.0715931
OS 0.8731671 3.0720305
OS 0.8729484 3.0730511
OS 0.8727297 3.0734885
OS 0.872511 3.0739259
OS 0.872511 3.0739988
OS 0.8723652 3.0740717
OS 0.8720007 3.0744362
OS 0.8713446 3.0748007
OS 0.8709072 3.0748736
OS 0.8703969 3.0749465
OS 0.8701782 3.0749465
OS 0.8698866 3.0748736
OS 0.8695221 3.0748007
OS 0.8691576 3.0746549
OS 0.8687202 3.0743633
OS 0.8682099 3.0740717
OS 0.8677725 3.0736343
OS 0.8676996 3.0735614
OS 0.8675538 3.0734156
OS 0.8673351 3.073124
OS 0.8671164 3.0727595
OS 0.8668248 3.0722492
OS 0.8664603 3.0715931
OS 0.8661687 3.0708641
OS 0.8658771 3.0700622
OS 0.8658771 3.0699893
OS 0.8658042 3.0696248
OS 0.8656584 3.0691874
OS 0.8655855 3.0685313
OS 0.8654397 3.0677294
OS 0.8652939 3.0668546
OS 0.865221 3.0659069
OS 0.865221 3.0648134
OS 0.865221 3.0527849
OS 0.865221 3.052712
OS 0.865221 3.0526391
OS 0.8651481 3.0522017
OS 0.8650023 3.0517643
OS 0.8647107 3.0513269
OS 0.8646378 3.051254
OS 0.8642733 3.0511082
OS 0.863763 3.0509624
OS 0.8629611 3.0508895
OS 0.8626695 3.0508895
OS 0.8622321 3.0509624
OS 0.8617218 3.0511082
OS 0.8612115 3.0513269
OS 0.8611386 3.0513998
OS 0.8609928 3.0516914
OS 0.8607741 3.0521288
OS 0.8607012 3.0527849
OS 0.8607012 3.0771335
OS 0.8607012 3.0772064
OS 0.8607012 3.0772793
OS 0.8607741 3.0777167
OS 0.860847 3.0781541
OS 0.8610657 3.0785915
OS 0.8611386 3.0786644
OS 0.8614302 3.0788102
OS 0.8618676 3.078956
OS 0.8625966 3.0790289
OS 0.8628153 3.0790289
OS 0.8632527 3.078956
OS 0.863763 3.0788831
OS 0.8641275 3.0785915
OS 0.8642004 3.0785186
OS 0.8643462 3.078227
OS 0.864492 3.0777896
OS 0.8645649 3.0771335
OS 0.8645649 3.0737801
OS 0.8646378 3.0739259
OS 0.8647836 3.0742175
OS 0.8650752 3.0747278
OS 0.8654397 3.075311
OS 0.8658771 3.07604
OS 0.8663874 3.0766961
OS 0.8669706 3.0773522
OS 0.8676267 3.0779354
OS 0.8676996 3.0780083
OS 0.8679183 3.0781541
OS 0.8682828 3.0783728
OS 0.8687931 3.0786644
OS 0.8693763 3.078956
OS 0.8700324 3.0791747
OS 0.8707614 3.0793205
OS 0.8715633 3.0793934
OS 0.8719278 3.0793934
OS 0.8722923 3.0793205
OS 0.8728026 3.0792476
OS 0.8733129 3.0790289
OS 0.8738961 3.0788102
OS 0.8744793 3.0784457
OS 0.8750625 3.0780083
OS 0.8751354 3.0779354
OS 0.8752812 3.0777896
OS 0.8755728 3.0774251
OS 0.8759373 3.0769877
OS 0.8762289 3.0764045
OS 0.8765934 3.0757484
OS 0.876885 3.0749465
OS 0.8771766 3.0739988
OS 0.8771766 3.0740717
OS 0.8773224 3.0742175
OS 0.8774682 3.0745091
OS 0.8776869 3.0748736
OS 0.8781972 3.0756755
OS 0.8789991 3.0766961
OS 0.8800197 3.0777167
OS 0.8811861 3.0785186
OS 0.8818422 3.0788831
OS 0.8824983 3.0791747
OS 0.8832273 3.0793205
OS 0.8840292 3.0793934
OS 0.8843208 3.0793934
OS 0.8846853 3.0793205
OE
OB 0.4748415 3.0871937 I
OS 0.4757163 3.0871208
OS 0.4767369 3.086975
OS 0.4787052 3.0866105
OS 0.478851 3.0866105
OS 0.4791426 3.0864647
OS 0.4797258 3.0863189
OS 0.4803819 3.0861002
OS 0.4811838 3.0858086
OS 0.4820586 3.0854441
OS 0.4840269 3.0845693
OS 0.4840998 3.0845693
OS 0.4842456 3.0844235
OS 0.4846101 3.0841319
OS 0.4850475 3.0835487
OS 0.4851204 3.0831842
OS 0.4851933 3.0828197
OS 0.4851933 3.0827468
OS 0.4851204 3.0824552
OS 0.4850475 3.0820178
OS 0.4848288 3.0814346
OS 0.4848288 3.0813617
OS 0.4847559 3.0812159
OS 0.4843914 3.0807785
OS 0.483954 3.0803411
OS 0.4836624 3.0801953
OS 0.4832979 3.0801224
OS 0.483225 3.0801224
OS 0.4830063 3.0801953
OS 0.4826418 3.0802682
OS 0.4822773 3.080414
OS 0.4822044 3.080414
OS 0.4820586 3.0804869
OS 0.4818399 3.0806327
OS 0.4815483 3.0807785
OS 0.4811109 3.0809972
OS 0.4806735 3.081143
OS 0.4795071 3.0816533
OS 0.478122 3.0820907
OS 0.4765911 3.0824552
OS 0.4748415 3.0827468
OS 0.4729461 3.0828197
OS 0.4724358 3.0828197
OS 0.4717797 3.0827468
OS 0.4710507 3.082601
OS 0.470103 3.0823823
OS 0.4691553 3.0820907
OS 0.4681347 3.0816533
OS 0.4671141 3.0810701
OS 0.4669683 3.0809972
OS 0.4666767 3.0807785
OS 0.4662393 3.0803411
OS 0.4656561 3.0798308
OS 0.465 3.0791747
OS 0.4643439 3.0782999
OS 0.4636878 3.0773522
OS 0.4631046 3.0762587
OS 0.4630317 3.0761129
OS 0.4628859 3.0756755
OS 0.4626672 3.0750194
OS 0.4623756 3.0741446
OS 0.462084 3.0730511
OS 0.4618653 3.0718118
OS 0.4617195 3.0704267
OS 0.4616466 3.0688958
OS 0.4616466 3.0688229
OS 0.4616466 3.0686771
OS 0.4616466 3.0684584
OS 0.4616466 3.0681668
OS 0.4617195 3.0673649
OS 0.4617924 3.0664172
OS 0.4619382 3.0652508
OS 0.4622298 3.0640115
OS 0.4625214 3.0626993
OS 0.4629588 3.06146
OS 0.4630317 3.0613142
OS 0.4632504 3.0609497
OS 0.463542 3.0603665
OS 0.4639794 3.0597104
OS 0.4644897 3.0589085
OS 0.4651458 3.0581066
OS 0.4659477 3.0573047
OS 0.4668225 3.0565757
OS 0.4669683 3.0565028
OS 0.4672599 3.0562841
OS 0.4677702 3.0560654
OS 0.4684992 3.0557738
OS 0.469374 3.0554093
OS 0.4703946 3.0551906
OS 0.4714881 3.0549719
OS 0.4726545 3.054899
OS 0.4735293 3.054899
OS 0.4739667 3.0549719
OS 0.4745499 3.0549719
OS 0.4757163 3.0551177
OS 0.4771743 3.0553364
OS 0.4786323 3.055628
OS 0.4801632 3.0559925
OS 0.4816212 3.0565757
OS 0.4816212 3.0645947
OS 0.4734564 3.0645947
OS 0.473019 3.0646676
OS 0.4725816 3.0648134
OS 0.4721442 3.0650321
OS 0.4720713 3.065105
OS 0.4719984 3.0654695
OS 0.4718526 3.0659798
OS 0.4717797 3.0667088
OS 0.4717797 3.0667817
OS 0.4717797 3.0669275
OS 0.4718526 3.0673649
OS 0.4719255 3.0678752
OS 0.4721442 3.0683855
OS 0.4722171 3.0684584
OS 0.4725087 3.0686771
OS 0.4729461 3.0688229
OS 0.4736022 3.0688958
OS 0.4843185 3.0688958
OS 0.4847559 3.0688229
OS 0.4851933 3.0686771
OS 0.4856307 3.0683855
OS 0.4857036 3.0683126
OS 0.4858494 3.068021
OS 0.4859952 3.0675836
OS 0.4860681 3.0668546
OS 0.4860681 3.0554093
OS 0.4860681 3.0553364
OS 0.4860681 3.0551906
OS 0.4859952 3.054899
OS 0.4859223 3.0546074
OS 0.4857765 3.0542429
OS 0.4856307 3.0539513
OS 0.4853391 3.0536597
OS 0.4849746 3.0533681
OS 0.4849017 3.0532952
OS 0.4845372 3.0531494
OS 0.4840269 3.0528578
OS 0.4833708 3.0525662
OS 0.4825689 3.0522746
OS 0.4816212 3.0519101
OS 0.4805277 3.0515456
OS 0.4793613 3.051254
OS 0.4792155 3.051254
OS 0.4787781 3.0511082
OS 0.4781949 3.0510353
OS 0.4773201 3.0508895
OS 0.4762995 3.0507437
OS 0.475206 3.0506708
OS 0.4739667 3.050525
OS 0.4722171 3.050525
OS 0.4718526 3.0505979
OS 0.4714881 3.0505979
OS 0.4709778 3.0506708
OS 0.4698843 3.0508166
OS 0.4685721 3.0511082
OS 0.467187 3.0514727
OS 0.4658019 3.0520559
OS 0.4644168 3.0527849
OS 0.4643439 3.0527849
OS 0.464271 3.0528578
OS 0.4638336 3.0532223
OS 0.4631775 3.0537326
OS 0.4624485 3.0544616
OS 0.4615737 3.0553364
OS 0.460626 3.0564299
OS 0.4597512 3.0577421
OS 0.4589493 3.0592001
OS 0.4589493 3.059273
OS 0.4588764 3.0594188
OS 0.4588035 3.0596375
OS 0.4586577 3.0599291
OS 0.4585119 3.0603665
OS 0.4583661 3.0608039
OS 0.4580016 3.0619703
OS 0.4576371 3.0634283
OS 0.4573455 3.065105
OS 0.4571268 3.0669275
OS 0.4570539 3.0688958
OS 0.4570539 3.0689687
OS 0.4570539 3.0691145
OS 0.4570539 3.0694061
OS 0.4570539 3.0697706
OS 0.4571268 3.0702809
OS 0.4571997 3.0707912
OS 0.4573455 3.0721034
OS 0.4575642 3.0736343
OS 0.4579287 3.0752381
OS 0.458439 3.0768419
OS 0.4590951 3.0784457
OS 0.4590951 3.0785186
OS 0.459168 3.0786644
OS 0.4593138 3.0788831
OS 0.4594596 3.0791747
OS 0.459897 3.0799037
OS 0.4605531 3.0808514
OS 0.461355 3.081872
OS 0.4623027 3.0829655
OS 0.4634691 3.0839861
OS 0.4647084 3.0849338
OS 0.4647813 3.0849338
OS 0.4648542 3.0850067
OS 0.4650729 3.0851525
OS 0.4653645 3.0852983
OS 0.4660935 3.0856628
OS 0.4671141 3.0861002
OS 0.4683534 3.0865376
OS 0.4697385 3.0869021
OS 0.4712694 3.0871937
OS 0.4729461 3.0872666
OS 0.4741125 3.0872666
OS 0.4748415 3.0871937
OE
OB 0.50874 3.0823094 H
OS 0.5085942 3.0823094
OS 0.5026893 3.0653237
OS 0.5146449 3.0653237
OS 0.50874 3.0823094
OE
OB 0.4356213 3.0823094 H
OS 0.4276752 3.0823094
OS 0.4276752 3.0713015
OS 0.4362045 3.0713015
OS 0.4367877 3.0713744
OS 0.4375896 3.0714473
OS 0.4383915 3.071666
OS 0.4392663 3.0718847
OS 0.4400682 3.0722492
OS 0.4407972 3.0726866
OS 0.4408701 3.0727595
OS 0.4410888 3.0729782
OS 0.4413804 3.0732698
OS 0.441672 3.0737801
OS 0.4419636 3.0742904
OS 0.4422552 3.0750194
OS 0.4424739 3.0758213
OS 0.4425468 3.076769
OS 0.4425468 3.0768419
OS 0.4425468 3.0769877
OS 0.4424739 3.0772793
OS 0.4424739 3.0776438
OS 0.4421823 3.0785186
OS 0.4419636 3.0790289
OS 0.441672 3.0795392
OS 0.4413075 3.0800495
OS 0.4408701 3.0805598
OS 0.4402869 3.0809972
OS 0.4396308 3.0814346
OS 0.4388289 3.0817991
OS 0.4378812 3.0820907
OS 0.4368606 3.0822365
OS 0.4356213 3.0823094
OE
OB 0.5820774 3.0828197 H
OS 0.5814213 3.0828197
OS 0.5809839 3.0827468
OS 0.5799633 3.0825281
OS 0.5787969 3.0821636
OS 0.578724 3.0821636
OS 0.5785782 3.0820178
OS 0.5782866 3.081872
OS 0.577995 3.0816533
OS 0.5771931 3.0810701
OS 0.5764641 3.0801953
OS 0.5764641 3.0801224
OS 0.5763183 3.0799766
OS 0.5762454 3.079685
OS 0.5760996 3.0793934
OS 0.5759538 3.078956
OS 0.575808 3.0784457
OS 0.5757351 3.0778625
OS 0.5756622 3.0772793
OS 0.5756622 3.0772064
OS 0.5756622 3.0769877
OS 0.5757351 3.0766961
OS 0.5757351 3.0763316
OS 0.5760267 3.0754568
OS 0.5761725 3.0750194
OS 0.5764641 3.0745091
OS 0.576537 3.0744362
OS 0.5766099 3.0742904
OS 0.5768286 3.0740717
OS 0.5771202 3.0737801
OS 0.5778492 3.073124
OS 0.5787969 3.0725408
OS 0.5788698 3.0725408
OS 0.5790885 3.072395
OS 0.5793801 3.0723221
OS 0.5797446 3.0721763
OS 0.5802549 3.0720305
OS 0.5807652 3.0719576
OS 0.5820774 3.0718118
OS 0.582369 3.0718118
OS 0.5827335 3.0718847
OS 0.5831709 3.0718847
OS 0.5842644 3.0721034
OS 0.5853579 3.0725408
OS 0.5854308 3.0725408
OS 0.5855766 3.0726866
OS 0.5858682 3.0728324
OS 0.5861598 3.0730511
OS 0.5869617 3.0737072
OS 0.5876178 3.0745091
OS 0.5876907 3.074582
OS 0.5877636 3.0747278
OS 0.5879094 3.0750194
OS 0.5880552 3.075311
OS 0.5883468 3.0761858
OS 0.5884926 3.0766961
OS 0.5884926 3.0772793
OS 0.5884926 3.0773522
OS 0.5884926 3.0775709
OS 0.5884197 3.0778625
OS 0.5884197 3.0782999
OS 0.5881281 3.0792476
OS 0.5879094 3.079685
OS 0.5876178 3.0801953
OS 0.5876178 3.0802682
OS 0.587472 3.080414
OS 0.5872533 3.0806327
OS 0.5870346 3.0809243
OS 0.5863056 3.0815804
OS 0.5853579 3.0821636
OS 0.585285 3.0821636
OS 0.5851392 3.0822365
OS 0.5847747 3.0823823
OS 0.5844102 3.0825281
OS 0.5838999 3.082601
OS 0.5833896 3.0827468
OS 0.5820774 3.0828197
OE
OB 0.5828793 3.0676565 H
OS 0.5817129 3.0676565
OS 0.5812755 3.0675836
OS 0.5807652 3.0675836
OS 0.580182 3.0674378
OS 0.5795259 3.067292
OS 0.5788698 3.0671462
OS 0.5782137 3.0668546
OS 0.5781408 3.0668546
OS 0.5779221 3.0667088
OS 0.5776305 3.0664901
OS 0.577266 3.0662714
OS 0.5763912 3.0655424
OS 0.5755893 3.0645947
OS 0.5755164 3.0645218
OS 0.5754435 3.064376
OS 0.5752977 3.0640844
OS 0.5751519 3.063647
OS 0.5749332 3.0632096
OS 0.5747874 3.0626264
OS 0.5747145 3.0619703
OS 0.5746416 3.0613142
OS 0.5746416 3.0612413
OS 0.5746416 3.0610226
OS 0.5747145 3.0606581
OS 0.5747874 3.0602207
OS 0.575079 3.0592001
OS 0.5752977 3.0586169
OS 0.5755893 3.0580337
OS 0.5756622 3.0579608
OS 0.5757351 3.057815
OS 0.5759538 3.0575234
OS 0.5762454 3.0572318
OS 0.5766828 3.0567944
OS 0.5771202 3.0564299
OS 0.5776305 3.0560654
OS 0.5782137 3.0557009
OS 0.5782866 3.0557009
OS 0.5785053 3.0555551
OS 0.5788698 3.0554822
OS 0.5793072 3.0553364
OS 0.5798904 3.0551906
OS 0.5805465 3.0550448
OS 0.5812755 3.0549719
OS 0.5820774 3.054899
OS 0.5824419 3.054899
OS 0.5828793 3.0549719
OS 0.5833896 3.0549719
OS 0.5839728 3.0551177
OS 0.5846289 3.0552635
OS 0.585285 3.0554093
OS 0.5859411 3.0557009
OS 0.586014 3.0557738
OS 0.5862327 3.0558467
OS 0.5865243 3.0560654
OS 0.5868888 3.056357
OS 0.5877636 3.057086
OS 0.5885655 3.0580337
OS 0.5886384 3.0581066
OS 0.5887113 3.0583253
OS 0.5888571 3.0586169
OS 0.5890758 3.0589814
OS 0.5892216 3.0594917
OS 0.5893674 3.060002
OS 0.5894403 3.0606581
OS 0.5895132 3.0613142
OS 0.5895132 3.0613871
OS 0.5895132 3.0616058
OS 0.5894403 3.0619703
OS 0.5893674 3.0624077
OS 0.5891487 3.0635012
OS 0.5888571 3.0640844
OS 0.5885655 3.0645947
OS 0.5884926 3.0646676
OS 0.5884197 3.0648134
OS 0.588201 3.065105
OS 0.5879094 3.0653966
OS 0.5875449 3.0657611
OS 0.5870346 3.0661985
OS 0.5865243 3.066563
OS 0.5859411 3.0668546
OS 0.5858682 3.0669275
OS 0.5856495 3.0670004
OS 0.585285 3.0671462
OS 0.5848476 3.067292
OS 0.5842644 3.0674378
OS 0.5836083 3.0675107
OS 0.5828793 3.0676565
OE
OB 0.7363338 3.0742175 H
OS 0.7227015 3.0589814
OS 0.7227744 3.0589085
OS 0.7229202 3.0586169
OS 0.7231389 3.0582524
OS 0.7234305 3.057815
OS 0.7243053 3.0568673
OS 0.7247427 3.056357
OS 0.7253259 3.0559196
OS 0.7253988 3.0558467
OS 0.7256175 3.0557738
OS 0.7259091 3.055628
OS 0.7263465 3.0554093
OS 0.7268568 3.0551906
OS 0.72744 3.0550448
OS 0.7280961 3.0549719
OS 0.7287522 3.054899
OS 0.7291167 3.054899
OS 0.7295541 3.0549719
OS 0.7301373 3.0551177
OS 0.7307934 3.0552635
OS 0.7315224 3.0555551
OS 0.7321785 3.0559925
OS 0.7329075 3.0565028
OS 0.7329804 3.0565757
OS 0.7331991 3.0567944
OS 0.7335636 3.0572318
OS 0.7339281 3.0577421
OS 0.7344384 3.0583982
OS 0.7348758 3.059273
OS 0.7353132 3.0602207
OS 0.7357506 3.0613142
OS 0.7357506 3.0613871
OS 0.7358235 3.06146
OS 0.7358964 3.0618974
OS 0.7361151 3.0625535
OS 0.7363338 3.0634283
OS 0.7364796 3.0645947
OS 0.7366983 3.065834
OS 0.7367712 3.067292
OS 0.7368441 3.0688229
OS 0.7368441 3.0689687
OS 0.7368441 3.0693332
OS 0.7368441 3.0698435
OS 0.7367712 3.0705725
OS 0.7366983 3.0713744
OS 0.7366254 3.0723221
OS 0.7363338 3.0742175
OE
OB 0.4369335 3.0670004 H
OS 0.4276752 3.0670004
OS 0.4276752 3.0554822
OS 0.4376625 3.0554822
OS 0.4383186 3.0555551
OS 0.4391205 3.055628
OS 0.4399953 3.0558467
OS 0.4408701 3.0560654
OS 0.4417449 3.0564299
OS 0.4425468 3.0568673
OS 0.4426197 3.0569402
OS 0.4428384 3.0571589
OS 0.4432029 3.0574505
OS 0.4435674 3.0579608
OS 0.443859 3.058544
OS 0.4442235 3.059273
OS 0.4444422 3.0601478
OS 0.4445151 3.0611684
OS 0.4445151 3.0613142
OS 0.4445151 3.0616787
OS 0.4444422 3.062189
OS 0.4442964 3.0628451
OS 0.4440777 3.0635012
OS 0.4437132 3.0642302
OS 0.4432758 3.0649592
OS 0.4426197 3.0655424
OS 0.4425468 3.0656153
OS 0.4422552 3.0657611
OS 0.4418178 3.0659798
OS 0.4412346 3.0662714
OS 0.4404327 3.066563
OS 0.4394121 3.0667817
OS 0.4382457 3.0669275
OS 0.4369335 3.0670004
OE
OB 0.6212247 3.0807785 H
OS 0.6106542 3.0644489
OS 0.6209331 3.0644489
OS 0.6212247 3.0807785
OE
OB 0.5478873 3.0807785 H
OS 0.5373168 3.0644489
OS 0.5475957 3.0644489
OS 0.5478873 3.0807785
OE
OB 0.7287522 3.0828197 H
OS 0.7283877 3.0828197
OS 0.7279503 3.0827468
OS 0.7273671 3.082601
OS 0.726711 3.0823823
OS 0.725982 3.0820907
OS 0.7253259 3.0817262
OS 0.7245969 3.081143
OS 0.724524 3.0810701
OS 0.7243053 3.0808514
OS 0.7239408 3.0804869
OS 0.7235763 3.0799766
OS 0.723066 3.0792476
OS 0.7226286 3.0784457
OS 0.7221183 3.077498
OS 0.7216809 3.0763316
OS 0.721608 3.0761858
OS 0.7215351 3.0757484
OS 0.7213893 3.0750923
OS 0.7211706 3.0742175
OS 0.7209519 3.073124
OS 0.7208061 3.0718118
OS 0.7207332 3.0704267
OS 0.7206603 3.0688229
OS 0.7206603 3.0686771
OS 0.7206603 3.0683855
OS 0.7206603 3.0678023
OS 0.7207332 3.0671462
OS 0.7208061 3.0663443
OS 0.720879 3.0653966
OS 0.7211706 3.0635012
OS 0.7348029 3.0787373
OS 0.73473 3.0788102
OS 0.7345842 3.0790289
OS 0.7343655 3.0793934
OS 0.7340739 3.0798308
OS 0.7336365 3.0803411
OS 0.7331991 3.0808514
OS 0.7326888 3.0812888
OS 0.7321056 3.0817262
OS 0.7320327 3.0817991
OS 0.731814 3.081872
OS 0.7315224 3.0820907
OS 0.731085 3.0823094
OS 0.7306476 3.0824552
OS 0.7300644 3.0826739
OS 0.7294083 3.0827468
OS 0.7287522 3.0828197
OE
SE
S P 0
OB 0.5478145 0.3313611 I
OS 0.548179 0.3312882
OS 0.5485435 0.3309966
OS 0.5486164 0.3309237
OS 0.5487622 0.330705
OS 0.548908 0.3302676
OS 0.5489809 0.3297573
OS 0.5489809 0.2995767
OS 0.5567812 0.2995767
OS 0.5571457 0.2995038
OS 0.557656 0.299358
OS 0.5580205 0.2990664
OS 0.5580934 0.2989935
OS 0.5582392 0.2987019
OS 0.558385 0.2981187
OS 0.5584579 0.2973897
OS 0.5584579 0.2973168
OS 0.5584579 0.297171
OS 0.558385 0.2967336
OS 0.5583121 0.2962233
OS 0.5580205 0.295713
OS 0.5579476 0.2956401
OS 0.557656 0.2954943
OS 0.5572186 0.2953485
OS 0.5566354 0.2952756
OS 0.5362963 0.2952756
OS 0.5358589 0.2953485
OS 0.5354215 0.2954943
OS 0.5349841 0.295713
OS 0.5349112 0.2957859
OS 0.5348383 0.2961504
OS 0.5346925 0.2966607
OS 0.5346196 0.2973897
OS 0.5346196 0.2974626
OS 0.5346196 0.2976084
OS 0.5346925 0.2980458
OS 0.5347654 0.2985561
OS 0.5349841 0.2990664
OS 0.535057 0.2991393
OS 0.5353486 0.299358
OS 0.535786 0.2995038
OS 0.5364421 0.2995767
OS 0.544534 0.2995767
OS 0.544534 0.3249459
OS 0.5370982 0.3202803
OS 0.5370253 0.3202074
OS 0.5368066 0.3201345
OS 0.536515 0.3200616
OS 0.5361505 0.3199887
OS 0.5360047 0.3199887
OS 0.5355673 0.3201345
OS 0.5353486 0.3202803
OS 0.535057 0.320499
OS 0.5347654 0.3207906
OS 0.5344738 0.321228
OS 0.5344009 0.3213738
OS 0.534328 0.3216654
OS 0.5341822 0.3221028
OS 0.5341093 0.3226131
OS 0.5341093 0.322686
OS 0.5341093 0.3227589
OS 0.5342551 0.3231963
OS 0.5344738 0.3237066
OS 0.5346925 0.3239253
OS 0.5349841 0.324144
OS 0.5462836 0.3310695
OS 0.5463565 0.3311424
OS 0.5466481 0.3312882
OS 0.5470126 0.3313611
OS 0.54745 0.331434
OS 0.5475958 0.331434
OS 0.5478145 0.3313611
OE
OB 0.4727275 0.3312882 I
OS 0.4735294 0.3312153
OS 0.4744771 0.3310695
OS 0.4754248 0.3308508
OS 0.4764454 0.3305592
OS 0.477466 0.3301218
OS 0.4776118 0.3300489
OS 0.4779034 0.3299031
OS 0.4783408 0.3296115
OS 0.478924 0.329247
OS 0.4795801 0.3288096
OS 0.4802362 0.3281535
OS 0.4808923 0.3274974
OS 0.4814755 0.3266955
OS 0.4815484 0.3266226
OS 0.4816942 0.326331
OS 0.4819129 0.3258207
OS 0.4822045 0.3252375
OS 0.4824232 0.3245085
OS 0.4826419 0.3235608
OS 0.4827877 0.3226131
OS 0.4828606 0.3215196
OS 0.4828606 0.3213738
OS 0.4828606 0.3210822
OS 0.4827877 0.3205719
OS 0.4827148 0.3199887
OS 0.482569 0.3192597
OS 0.4823503 0.3185307
OS 0.4820587 0.3177288
OS 0.4816213 0.3169998
OS 0.4815484 0.3169269
OS 0.4814026 0.3167082
OS 0.481111 0.3163437
OS 0.4807465 0.3159792
OS 0.4803091 0.3154689
OS 0.4797259 0.3150315
OS 0.4790698 0.3145212
OS 0.4783408 0.3140838
OS 0.4784866 0.3140109
OS 0.4787782 0.3138651
OS 0.4792156 0.3136464
OS 0.4798717 0.3132819
OS 0.4805278 0.3127716
OS 0.4811839 0.3122613
OS 0.48184 0.3116052
OS 0.4824232 0.3108033
OS 0.4824961 0.3107304
OS 0.4826419 0.3104388
OS 0.4829335 0.3099285
OS 0.4832251 0.3093453
OS 0.4834438 0.3085434
OS 0.4837354 0.3076686
OS 0.4838812 0.306648
OS 0.4839541 0.3055545
OS 0.4839541 0.3054087
OS 0.4839541 0.3049713
OS 0.4838812 0.3043881
OS 0.4838083 0.3035862
OS 0.4835896 0.3027114
OS 0.4833709 0.3017637
OS 0.4830064 0.3007431
OS 0.4824961 0.2997954
OS 0.4824232 0.2997225
OS 0.4822045 0.299358
OS 0.4819129 0.2989206
OS 0.4814755 0.2984103
OS 0.4808923 0.2977542
OS 0.4801633 0.2970981
OS 0.4792885 0.2965149
OS 0.4783408 0.2959317
OS 0.478195 0.2958588
OS 0.4778305 0.295713
OS 0.4772473 0.2954943
OS 0.4764454 0.2952756
OS 0.4754977 0.2950569
OS 0.4744042 0.2948382
OS 0.473092 0.2946924
OS 0.4717069 0.2946195
OS 0.4711966 0.2946195
OS 0.4706134 0.2946924
OS 0.4698844 0.2947653
OS 0.4690096 0.2948382
OS 0.467989 0.2950569
OS 0.4668955 0.2952756
OS 0.465802 0.2955672
OS 0.4656562 0.2956401
OS 0.4652917 0.2957859
OS 0.4647085 0.2960046
OS 0.4640524 0.2962962
OS 0.4631776 0.2966607
OS 0.4623028 0.297171
OS 0.4613551 0.2977542
OS 0.4604803 0.2983374
OS 0.4603345 0.2984832
OS 0.4600429 0.2987748
OS 0.4597513 0.2992851
OS 0.4596784 0.2995767
OS 0.4596055 0.2998683
OS 0.4596055 0.2999412
OS 0.4596784 0.3003057
OS 0.4598242 0.3007431
OS 0.4601158 0.3013263
OS 0.4601158 0.3013992
OS 0.4602616 0.301545
OS 0.4606261 0.3019824
OS 0.4611364 0.3023469
OS 0.461428 0.3024927
OS 0.4617925 0.3025656
OS 0.4618654 0.3025656
OS 0.4620841 0.3024927
OS 0.4624486 0.3024198
OS 0.4628131 0.3022011
OS 0.462886 0.3021282
OS 0.4631776 0.3019824
OS 0.4635421 0.3016908
OS 0.4640524 0.3013263
OS 0.4647085 0.3009618
OS 0.4654375 0.3005244
OS 0.4670413 0.2997954
OS 0.4671142 0.2997954
OS 0.4674787 0.2996496
OS 0.4679161 0.2995767
OS 0.4684993 0.2994309
OS 0.4692283 0.2992851
OS 0.4700302 0.2991393
OS 0.4708321 0.2990664
OS 0.4717069 0.2989935
OS 0.4722901 0.2989935
OS 0.4730191 0.2990664
OS 0.473821 0.2992122
OS 0.4746958 0.2994309
OS 0.4756435 0.2997225
OS 0.4765912 0.3001599
OS 0.4773931 0.3007431
OS 0.477466 0.300816
OS 0.4776847 0.3010347
OS 0.4780492 0.3014721
OS 0.4784137 0.3019824
OS 0.4787053 0.3027114
OS 0.4790698 0.3035133
OS 0.4792885 0.304461
OS 0.4793614 0.3055545
OS 0.4793614 0.3057003
OS 0.4793614 0.3060648
OS 0.4792885 0.3065751
OS 0.4791427 0.3073041
OS 0.4788511 0.3080331
OS 0.4785595 0.308835
OS 0.4780492 0.309564
OS 0.4773931 0.3102201
OS 0.4773202 0.310293
OS 0.4770286 0.3104388
OS 0.4765912 0.3107304
OS 0.4759351 0.311022
OS 0.4752061 0.3113136
OS 0.4742584 0.3116052
OS 0.473092 0.311751
OS 0.4718527 0.3118239
OS 0.4695928 0.3118239
OS 0.4691554 0.3118968
OS 0.468718 0.3120426
OS 0.4682806 0.3122613
OS 0.4682077 0.3123342
OS 0.4680619 0.3126258
OS 0.4679161 0.3131361
OS 0.4678432 0.3138651
OS 0.4678432 0.313938
OS 0.4678432 0.3140109
OS 0.4679161 0.3144483
OS 0.4680619 0.3149586
OS 0.4682806 0.315396
OS 0.4683535 0.3154689
OS 0.4686451 0.3156876
OS 0.4690825 0.3158334
OS 0.4697386 0.3159063
OS 0.4719256 0.3159063
OS 0.4725088 0.3159792
OS 0.4733107 0.3160521
OS 0.4741126 0.3162708
OS 0.4749874 0.3164895
OS 0.4757893 0.316854
OS 0.4765183 0.3172914
OS 0.4765912 0.3173643
OS 0.4768099 0.317583
OS 0.4771015 0.3178746
OS 0.4773931 0.3183849
OS 0.4776847 0.3189681
OS 0.4779763 0.3196971
OS 0.478195 0.3205719
OS 0.4782679 0.3215196
OS 0.4782679 0.3216654
OS 0.4782679 0.321957
OS 0.478195 0.3223944
OS 0.4780492 0.3229776
OS 0.4778305 0.3235608
OS 0.4775389 0.3242169
OS 0.4771015 0.324873
OS 0.4765183 0.3254562
OS 0.4764454 0.3255291
OS 0.4762267 0.3256749
OS 0.4757893 0.3258936
OS 0.475279 0.3261852
OS 0.47455 0.3264768
OS 0.4736752 0.3266955
OS 0.4727275 0.3268413
OS 0.4715611 0.3269142
OS 0.470905 0.3269142
OS 0.4701031 0.3267684
OS 0.4690825 0.3266226
OS 0.4678432 0.326331
OS 0.466531 0.3258936
OS 0.465073 0.3253104
OS 0.463615 0.3245085
OS 0.4635421 0.3244356
OS 0.4633234 0.3243627
OS 0.4630318 0.3242898
OS 0.4626673 0.3242169
OS 0.4625215 0.3242169
OS 0.4620841 0.3243627
OS 0.4618654 0.3245085
OS 0.4615738 0.3248001
OS 0.4612822 0.3250917
OS 0.4609906 0.3255291
OS 0.4609906 0.325602
OS 0.4609177 0.3256749
OS 0.4608448 0.3260394
OS 0.460699 0.3264768
OS 0.4606261 0.3269871
OS 0.4606261 0.32706
OS 0.4606261 0.3271329
OS 0.4607719 0.3274974
OS 0.4610635 0.3280077
OS 0.4612822 0.3282264
OS 0.4615738 0.3284451
OS 0.4616467 0.3284451
OS 0.4617925 0.3285909
OS 0.4620841 0.3287367
OS 0.4623757 0.3288825
OS 0.4628131 0.3291012
OS 0.4633963 0.3293928
OS 0.4639795 0.3296115
OS 0.4646356 0.3299031
OS 0.4660936 0.3304134
OS 0.4677703 0.3309237
OS 0.4695928 0.3312153
OS 0.4714882 0.3313611
OS 0.4720714 0.3313611
OS 0.4727275 0.3312882
OE
OB 0.4372252 0.3312153 I
OS 0.4381 0.3310695
OS 0.4391206 0.3307779
OS 0.4402141 0.3304134
OS 0.4413805 0.3298302
OS 0.442474 0.3290283
OS 0.4426198 0.3289554
OS 0.4429843 0.3285909
OS 0.4434946 0.3280806
OS 0.4441507 0.3273516
OS 0.4448797 0.3264768
OS 0.4456087 0.3253833
OS 0.4462648 0.3240711
OS 0.4469209 0.3226131
OS 0.4469209 0.3225402
OS 0.4469938 0.3223944
OS 0.4470667 0.3221757
OS 0.4471396 0.3218841
OS 0.4472854 0.3214467
OS 0.4474312 0.3210093
OS 0.447577 0.3204261
OS 0.4477228 0.3198429
OS 0.4480144 0.3184578
OS 0.448306 0.3167811
OS 0.4484518 0.3149586
OS 0.4485247 0.3129174
OS 0.4485247 0.3128445
OS 0.4485247 0.3126987
OS 0.4485247 0.3124071
OS 0.4485247 0.3119697
OS 0.4484518 0.3115323
OS 0.4484518 0.3109491
OS 0.448306 0.3096369
OS 0.4481602 0.3081789
OS 0.4478686 0.3065751
OS 0.4474312 0.3048984
OS 0.4469209 0.3032946
OS 0.4469209 0.3032217
OS 0.446848 0.3031488
OS 0.4467751 0.3029301
OS 0.4466293 0.3026385
OS 0.4462648 0.3018366
OS 0.4458274 0.3009618
OS 0.4451713 0.2998683
OS 0.4443694 0.2988477
OS 0.4434946 0.2978271
OS 0.442474 0.2968794
OS 0.4423282 0.2968065
OS 0.4419637 0.2965149
OS 0.4413805 0.2961504
OS 0.4405786 0.2957859
OS 0.4396309 0.2953485
OS 0.4384645 0.294984
OS 0.4372252 0.2946924
OS 0.4358401 0.2946195
OS 0.4354756 0.2946195
OS 0.435184 0.2946924
OS 0.434455 0.2947653
OS 0.4335802 0.2949111
OS 0.4325596 0.2952027
OS 0.4313932 0.2955672
OS 0.4302268 0.2961504
OS 0.4291333 0.2968794
OS 0.4289875 0.2969523
OS 0.4286959 0.2973168
OS 0.4281856 0.2978271
OS 0.4275295 0.2985561
OS 0.4268005 0.2994309
OS 0.4260715 0.3005244
OS 0.4253425 0.3018366
OS 0.4246864 0.3032946
OS 0.4246864 0.3033675
OS 0.4246135 0.3035133
OS 0.4245406 0.303732
OS 0.4244677 0.3040236
OS 0.4243219 0.304461
OS 0.4241761 0.3048984
OS 0.4239574 0.3060648
OS 0.4236658 0.3074499
OS 0.4233742 0.3091266
OS 0.4232284 0.3109491
OS 0.4231555 0.3129174
OS 0.4231555 0.3129903
OS 0.4231555 0.3131361
OS 0.4231555 0.3134277
OS 0.4231555 0.3138651
OS 0.4232284 0.3143025
OS 0.4232284 0.3148857
OS 0.4233742 0.3161979
OS 0.42352 0.3177288
OS 0.4238116 0.3193326
OS 0.4241761 0.3210093
OS 0.4246864 0.3226131
OS 0.4246864 0.322686
OS 0.4247593 0.3228318
OS 0.4248322 0.3229776
OS 0.424978 0.3232692
OS 0.4253425 0.3240711
OS 0.4258528 0.3249459
OS 0.4265089 0.3260394
OS 0.4272379 0.32706
OS 0.4281127 0.3280806
OS 0.4291333 0.3290283
OS 0.4292791 0.3291012
OS 0.4296436 0.3293928
OS 0.4302268 0.3297573
OS 0.4311016 0.3301947
OS 0.4320493 0.3306321
OS 0.4332157 0.3309966
OS 0.434455 0.3312882
OS 0.4358401 0.3313611
OS 0.4364962 0.3313611
OS 0.4372252 0.3312153
OE
OB 0.5105626 0.3312153 I
OS 0.5114374 0.3310695
OS 0.512458 0.3307779
OS 0.5135515 0.3304134
OS 0.5147179 0.3298302
OS 0.5158114 0.3290283
OS 0.5159572 0.3289554
OS 0.5163217 0.3285909
OS 0.516832 0.3280806
OS 0.5174881 0.3273516
OS 0.5182171 0.3264768
OS 0.5189461 0.3253833
OS 0.5196022 0.3240711
OS 0.5202583 0.3226131
OS 0.5202583 0.3225402
OS 0.5203312 0.3223944
OS 0.5204041 0.3221757
OS 0.520477 0.3218841
OS 0.5206228 0.3214467
OS 0.5207686 0.3210093
OS 0.5209144 0.3204261
OS 0.5210602 0.3198429
OS 0.5213518 0.3184578
OS 0.5216434 0.3167811
OS 0.5217892 0.3149586
OS 0.5218621 0.3129174
OS 0.5218621 0.3128445
OS 0.5218621 0.3126987
OS 0.5218621 0.3124071
OS 0.5218621 0.3119697
OS 0.5217892 0.3115323
OS 0.5217892 0.3109491
OS 0.5216434 0.3096369
OS 0.5214976 0.3081789
OS 0.521206 0.3065751
OS 0.5207686 0.3048984
OS 0.5202583 0.3032946
OS 0.5202583 0.3032217
OS 0.5201854 0.3031488
OS 0.5201125 0.3029301
OS 0.5199667 0.3026385
OS 0.5196022 0.3018366
OS 0.5191648 0.3009618
OS 0.5185087 0.2998683
OS 0.5177068 0.2988477
OS 0.516832 0.2978271
OS 0.5158114 0.2968794
OS 0.5156656 0.2968065
OS 0.5153011 0.2965149
OS 0.5147179 0.2961504
OS 0.513916 0.2957859
OS 0.5129683 0.2953485
OS 0.5118019 0.294984
OS 0.5105626 0.2946924
OS 0.5091775 0.2946195
OS 0.508813 0.2946195
OS 0.5085214 0.2946924
OS 0.5077924 0.2947653
OS 0.5069176 0.2949111
OS 0.505897 0.2952027
OS 0.5047306 0.2955672
OS 0.5035642 0.2961504
OS 0.5024707 0.2968794
OS 0.5023249 0.2969523
OS 0.5020333 0.2973168
OS 0.501523 0.2978271
OS 0.5008669 0.2985561
OS 0.5001379 0.2994309
OS 0.4994089 0.3005244
OS 0.4986799 0.3018366
OS 0.4980238 0.3032946
OS 0.4980238 0.3033675
OS 0.4979509 0.3035133
OS 0.497878 0.303732
OS 0.4978051 0.3040236
OS 0.4976593 0.304461
OS 0.4975135 0.3048984
OS 0.4972948 0.3060648
OS 0.4970032 0.3074499
OS 0.4967116 0.3091266
OS 0.4965658 0.3109491
OS 0.4964929 0.3129174
OS 0.4964929 0.3129903
OS 0.4964929 0.3131361
OS 0.4964929 0.3134277
OS 0.4964929 0.3138651
OS 0.4965658 0.3143025
OS 0.4965658 0.3148857
OS 0.4967116 0.3161979
OS 0.4968574 0.3177288
OS 0.497149 0.3193326
OS 0.4975135 0.3210093
OS 0.4980238 0.3226131
OS 0.4980238 0.322686
OS 0.4980967 0.3228318
OS 0.4981696 0.3229776
OS 0.4983154 0.3232692
OS 0.4986799 0.3240711
OS 0.4991902 0.3249459
OS 0.4998463 0.3260394
OS 0.5005753 0.32706
OS 0.5014501 0.3280806
OS 0.5024707 0.3290283
OS 0.5026165 0.3291012
OS 0.502981 0.3293928
OS 0.5035642 0.3297573
OS 0.504439 0.3301947
OS 0.5053867 0.3306321
OS 0.5065531 0.3309966
OS 0.5077924 0.3312882
OS 0.5091775 0.3313611
OS 0.5098336 0.3313611
OS 0.5105626 0.3312153
OE
OB 0.59119 0.3306321 I
OS 0.5916274 0.3304863
OS 0.5920648 0.3301947
OS 0.5921377 0.3301218
OS 0.5922835 0.3298302
OS 0.5924293 0.329247
OS 0.5925022 0.328518
OS 0.5925022 0.3284451
OS 0.5925022 0.3282993
OS 0.5924293 0.3278619
OS 0.5923564 0.3273516
OS 0.5920648 0.3268413
OS 0.5919919 0.3267684
OS 0.5917003 0.3266226
OS 0.5912629 0.3264768
OS 0.5906068 0.3264039
OS 0.5766829 0.3264039
OS 0.5763184 0.3170727
OS 0.5764642 0.3171456
OS 0.5768287 0.3173643
OS 0.5774119 0.317583
OS 0.5782138 0.3179475
OS 0.5792344 0.3182391
OS 0.580255 0.3184578
OS 0.5814943 0.3186765
OS 0.5827336 0.3187494
OS 0.5833168 0.3187494
OS 0.5839729 0.3186765
OS 0.5848477 0.3185307
OS 0.5857954 0.3183849
OS 0.5868889 0.3180933
OS 0.5879095 0.3177288
OS 0.5889301 0.3172185
OS 0.5890759 0.3171456
OS 0.5893675 0.3169269
OS 0.5898049 0.3165624
OS 0.5903881 0.316125
OS 0.5910442 0.3155418
OS 0.5917003 0.3148128
OS 0.5923564 0.313938
OS 0.5928667 0.3129903
OS 0.5929396 0.3128445
OS 0.5930854 0.3125529
OS 0.5933041 0.3119697
OS 0.5935957 0.3112407
OS 0.5938144 0.310293
OS 0.5940331 0.3092724
OS 0.5941789 0.3080331
OS 0.5942518 0.3067938
OS 0.5942518 0.3067209
OS 0.5942518 0.306648
OS 0.5942518 0.3062106
OS 0.5941789 0.3055545
OS 0.5940331 0.3046797
OS 0.5938873 0.303732
OS 0.5935957 0.3027114
OS 0.5932312 0.3016179
OS 0.5927209 0.3005244
OS 0.592648 0.3003786
OS 0.5924293 0.300087
OS 0.5920648 0.2995767
OS 0.5916274 0.2989206
OS 0.5909713 0.2982645
OS 0.5902423 0.2975355
OS 0.5893675 0.2968065
OS 0.5883469 0.2961504
OS 0.5882011 0.2960775
OS 0.5878366 0.2959317
OS 0.5872534 0.2956401
OS 0.5864515 0.2954214
OS 0.5855038 0.2951298
OS 0.5843374 0.2948382
OS 0.5830981 0.2946924
OS 0.581713 0.2946195
OS 0.5812027 0.2946195
OS 0.5806924 0.2946924
OS 0.5799634 0.2947653
OS 0.5790886 0.2948382
OS 0.578068 0.2950569
OS 0.5770474 0.2952756
OS 0.5759539 0.2955672
OS 0.5758081 0.2956401
OS 0.5754436 0.295713
OS 0.5749333 0.2959317
OS 0.5742043 0.2962233
OS 0.5734024 0.2965878
OS 0.5725276 0.2970252
OS 0.5707051 0.2981187
OS 0.5705593 0.2982645
OS 0.5702677 0.298629
OS 0.5699761 0.2991393
OS 0.5699032 0.2994309
OS 0.5698303 0.2997225
OS 0.5698303 0.2998683
OS 0.5699032 0.3001599
OS 0.570049 0.3005973
OS 0.5702677 0.3011076
OS 0.5703406 0.3011805
OS 0.5704135 0.3013263
OS 0.570778 0.3017637
OS 0.5713612 0.3021282
OS 0.5716528 0.302274
OS 0.5720173 0.3023469
OS 0.5720902 0.3023469
OS 0.5723089 0.302274
OS 0.5726005 0.3022011
OS 0.5730379 0.3019824
OS 0.5731108 0.3019095
OS 0.5734024 0.3017637
OS 0.5737669 0.3014721
OS 0.5742772 0.3011805
OS 0.5748604 0.300816
OS 0.5755894 0.3004515
OS 0.5771932 0.2997954
OS 0.5772661 0.2997954
OS 0.5776306 0.2996496
OS 0.578068 0.2995767
OS 0.5786512 0.2994309
OS 0.5793073 0.2992851
OS 0.5801092 0.2991393
OS 0.5809111 0.2990664
OS 0.581713 0.2989935
OS 0.5821504 0.2989935
OS 0.5825878 0.2990664
OS 0.583171 0.2991393
OS 0.5838271 0.2992122
OS 0.5845561 0.2994309
OS 0.5852851 0.2996496
OS 0.5859412 0.2999412
OS 0.5860141 0.3000141
OS 0.5862328 0.3001599
OS 0.5865973 0.3003786
OS 0.5869618 0.3006702
OS 0.5873992 0.3010347
OS 0.5879095 0.301545
OS 0.5883469 0.3021282
OS 0.5887114 0.3027114
OS 0.5887843 0.3027843
OS 0.5888572 0.303003
OS 0.589003 0.3033675
OS 0.5892217 0.3038778
OS 0.5893675 0.304461
OS 0.5895133 0.30519
OS 0.5895862 0.305919
OS 0.5896591 0.3067938
OS 0.5896591 0.3068667
OS 0.5896591 0.3071583
OS 0.5895862 0.3075957
OS 0.5895862 0.308106
OS 0.5894404 0.3086892
OS 0.5892946 0.3093453
OS 0.5890759 0.3100014
OS 0.5887843 0.3106575
OS 0.5887114 0.3107304
OS 0.5886385 0.3109491
OS 0.5884198 0.3112407
OS 0.5881282 0.3116781
OS 0.5877637 0.3121155
OS 0.5873263 0.3125529
OS 0.586816 0.3129903
OS 0.5862328 0.3133548
OS 0.5861599 0.3134277
OS 0.5859412 0.3135006
OS 0.5855767 0.3136464
OS 0.5851393 0.3138651
OS 0.5845561 0.3140109
OS 0.5839 0.3141567
OS 0.583171 0.3142296
OS 0.5823691 0.3143025
OS 0.5816401 0.3143025
OS 0.5811298 0.3142296
OS 0.5805466 0.3141567
OS 0.5799634 0.3140838
OS 0.5786512 0.3137922
OS 0.5785783 0.3137922
OS 0.5783596 0.3137193
OS 0.578068 0.3135735
OS 0.5777035 0.3134277
OS 0.5766829 0.3129174
OS 0.5755894 0.3121884
OS 0.5755165 0.3121155
OS 0.5752249 0.3120426
OS 0.5747146 0.3119697
OS 0.5740585 0.3118968
OS 0.5738398 0.3118968
OS 0.5734024 0.3119697
OS 0.5728192 0.3121155
OS 0.5723089 0.3123342
OS 0.572236 0.3124071
OS 0.5720902 0.3126987
OS 0.5718715 0.3131361
OS 0.5717986 0.3137922
OS 0.5724547 0.3287367
OS 0.5724547 0.3288096
OS 0.5724547 0.3288825
OS 0.5725276 0.3293199
OS 0.5726734 0.3297573
OS 0.572965 0.3301947
OS 0.5730379 0.3302676
OS 0.5734024 0.3304863
OS 0.5739127 0.3306321
OS 0.5746417 0.330705
OS 0.5907526 0.330705
OS 0.59119 0.3306321
OE
OB 0.4358401 0.3269142 H
OS 0.4354756 0.3269142
OS 0.4350382 0.3268413
OS 0.434455 0.3266955
OS 0.4337989 0.3264768
OS 0.4330699 0.3261852
OS 0.4324138 0.3258207
OS 0.4316848 0.3252375
OS 0.4316119 0.3251646
OS 0.4313932 0.3249459
OS 0.4310287 0.3245814
OS 0.4306642 0.3240711
OS 0.4301539 0.3233421
OS 0.4297165 0.3225402
OS 0.4292062 0.3215925
OS 0.4287688 0.3204261
OS 0.4286959 0.3202803
OS 0.428623 0.3198429
OS 0.4284772 0.3191868
OS 0.4282585 0.318312
OS 0.4280398 0.3172185
OS 0.427894 0.3159063
OS 0.4278211 0.3145212
OS 0.4277482 0.3129174
OS 0.4277482 0.3127716
OS 0.4277482 0.31248
OS 0.4277482 0.3118968
OS 0.4278211 0.3112407
OS 0.427894 0.3104388
OS 0.4279669 0.3094911
OS 0.4282585 0.3075957
OS 0.4418908 0.3228318
OS 0.4418179 0.3229047
OS 0.4416721 0.3231234
OS 0.4414534 0.3234879
OS 0.4411618 0.3239253
OS 0.4407244 0.3244356
OS 0.440287 0.3249459
OS 0.4397767 0.3253833
OS 0.4391935 0.3258207
OS 0.4391206 0.3258936
OS 0.4389019 0.3259665
OS 0.4386103 0.3261852
OS 0.4381729 0.3264039
OS 0.4377355 0.3265497
OS 0.4371523 0.3267684
OS 0.4364962 0.3268413
OS 0.4358401 0.3269142
OE
OB 0.5091775 0.3269142 H
OS 0.508813 0.3269142
OS 0.5083756 0.3268413
OS 0.5077924 0.3266955
OS 0.5071363 0.3264768
OS 0.5064073 0.3261852
OS 0.5057512 0.3258207
OS 0.5050222 0.3252375
OS 0.5049493 0.3251646
OS 0.5047306 0.3249459
OS 0.5043661 0.3245814
OS 0.5040016 0.3240711
OS 0.5034913 0.3233421
OS 0.5030539 0.3225402
OS 0.5025436 0.3215925
OS 0.5021062 0.3204261
OS 0.5020333 0.3202803
OS 0.5019604 0.3198429
OS 0.5018146 0.3191868
OS 0.5015959 0.318312
OS 0.5013772 0.3172185
OS 0.5012314 0.3159063
OS 0.5011585 0.3145212
OS 0.5010856 0.3129174
OS 0.5010856 0.3127716
OS 0.5010856 0.31248
OS 0.5010856 0.3118968
OS 0.5011585 0.3112407
OS 0.5012314 0.3104388
OS 0.5013043 0.3094911
OS 0.5015959 0.3075957
OS 0.5152282 0.3228318
OS 0.5151553 0.3229047
OS 0.5150095 0.3231234
OS 0.5147908 0.3234879
OS 0.5144992 0.3239253
OS 0.5140618 0.3244356
OS 0.5136244 0.3249459
OS 0.5131141 0.3253833
OS 0.5125309 0.3258207
OS 0.512458 0.3258936
OS 0.5122393 0.3259665
OS 0.5119477 0.3261852
OS 0.5115103 0.3264039
OS 0.5110729 0.3265497
OS 0.5104897 0.3267684
OS 0.5098336 0.3268413
OS 0.5091775 0.3269142
OE
OB 0.4434217 0.318312 H
OS 0.4297894 0.3030759
OS 0.4298623 0.303003
OS 0.4300081 0.3027114
OS 0.4302268 0.3023469
OS 0.4305184 0.3019095
OS 0.4313932 0.3009618
OS 0.4318306 0.3004515
OS 0.4324138 0.3000141
OS 0.4324867 0.2999412
OS 0.4327054 0.2998683
OS 0.432997 0.2997225
OS 0.4334344 0.2995038
OS 0.4339447 0.2992851
OS 0.4345279 0.2991393
OS 0.435184 0.2990664
OS 0.4358401 0.2989935
OS 0.4362046 0.2989935
OS 0.436642 0.2990664
OS 0.4372252 0.2992122
OS 0.4378813 0.299358
OS 0.4386103 0.2996496
OS 0.4392664 0.300087
OS 0.4399954 0.3005973
OS 0.4400683 0.3006702
OS 0.440287 0.3008889
OS 0.4406515 0.3013263
OS 0.441016 0.3018366
OS 0.4415263 0.3024927
OS 0.4419637 0.3033675
OS 0.4424011 0.3043152
OS 0.4428385 0.3054087
OS 0.4428385 0.3054816
OS 0.4429114 0.3055545
OS 0.4429843 0.3059919
OS 0.443203 0.306648
OS 0.4434217 0.3075228
OS 0.4435675 0.3086892
OS 0.4437862 0.3099285
OS 0.4438591 0.3113865
OS 0.443932 0.3129174
OS 0.443932 0.3130632
OS 0.443932 0.3134277
OS 0.443932 0.313938
OS 0.4438591 0.314667
OS 0.4437862 0.3154689
OS 0.4437133 0.3164166
OS 0.4434217 0.318312
OE
OB 0.5167591 0.318312 H
OS 0.5031268 0.3030759
OS 0.5031997 0.303003
OS 0.5033455 0.3027114
OS 0.5035642 0.3023469
OS 0.5038558 0.3019095
OS 0.5047306 0.3009618
OS 0.505168 0.3004515
OS 0.5057512 0.3000141
OS 0.5058241 0.2999412
OS 0.5060428 0.2998683
OS 0.5063344 0.2997225
OS 0.5067718 0.2995038
OS 0.5072821 0.2992851
OS 0.5078653 0.2991393
OS 0.5085214 0.2990664
OS 0.5091775 0.2989935
OS 0.509542 0.2989935
OS 0.5099794 0.2990664
OS 0.5105626 0.2992122
OS 0.5112187 0.299358
OS 0.5119477 0.2996496
OS 0.5126038 0.300087
OS 0.5133328 0.3005973
OS 0.5134057 0.3006702
OS 0.5136244 0.3008889
OS 0.5139889 0.3013263
OS 0.5143534 0.3018366
OS 0.5148637 0.3024927
OS 0.5153011 0.3033675
OS 0.5157385 0.3043152
OS 0.5161759 0.3054087
OS 0.5161759 0.3054816
OS 0.5162488 0.3055545
OS 0.5163217 0.3059919
OS 0.5165404 0.306648
OS 0.5167591 0.3075228
OS 0.5169049 0.3086892
OS 0.5171236 0.3099285
OS 0.5171965 0.3113865
OS 0.5172694 0.3129174
OS 0.5172694 0.3130632
OS 0.5172694 0.3134277
OS 0.5172694 0.313938
OS 0.5171965 0.314667
OS 0.5171236 0.3154689
OS 0.5170507 0.3164166
OS 0.5167591 0.318312
OE
SE
S P 0
OB 1.0491998 0.3312153 I
OS 1.0500746 0.3310695
OS 1.0510952 0.3307779
OS 1.0521887 0.3304134
OS 1.0533551 0.3298302
OS 1.0544486 0.3290283
OS 1.0545944 0.3289554
OS 1.0549589 0.3285909
OS 1.0554692 0.3280806
OS 1.0561253 0.3273516
OS 1.0568543 0.3264768
OS 1.0575833 0.3253833
OS 1.0582394 0.3240711
OS 1.0588955 0.3226131
OS 1.0588955 0.3225402
OS 1.0589684 0.3223944
OS 1.0590413 0.3221757
OS 1.0591142 0.3218841
OS 1.05926 0.3214467
OS 1.0594058 0.3210093
OS 1.0595516 0.3204261
OS 1.0596974 0.3198429
OS 1.059989 0.3184578
OS 1.0602806 0.3167811
OS 1.0604264 0.3149586
OS 1.0604993 0.3129174
OS 1.0604993 0.3128445
OS 1.0604993 0.3126987
OS 1.0604993 0.3124071
OS 1.0604993 0.3119697
OS 1.0604264 0.3115323
OS 1.0604264 0.3109491
OS 1.0602806 0.3096369
OS 1.0601348 0.3081789
OS 1.0598432 0.3065751
OS 1.0594058 0.3048984
OS 1.0588955 0.3032946
OS 1.0588955 0.3032217
OS 1.0588226 0.3031488
OS 1.0587497 0.3029301
OS 1.0586039 0.3026385
OS 1.0582394 0.3018366
OS 1.057802 0.3009618
OS 1.0571459 0.2998683
OS 1.056344 0.2988477
OS 1.0554692 0.2978271
OS 1.0544486 0.2968794
OS 1.0543028 0.2968065
OS 1.0539383 0.2965149
OS 1.0533551 0.2961504
OS 1.0525532 0.2957859
OS 1.0516055 0.2953485
OS 1.0504391 0.294984
OS 1.0491998 0.2946924
OS 1.0478147 0.2946195
OS 1.0474502 0.2946195
OS 1.0471586 0.2946924
OS 1.0464296 0.2947653
OS 1.0455548 0.2949111
OS 1.0445342 0.2952027
OS 1.0433678 0.2955672
OS 1.0422014 0.2961504
OS 1.0411079 0.2968794
OS 1.0409621 0.2969523
OS 1.0406705 0.2973168
OS 1.0401602 0.2978271
OS 1.0395041 0.2985561
OS 1.0387751 0.2994309
OS 1.0380461 0.3005244
OS 1.0373171 0.3018366
OS 1.036661 0.3032946
OS 1.036661 0.3033675
OS 1.0365881 0.3035133
OS 1.0365152 0.303732
OS 1.0364423 0.3040236
OS 1.0362965 0.304461
OS 1.0361507 0.3048984
OS 1.035932 0.3060648
OS 1.0356404 0.3074499
OS 1.0353488 0.3091266
OS 1.035203 0.3109491
OS 1.0351301 0.3129174
OS 1.0351301 0.3129903
OS 1.0351301 0.3131361
OS 1.0351301 0.3134277
OS 1.0351301 0.3138651
OS 1.035203 0.3143025
OS 1.035203 0.3148857
OS 1.0353488 0.3161979
OS 1.0354946 0.3177288
OS 1.0357862 0.3193326
OS 1.0361507 0.3210093
OS 1.036661 0.3226131
OS 1.036661 0.322686
OS 1.0367339 0.3228318
OS 1.0368068 0.3229776
OS 1.0369526 0.3232692
OS 1.0373171 0.3240711
OS 1.0378274 0.3249459
OS 1.0384835 0.3260394
OS 1.0392125 0.32706
OS 1.0400873 0.3280806
OS 1.0411079 0.3290283
OS 1.0412537 0.3291012
OS 1.0416182 0.3293928
OS 1.0422014 0.3297573
OS 1.0430762 0.3301947
OS 1.0440239 0.3306321
OS 1.0451903 0.3309966
OS 1.0464296 0.3312882
OS 1.0478147 0.3313611
OS 1.0484708 0.3313611
OS 1.0491998 0.3312153
OE
OB 1.0931585 0.3306321 I
OS 1.0935959 0.3304863
OS 1.0940333 0.3301947
OS 1.0941062 0.3301218
OS 1.094252 0.3298302
OS 1.0943978 0.329247
OS 1.0944707 0.328518
OS 1.0944707 0.3284451
OS 1.0944707 0.3282993
OS 1.0943978 0.3278619
OS 1.0943249 0.3273516
OS 1.0940333 0.3268413
OS 1.0939604 0.3267684
OS 1.0936688 0.3266226
OS 1.0932314 0.3264768
OS 1.0925753 0.3264039
OS 1.0786514 0.3264039
OS 1.0782869 0.3170727
OS 1.0784327 0.3171456
OS 1.0787972 0.3173643
OS 1.0793804 0.317583
OS 1.0801823 0.3179475
OS 1.0812029 0.3182391
OS 1.0822235 0.3184578
OS 1.0834628 0.3186765
OS 1.0847021 0.3187494
OS 1.0852853 0.3187494
OS 1.0859414 0.3186765
OS 1.0868162 0.3185307
OS 1.0877639 0.3183849
OS 1.0888574 0.3180933
OS 1.089878 0.3177288
OS 1.0908986 0.3172185
OS 1.0910444 0.3171456
OS 1.091336 0.3169269
OS 1.0917734 0.3165624
OS 1.0923566 0.316125
OS 1.0930127 0.3155418
OS 1.0936688 0.3148128
OS 1.0943249 0.313938
OS 1.0948352 0.3129903
OS 1.0949081 0.3128445
OS 1.0950539 0.3125529
OS 1.0952726 0.3119697
OS 1.0955642 0.3112407
OS 1.0957829 0.310293
OS 1.0960016 0.3092724
OS 1.0961474 0.3080331
OS 1.0962203 0.3067938
OS 1.0962203 0.3067209
OS 1.0962203 0.306648
OS 1.0962203 0.3062106
OS 1.0961474 0.3055545
OS 1.0960016 0.3046797
OS 1.0958558 0.303732
OS 1.0955642 0.3027114
OS 1.0951997 0.3016179
OS 1.0946894 0.3005244
OS 1.0946165 0.3003786
OS 1.0943978 0.300087
OS 1.0940333 0.2995767
OS 1.0935959 0.2989206
OS 1.0929398 0.2982645
OS 1.0922108 0.2975355
OS 1.091336 0.2968065
OS 1.0903154 0.2961504
OS 1.0901696 0.2960775
OS 1.0898051 0.2959317
OS 1.0892219 0.2956401
OS 1.08842 0.2954214
OS 1.0874723 0.2951298
OS 1.0863059 0.2948382
OS 1.0850666 0.2946924
OS 1.0836815 0.2946195
OS 1.0831712 0.2946195
OS 1.0826609 0.2946924
OS 1.0819319 0.2947653
OS 1.0810571 0.2948382
OS 1.0800365 0.2950569
OS 1.0790159 0.2952756
OS 1.0779224 0.2955672
OS 1.0777766 0.2956401
OS 1.0774121 0.295713
OS 1.0769018 0.2959317
OS 1.0761728 0.2962233
OS 1.0753709 0.2965878
OS 1.0744961 0.2970252
OS 1.0726736 0.2981187
OS 1.0725278 0.2982645
OS 1.0722362 0.298629
OS 1.0719446 0.2991393
OS 1.0718717 0.2994309
OS 1.0717988 0.2997225
OS 1.0717988 0.2998683
OS 1.0718717 0.3001599
OS 1.0720175 0.3005973
OS 1.0722362 0.3011076
OS 1.0723091 0.3011805
OS 1.072382 0.3013263
OS 1.0727465 0.3017637
OS 1.0733297 0.3021282
OS 1.0736213 0.302274
OS 1.0739858 0.3023469
OS 1.0740587 0.3023469
OS 1.0742774 0.302274
OS 1.074569 0.3022011
OS 1.0750064 0.3019824
OS 1.0750793 0.3019095
OS 1.0753709 0.3017637
OS 1.0757354 0.3014721
OS 1.0762457 0.3011805
OS 1.0768289 0.300816
OS 1.0775579 0.3004515
OS 1.0791617 0.2997954
OS 1.0792346 0.2997954
OS 1.0795991 0.2996496
OS 1.0800365 0.2995767
OS 1.0806197 0.2994309
OS 1.0812758 0.2992851
OS 1.0820777 0.2991393
OS 1.0828796 0.2990664
OS 1.0836815 0.2989935
OS 1.0841189 0.2989935
OS 1.0845563 0.2990664
OS 1.0851395 0.2991393
OS 1.0857956 0.2992122
OS 1.0865246 0.2994309
OS 1.0872536 0.2996496
OS 1.0879097 0.2999412
OS 1.0879826 0.3000141
OS 1.0882013 0.3001599
OS 1.0885658 0.3003786
OS 1.0889303 0.3006702
OS 1.0893677 0.3010347
OS 1.089878 0.301545
OS 1.0903154 0.3021282
OS 1.0906799 0.3027114
OS 1.0907528 0.3027843
OS 1.0908257 0.303003
OS 1.0909715 0.3033675
OS 1.0911902 0.3038778
OS 1.091336 0.304461
OS 1.0914818 0.30519
OS 1.0915547 0.305919
OS 1.0916276 0.3067938
OS 1.0916276 0.3068667
OS 1.0916276 0.3071583
OS 1.0915547 0.3075957
OS 1.0915547 0.308106
OS 1.0914089 0.3086892
OS 1.0912631 0.3093453
OS 1.0910444 0.3100014
OS 1.0907528 0.3106575
OS 1.0906799 0.3107304
OS 1.090607 0.3109491
OS 1.0903883 0.3112407
OS 1.0900967 0.3116781
OS 1.0897322 0.3121155
OS 1.0892948 0.3125529
OS 1.0887845 0.3129903
OS 1.0882013 0.3133548
OS 1.0881284 0.3134277
OS 1.0879097 0.3135006
OS 1.0875452 0.3136464
OS 1.0871078 0.3138651
OS 1.0865246 0.3140109
OS 1.0858685 0.3141567
OS 1.0851395 0.3142296
OS 1.0843376 0.3143025
OS 1.0836086 0.3143025
OS 1.0830983 0.3142296
OS 1.0825151 0.3141567
OS 1.0819319 0.3140838
OS 1.0806197 0.3137922
OS 1.0805468 0.3137922
OS 1.0803281 0.3137193
OS 1.0800365 0.3135735
OS 1.079672 0.3134277
OS 1.0786514 0.3129174
OS 1.0775579 0.3121884
OS 1.077485 0.3121155
OS 1.0771934 0.3120426
OS 1.0766831 0.3119697
OS 1.076027 0.3118968
OS 1.0758083 0.3118968
OS 1.0753709 0.3119697
OS 1.0747877 0.3121155
OS 1.0742774 0.3123342
OS 1.0742045 0.3124071
OS 1.0740587 0.3126987
OS 1.07384 0.3131361
OS 1.0737671 0.3137922
OS 1.0744232 0.3287367
OS 1.0744232 0.3288096
OS 1.0744232 0.3288825
OS 1.0744961 0.3293199
OS 1.0746419 0.3297573
OS 1.0749335 0.3301947
OS 1.0750064 0.3302676
OS 1.0753709 0.3304863
OS 1.0758812 0.3306321
OS 1.0766102 0.330705
OS 1.0927211 0.330705
OS 1.0931585 0.3306321
OE
OB 0.9764456 0.3313611 I
OS 0.9768101 0.3312882
OS 0.9771746 0.3309966
OS 0.9772475 0.3309237
OS 0.9773933 0.330705
OS 0.9775391 0.3302676
OS 0.977612 0.3297573
OS 0.977612 0.2995767
OS 0.9854123 0.2995767
OS 0.9857768 0.2995038
OS 0.9862871 0.299358
OS 0.9866516 0.2990664
OS 0.9867245 0.2989935
OS 0.9868703 0.2987019
OS 0.9870161 0.2981187
OS 0.987089 0.2973897
OS 0.987089 0.2973168
OS 0.987089 0.297171
OS 0.9870161 0.2967336
OS 0.9869432 0.2962233
OS 0.9866516 0.295713
OS 0.9865787 0.2956401
OS 0.9862871 0.2954943
OS 0.9858497 0.2953485
OS 0.9852665 0.2952756
OS 0.9649274 0.2952756
OS 0.96449 0.2953485
OS 0.9640526 0.2954943
OS 0.9636152 0.295713
OS 0.9635423 0.2957859
OS 0.9634694 0.2961504
OS 0.9633236 0.2966607
OS 0.9632507 0.2973897
OS 0.9632507 0.2974626
OS 0.9632507 0.2976084
OS 0.9633236 0.2980458
OS 0.9633965 0.2985561
OS 0.9636152 0.2990664
OS 0.9636881 0.2991393
OS 0.9639797 0.299358
OS 0.9644171 0.2995038
OS 0.9650732 0.2995767
OS 0.9731651 0.2995767
OS 0.9731651 0.3249459
OS 0.9657293 0.3202803
OS 0.9656564 0.3202074
OS 0.9654377 0.3201345
OS 0.9651461 0.3200616
OS 0.9647816 0.3199887
OS 0.9646358 0.3199887
OS 0.9641984 0.3201345
OS 0.9639797 0.3202803
OS 0.9636881 0.320499
OS 0.9633965 0.3207906
OS 0.9631049 0.321228
OS 0.963032 0.3213738
OS 0.9629591 0.3216654
OS 0.9628133 0.3221028
OS 0.9627404 0.3226131
OS 0.9627404 0.322686
OS 0.9627404 0.3227589
OS 0.9628862 0.3231963
OS 0.9631049 0.3237066
OS 0.9633236 0.3239253
OS 0.9636152 0.324144
OS 0.9749147 0.3310695
OS 0.9749876 0.3311424
OS 0.9752792 0.3312882
OS 0.9756437 0.3313611
OS 0.9760811 0.331434
OS 0.9762269 0.331434
OS 0.9764456 0.3313611
OE
OB 1.0125311 0.3312153 I
OS 1.0134059 0.3310695
OS 1.0144265 0.3307779
OS 1.01552 0.3304134
OS 1.0166864 0.3298302
OS 1.0177799 0.3290283
OS 1.0179257 0.3289554
OS 1.0182902 0.3285909
OS 1.0188005 0.3280806
OS 1.0194566 0.3273516
OS 1.0201856 0.3264768
OS 1.0209146 0.3253833
OS 1.0215707 0.3240711
OS 1.0222268 0.3226131
OS 1.0222268 0.3225402
OS 1.0222997 0.3223944
OS 1.0223726 0.3221757
OS 1.0224455 0.3218841
OS 1.0225913 0.3214467
OS 1.0227371 0.3210093
OS 1.0228829 0.3204261
OS 1.0230287 0.3198429
OS 1.0233203 0.3184578
OS 1.0236119 0.3167811
OS 1.0237577 0.3149586
OS 1.0238306 0.3129174
OS 1.0238306 0.3128445
OS 1.0238306 0.3126987
OS 1.0238306 0.3124071
OS 1.0238306 0.3119697
OS 1.0237577 0.3115323
OS 1.0237577 0.3109491
OS 1.0236119 0.3096369
OS 1.0234661 0.3081789
OS 1.0231745 0.3065751
OS 1.0227371 0.3048984
OS 1.0222268 0.3032946
OS 1.0222268 0.3032217
OS 1.0221539 0.3031488
OS 1.022081 0.3029301
OS 1.0219352 0.3026385
OS 1.0215707 0.3018366
OS 1.0211333 0.3009618
OS 1.0204772 0.2998683
OS 1.0196753 0.2988477
OS 1.0188005 0.2978271
OS 1.0177799 0.2968794
OS 1.0176341 0.2968065
OS 1.0172696 0.2965149
OS 1.0166864 0.2961504
OS 1.0158845 0.2957859
OS 1.0149368 0.2953485
OS 1.0137704 0.294984
OS 1.0125311 0.2946924
OS 1.011146 0.2946195
OS 1.0107815 0.2946195
OS 1.0104899 0.2946924
OS 1.0097609 0.2947653
OS 1.0088861 0.2949111
OS 1.0078655 0.2952027
OS 1.0066991 0.2955672
OS 1.0055327 0.2961504
OS 1.0044392 0.2968794
OS 1.0042934 0.2969523
OS 1.0040018 0.2973168
OS 1.0034915 0.2978271
OS 1.0028354 0.2985561
OS 1.0021064 0.2994309
OS 1.0013774 0.3005244
OS 1.0006484 0.3018366
OS 0.9999923 0.3032946
OS 0.9999923 0.3033675
OS 0.9999194 0.3035133
OS 0.9998465 0.303732
OS 0.9997736 0.3040236
OS 0.9996278 0.304461
OS 0.999482 0.3048984
OS 0.9992633 0.3060648
OS 0.9989717 0.3074499
OS 0.9986801 0.3091266
OS 0.9985343 0.3109491
OS 0.9984614 0.3129174
OS 0.9984614 0.3129903
OS 0.9984614 0.3131361
OS 0.9984614 0.3134277
OS 0.9984614 0.3138651
OS 0.9985343 0.3143025
OS 0.9985343 0.3148857
OS 0.9986801 0.3161979
OS 0.9988259 0.3177288
OS 0.9991175 0.3193326
OS 0.999482 0.3210093
OS 0.9999923 0.3226131
OS 0.9999923 0.322686
OS 1.0000652 0.3228318
OS 1.0001381 0.3229776
OS 1.0002839 0.3232692
OS 1.0006484 0.3240711
OS 1.0011587 0.3249459
OS 1.0018148 0.3260394
OS 1.0025438 0.32706
OS 1.0034186 0.3280806
OS 1.0044392 0.3290283
OS 1.004585 0.3291012
OS 1.0049495 0.3293928
OS 1.0055327 0.3297573
OS 1.0064075 0.3301947
OS 1.0073552 0.3306321
OS 1.0085216 0.3309966
OS 1.0097609 0.3312882
OS 1.011146 0.3313611
OS 1.0118021 0.3313611
OS 1.0125311 0.3312153
OE
OB 1.1312852 0.3329649 I
OS 1.1315039 0.3328191
OS 1.1316497 0.3326004
OS 1.1317955 0.3323088
OS 1.1318684 0.3319443
OS 1.1318684 0.3316527
OS 1.1301917 0.3182391
OS 1.1301917 0.3180933
OS 1.1301188 0.3178017
OS 1.1299001 0.3173643
OS 1.1296085 0.3169998
OS 1.1295356 0.3169269
OS 1.129244 0.3167811
OS 1.1288066 0.3166353
OS 1.1281505 0.3165624
OS 1.1280047 0.3165624
OS 1.1276402 0.3166353
OS 1.1272028 0.3167811
OS 1.1267654 0.3169998
OS 1.1266925 0.3170727
OS 1.1264738 0.3172914
OS 1.1262551 0.3177288
OS 1.1261093 0.3182391
OS 1.1245055 0.3316527
OS 1.1245055 0.3317256
OS 1.1245055 0.3318714
OS 1.1245784 0.3323817
OS 1.1247242 0.3326733
OS 1.1249429 0.332892
OS 1.1253074 0.3330378
OS 1.1257448 0.3331107
OS 1.1308478 0.3331107
OS 1.1312852 0.3329649
OE
OB 1.1175071 0.3329649 I
OS 1.1177258 0.3328191
OS 1.1179445 0.3326004
OS 1.1180903 0.3323088
OS 1.1181632 0.3319443
OS 1.1180903 0.3316527
OS 1.1164865 0.3182391
OS 1.1164865 0.3180933
OS 1.1164136 0.3178017
OS 1.1161949 0.3173643
OS 1.1158304 0.3169998
OS 1.1157575 0.3169269
OS 1.1154659 0.3167811
OS 1.1150285 0.3166353
OS 1.1144453 0.3165624
OS 1.1142995 0.3165624
OS 1.113935 0.3166353
OS 1.1134976 0.3167811
OS 1.1129873 0.3169998
OS 1.1129144 0.3170727
OS 1.1126957 0.3172914
OS 1.1125499 0.3177288
OS 1.1124041 0.3182391
OS 1.1107274 0.3316527
OS 1.1107274 0.3317256
OS 1.1107274 0.3318714
OS 1.1108003 0.3323817
OS 1.1109461 0.3326733
OS 1.1111648 0.332892
OS 1.1115293 0.3330378
OS 1.1119667 0.3331107
OS 1.1170697 0.3331107
OS 1.1175071 0.3329649
OE
OB 0.9391937 0.3312153 I
OS 0.9400685 0.3310695
OS 0.9410891 0.3307779
OS 0.9421826 0.3304134
OS 0.943349 0.3298302
OS 0.9444425 0.3290283
OS 0.9445883 0.3289554
OS 0.9449528 0.3285909
OS 0.9454631 0.3280806
OS 0.9461192 0.3273516
OS 0.9468482 0.3264768
OS 0.9475772 0.3253833
OS 0.9482333 0.3240711
OS 0.9488894 0.3226131
OS 0.9488894 0.3225402
OS 0.9489623 0.3223944
OS 0.9490352 0.3221757
OS 0.9491081 0.3218841
OS 0.9492539 0.3214467
OS 0.9493997 0.3210093
OS 0.9495455 0.3204261
OS 0.9496913 0.3198429
OS 0.9499829 0.3184578
OS 0.9502745 0.3167811
OS 0.9504203 0.3149586
OS 0.9504932 0.3129174
OS 0.9504932 0.3128445
OS 0.9504932 0.3126987
OS 0.9504932 0.3124071
OS 0.9504932 0.3119697
OS 0.9504203 0.3115323
OS 0.9504203 0.3109491
OS 0.9502745 0.3096369
OS 0.9501287 0.3081789
OS 0.9498371 0.3065751
OS 0.9493997 0.3048984
OS 0.9488894 0.3032946
OS 0.9488894 0.3032217
OS 0.9488165 0.3031488
OS 0.9487436 0.3029301
OS 0.9485978 0.3026385
OS 0.9482333 0.3018366
OS 0.9477959 0.3009618
OS 0.9471398 0.2998683
OS 0.9463379 0.2988477
OS 0.9454631 0.2978271
OS 0.9444425 0.2968794
OS 0.9442967 0.2968065
OS 0.9439322 0.2965149
OS 0.943349 0.2961504
OS 0.9425471 0.2957859
OS 0.9415994 0.2953485
OS 0.940433 0.294984
OS 0.9391937 0.2946924
OS 0.9378086 0.2946195
OS 0.9374441 0.2946195
OS 0.9371525 0.2946924
OS 0.9364235 0.2947653
OS 0.9355487 0.2949111
OS 0.9345281 0.2952027
OS 0.9333617 0.2955672
OS 0.9321953 0.2961504
OS 0.9311018 0.2968794
OS 0.930956 0.2969523
OS 0.9306644 0.2973168
OS 0.9301541 0.2978271
OS 0.929498 0.2985561
OS 0.928769 0.2994309
OS 0.92804 0.3005244
OS 0.927311 0.3018366
OS 0.9266549 0.3032946
OS 0.9266549 0.3033675
OS 0.926582 0.3035133
OS 0.9265091 0.303732
OS 0.9264362 0.3040236
OS 0.9262904 0.304461
OS 0.9261446 0.3048984
OS 0.9259259 0.3060648
OS 0.9256343 0.3074499
OS 0.9253427 0.3091266
OS 0.9251969 0.3109491
OS 0.925124 0.3129174
OS 0.925124 0.3129903
OS 0.925124 0.3131361
OS 0.925124 0.3134277
OS 0.925124 0.3138651
OS 0.9251969 0.3143025
OS 0.9251969 0.3148857
OS 0.9253427 0.3161979
OS 0.9254885 0.3177288
OS 0.9257801 0.3193326
OS 0.9261446 0.3210093
OS 0.9266549 0.3226131
OS 0.9266549 0.322686
OS 0.9267278 0.3228318
OS 0.9268007 0.3229776
OS 0.9269465 0.3232692
OS 0.927311 0.3240711
OS 0.9278213 0.3249459
OS 0.9284774 0.3260394
OS 0.9292064 0.32706
OS 0.9300812 0.3280806
OS 0.9311018 0.3290283
OS 0.9312476 0.3291012
OS 0.9316121 0.3293928
OS 0.9321953 0.3297573
OS 0.9330701 0.3301947
OS 0.9340178 0.3306321
OS 0.9351842 0.3309966
OS 0.9364235 0.3312882
OS 0.9378086 0.3313611
OS 0.9384647 0.3313611
OS 0.9391937 0.3312153
OE
OB 0.9453902 0.318312 H
OS 0.9317579 0.3030759
OS 0.9318308 0.303003
OS 0.9319766 0.3027114
OS 0.9321953 0.3023469
OS 0.9324869 0.3019095
OS 0.9333617 0.3009618
OS 0.9337991 0.3004515
OS 0.9343823 0.3000141
OS 0.9344552 0.2999412
OS 0.9346739 0.2998683
OS 0.9349655 0.2997225
OS 0.9354029 0.2995038
OS 0.9359132 0.2992851
OS 0.9364964 0.2991393
OS 0.9371525 0.2990664
OS 0.9378086 0.2989935
OS 0.9381731 0.2989935
OS 0.9386105 0.2990664
OS 0.9391937 0.2992122
OS 0.9398498 0.299358
OS 0.9405788 0.2996496
OS 0.9412349 0.300087
OS 0.9419639 0.3005973
OS 0.9420368 0.3006702
OS 0.9422555 0.3008889
OS 0.94262 0.3013263
OS 0.9429845 0.3018366
OS 0.9434948 0.3024927
OS 0.9439322 0.3033675
OS 0.9443696 0.3043152
OS 0.944807 0.3054087
OS 0.944807 0.3054816
OS 0.9448799 0.3055545
OS 0.9449528 0.3059919
OS 0.9451715 0.306648
OS 0.9453902 0.3075228
OS 0.945536 0.3086892
OS 0.9457547 0.3099285
OS 0.9458276 0.3113865
OS 0.9459005 0.3129174
OS 0.9459005 0.3130632
OS 0.9459005 0.3134277
OS 0.9459005 0.313938
OS 0.9458276 0.314667
OS 0.9457547 0.3154689
OS 0.9456818 0.3164166
OS 0.9453902 0.318312
OE
OB 1.011146 0.3269142 H
OS 1.0107815 0.3269142
OS 1.0103441 0.3268413
OS 1.0097609 0.3266955
OS 1.0091048 0.3264768
OS 1.0083758 0.3261852
OS 1.0077197 0.3258207
OS 1.0069907 0.3252375
OS 1.0069178 0.3251646
OS 1.0066991 0.3249459
OS 1.0063346 0.3245814
OS 1.0059701 0.3240711
OS 1.0054598 0.3233421
OS 1.0050224 0.3225402
OS 1.0045121 0.3215925
OS 1.0040747 0.3204261
OS 1.0040018 0.3202803
OS 1.0039289 0.3198429
OS 1.0037831 0.3191868
OS 1.0035644 0.318312
OS 1.0033457 0.3172185
OS 1.0031999 0.3159063
OS 1.003127 0.3145212
OS 1.0030541 0.3129174
OS 1.0030541 0.3127716
OS 1.0030541 0.31248
OS 1.0030541 0.3118968
OS 1.003127 0.3112407
OS 1.0031999 0.3104388
OS 1.0032728 0.3094911
OS 1.0035644 0.3075957
OS 1.0171967 0.3228318
OS 1.0171238 0.3229047
OS 1.016978 0.3231234
OS 1.0167593 0.3234879
OS 1.0164677 0.3239253
OS 1.0160303 0.3244356
OS 1.0155929 0.3249459
OS 1.0150826 0.3253833
OS 1.0144994 0.3258207
OS 1.0144265 0.3258936
OS 1.0142078 0.3259665
OS 1.0139162 0.3261852
OS 1.0134788 0.3264039
OS 1.0130414 0.3265497
OS 1.0124582 0.3267684
OS 1.0118021 0.3268413
OS 1.011146 0.3269142
OE
OB 1.0478147 0.3269142 H
OS 1.0474502 0.3269142
OS 1.0470128 0.3268413
OS 1.0464296 0.3266955
OS 1.0457735 0.3264768
OS 1.0450445 0.3261852
OS 1.0443884 0.3258207
OS 1.0436594 0.3252375
OS 1.0435865 0.3251646
OS 1.0433678 0.3249459
OS 1.0430033 0.3245814
OS 1.0426388 0.3240711
OS 1.0421285 0.3233421
OS 1.0416911 0.3225402
OS 1.0411808 0.3215925
OS 1.0407434 0.3204261
OS 1.0406705 0.3202803
OS 1.0405976 0.3198429
OS 1.0404518 0.3191868
OS 1.0402331 0.318312
OS 1.0400144 0.3172185
OS 1.0398686 0.3159063
OS 1.0397957 0.3145212
OS 1.0397228 0.3129174
OS 1.0397228 0.3127716
OS 1.0397228 0.31248
OS 1.0397228 0.3118968
OS 1.0397957 0.3112407
OS 1.0398686 0.3104388
OS 1.0399415 0.3094911
OS 1.0402331 0.3075957
OS 1.0538654 0.3228318
OS 1.0537925 0.3229047
OS 1.0536467 0.3231234
OS 1.053428 0.3234879
OS 1.0531364 0.3239253
OS 1.052699 0.3244356
OS 1.0522616 0.3249459
OS 1.0517513 0.3253833
OS 1.0511681 0.3258207
OS 1.0510952 0.3258936
OS 1.0508765 0.3259665
OS 1.0505849 0.3261852
OS 1.0501475 0.3264039
OS 1.0497101 0.3265497
OS 1.0491269 0.3267684
OS 1.0484708 0.3268413
OS 1.0478147 0.3269142
OE
OB 0.9378086 0.3269142 H
OS 0.9374441 0.3269142
OS 0.9370067 0.3268413
OS 0.9364235 0.3266955
OS 0.9357674 0.3264768
OS 0.9350384 0.3261852
OS 0.9343823 0.3258207
OS 0.9336533 0.3252375
OS 0.9335804 0.3251646
OS 0.9333617 0.3249459
OS 0.9329972 0.3245814
OS 0.9326327 0.3240711
OS 0.9321224 0.3233421
OS 0.931685 0.3225402
OS 0.9311747 0.3215925
OS 0.9307373 0.3204261
OS 0.9306644 0.3202803
OS 0.9305915 0.3198429
OS 0.9304457 0.3191868
OS 0.930227 0.318312
OS 0.9300083 0.3172185
OS 0.9298625 0.3159063
OS 0.9297896 0.3145212
OS 0.9297167 0.3129174
OS 0.9297167 0.3127716
OS 0.9297167 0.31248
OS 0.9297167 0.3118968
OS 0.9297896 0.3112407
OS 0.9298625 0.3104388
OS 0.9299354 0.3094911
OS 0.930227 0.3075957
OS 0.9438593 0.3228318
OS 0.9437864 0.3229047
OS 0.9436406 0.3231234
OS 0.9434219 0.3234879
OS 0.9431303 0.3239253
OS 0.9426929 0.3244356
OS 0.9422555 0.3249459
OS 0.9417452 0.3253833
OS 0.941162 0.3258207
OS 0.9410891 0.3258936
OS 0.9408704 0.3259665
OS 0.9405788 0.3261852
OS 0.9401414 0.3264039
OS 0.939704 0.3265497
OS 0.9391208 0.3267684
OS 0.9384647 0.3268413
OS 0.9378086 0.3269142
OE
OB 1.0187276 0.318312 H
OS 1.0050953 0.3030759
OS 1.0051682 0.303003
OS 1.005314 0.3027114
OS 1.0055327 0.3023469
OS 1.0058243 0.3019095
OS 1.0066991 0.3009618
OS 1.0071365 0.3004515
OS 1.0077197 0.3000141
OS 1.0077926 0.2999412
OS 1.0080113 0.2998683
OS 1.0083029 0.2997225
OS 1.0087403 0.2995038
OS 1.0092506 0.2992851
OS 1.0098338 0.2991393
OS 1.0104899 0.2990664
OS 1.011146 0.2989935
OS 1.0115105 0.2989935
OS 1.0119479 0.2990664
OS 1.0125311 0.2992122
OS 1.0131872 0.299358
OS 1.0139162 0.2996496
OS 1.0145723 0.300087
OS 1.0153013 0.3005973
OS 1.0153742 0.3006702
OS 1.0155929 0.3008889
OS 1.0159574 0.3013263
OS 1.0163219 0.3018366
OS 1.0168322 0.3024927
OS 1.0172696 0.3033675
OS 1.017707 0.3043152
OS 1.0181444 0.3054087
OS 1.0181444 0.3054816
OS 1.0182173 0.3055545
OS 1.0182902 0.3059919
OS 1.0185089 0.306648
OS 1.0187276 0.3075228
OS 1.0188734 0.3086892
OS 1.0190921 0.3099285
OS 1.019165 0.3113865
OS 1.0192379 0.3129174
OS 1.0192379 0.3130632
OS 1.0192379 0.3134277
OS 1.0192379 0.313938
OS 1.019165 0.314667
OS 1.0190921 0.3154689
OS 1.0190192 0.3164166
OS 1.0187276 0.318312
OE
OB 1.0553963 0.318312 H
OS 1.041764 0.3030759
OS 1.0418369 0.303003
OS 1.0419827 0.3027114
OS 1.0422014 0.3023469
OS 1.042493 0.3019095
OS 1.0433678 0.3009618
OS 1.0438052 0.3004515
OS 1.0443884 0.3000141
OS 1.0444613 0.2999412
OS 1.04468 0.2998683
OS 1.0449716 0.2997225
OS 1.045409 0.2995038
OS 1.0459193 0.2992851
OS 1.0465025 0.2991393
OS 1.0471586 0.2990664
OS 1.0478147 0.2989935
OS 1.0481792 0.2989935
OS 1.0486166 0.2990664
OS 1.0491998 0.2992122
OS 1.0498559 0.299358
OS 1.0505849 0.2996496
OS 1.051241 0.300087
OS 1.05197 0.3005973
OS 1.0520429 0.3006702
OS 1.0522616 0.3008889
OS 1.0526261 0.3013263
OS 1.0529906 0.3018366
OS 1.0535009 0.3024927
OS 1.0539383 0.3033675
OS 1.0543757 0.3043152
OS 1.0548131 0.3054087
OS 1.0548131 0.3054816
OS 1.054886 0.3055545
OS 1.0549589 0.3059919
OS 1.0551776 0.306648
OS 1.0553963 0.3075228
OS 1.0555421 0.3086892
OS 1.0557608 0.3099285
OS 1.0558337 0.3113865
OS 1.0559066 0.3129174
OS 1.0559066 0.3130632
OS 1.0559066 0.3134277
OS 1.0559066 0.313938
OS 1.0558337 0.314667
OS 1.0557608 0.3154689
OS 1.0556879 0.3164166
OS 1.0553963 0.318312
OE
SE
S P 0
OB 1.2488091 1.3549831 I
OS 1.2491736 1.3549102
OS 1.2495381 1.3546186
OS 1.249611 1.3545457
OS 1.2497568 1.354327
OS 1.2499026 1.3538896
OS 1.2499755 1.3533793
OS 1.2499755 1.3231987
OS 1.2577758 1.3231987
OS 1.2581403 1.3231258
OS 1.2586506 1.32298
OS 1.2590151 1.3226884
OS 1.259088 1.3226155
OS 1.2592338 1.3223239
OS 1.2593796 1.3217407
OS 1.2594525 1.3210117
OS 1.2594525 1.3209388
OS 1.2594525 1.320793
OS 1.2593796 1.3203556
OS 1.2593067 1.3198453
OS 1.2590151 1.319335
OS 1.2589422 1.3192621
OS 1.2586506 1.3191163
OS 1.2582132 1.3189705
OS 1.25763 1.3188976
OS 1.2372909 1.3188976
OS 1.2368535 1.3189705
OS 1.2364161 1.3191163
OS 1.2359787 1.319335
OS 1.2359058 1.3194079
OS 1.2358329 1.3197724
OS 1.2356871 1.3202827
OS 1.2356142 1.3210117
OS 1.2356142 1.3210846
OS 1.2356142 1.3212304
OS 1.2356871 1.3216678
OS 1.23576 1.3221781
OS 1.2359787 1.3226884
OS 1.2360516 1.3227613
OS 1.2363432 1.32298
OS 1.2367806 1.3231258
OS 1.2374367 1.3231987
OS 1.2455286 1.3231987
OS 1.2455286 1.3485679
OS 1.2380928 1.3439023
OS 1.2380199 1.3438294
OS 1.2378012 1.3437565
OS 1.2375096 1.3436836
OS 1.2371451 1.3436107
OS 1.2369993 1.3436107
OS 1.2365619 1.3437565
OS 1.2363432 1.3439023
OS 1.2360516 1.344121
OS 1.23576 1.3444126
OS 1.2354684 1.34485
OS 1.2353955 1.3449958
OS 1.2353226 1.3452874
OS 1.2351768 1.3457248
OS 1.2351039 1.3462351
OS 1.2351039 1.346308
OS 1.2351039 1.3463809
OS 1.2352497 1.3468183
OS 1.2354684 1.3473286
OS 1.2356871 1.3475473
OS 1.2359787 1.347766
OS 1.2472782 1.3546915
OS 1.2473511 1.3547644
OS 1.2476427 1.3549102
OS 1.2480072 1.3549831
OS 1.2484446 1.355056
OS 1.2485904 1.355056
OS 1.2488091 1.3549831
OE
OB 1.1754717 1.3549831 I
OS 1.1758362 1.3549102
OS 1.1762007 1.3546186
OS 1.1762736 1.3545457
OS 1.1764194 1.354327
OS 1.1765652 1.3538896
OS 1.1766381 1.3533793
OS 1.1766381 1.3231987
OS 1.1844384 1.3231987
OS 1.1848029 1.3231258
OS 1.1853132 1.32298
OS 1.1856777 1.3226884
OS 1.1857506 1.3226155
OS 1.1858964 1.3223239
OS 1.1860422 1.3217407
OS 1.1861151 1.3210117
OS 1.1861151 1.3209388
OS 1.1861151 1.320793
OS 1.1860422 1.3203556
OS 1.1859693 1.3198453
OS 1.1856777 1.319335
OS 1.1856048 1.3192621
OS 1.1853132 1.3191163
OS 1.1848758 1.3189705
OS 1.1842926 1.3188976
OS 1.1639535 1.3188976
OS 1.1635161 1.3189705
OS 1.1630787 1.3191163
OS 1.1626413 1.319335
OS 1.1625684 1.3194079
OS 1.1624955 1.3197724
OS 1.1623497 1.3202827
OS 1.1622768 1.3210117
OS 1.1622768 1.3210846
OS 1.1622768 1.3212304
OS 1.1623497 1.3216678
OS 1.1624226 1.3221781
OS 1.1626413 1.3226884
OS 1.1627142 1.3227613
OS 1.1630058 1.32298
OS 1.1634432 1.3231258
OS 1.1640993 1.3231987
OS 1.1721912 1.3231987
OS 1.1721912 1.3485679
OS 1.1647554 1.3439023
OS 1.1646825 1.3438294
OS 1.1644638 1.3437565
OS 1.1641722 1.3436836
OS 1.1638077 1.3436107
OS 1.1636619 1.3436107
OS 1.1632245 1.3437565
OS 1.1630058 1.3439023
OS 1.1627142 1.344121
OS 1.1624226 1.3444126
OS 1.162131 1.34485
OS 1.1620581 1.3449958
OS 1.1619852 1.3452874
OS 1.1618394 1.3457248
OS 1.1617665 1.3462351
OS 1.1617665 1.346308
OS 1.1617665 1.3463809
OS 1.1619123 1.3468183
OS 1.162131 1.3473286
OS 1.1623497 1.3475473
OS 1.1626413 1.347766
OS 1.1739408 1.3546915
OS 1.1740137 1.3547644
OS 1.1743053 1.3549102
OS 1.1746698 1.3549831
OS 1.1751072 1.355056
OS 1.175253 1.355056
OS 1.1754717 1.3549831
OE
OB 1.0739949 1.3542541 I
OS 1.0744323 1.3541083
OS 1.0747968 1.3538167
OS 1.0748697 1.3537438
OS 1.0750155 1.3534522
OS 1.0751613 1.352869
OS 1.0752342 1.35214
OS 1.0752342 1.3520671
OS 1.0752342 1.3519213
OS 1.0751613 1.3514839
OS 1.0750884 1.3509736
OS 1.0747968 1.3504633
OS 1.0747239 1.3503904
OS 1.0745052 1.3502446
OS 1.0740678 1.3500988
OS 1.0734117 1.3500259
OS 1.0657572 1.3500259
OS 1.0657572 1.3231987
OS 1.0741407 1.3231987
OS 1.0745781 1.3231258
OS 1.0750155 1.32298
OS 1.0754529 1.3226884
OS 1.0755258 1.3226155
OS 1.0756716 1.3223239
OS 1.0758174 1.3217407
OS 1.0758903 1.3210117
OS 1.0758903 1.3209388
OS 1.0758903 1.320793
OS 1.0758174 1.3203556
OS 1.0757445 1.3198453
OS 1.0754529 1.319335
OS 1.07538 1.3192621
OS 1.0750884 1.3191163
OS 1.074651 1.3189705
OS 1.0739949 1.3188976
OS 1.0528539 1.3188976
OS 1.0524165 1.3189705
OS 1.0519791 1.3191163
OS 1.0515417 1.319335
OS 1.0514688 1.3194079
OS 1.051323 1.3197724
OS 1.0511772 1.3202827
OS 1.0511043 1.3210117
OS 1.0511043 1.3210846
OS 1.0511043 1.3212304
OS 1.0511772 1.3216678
OS 1.051323 1.3221781
OS 1.0515417 1.3226884
OS 1.0516146 1.3227613
OS 1.0519062 1.32298
OS 1.0523436 1.3231258
OS 1.0529997 1.3231987
OS 1.0612374 1.3231987
OS 1.0612374 1.3500259
OS 1.0534371 1.3500259
OS 1.0530726 1.3500988
OS 1.0526352 1.3502446
OS 1.0521978 1.3504633
OS 1.0521249 1.3505362
OS 1.0519791 1.3509007
OS 1.0518333 1.351411
OS 1.0517604 1.35214
OS 1.0517604 1.3522129
OS 1.0517604 1.3523587
OS 1.0518333 1.3527961
OS 1.0519791 1.3533064
OS 1.0521978 1.3538167
OS 1.0522707 1.3538896
OS 1.0525623 1.3541083
OS 1.0529997 1.3542541
OS 1.0535829 1.354327
OS 1.0735575 1.354327
OS 1.0739949 1.3542541
OE
OB 1.6609857 1.3542541 I
OS 1.661496 1.3541083
OS 1.6618605 1.3538167
OS 1.6619334 1.3537438
OS 1.6620792 1.3534522
OS 1.662225 1.352869
OS 1.6622979 1.35214
OS 1.6622979 1.3520671
OS 1.6622979 1.3519213
OS 1.662225 1.3514839
OS 1.6621521 1.3509736
OS 1.6618605 1.3504633
OS 1.6617876 1.3503904
OS 1.661496 1.3502446
OS 1.6610586 1.3500988
OS 1.6604754 1.3500259
OS 1.6430523 1.3500259
OS 1.6430523 1.3393096
OS 1.6568304 1.3393096
OS 1.6572678 1.3392367
OS 1.6577052 1.3390909
OS 1.6581426 1.3387993
OS 1.6582155 1.3387264
OS 1.6583613 1.3384348
OS 1.6585071 1.3378516
OS 1.65858 1.3371226
OS 1.65858 1.3370497
OS 1.65858 1.3369039
OS 1.6585071 1.3364665
OS 1.6584342 1.3359562
OS 1.6581426 1.3354459
OS 1.6580697 1.335373
OS 1.6577781 1.3352272
OS 1.6573407 1.3350814
OS 1.6566846 1.3350085
OS 1.6430523 1.3350085
OS 1.6430523 1.3231987
OS 1.6612044 1.3231987
OS 1.6616418 1.3231258
OS 1.6620792 1.32298
OS 1.6625166 1.3226884
OS 1.6625895 1.3226155
OS 1.6627353 1.3223239
OS 1.6628811 1.3217407
OS 1.662954 1.3210117
OS 1.662954 1.3209388
OS 1.662954 1.320793
OS 1.6628811 1.3203556
OS 1.6628082 1.3198453
OS 1.6625166 1.319335
OS 1.6624437 1.3192621
OS 1.6621521 1.3191163
OS 1.6617147 1.3189705
OS 1.6610586 1.3188976
OS 1.6402821 1.3188976
OS 1.6399176 1.3189705
OS 1.6394802 1.3191163
OS 1.6390428 1.319335
OS 1.6389699 1.3194079
OS 1.6388241 1.3196995
OS 1.6386783 1.3201369
OS 1.6386054 1.3208659
OS 1.6386054 1.3522858
OS 1.6386054 1.3523587
OS 1.6386054 1.3524316
OS 1.6386783 1.352869
OS 1.6388241 1.3533793
OS 1.6390428 1.3538167
OS 1.6391157 1.3538896
OS 1.6394073 1.3541083
OS 1.6398447 1.3542541
OS 1.6404279 1.354327
OS 1.6606212 1.354327
OS 1.6609857 1.3542541
OE
OB 1.3588152 1.3549831 I
OS 1.3591797 1.3549102
OS 1.3595442 1.3546186
OS 1.3596171 1.3545457
OS 1.3597629 1.354327
OS 1.3599087 1.3538896
OS 1.3599816 1.3533793
OS 1.3599816 1.3231987
OS 1.3677819 1.3231987
OS 1.3681464 1.3231258
OS 1.3686567 1.32298
OS 1.3690212 1.3226884
OS 1.3690941 1.3226155
OS 1.3692399 1.3223239
OS 1.3693857 1.3217407
OS 1.3694586 1.3210117
OS 1.3694586 1.3209388
OS 1.3694586 1.320793
OS 1.3693857 1.3203556
OS 1.3693128 1.3198453
OS 1.3690212 1.319335
OS 1.3689483 1.3192621
OS 1.3686567 1.3191163
OS 1.3682193 1.3189705
OS 1.3676361 1.3188976
OS 1.347297 1.3188976
OS 1.3468596 1.3189705
OS 1.3464222 1.3191163
OS 1.3459848 1.319335
OS 1.3459119 1.3194079
OS 1.345839 1.3197724
OS 1.3456932 1.3202827
OS 1.3456203 1.3210117
OS 1.3456203 1.3210846
OS 1.3456203 1.3212304
OS 1.3456932 1.3216678
OS 1.3457661 1.3221781
OS 1.3459848 1.3226884
OS 1.3460577 1.3227613
OS 1.3463493 1.32298
OS 1.3467867 1.3231258
OS 1.3474428 1.3231987
OS 1.3555347 1.3231987
OS 1.3555347 1.3485679
OS 1.3480989 1.3439023
OS 1.348026 1.3438294
OS 1.3478073 1.3437565
OS 1.3475157 1.3436836
OS 1.3471512 1.3436107
OS 1.3470054 1.3436107
OS 1.346568 1.3437565
OS 1.3463493 1.3439023
OS 1.3460577 1.344121
OS 1.3457661 1.3444126
OS 1.3454745 1.34485
OS 1.3454016 1.3449958
OS 1.3453287 1.3452874
OS 1.3451829 1.3457248
OS 1.34511 1.3462351
OS 1.34511 1.346308
OS 1.34511 1.3463809
OS 1.3452558 1.3468183
OS 1.3454745 1.3473286
OS 1.3456932 1.3475473
OS 1.3459848 1.347766
OS 1.3572843 1.3546915
OS 1.3573572 1.3547644
OS 1.3576488 1.3549102
OS 1.3580133 1.3549831
OS 1.3584507 1.355056
OS 1.3585965 1.355056
OS 1.3588152 1.3549831
OE
OB 1.2840198 1.3549102 I
OS 1.2848217 1.3548373
OS 1.2857694 1.3546915
OS 1.28679 1.3544728
OS 1.2878106 1.3541812
OS 1.2888312 1.3537438
OS 1.288977 1.3536709
OS 1.2892686 1.3535251
OS 1.289706 1.3532335
OS 1.2902892 1.3527961
OS 1.2909453 1.3522858
OS 1.2916014 1.3517026
OS 1.2922575 1.3509736
OS 1.2928407 1.3500988
OS 1.2929136 1.3500259
OS 1.2930594 1.3496614
OS 1.2932781 1.349224
OS 1.2935697 1.348495
OS 1.2937884 1.3476931
OS 1.2940071 1.3467454
OS 1.2941529 1.3456519
OS 1.2942258 1.3444855
OS 1.2942258 1.3443397
OS 1.2942258 1.3439752
OS 1.2941529 1.343392
OS 1.29408 1.342663
OS 1.2938613 1.3417882
OS 1.2936426 1.3408405
OS 1.2932781 1.3398928
OS 1.2927678 1.3388722
OS 1.2926949 1.3387264
OS 1.2924762 1.3384348
OS 1.2921117 1.3379245
OS 1.2916743 1.3371955
OS 1.2910182 1.3363207
OS 1.2902163 1.335373
OS 1.2892686 1.3342795
OS 1.2881751 1.3331131
OS 1.2783336 1.3231987
OS 1.2937884 1.3231987
OS 1.2942258 1.3231258
OS 1.2946632 1.32298
OS 1.2951006 1.3226884
OS 1.2951735 1.3226155
OS 1.2953193 1.3223239
OS 1.2954651 1.3217407
OS 1.295538 1.3210117
OS 1.295538 1.3209388
OS 1.295538 1.320793
OS 1.2954651 1.3203556
OS 1.2953922 1.3198453
OS 1.2951006 1.319335
OS 1.2950277 1.3192621
OS 1.2947361 1.3191163
OS 1.2942987 1.3189705
OS 1.2936426 1.3188976
OS 1.2727932 1.3188976
OS 1.2723558 1.3189705
OS 1.2719184 1.3191163
OS 1.271481 1.319335
OS 1.2714081 1.3194079
OS 1.2712623 1.3196995
OS 1.2711165 1.3201369
OS 1.2710436 1.3208659
OS 1.2710436 1.3209388
OS 1.2710436 1.3210846
OS 1.2711165 1.321522
OS 1.2712623 1.3220323
OS 1.271481 1.3224697
OS 1.2846759 1.3358104
OS 1.2848217 1.3359562
OS 1.2851133 1.3362478
OS 1.2856236 1.3367581
OS 1.2861339 1.3374142
OS 1.28679 1.3381432
OS 1.2874461 1.3389451
OS 1.2879564 1.339747
OS 1.2884667 1.340476
OS 1.2885396 1.3405489
OS 1.2886854 1.3408405
OS 1.2888312 1.341205
OS 1.2890499 1.3417153
OS 1.2892686 1.3422985
OS 1.2894873 1.3429546
OS 1.2895602 1.3436836
OS 1.2896331 1.3444855
OS 1.2896331 1.3446313
OS 1.2896331 1.3449229
OS 1.2895602 1.3455061
OS 1.2894144 1.3460893
OS 1.2891957 1.3468183
OS 1.2888312 1.3475473
OS 1.2883938 1.3482763
OS 1.2878106 1.3489324
OS 1.2877377 1.3490053
OS 1.287519 1.3491511
OS 1.2870816 1.3494427
OS 1.2865713 1.3497343
OS 1.2858423 1.3500259
OS 1.2849675 1.3503175
OS 1.2840198 1.3504633
OS 1.2828534 1.3505362
OS 1.2821244 1.3505362
OS 1.2816141 1.3504633
OS 1.280958 1.3503904
OS 1.2803019 1.3502446
OS 1.2786981 1.3498072
OS 1.2786252 1.3498072
OS 1.2783336 1.3496614
OS 1.2779691 1.3495156
OS 1.2773859 1.3492969
OS 1.2768027 1.3490053
OS 1.2761466 1.3486408
OS 1.2747615 1.347766
OS 1.2746886 1.3476931
OS 1.2744699 1.3476202
OS 1.2741054 1.3474744
OS 1.2737409 1.3474015
OS 1.2735951 1.3474015
OS 1.2731577 1.3475473
OS 1.2728661 1.3476931
OS 1.2725745 1.3479118
OS 1.2722829 1.3482034
OS 1.2719913 1.3486408
OS 1.2719913 1.3487137
OS 1.2719184 1.3487866
OS 1.2717726 1.3491511
OS 1.2715539 1.3495885
OS 1.271481 1.3500988
OS 1.271481 1.3501717
OS 1.271481 1.3502446
OS 1.2716268 1.3506091
OS 1.2718455 1.3510465
OS 1.2720642 1.3513381
OS 1.2723558 1.3515568
OS 1.2724287 1.3516297
OS 1.2727203 1.3518484
OS 1.2732306 1.35214
OS 1.2738138 1.3525045
OS 1.2746157 1.352869
OS 1.2754176 1.3533064
OS 1.2763653 1.3536709
OS 1.2773859 1.3540354
OS 1.2775317 1.3541083
OS 1.2778962 1.3541812
OS 1.2784065 1.354327
OS 1.2791355 1.3545457
OS 1.2799374 1.3546915
OS 1.2808122 1.3548373
OS 1.2818328 1.3549102
OS 1.2827805 1.3549831
OS 1.2833637 1.3549831
OS 1.2840198 1.3549102
OE
OB 1.141719 1.3548373 I
OS 1.1422293 1.3546915
OS 1.1427396 1.3543999
OS 1.1431041 1.3540354
OS 1.1433957 1.3534522
OS 1.1435415 1.3526503
OS 1.1435415 1.3321654
OS 1.1484987 1.3321654
OS 1.1489361 1.3320925
OS 1.1493735 1.3319467
OS 1.1498109 1.3316551
OS 1.1498838 1.3315822
OS 1.1500296 1.3312906
OS 1.1501754 1.3307803
OS 1.1502483 1.3300513
OS 1.1502483 1.3299784
OS 1.1502483 1.3298326
OS 1.1501754 1.3293952
OS 1.1501025 1.3288849
OS 1.1498109 1.3283746
OS 1.149738 1.3283017
OS 1.1494464 1.3281559
OS 1.149009 1.3279372
OS 1.1483529 1.3278643
OS 1.1435415 1.3278643
OS 1.1435415 1.3205014
OS 1.1435415 1.3204285
OS 1.1435415 1.3203556
OS 1.1434686 1.3199182
OS 1.1433228 1.3194808
OS 1.1430312 1.3190434
OS 1.1429583 1.3189705
OS 1.1425938 1.3188247
OS 1.1420835 1.3186789
OS 1.1412816 1.318606
OS 1.1410629 1.318606
OS 1.1406255 1.3186789
OS 1.1400423 1.3188247
OS 1.139532 1.3190434
OS 1.1394591 1.3191163
OS 1.1393133 1.3194079
OS 1.1390946 1.3198453
OS 1.1390217 1.3205014
OS 1.1390217 1.3278643
OS 1.1246604 1.3278643
OS 1.124223 1.3279372
OS 1.1237127 1.328083
OS 1.1232753 1.3283746
OS 1.1232024 1.3285204
OS 1.1230566 1.328812
OS 1.1229108 1.3293952
OS 1.1228379 1.3301242
OS 1.1228379 1.3301971
OS 1.1228379 1.33027
OS 1.1229108 1.3306345
OS 1.1229837 1.3311448
OS 1.1232024 1.3315822
OS 1.1376366 1.3531606
OS 1.1376366 1.3532335
OS 1.1377824 1.3533064
OS 1.138074 1.3536709
OS 1.1385114 1.3541812
OS 1.1390217 1.3545457
OS 1.1390946 1.3545457
OS 1.1391675 1.3546186
OS 1.139532 1.3547644
OS 1.1401881 1.3549102
OS 1.1409171 1.3549831
OS 1.1413545 1.3549831
OS 1.141719 1.3548373
OE
OB 1.4029926 1.3549102 I
OS 1.40343 1.3547644
OS 1.4037945 1.3543999
OS 1.4038674 1.354327
OS 1.4040861 1.3539625
OS 1.404159 1.3536709
OS 1.4042319 1.3533064
OS 1.4043048 1.352869
OS 1.4043048 1.3523587
OS 1.4043048 1.3522858
OS 1.4043048 1.3522129
OS 1.4043048 1.3518484
OS 1.404159 1.351411
OS 1.4040132 1.3509736
OS 1.4039403 1.3509007
OS 1.4037945 1.3508278
OS 1.4035758 1.350682
OS 1.4032113 1.3506091
OS 1.4028468 1.3506091
OS 1.4024823 1.3505362
OS 1.4018991 1.3504633
OS 1.401243 1.3503904
OS 1.4004411 1.3502446
OS 1.3996392 1.3500988
OS 1.3986915 1.349953
OS 1.3967232 1.3493698
OS 1.394682 1.3486408
OS 1.3927137 1.3476931
OS 1.3918389 1.3471099
OS 1.3909641 1.3464538
OS 1.3908912 1.3463809
OS 1.3908183 1.346308
OS 1.3905996 1.3460893
OS 1.390308 1.3457977
OS 1.3899435 1.3454332
OS 1.389579 1.3449958
OS 1.3891416 1.3444126
OS 1.3887771 1.3438294
OS 1.3882668 1.3431733
OS 1.3878294 1.3424443
OS 1.3870275 1.3406947
OS 1.3862985 1.3387264
OS 1.3860798 1.3376329
OS 1.3858611 1.3364665
OS 1.385934 1.3365394
OS 1.3861527 1.336831
OS 1.3864443 1.3371955
OS 1.3868817 1.3376329
OS 1.3874649 1.3381432
OS 1.388121 1.3386535
OS 1.38885 1.3391638
OS 1.3896519 1.3396012
OS 1.3897248 1.3396741
OS 1.3900893 1.339747
OS 1.3905267 1.3399657
OS 1.3911099 1.3401844
OS 1.3918389 1.3403302
OS 1.3927137 1.3405489
OS 1.3935885 1.3406218
OS 1.3945362 1.3406947
OS 1.3951194 1.3406947
OS 1.3957026 1.3406218
OS 1.3965045 1.3405489
OS 1.3974522 1.3403302
OS 1.3983999 1.3401115
OS 1.3994205 1.339747
OS 1.4004411 1.3392367
OS 1.4005869 1.3391638
OS 1.4008785 1.339018
OS 1.4013159 1.3386535
OS 1.401972 1.3382161
OS 1.4026281 1.3376329
OS 1.4032842 1.3369768
OS 1.4039403 1.3361749
OS 1.4045235 1.3353001
OS 1.4045964 1.3351543
OS 1.4047422 1.3348627
OS 1.4050338 1.3343524
OS 1.4053254 1.3336234
OS 1.4055441 1.3327486
OS 1.4058357 1.331728
OS 1.4059815 1.3306345
OS 1.4060544 1.3293952
OS 1.4060544 1.3292494
OS 1.4060544 1.3288849
OS 1.4059815 1.3282288
OS 1.4058357 1.3274998
OS 1.4056899 1.3265521
OS 1.4053983 1.3256044
OS 1.4050338 1.3245838
OS 1.4045235 1.3236361
OS 1.4044506 1.3234903
OS 1.4042319 1.3231987
OS 1.4039403 1.3227613
OS 1.40343 1.3221781
OS 1.4028468 1.321522
OS 1.4021178 1.3208659
OS 1.401243 1.3202098
OS 1.4002953 1.3196266
OS 1.4001495 1.3195537
OS 1.399785 1.3194079
OS 1.3992018 1.3191892
OS 1.3984728 1.3189705
OS 1.3975251 1.3186789
OS 1.3964316 1.3184602
OS 1.3951923 1.3183144
OS 1.3938801 1.3182415
OS 1.3932969 1.3182415
OS 1.3927137 1.3183144
OS 1.3919118 1.3184602
OS 1.3909641 1.318606
OS 1.3899435 1.3188247
OS 1.3889229 1.3191892
OS 1.3879023 1.3196995
OS 1.3877565 1.3197724
OS 1.3874649 1.3199911
OS 1.3869546 1.3202827
OS 1.3863714 1.320793
OS 1.3856424 1.3213762
OS 1.3849134 1.3221052
OS 1.3841844 1.32298
OS 1.3835283 1.3240006
OS 1.3835283 1.3240735
OS 1.3834554 1.3242193
OS 1.3833096 1.324438
OS 1.3831638 1.3247296
OS 1.383018 1.3250941
OS 1.3827993 1.3256044
OS 1.3825806 1.3261147
OS 1.3824348 1.3267708
OS 1.3819974 1.3282288
OS 1.3816329 1.3299055
OS 1.3813413 1.3319467
OS 1.3812684 1.3341337
OS 1.3812684 1.3342066
OS 1.3812684 1.3343524
OS 1.3812684 1.334644
OS 1.3812684 1.3350085
OS 1.3813413 1.3354459
OS 1.3814142 1.3360291
OS 1.38156 1.3372684
OS 1.3817787 1.3387993
OS 1.3821432 1.340476
OS 1.3826535 1.3421527
OS 1.3833825 1.3439023
OS 1.3833825 1.3439752
OS 1.3834554 1.344121
OS 1.3836012 1.3443397
OS 1.3838199 1.3447042
OS 1.3843302 1.3455061
OS 1.3850592 1.3465996
OS 1.3860798 1.347766
OS 1.3872462 1.3490782
OS 1.3887042 1.3503175
OS 1.3903809 1.3515568
OS 1.3904538 1.3516297
OS 1.3905996 1.3517026
OS 1.3908912 1.3518484
OS 1.3912557 1.3520671
OS 1.3916931 1.3522858
OS 1.3922763 1.3525774
OS 1.3929324 1.352869
OS 1.3937343 1.3531606
OS 1.3945362 1.3534522
OS 1.3954839 1.3537438
OS 1.3965045 1.3540354
OS 1.3975251 1.354327
OS 1.3986915 1.3545457
OS 1.3999308 1.3547644
OS 1.4025552 1.3549831
OS 1.402701 1.3549831
OS 1.4029926 1.3549102
OE
OB 1.2196491 1.3549102 I
OS 1.2200865 1.3547644
OS 1.220451 1.3543999
OS 1.2205239 1.354327
OS 1.2207426 1.3539625
OS 1.2208155 1.3536709
OS 1.2208884 1.3533064
OS 1.2209613 1.352869
OS 1.2209613 1.3523587
OS 1.2209613 1.3522858
OS 1.2209613 1.3522129
OS 1.2209613 1.3518484
OS 1.2208155 1.351411
OS 1.2206697 1.3509736
OS 1.2205968 1.3509007
OS 1.220451 1.3508278
OS 1.2202323 1.350682
OS 1.2198678 1.3506091
OS 1.2195033 1.3506091
OS 1.2191388 1.3505362
OS 1.2185556 1.3504633
OS 1.2178995 1.3503904
OS 1.2170976 1.3502446
OS 1.2162957 1.3500988
OS 1.215348 1.349953
OS 1.2133797 1.3493698
OS 1.2113385 1.3486408
OS 1.2093702 1.3476931
OS 1.2084954 1.3471099
OS 1.2076206 1.3464538
OS 1.2075477 1.3463809
OS 1.2074748 1.346308
OS 1.2072561 1.3460893
OS 1.2069645 1.3457977
OS 1.2066 1.3454332
OS 1.2062355 1.3449958
OS 1.2057981 1.3444126
OS 1.2054336 1.3438294
OS 1.2049233 1.3431733
OS 1.2044859 1.3424443
OS 1.203684 1.3406947
OS 1.202955 1.3387264
OS 1.2027363 1.3376329
OS 1.2025176 1.3364665
OS 1.2025905 1.3365394
OS 1.2028092 1.336831
OS 1.2031008 1.3371955
OS 1.2035382 1.3376329
OS 1.2041214 1.3381432
OS 1.2047775 1.3386535
OS 1.2055065 1.3391638
OS 1.2063084 1.3396012
OS 1.2063813 1.3396741
OS 1.2067458 1.339747
OS 1.2071832 1.3399657
OS 1.2077664 1.3401844
OS 1.2084954 1.3403302
OS 1.2093702 1.3405489
OS 1.210245 1.3406218
OS 1.2111927 1.3406947
OS 1.2117759 1.3406947
OS 1.2123591 1.3406218
OS 1.213161 1.3405489
OS 1.2141087 1.3403302
OS 1.2150564 1.3401115
OS 1.216077 1.339747
OS 1.2170976 1.3392367
OS 1.2172434 1.3391638
OS 1.217535 1.339018
OS 1.2179724 1.3386535
OS 1.2186285 1.3382161
OS 1.2192846 1.3376329
OS 1.2199407 1.3369768
OS 1.2205968 1.3361749
OS 1.22118 1.3353001
OS 1.2212529 1.3351543
OS 1.2213987 1.3348627
OS 1.2216903 1.3343524
OS 1.2219819 1.3336234
OS 1.2222006 1.3327486
OS 1.2224922 1.331728
OS 1.222638 1.3306345
OS 1.2227109 1.3293952
OS 1.2227109 1.3292494
OS 1.2227109 1.3288849
OS 1.222638 1.3282288
OS 1.2224922 1.3274998
OS 1.2223464 1.3265521
OS 1.2220548 1.3256044
OS 1.2216903 1.3245838
OS 1.22118 1.3236361
OS 1.2211071 1.3234903
OS 1.2208884 1.3231987
OS 1.2205968 1.3227613
OS 1.2200865 1.3221781
OS 1.2195033 1.321522
OS 1.2187743 1.3208659
OS 1.2178995 1.3202098
OS 1.2169518 1.3196266
OS 1.216806 1.3195537
OS 1.2164415 1.3194079
OS 1.2158583 1.3191892
OS 1.2151293 1.3189705
OS 1.2141816 1.3186789
OS 1.2130881 1.3184602
OS 1.2118488 1.3183144
OS 1.2105366 1.3182415
OS 1.2099534 1.3182415
OS 1.2093702 1.3183144
OS 1.2085683 1.3184602
OS 1.2076206 1.318606
OS 1.2066 1.3188247
OS 1.2055794 1.3191892
OS 1.2045588 1.3196995
OS 1.204413 1.3197724
OS 1.2041214 1.3199911
OS 1.2036111 1.3202827
OS 1.2030279 1.320793
OS 1.2022989 1.3213762
OS 1.2015699 1.3221052
OS 1.2008409 1.32298
OS 1.2001848 1.3240006
OS 1.2001848 1.3240735
OS 1.2001119 1.3242193
OS 1.1999661 1.324438
OS 1.1998203 1.3247296
OS 1.1996745 1.3250941
OS 1.1994558 1.3256044
OS 1.1992371 1.3261147
OS 1.1990913 1.3267708
OS 1.1986539 1.3282288
OS 1.1982894 1.3299055
OS 1.1979978 1.3319467
OS 1.1979249 1.3341337
OS 1.1979249 1.3342066
OS 1.1979249 1.3343524
OS 1.1979249 1.334644
OS 1.1979249 1.3350085
OS 1.1979978 1.3354459
OS 1.1980707 1.3360291
OS 1.1982165 1.3372684
OS 1.1984352 1.3387993
OS 1.1987997 1.340476
OS 1.19931 1.3421527
OS 1.200039 1.3439023
OS 1.200039 1.3439752
OS 1.2001119 1.344121
OS 1.2002577 1.3443397
OS 1.2004764 1.3447042
OS 1.2009867 1.3455061
OS 1.2017157 1.3465996
OS 1.2027363 1.347766
OS 1.2039027 1.3490782
OS 1.2053607 1.3503175
OS 1.2070374 1.3515568
OS 1.2071103 1.3516297
OS 1.2072561 1.3517026
OS 1.2075477 1.3518484
OS 1.2079122 1.3520671
OS 1.2083496 1.3522858
OS 1.2089328 1.3525774
OS 1.2095889 1.352869
OS 1.2103908 1.3531606
OS 1.2111927 1.3534522
OS 1.2121404 1.3537438
OS 1.213161 1.3540354
OS 1.2141816 1.354327
OS 1.215348 1.3545457
OS 1.2165873 1.3547644
OS 1.2192117 1.3549831
OS 1.2193575 1.3549831
OS 1.2196491 1.3549102
OE
OB 1.0268286 1.3542541 I
OS 1.0273389 1.3541812
OS 1.0284324 1.3540354
OS 1.0297446 1.3538167
OS 1.0310568 1.3533793
OS 1.0324419 1.352869
OS 1.033827 1.35214
OS 1.0338999 1.35214
OS 1.0339728 1.3520671
OS 1.0344102 1.3517755
OS 1.0350663 1.3512652
OS 1.0358682 1.3506091
OS 1.036743 1.3497343
OS 1.0376907 1.3486408
OS 1.0385655 1.3474015
OS 1.0393674 1.3460164
OS 1.0393674 1.3459435
OS 1.0394403 1.3458706
OS 1.0395861 1.345579
OS 1.039659 1.3452874
OS 1.0398048 1.3449229
OS 1.0400235 1.3444855
OS 1.040388 1.3433191
OS 1.0406796 1.341934
OS 1.0410441 1.3403302
OS 1.0412628 1.3385077
OS 1.0413357 1.3365394
OS 1.0413357 1.3364665
OS 1.0413357 1.3363207
OS 1.0413357 1.3360291
OS 1.0413357 1.3356646
OS 1.0412628 1.3351543
OS 1.0412628 1.334644
OS 1.041117 1.3333318
OS 1.0408254 1.3318738
OS 1.0405338 1.33027
OS 1.0400235 1.3286662
OS 1.0393674 1.3271353
OS 1.0393674 1.3270624
OS 1.0392945 1.3269895
OS 1.0391487 1.3267708
OS 1.0390029 1.3264792
OS 1.0385655 1.3257502
OS 1.0379094 1.3248754
OS 1.0371804 1.3238548
OS 1.0362327 1.3228342
OS 1.0350663 1.3218865
OS 1.033827 1.3210117
OS 1.0337541 1.3210117
OS 1.0336812 1.3209388
OS 1.0334625 1.320793
OS 1.0332438 1.3207201
OS 1.0324419 1.3203556
OS 1.0314942 1.3199911
OS 1.0303278 1.3195537
OS 1.0289427 1.3192621
OS 1.0273389 1.3189705
OS 1.0256622 1.3188976
OS 1.0154562 1.3188976
OS 1.0150188 1.3189705
OS 1.0145814 1.3191163
OS 1.014144 1.319335
OS 1.0140711 1.3194079
OS 1.0139253 1.3196995
OS 1.0137795 1.3201369
OS 1.0137066 1.3208659
OS 1.0137066 1.3522858
OS 1.0137066 1.3523587
OS 1.0137066 1.3524316
OS 1.0137795 1.352869
OS 1.0139253 1.3533793
OS 1.014144 1.3538167
OS 1.0142169 1.3538896
OS 1.0145085 1.3541083
OS 1.0149459 1.3542541
OS 1.015602 1.354327
OS 1.0264641 1.354327
OS 1.0268286 1.3542541
OE
OB 1.6157877 1.3542541 I
OS 1.6167354 1.3541083
OS 1.6178289 1.3539625
OS 1.6189953 1.3536709
OS 1.6201617 1.3533064
OS 1.6213281 1.3527961
OS 1.6214739 1.3527232
OS 1.6218384 1.3525045
OS 1.6223487 1.3522129
OS 1.6230048 1.3517026
OS 1.6236609 1.3511194
OS 1.6243899 1.3504633
OS 1.6251189 1.3495885
OS 1.6257021 1.3486408
OS 1.625775 1.348495
OS 1.6259208 1.3481305
OS 1.6262124 1.3476202
OS 1.626504 1.3468183
OS 1.6267227 1.3459435
OS 1.6270143 1.34485
OS 1.6271601 1.3436836
OS 1.627233 1.3423714
OS 1.627233 1.3422985
OS 1.627233 1.3422256
OS 1.627233 1.3417882
OS 1.6271601 1.3411321
OS 1.6270143 1.3402573
OS 1.6268685 1.3393096
OS 1.6265769 1.338289
OS 1.6262124 1.3371955
OS 1.6257021 1.3361749
OS 1.6256292 1.3360291
OS 1.6254105 1.3357375
OS 1.6251189 1.3353001
OS 1.6246086 1.3347169
OS 1.6240254 1.3340608
OS 1.6232235 1.3333318
OS 1.6223487 1.3326757
OS 1.6213281 1.3320925
OS 1.6211823 1.3320196
OS 1.6208178 1.3318738
OS 1.6201617 1.3316551
OS 1.6193598 1.3313635
OS 1.6183392 1.3310719
OS 1.6171728 1.3308532
OS 1.6157877 1.3307074
OS 1.6143297 1.3306345
OS 1.6066752 1.3306345
OS 1.6066752 1.3205014
OS 1.6066752 1.3204285
OS 1.6066752 1.3203556
OS 1.6066023 1.3199182
OS 1.6064565 1.3194808
OS 1.6061649 1.3190434
OS 1.606092 1.3189705
OS 1.6058004 1.3188247
OS 1.6052901 1.3186789
OS 1.6049256 1.318606
OS 1.6041966 1.318606
OS 1.6037592 1.3186789
OS 1.603176 1.3188247
OS 1.6026657 1.3190434
OS 1.6025928 1.3191163
OS 1.602447 1.3194079
OS 1.6023012 1.3198453
OS 1.6022283 1.3205014
OS 1.6022283 1.3522858
OS 1.6022283 1.3523587
OS 1.6022283 1.3524316
OS 1.6023012 1.352869
OS 1.602447 1.3533793
OS 1.6026657 1.3538167
OS 1.6027386 1.3538896
OS 1.6030302 1.3541083
OS 1.6034676 1.3542541
OS 1.6041237 1.354327
OS 1.6149858 1.354327
OS 1.6157877 1.3542541
OE
OB 1.553604 1.3542541 I
OS 1.5540414 1.3541083
OS 1.5544788 1.3538167
OS 1.5545517 1.3537438
OS 1.5546975 1.3534522
OS 1.5548433 1.352869
OS 1.5549162 1.35214
OS 1.5549162 1.3520671
OS 1.5549162 1.3519213
OS 1.5548433 1.3514839
OS 1.5547704 1.3509736
OS 1.5544788 1.3504633
OS 1.5544059 1.3503904
OS 1.5541143 1.3502446
OS 1.5536769 1.3500988
OS 1.5530208 1.3500259
OS 1.5424503 1.3500259
OS 1.5424503 1.3205014
OS 1.5424503 1.3204285
OS 1.5424503 1.3203556
OS 1.5423774 1.3199182
OS 1.5422316 1.3194808
OS 1.54194 1.3190434
OS 1.5418671 1.3189705
OS 1.5415026 1.3188247
OS 1.5409923 1.3186789
OS 1.5401904 1.318606
OS 1.5399717 1.318606
OS 1.5395343 1.3186789
OS 1.5389511 1.3188247
OS 1.5384408 1.3190434
OS 1.5383679 1.3191163
OS 1.5382221 1.3194079
OS 1.5380034 1.3198453
OS 1.5379305 1.3205014
OS 1.5379305 1.3500259
OS 1.5272142 1.3500259
OS 1.5267768 1.3500988
OS 1.5263394 1.3502446
OS 1.525902 1.3504633
OS 1.5258291 1.3505362
OS 1.5256833 1.3509007
OS 1.5255375 1.351411
OS 1.5254646 1.35214
OS 1.5254646 1.3522129
OS 1.5254646 1.3523587
OS 1.5255375 1.3527961
OS 1.5256833 1.3533064
OS 1.525902 1.3538167
OS 1.5259749 1.3538896
OS 1.5262665 1.3541083
OS 1.5267039 1.3542541
OS 1.52736 1.354327
OS 1.5531666 1.354327
OS 1.553604 1.3542541
OE
OB 1.4670717 1.3549102 I
OS 1.4678736 1.3548373
OS 1.4688213 1.3546915
OS 1.469769 1.3544728
OS 1.4707896 1.3541812
OS 1.4718102 1.3537438
OS 1.471956 1.3536709
OS 1.4722476 1.3535251
OS 1.472685 1.3532335
OS 1.4732682 1.352869
OS 1.4739243 1.3524316
OS 1.4745804 1.3517755
OS 1.4752365 1.3511194
OS 1.4758197 1.3503175
OS 1.4758926 1.3502446
OS 1.4760384 1.349953
OS 1.4762571 1.3494427
OS 1.4765487 1.3488595
OS 1.4767674 1.3481305
OS 1.4769861 1.3471828
OS 1.4771319 1.3462351
OS 1.4772048 1.3451416
OS 1.4772048 1.3449958
OS 1.4772048 1.3447042
OS 1.4771319 1.3441939
OS 1.477059 1.3436107
OS 1.4769132 1.3428817
OS 1.4766945 1.3421527
OS 1.4764029 1.3413508
OS 1.4759655 1.3406218
OS 1.4758926 1.3405489
OS 1.4757468 1.3403302
OS 1.4754552 1.3399657
OS 1.4750907 1.3396012
OS 1.4746533 1.3390909
OS 1.4740701 1.3386535
OS 1.473414 1.3381432
OS 1.472685 1.3377058
OS 1.4728308 1.3376329
OS 1.4731224 1.3374871
OS 1.4735598 1.3372684
OS 1.4742159 1.3369039
OS 1.474872 1.3363936
OS 1.4755281 1.3358833
OS 1.4761842 1.3352272
OS 1.4767674 1.3344253
OS 1.4768403 1.3343524
OS 1.4769861 1.3340608
OS 1.4772777 1.3335505
OS 1.4775693 1.3329673
OS 1.477788 1.3321654
OS 1.4780796 1.3312906
OS 1.4782254 1.33027
OS 1.4782983 1.3291765
OS 1.4782983 1.3290307
OS 1.4782983 1.3285933
OS 1.4782254 1.3280101
OS 1.4781525 1.3272082
OS 1.4779338 1.3263334
OS 1.4777151 1.3253857
OS 1.4773506 1.3243651
OS 1.4768403 1.3234174
OS 1.4767674 1.3233445
OS 1.4765487 1.32298
OS 1.4762571 1.3225426
OS 1.4758197 1.3220323
OS 1.4752365 1.3213762
OS 1.4745075 1.3207201
OS 1.4736327 1.3201369
OS 1.472685 1.3195537
OS 1.4725392 1.3194808
OS 1.4721747 1.319335
OS 1.4715915 1.3191163
OS 1.4707896 1.3188976
OS 1.4698419 1.3186789
OS 1.4687484 1.3184602
OS 1.4674362 1.3183144
OS 1.4660511 1.3182415
OS 1.4655408 1.3182415
OS 1.4649576 1.3183144
OS 1.4642286 1.3183873
OS 1.4633538 1.3184602
OS 1.4623332 1.3186789
OS 1.4612397 1.3188976
OS 1.4601462 1.3191892
OS 1.4600004 1.3192621
OS 1.4596359 1.3194079
OS 1.4590527 1.3196266
OS 1.4583966 1.3199182
OS 1.4575218 1.3202827
OS 1.456647 1.320793
OS 1.4556993 1.3213762
OS 1.4548245 1.3219594
OS 1.4546787 1.3221052
OS 1.4543871 1.3223968
OS 1.4540955 1.3229071
OS 1.4540226 1.3231987
OS 1.4539497 1.3234903
OS 1.4539497 1.3235632
OS 1.4540226 1.3239277
OS 1.4541684 1.3243651
OS 1.45446 1.3249483
OS 1.45446 1.3250212
OS 1.4546058 1.325167
OS 1.4549703 1.3256044
OS 1.4554806 1.3259689
OS 1.4557722 1.3261147
OS 1.4561367 1.3261876
OS 1.4562096 1.3261876
OS 1.4564283 1.3261147
OS 1.4567928 1.3260418
OS 1.4571573 1.3258231
OS 1.4572302 1.3257502
OS 1.4575218 1.3256044
OS 1.4578863 1.3253128
OS 1.4583966 1.3249483
OS 1.4590527 1.3245838
OS 1.4597817 1.3241464
OS 1.4613855 1.3234174
OS 1.4614584 1.3234174
OS 1.4618229 1.3232716
OS 1.4622603 1.3231987
OS 1.4628435 1.3230529
OS 1.4635725 1.3229071
OS 1.4643744 1.3227613
OS 1.4651763 1.3226884
OS 1.4660511 1.3226155
OS 1.4666343 1.3226155
OS 1.4673633 1.3226884
OS 1.4681652 1.3228342
OS 1.46904 1.3230529
OS 1.4699877 1.3233445
OS 1.4709354 1.3237819
OS 1.4717373 1.3243651
OS 1.4718102 1.324438
OS 1.4720289 1.3246567
OS 1.4723934 1.3250941
OS 1.4727579 1.3256044
OS 1.4730495 1.3263334
OS 1.473414 1.3271353
OS 1.4736327 1.328083
OS 1.4737056 1.3291765
OS 1.4737056 1.3293223
OS 1.4737056 1.3296868
OS 1.4736327 1.3301971
OS 1.4734869 1.3309261
OS 1.4731953 1.3316551
OS 1.4729037 1.332457
OS 1.4723934 1.333186
OS 1.4717373 1.3338421
OS 1.4716644 1.333915
OS 1.4713728 1.3340608
OS 1.4709354 1.3343524
OS 1.4702793 1.334644
OS 1.4695503 1.3349356
OS 1.4686026 1.3352272
OS 1.4674362 1.335373
OS 1.4661969 1.3354459
OS 1.463937 1.3354459
OS 1.4634996 1.3355188
OS 1.4630622 1.3356646
OS 1.4626248 1.3358833
OS 1.4625519 1.3359562
OS 1.4624061 1.3362478
OS 1.4622603 1.3367581
OS 1.4621874 1.3374871
OS 1.4621874 1.33756
OS 1.4621874 1.3376329
OS 1.4622603 1.3380703
OS 1.4624061 1.3385806
OS 1.4626248 1.339018
OS 1.4626977 1.3390909
OS 1.4629893 1.3393096
OS 1.4634267 1.3394554
OS 1.4640828 1.3395283
OS 1.4662698 1.3395283
OS 1.466853 1.3396012
OS 1.4676549 1.3396741
OS 1.4684568 1.3398928
OS 1.4693316 1.3401115
OS 1.4701335 1.340476
OS 1.4708625 1.3409134
OS 1.4709354 1.3409863
OS 1.4711541 1.341205
OS 1.4714457 1.3414966
OS 1.4717373 1.3420069
OS 1.4720289 1.3425901
OS 1.4723205 1.3433191
OS 1.4725392 1.3441939
OS 1.4726121 1.3451416
OS 1.4726121 1.3452874
OS 1.4726121 1.345579
OS 1.4725392 1.3460164
OS 1.4723934 1.3465996
OS 1.4721747 1.3471828
OS 1.4718831 1.3478389
OS 1.4714457 1.348495
OS 1.4708625 1.3490782
OS 1.4707896 1.3491511
OS 1.4705709 1.3492969
OS 1.4701335 1.3495156
OS 1.4696232 1.3498072
OS 1.4688942 1.3500988
OS 1.4680194 1.3503175
OS 1.4670717 1.3504633
OS 1.4659053 1.3505362
OS 1.4652492 1.3505362
OS 1.4644473 1.3503904
OS 1.4634267 1.3502446
OS 1.4621874 1.349953
OS 1.4608752 1.3495156
OS 1.4594172 1.3489324
OS 1.4579592 1.3481305
OS 1.4578863 1.3480576
OS 1.4576676 1.3479847
OS 1.457376 1.3479118
OS 1.4570115 1.3478389
OS 1.4568657 1.3478389
OS 1.4564283 1.3479847
OS 1.4562096 1.3481305
OS 1.455918 1.3484221
OS 1.4556264 1.3487137
OS 1.4553348 1.3491511
OS 1.4553348 1.349224
OS 1.4552619 1.3492969
OS 1.455189 1.3496614
OS 1.4550432 1.3500988
OS 1.4549703 1.3506091
OS 1.4549703 1.350682
OS 1.4549703 1.3507549
OS 1.4551161 1.3511194
OS 1.4554077 1.3516297
OS 1.4556264 1.3518484
OS 1.455918 1.3520671
OS 1.4559909 1.3520671
OS 1.4561367 1.3522129
OS 1.4564283 1.3523587
OS 1.4567199 1.3525045
OS 1.4571573 1.3527232
OS 1.4577405 1.3530148
OS 1.4583237 1.3532335
OS 1.4589798 1.3535251
OS 1.4604378 1.3540354
OS 1.4621145 1.3545457
OS 1.463937 1.3548373
OS 1.4658324 1.3549831
OS 1.4664156 1.3549831
OS 1.4670717 1.3549102
OE
OB 1.5888876 1.3546915 I
OS 1.5893979 1.3546186
OS 1.590054 1.354327
OS 1.5901998 1.3542541
OS 1.5904914 1.3541083
OS 1.590783 1.3538896
OS 1.5910746 1.353598
OS 1.5911475 1.3535251
OS 1.5912933 1.3533793
OS 1.5913662 1.3530877
OS 1.5914391 1.3527232
OS 1.5914391 1.3526503
OS 1.5913662 1.3524316
OS 1.5912933 1.3520671
OS 1.5910017 1.3516297
OS 1.579119 1.3334047
OS 1.579119 1.3205014
OS 1.579119 1.3204285
OS 1.579119 1.3203556
OS 1.5790461 1.3199182
OS 1.5789003 1.3194808
OS 1.5786087 1.3190434
OS 1.5785358 1.3189705
OS 1.5781713 1.3188247
OS 1.577661 1.3186789
OS 1.5768591 1.318606
OS 1.5766404 1.318606
OS 1.576203 1.3186789
OS 1.5756198 1.3188247
OS 1.5751095 1.3190434
OS 1.5750366 1.3191163
OS 1.5748908 1.3194079
OS 1.5746721 1.3198453
OS 1.5745992 1.3205014
OS 1.5745992 1.3334047
OS 1.5627165 1.3516297
OS 1.5626436 1.3517755
OS 1.5624978 1.3519942
OS 1.562352 1.3523587
OS 1.5622791 1.3527232
OS 1.5622791 1.3527961
OS 1.562352 1.3530148
OS 1.5624249 1.3533064
OS 1.5625707 1.353598
OS 1.5626436 1.3536709
OS 1.5628623 1.3538167
OS 1.5631539 1.3540354
OS 1.5636642 1.354327
OS 1.5637371 1.354327
OS 1.56381 1.3543999
OS 1.5642474 1.3545457
OS 1.5647577 1.3546915
OS 1.565268 1.3547644
OS 1.5654138 1.3547644
OS 1.5657783 1.3546915
OS 1.5662157 1.3543999
OS 1.5664344 1.3541812
OS 1.5666531 1.3538896
OS 1.5768591 1.3381432
OS 1.5870651 1.3538896
OS 1.5870651 1.3539625
OS 1.587138 1.3540354
OS 1.5874296 1.354327
OS 1.587867 1.3546186
OS 1.5881586 1.3547644
OS 1.588596 1.3547644
OS 1.5888876 1.3546915
OE
OB 1.1117571 1.3545457 I
OS 1.1123403 1.3544728
OS 1.112559 1.354327
OS 1.1127777 1.3541812
OS 1.1128506 1.3541083
OS 1.1130693 1.3538167
OS 1.1132151 1.3533793
OS 1.113288 1.3526503
OS 1.113288 1.3199911
OS 1.113288 1.3198453
OS 1.1132151 1.3195537
OS 1.1130693 1.3191163
OS 1.1127048 1.3187518
OS 1.1126319 1.3186789
OS 1.1123403 1.3185331
OS 1.1117571 1.3183144
OS 1.1110281 1.3182415
OS 1.1108823 1.3182415
OS 1.1105907 1.3183144
OS 1.1100804 1.3184602
OS 1.109643 1.3186789
OS 1.1095701 1.3187518
OS 1.1092785 1.3189705
OS 1.108914 1.319335
OS 1.1085495 1.3198453
OS 1.0915638 1.3463809
OS 1.091418 1.3463809
OS 1.091418 1.3205014
OS 1.091418 1.3204285
OS 1.091418 1.3203556
OS 1.0913451 1.3199182
OS 1.0911993 1.3194808
OS 1.0909077 1.3190434
OS 1.0908348 1.3189705
OS 1.0905432 1.3188247
OS 1.0900329 1.3186789
OS 1.0893039 1.318606
OS 1.0890123 1.318606
OS 1.0885749 1.3186789
OS 1.0879917 1.3188247
OS 1.0874814 1.3190434
OS 1.0874085 1.3191163
OS 1.0872627 1.3194079
OS 1.0871169 1.3198453
OS 1.087044 1.3205014
OS 1.087044 1.3526503
OS 1.087044 1.3527232
OS 1.087044 1.3527961
OS 1.0871169 1.3532335
OS 1.0872627 1.3537438
OS 1.0875543 1.3541812
OS 1.0876272 1.3542541
OS 1.0879917 1.3543999
OS 1.088502 1.3545457
OS 1.0893039 1.3546186
OS 1.0903245 1.3546186
OS 1.0905432 1.3545457
OS 1.0908348 1.3545457
OS 1.091418 1.3542541
OS 1.0917096 1.3540354
OS 1.0919283 1.3537438
OS 1.1087682 1.3274269
OS 1.108914 1.3274269
OS 1.108914 1.3526503
OS 1.108914 1.3527232
OS 1.108914 1.3527961
OS 1.1089869 1.3532335
OS 1.1091327 1.3537438
OS 1.1093514 1.3541812
OS 1.1094243 1.3542541
OS 1.1097888 1.3543999
OS 1.1102991 1.3545457
OS 1.111101 1.3546186
OS 1.1113197 1.3546186
OS 1.1117571 1.3545457
OE
OB 1.725648 1.3542541 I
OS 1.7264499 1.3541812
OS 1.7273976 1.3540354
OS 1.7283453 1.3538167
OS 1.7293659 1.3535251
OS 1.7303136 1.3530877
OS 1.7304594 1.3530148
OS 1.730751 1.352869
OS 1.7311884 1.3525774
OS 1.7316987 1.3522129
OS 1.7322819 1.3517026
OS 1.732938 1.3511194
OS 1.7335212 1.3503904
OS 1.7340315 1.3495885
OS 1.7341044 1.3495156
OS 1.7342502 1.349224
OS 1.734396 1.3487137
OS 1.7346876 1.3481305
OS 1.7349063 1.3474015
OS 1.7350521 1.3465267
OS 1.7351979 1.345579
OS 1.7352708 1.3444855
OS 1.7352708 1.3444126
OS 1.7352708 1.344121
OS 1.7351979 1.3436836
OS 1.735125 1.3431004
OS 1.7350521 1.3424443
OS 1.7348334 1.3417153
OS 1.7346147 1.3410592
OS 1.7342502 1.3403302
OS 1.7341773 1.3402573
OS 1.7340315 1.3400386
OS 1.7338128 1.339747
OS 1.7335212 1.3393096
OS 1.7330838 1.3388722
OS 1.7325735 1.3383619
OS 1.7319903 1.3379245
OS 1.7313342 1.3374871
OS 1.73148 1.3374142
OS 1.7317716 1.3372684
OS 1.7322819 1.3370497
OS 1.732938 1.3366852
OS 1.733667 1.3361749
OS 1.734396 1.3356646
OS 1.7350521 1.3350085
OS 1.7357082 1.3342066
OS 1.7357811 1.3341337
OS 1.7359269 1.3338421
OS 1.7362185 1.3334047
OS 1.7365101 1.3327486
OS 1.7367288 1.3319467
OS 1.7370204 1.3310719
OS 1.7371662 1.3300513
OS 1.7372391 1.3288849
OS 1.7372391 1.3287391
OS 1.7372391 1.3283746
OS 1.7371662 1.3277914
OS 1.7370933 1.3270624
OS 1.7369475 1.3261876
OS 1.7366559 1.3253128
OS 1.7363643 1.3243651
OS 1.7359269 1.3234903
OS 1.735854 1.3234174
OS 1.7357082 1.3231258
OS 1.7353437 1.3226884
OS 1.7349792 1.322251
OS 1.734396 1.3216678
OS 1.7337399 1.3210846
OS 1.732938 1.3205743
OS 1.7319903 1.320064
OS 1.7318445 1.3199911
OS 1.7315529 1.3199182
OS 1.7309697 1.3196995
OS 1.7302407 1.3194808
OS 1.7293659 1.3192621
OS 1.7282724 1.3191163
OS 1.727106 1.3189705
OS 1.7257938 1.3188976
OS 1.7130363 1.3188976
OS 1.7125989 1.3189705
OS 1.7121615 1.3191163
OS 1.7117241 1.319335
OS 1.7116512 1.3194079
OS 1.7115054 1.3196995
OS 1.7113596 1.3201369
OS 1.7112867 1.3208659
OS 1.7112867 1.3522858
OS 1.7112867 1.3523587
OS 1.7112867 1.3524316
OS 1.7113596 1.352869
OS 1.7115054 1.3533793
OS 1.7117241 1.3538167
OS 1.711797 1.3538896
OS 1.7120886 1.3541083
OS 1.712526 1.3542541
OS 1.7131821 1.354327
OS 1.7249919 1.354327
OS 1.725648 1.3542541
OE
OB 1.4396613 1.3476202 I
OS 1.4401716 1.3473286
OS 1.4404632 1.3471099
OS 1.4407548 1.3468183
OS 1.4408277 1.3467454
OS 1.4409006 1.3466725
OS 1.4411922 1.346308
OS 1.4414838 1.3457977
OS 1.4416296 1.345579
OS 1.4416296 1.3452874
OS 1.4416296 1.3451416
OS 1.4415567 1.34485
OS 1.441338 1.3444855
OS 1.4409735 1.3439752
OS 1.4332461 1.3362478
OS 1.4409735 1.3285204
OS 1.4410464 1.3283746
OS 1.441338 1.328083
OS 1.4415567 1.3277185
OS 1.4416296 1.3272082
OS 1.4416296 1.3270624
OS 1.4415567 1.3267708
OS 1.4412651 1.3262605
OS 1.4410464 1.3259689
OS 1.4407548 1.3256773
OS 1.4406819 1.3256773
OS 1.440609 1.3255315
OS 1.4402445 1.3252399
OS 1.4397342 1.3249483
OS 1.4395155 1.3248754
OS 1.4392239 1.3248025
OS 1.4390781 1.3248025
OS 1.4387865 1.3248754
OS 1.438422 1.3250941
OS 1.4379117 1.3254586
OS 1.4301843 1.333186
OS 1.4224569 1.3254586
OS 1.4223111 1.3253857
OS 1.4220195 1.325167
OS 1.421655 1.3248754
OS 1.4211447 1.3248025
OS 1.4209989 1.3248025
OS 1.4207073 1.3249483
OS 1.420197 1.325167
OS 1.4199054 1.3253857
OS 1.4196138 1.3256773
OS 1.4196138 1.3257502
OS 1.419468 1.3258231
OS 1.4191764 1.3261876
OS 1.4188848 1.3266979
OS 1.4188119 1.3269895
OS 1.418739 1.3272082
OS 1.418739 1.327354
OS 1.4188119 1.3276456
OS 1.4190306 1.3280101
OS 1.419468 1.3285204
OS 1.4271225 1.3362478
OS 1.419468 1.3439752
OS 1.4193222 1.344121
OS 1.4191035 1.3444126
OS 1.4188848 1.3447771
OS 1.418739 1.3452874
OS 1.418739 1.3454332
OS 1.4188848 1.3457248
OS 1.4191035 1.3462351
OS 1.4193222 1.3465267
OS 1.4196138 1.3468183
OS 1.4196867 1.3468912
OS 1.4197596 1.3469641
OS 1.4201241 1.3472557
OS 1.4206344 1.3475473
OS 1.420926 1.3476931
OS 1.4212905 1.3476931
OS 1.4215821 1.3476202
OS 1.4219466 1.3474015
OS 1.4224569 1.3469641
OS 1.4301843 1.3393096
OS 1.4379117 1.3469641
OS 1.4380575 1.3471099
OS 1.4383491 1.3473286
OS 1.4387136 1.3475473
OS 1.4392239 1.3476931
OS 1.4393697 1.3476931
OS 1.4396613 1.3476202
OE
OB 1.7237526 1.3500259 H
OS 1.7158065 1.3500259
OS 1.7158065 1.339018
OS 1.7243358 1.339018
OS 1.724919 1.3390909
OS 1.7257209 1.3391638
OS 1.7265228 1.3393825
OS 1.7273976 1.3396012
OS 1.7281995 1.3399657
OS 1.7289285 1.3404031
OS 1.7290014 1.340476
OS 1.7292201 1.3406947
OS 1.7295117 1.3409863
OS 1.7298033 1.3414966
OS 1.7300949 1.3420069
OS 1.7303865 1.3427359
OS 1.7306052 1.3435378
OS 1.7306781 1.3444855
OS 1.7306781 1.3445584
OS 1.7306781 1.3447042
OS 1.7306052 1.3449958
OS 1.7306052 1.3453603
OS 1.7303136 1.3462351
OS 1.7300949 1.3467454
OS 1.7298033 1.3472557
OS 1.7294388 1.347766
OS 1.7290014 1.3482763
OS 1.7284182 1.3487137
OS 1.7277621 1.3491511
OS 1.7269602 1.3495156
OS 1.7260125 1.3498072
OS 1.7249919 1.349953
OS 1.7237526 1.3500259
OE
OB 1.6136736 1.3500259 H
OS 1.6066752 1.3500259
OS 1.6066752 1.3348627
OS 1.6144026 1.3348627
OS 1.6152045 1.3349356
OS 1.6161522 1.3350814
OS 1.6172457 1.335373
OS 1.6183392 1.3356646
OS 1.6193598 1.3361749
OS 1.6203075 1.336831
OS 1.6203804 1.3369039
OS 1.620672 1.3371955
OS 1.6210365 1.3376329
OS 1.6214739 1.338289
OS 1.6219113 1.339018
OS 1.6222758 1.3399657
OS 1.6225674 1.3411321
OS 1.6226403 1.3423714
OS 1.6226403 1.3424443
OS 1.6226403 1.3425172
OS 1.6226403 1.3429546
OS 1.6224945 1.3436107
OS 1.6223487 1.3444126
OS 1.6220571 1.3453603
OS 1.6216926 1.346308
OS 1.6211094 1.3471828
OS 1.6203075 1.3479847
OS 1.6202346 1.3480576
OS 1.6198701 1.3482763
OS 1.6193598 1.3486408
OS 1.6186308 1.3490053
OS 1.6176831 1.3493698
OS 1.6165896 1.3497343
OS 1.6152045 1.349953
OS 1.6136736 1.3500259
OE
OB 1.1393133 1.348495 H
OS 1.1287428 1.3321654
OS 1.1390217 1.3321654
OS 1.1393133 1.348495
OE
OB 1.3947549 1.3362478 H
OS 1.3935156 1.3362478
OS 1.3930782 1.3361749
OS 1.3925679 1.3361749
OS 1.3919847 1.3360291
OS 1.3913286 1.3358833
OS 1.3905996 1.3357375
OS 1.3899435 1.3354459
OS 1.3898706 1.3354459
OS 1.3896519 1.3353001
OS 1.3893603 1.3350814
OS 1.3889958 1.3348627
OS 1.388121 1.3341337
OS 1.3872462 1.333186
OS 1.3871733 1.3331131
OS 1.3871004 1.3329673
OS 1.3869546 1.3326028
OS 1.3868088 1.3322383
OS 1.3865901 1.331728
OS 1.3864443 1.3311448
OS 1.3863714 1.3304887
OS 1.3862985 1.3298326
OS 1.3862985 1.3297597
OS 1.3862985 1.3294681
OS 1.3863714 1.3291036
OS 1.3864443 1.3285933
OS 1.3865172 1.3280101
OS 1.3867359 1.3274269
OS 1.3869546 1.3267708
OS 1.3872462 1.3261147
OS 1.3873191 1.3260418
OS 1.387392 1.3258231
OS 1.3876107 1.3255315
OS 1.3879023 1.325167
OS 1.3883397 1.3248025
OS 1.3887771 1.3243651
OS 1.3892874 1.3239277
OS 1.3898706 1.3235632
OS 1.3899435 1.3234903
OS 1.3901622 1.3234174
OS 1.3905267 1.3232716
OS 1.391037 1.3231258
OS 1.3916202 1.3229071
OS 1.3922763 1.3227613
OS 1.3930782 1.3226884
OS 1.3938801 1.3226155
OS 1.3942446 1.3226155
OS 1.394682 1.3226884
OS 1.3951923 1.3226884
OS 1.3958484 1.3228342
OS 1.3965045 1.32298
OS 1.3971606 1.3231258
OS 1.3978167 1.3234174
OS 1.3978896 1.3234903
OS 1.3981083 1.3235632
OS 1.3983999 1.3237819
OS 1.3988373 1.3240735
OS 1.3997121 1.3248025
OS 1.4001495 1.3253128
OS 1.400514 1.3258231
OS 1.4005869 1.325896
OS 1.4006598 1.3261147
OS 1.4008056 1.3264063
OS 1.4010243 1.3268437
OS 1.4011701 1.327354
OS 1.4013159 1.3280101
OS 1.4013888 1.3286662
OS 1.4014617 1.3293952
OS 1.4014617 1.3294681
OS 1.4014617 1.3297597
OS 1.4013888 1.3301242
OS 1.4013159 1.3306345
OS 1.4010972 1.3318009
OS 1.4008056 1.3323841
OS 1.400514 1.3329673
OS 1.4004411 1.3330402
OS 1.4003682 1.3332589
OS 1.4001495 1.3335505
OS 1.3998579 1.3338421
OS 1.3994934 1.3342795
OS 1.399056 1.334644
OS 1.3984728 1.3350085
OS 1.3978896 1.335373
OS 1.3978167 1.3354459
OS 1.397598 1.3355188
OS 1.3972335 1.3356646
OS 1.3967961 1.3358104
OS 1.39614 1.3359562
OS 1.3954839 1.336102
OS 1.3947549 1.3362478
OE
OB 1.2114114 1.3362478 H
OS 1.2101721 1.3362478
OS 1.2097347 1.3361749
OS 1.2092244 1.3361749
OS 1.2086412 1.3360291
OS 1.2079851 1.3358833
OS 1.2072561 1.3357375
OS 1.2066 1.3354459
OS 1.2065271 1.3354459
OS 1.2063084 1.3353001
OS 1.2060168 1.3350814
OS 1.2056523 1.3348627
OS 1.2047775 1.3341337
OS 1.2039027 1.333186
OS 1.2038298 1.3331131
OS 1.2037569 1.3329673
OS 1.2036111 1.3326028
OS 1.2034653 1.3322383
OS 1.2032466 1.331728
OS 1.2031008 1.3311448
OS 1.2030279 1.3304887
OS 1.202955 1.3298326
OS 1.202955 1.3297597
OS 1.202955 1.3294681
OS 1.2030279 1.3291036
OS 1.2031008 1.3285933
OS 1.2031737 1.3280101
OS 1.2033924 1.3274269
OS 1.2036111 1.3267708
OS 1.2039027 1.3261147
OS 1.2039756 1.3260418
OS 1.2040485 1.3258231
OS 1.2042672 1.3255315
OS 1.2045588 1.325167
OS 1.2049962 1.3248025
OS 1.2054336 1.3243651
OS 1.2059439 1.3239277
OS 1.2065271 1.3235632
OS 1.2066 1.3234903
OS 1.2068187 1.3234174
OS 1.2071832 1.3232716
OS 1.2076935 1.3231258
OS 1.2082767 1.3229071
OS 1.2089328 1.3227613
OS 1.2097347 1.3226884
OS 1.2105366 1.3226155
OS 1.2109011 1.3226155
OS 1.2113385 1.3226884
OS 1.2118488 1.3226884
OS 1.2125049 1.3228342
OS 1.213161 1.32298
OS 1.2138171 1.3231258
OS 1.2144732 1.3234174
OS 1.2145461 1.3234903
OS 1.2147648 1.3235632
OS 1.2150564 1.3237819
OS 1.2154938 1.3240735
OS 1.2163686 1.3248025
OS 1.216806 1.3253128
OS 1.2171705 1.3258231
OS 1.2172434 1.325896
OS 1.2173163 1.3261147
OS 1.2174621 1.3264063
OS 1.2176808 1.3268437
OS 1.2178266 1.327354
OS 1.2179724 1.3280101
OS 1.2180453 1.3286662
OS 1.2181182 1.3293952
OS 1.2181182 1.3294681
OS 1.2181182 1.3297597
OS 1.2180453 1.3301242
OS 1.2179724 1.3306345
OS 1.2177537 1.3318009
OS 1.2174621 1.3323841
OS 1.2171705 1.3329673
OS 1.2170976 1.3330402
OS 1.2170247 1.3332589
OS 1.216806 1.3335505
OS 1.2165144 1.3338421
OS 1.2161499 1.3342795
OS 1.2157125 1.334644
OS 1.2151293 1.3350085
OS 1.2145461 1.335373
OS 1.2144732 1.3354459
OS 1.2142545 1.3355188
OS 1.21389 1.3356646
OS 1.2134526 1.3358104
OS 1.2127965 1.3359562
OS 1.2121404 1.336102
OS 1.2114114 1.3362478
OE
OB 1.7250648 1.3347169 H
OS 1.7158065 1.3347169
OS 1.7158065 1.3231987
OS 1.7257938 1.3231987
OS 1.7264499 1.3232716
OS 1.7272518 1.3233445
OS 1.7281266 1.3235632
OS 1.7290014 1.3237819
OS 1.7298762 1.3241464
OS 1.7306781 1.3245838
OS 1.730751 1.3246567
OS 1.7309697 1.3248754
OS 1.7313342 1.325167
OS 1.7316987 1.3256773
OS 1.7319903 1.3262605
OS 1.7323548 1.3269895
OS 1.7325735 1.3278643
OS 1.7326464 1.3288849
OS 1.7326464 1.3290307
OS 1.7326464 1.3293952
OS 1.7325735 1.3299055
OS 1.7324277 1.3305616
OS 1.732209 1.3312177
OS 1.7318445 1.3319467
OS 1.7314071 1.3326757
OS 1.730751 1.3332589
OS 1.7306781 1.3333318
OS 1.7303865 1.3334776
OS 1.7299491 1.3336963
OS 1.7293659 1.3339879
OS 1.728564 1.3342795
OS 1.7275434 1.3344982
OS 1.726377 1.334644
OS 1.7250648 1.3347169
OE
OB 1.025079 1.3500259 H
OS 1.0182264 1.3500259
OS 1.0182264 1.3231987
OS 1.0256622 1.3231987
OS 1.0263183 1.3232716
OS 1.0271931 1.3234174
OS 1.0281408 1.3235632
OS 1.0292343 1.3237819
OS 1.0302549 1.3241464
OS 1.0312755 1.3246567
OS 1.0314213 1.3247296
OS 1.0317129 1.3249483
OS 1.0321503 1.3253128
OS 1.0327335 1.3258231
OS 1.0333896 1.3264063
OS 1.0340457 1.3272082
OS 1.0347018 1.3281559
OS 1.035285 1.3291765
OS 1.0353579 1.3293223
OS 1.0355037 1.3297597
OS 1.0357224 1.3303429
OS 1.036014 1.3312177
OS 1.0363056 1.3323112
OS 1.0365243 1.3335505
OS 1.0366701 1.3350085
OS 1.036743 1.3365394
OS 1.036743 1.3366123
OS 1.036743 1.3367581
OS 1.036743 1.3369768
OS 1.036743 1.3372684
OS 1.0366701 1.3380703
OS 1.0365972 1.3390909
OS 1.0363785 1.3402573
OS 1.0361598 1.3414966
OS 1.0357953 1.3427359
OS 1.035285 1.3439023
OS 1.0352121 1.3440481
OS 1.0350663 1.3444126
OS 1.0347018 1.3449229
OS 1.0342644 1.3456519
OS 1.0336812 1.3463809
OS 1.0330251 1.3471099
OS 1.0322232 1.3478389
OS 1.0312755 1.348495
OS 1.0311297 1.3485679
OS 1.0308381 1.3487137
OS 1.0302549 1.3490053
OS 1.0295259 1.3492969
OS 1.0285782 1.3495156
OS 1.0275576 1.3498072
OS 1.0263912 1.349953
OS 1.025079 1.3500259
OE
SE
S P 0
OB 1.3538035 3.1365252 I
OS 1.3546054 3.1364523
OS 1.3555531 3.1363065
OS 1.3565737 3.1360878
OS 1.3575943 3.1357962
OS 1.3586149 3.1353588
OS 1.3587607 3.1352859
OS 1.3590523 3.1351401
OS 1.3594897 3.1348485
OS 1.3600729 3.1344111
OS 1.360729 3.1339008
OS 1.3613851 3.1333176
OS 1.3620412 3.1325886
OS 1.3626244 3.1317138
OS 1.3626973 3.1316409
OS 1.3628431 3.1312764
OS 1.3630618 3.130839
OS 1.3633534 3.13011
OS 1.3635721 3.1293081
OS 1.3637908 3.1283604
OS 1.3639366 3.1272669
OS 1.3640095 3.1261005
OS 1.3640095 3.1259547
OS 1.3640095 3.1255902
OS 1.3639366 3.125007
OS 1.3638637 3.124278
OS 1.363645 3.1234032
OS 1.3634263 3.1224555
OS 1.3630618 3.1215078
OS 1.3625515 3.1204872
OS 1.3624786 3.1203414
OS 1.3622599 3.1200498
OS 1.3618954 3.1195395
OS 1.361458 3.1188105
OS 1.3608019 3.1179357
OS 1.36 3.116988
OS 1.3590523 3.1158945
OS 1.3579588 3.1147281
OS 1.3481173 3.1048137
OS 1.3635721 3.1048137
OS 1.3640095 3.1047408
OS 1.3644469 3.104595
OS 1.3648843 3.1043034
OS 1.3649572 3.1042305
OS 1.365103 3.1039389
OS 1.3652488 3.1033557
OS 1.3653217 3.1026267
OS 1.3653217 3.1025538
OS 1.3653217 3.102408
OS 1.3652488 3.1019706
OS 1.3651759 3.1014603
OS 1.3648843 3.10095
OS 1.3648114 3.1008771
OS 1.3645198 3.1007313
OS 1.3640824 3.1005855
OS 1.3634263 3.1005126
OS 1.3425769 3.1005126
OS 1.3421395 3.1005855
OS 1.3417021 3.1007313
OS 1.3412647 3.10095
OS 1.3411918 3.1010229
OS 1.341046 3.1013145
OS 1.3409002 3.1017519
OS 1.3408273 3.1024809
OS 1.3408273 3.1025538
OS 1.3408273 3.1026996
OS 1.3409002 3.103137
OS 1.341046 3.1036473
OS 1.3412647 3.1040847
OS 1.3544596 3.1174254
OS 1.3546054 3.1175712
OS 1.354897 3.1178628
OS 1.3554073 3.1183731
OS 1.3559176 3.1190292
OS 1.3565737 3.1197582
OS 1.3572298 3.1205601
OS 1.3577401 3.121362
OS 1.3582504 3.122091
OS 1.3583233 3.1221639
OS 1.3584691 3.1224555
OS 1.3586149 3.12282
OS 1.3588336 3.1233303
OS 1.3590523 3.1239135
OS 1.359271 3.1245696
OS 1.3593439 3.1252986
OS 1.3594168 3.1261005
OS 1.3594168 3.1262463
OS 1.3594168 3.1265379
OS 1.3593439 3.1271211
OS 1.3591981 3.1277043
OS 1.3589794 3.1284333
OS 1.3586149 3.1291623
OS 1.3581775 3.1298913
OS 1.3575943 3.1305474
OS 1.3575214 3.1306203
OS 1.3573027 3.1307661
OS 1.3568653 3.1310577
OS 1.356355 3.1313493
OS 1.355626 3.1316409
OS 1.3547512 3.1319325
OS 1.3538035 3.1320783
OS 1.3526371 3.1321512
OS 1.3519081 3.1321512
OS 1.3513978 3.1320783
OS 1.3507417 3.1320054
OS 1.3500856 3.1318596
OS 1.3484818 3.1314222
OS 1.3484089 3.1314222
OS 1.3481173 3.1312764
OS 1.3477528 3.1311306
OS 1.3471696 3.1309119
OS 1.3465864 3.1306203
OS 1.3459303 3.1302558
OS 1.3445452 3.129381
OS 1.3444723 3.1293081
OS 1.3442536 3.1292352
OS 1.3438891 3.1290894
OS 1.3435246 3.1290165
OS 1.3433788 3.1290165
OS 1.3429414 3.1291623
OS 1.3426498 3.1293081
OS 1.3423582 3.1295268
OS 1.3420666 3.1298184
OS 1.341775 3.1302558
OS 1.341775 3.1303287
OS 1.3417021 3.1304016
OS 1.3415563 3.1307661
OS 1.3413376 3.1312035
OS 1.3412647 3.1317138
OS 1.3412647 3.1317867
OS 1.3412647 3.1318596
OS 1.3414105 3.1322241
OS 1.3416292 3.1326615
OS 1.3418479 3.1329531
OS 1.3421395 3.1331718
OS 1.3422124 3.1332447
OS 1.342504 3.1334634
OS 1.3430143 3.133755
OS 1.3435975 3.1341195
OS 1.3443994 3.134484
OS 1.3452013 3.1349214
OS 1.346149 3.1352859
OS 1.3471696 3.1356504
OS 1.3473154 3.1357233
OS 1.3476799 3.1357962
OS 1.3481902 3.135942
OS 1.3489192 3.1361607
OS 1.3497211 3.1363065
OS 1.3505959 3.1364523
OS 1.3516165 3.1365252
OS 1.3525642 3.1365981
OS 1.3531474 3.1365981
OS 1.3538035 3.1365252
OE
OB 1.2547324 3.1358691 I
OS 1.2551698 3.1357233
OS 1.2556072 3.1354317
OS 1.2556801 3.1353588
OS 1.2558259 3.1350672
OS 1.2559717 3.134484
OS 1.2560446 3.133755
OS 1.2560446 3.1336821
OS 1.2560446 3.1335363
OS 1.2559717 3.1330989
OS 1.2558988 3.1325886
OS 1.2556072 3.1320783
OS 1.2555343 3.1320054
OS 1.2552427 3.1318596
OS 1.2548053 3.1317138
OS 1.2541492 3.1316409
OS 1.2367261 3.1316409
OS 1.2367261 3.1196853
OS 1.2508687 3.1196853
OS 1.2513061 3.1196124
OS 1.2517435 3.1194666
OS 1.252108 3.119175
OS 1.2521809 3.1191021
OS 1.2523267 3.1188105
OS 1.2524725 3.1183002
OS 1.2525454 3.1175712
OS 1.2525454 3.1174983
OS 1.2525454 3.1173525
OS 1.2524725 3.1169151
OS 1.2523996 3.1164048
OS 1.252108 3.1158945
OS 1.2520351 3.1158216
OS 1.2518164 3.1156758
OS 1.251379 3.1154571
OS 1.2507229 3.1153842
OS 1.2367261 3.1153842
OS 1.2367261 3.1021164
OS 1.2367261 3.1020435
OS 1.2367261 3.1019706
OS 1.2366532 3.1015332
OS 1.2365074 3.1010958
OS 1.2362158 3.1006584
OS 1.2361429 3.1005855
OS 1.2358513 3.1004397
OS 1.235341 3.1002939
OS 1.2349765 3.100221
OS 1.2342475 3.100221
OS 1.2338101 3.1002939
OS 1.2332269 3.1004397
OS 1.2327166 3.1006584
OS 1.2326437 3.1007313
OS 1.2324979 3.1010229
OS 1.2323521 3.1014603
OS 1.2322792 3.1021164
OS 1.2322792 3.1339008
OS 1.2322792 3.1339737
OS 1.2322792 3.1340466
OS 1.2323521 3.134484
OS 1.2324979 3.1349943
OS 1.2327166 3.1354317
OS 1.2327895 3.1355046
OS 1.2330811 3.1357233
OS 1.2335185 3.1358691
OS 1.2341746 3.135942
OS 1.254295 3.135942
OS 1.2547324 3.1358691
OE
OB 1.2077848 3.1365252 I
OS 1.2082951 3.1364523
OS 1.2093886 3.1363065
OS 1.2107008 3.1360149
OS 1.212013 3.1356504
OS 1.2133981 3.1350672
OS 1.2147832 3.1342653
OS 1.2148561 3.1342653
OS 1.214929 3.1341924
OS 1.2153664 3.1338279
OS 1.2160225 3.1333176
OS 1.2168244 3.1325886
OS 1.2176992 3.1317138
OS 1.2186469 3.1305474
OS 1.2195217 3.1293081
OS 1.2203236 3.1277772
OS 1.2203236 3.1277043
OS 1.2203965 3.1275585
OS 1.2205423 3.1273398
OS 1.2206152 3.1270482
OS 1.220761 3.1266837
OS 1.2209797 3.1261734
OS 1.2213442 3.125007
OS 1.2216358 3.1236219
OS 1.2220003 3.1219452
OS 1.222219 3.1201227
OS 1.2222919 3.1181544
OS 1.2222919 3.1180815
OS 1.2222919 3.1179357
OS 1.2222919 3.1176441
OS 1.2222919 3.1172796
OS 1.222219 3.1168422
OS 1.222219 3.1163319
OS 1.2220732 3.1150926
OS 1.2218545 3.1137075
OS 1.2215629 3.1121766
OS 1.2211255 3.1105728
OS 1.2205423 3.1090419
OS 1.2205423 3.108969
OS 1.2204694 3.1088961
OS 1.2203965 3.1086774
OS 1.2202507 3.1083858
OS 1.2198133 3.1076568
OS 1.219303 3.106782
OS 1.2186469 3.1057614
OS 1.2177721 3.1047408
OS 1.2168244 3.1037202
OS 1.2157309 3.1027725
OS 1.2182095 3.0989088
OS 1.2182824 3.0988359
OS 1.2184282 3.0985443
OS 1.218574 3.0981069
OS 1.2186469 3.0977424
OS 1.2186469 3.0976695
OS 1.2186469 3.0975966
OS 1.2185011 3.0972321
OS 1.2183553 3.0969405
OS 1.2181366 3.0966489
OS 1.217845 3.0963573
OS 1.2174076 3.0960657
OS 1.2173347 3.0960657
OS 1.2172618 3.0959928
OS 1.2168973 3.095847
OS 1.216387 3.0956283
OS 1.2158767 3.0955554
OS 1.2157309 3.0955554
OS 1.2153664 3.0957012
OS 1.214929 3.0959928
OS 1.2146374 3.0962115
OS 1.2144187 3.0965031
OS 1.2117943 3.1006584
OS 1.2117214 3.1006584
OS 1.2113569 3.1005126
OS 1.2109195 3.1004397
OS 1.2102634 3.1002939
OS 1.2094615 3.1001481
OS 1.2085867 3.1000023
OS 1.207639 3.0999294
OS 1.2066184 3.0998565
OS 1.206181 3.0998565
OS 1.2058165 3.0999294
OS 1.205452 3.0999294
OS 1.2049417 3.1000023
OS 1.2038482 3.1001481
OS 1.202536 3.1004397
OS 1.2011509 3.1008042
OS 1.1997658 3.1013874
OS 1.1983807 3.1021164
OS 1.1983078 3.1021164
OS 1.1982349 3.1021893
OS 1.1977975 3.1025538
OS 1.1971414 3.1030641
OS 1.1964124 3.1037931
OS 1.1955376 3.1046679
OS 1.1945899 3.1057614
OS 1.1937151 3.1070736
OS 1.1929132 3.1085316
OS 1.1929132 3.1086045
OS 1.1928403 3.1087503
OS 1.1927674 3.108969
OS 1.1926216 3.1092606
OS 1.1924758 3.109698
OS 1.1922571 3.1101354
OS 1.1919655 3.1113018
OS 1.191601 3.1126869
OS 1.1912365 3.1143636
OS 1.1910178 3.1161861
OS 1.1909449 3.1181544
OS 1.1909449 3.1182273
OS 1.1909449 3.1183731
OS 1.1909449 3.1186647
OS 1.1909449 3.1191021
OS 1.1910178 3.1195395
OS 1.1910178 3.1201227
OS 1.1911636 3.1214349
OS 1.1914552 3.1228929
OS 1.1917468 3.1244967
OS 1.1922571 3.1261734
OS 1.1929132 3.1277772
OS 1.1929132 3.1278501
OS 1.1929861 3.1279959
OS 1.1931319 3.1282146
OS 1.1932777 3.1285062
OS 1.1937151 3.1292352
OS 1.1943712 3.1301829
OS 1.1951002 3.1312035
OS 1.1960479 3.132297
OS 1.1971414 3.1333176
OS 1.1983807 3.1342653
OS 1.1984536 3.1342653
OS 1.1985265 3.1343382
OS 1.1987452 3.134484
OS 1.1990368 3.1346298
OS 1.1997658 3.1349943
OS 1.2007864 3.1354317
OS 1.2019528 3.1358691
OS 1.2033379 3.1362336
OS 1.2049417 3.1365252
OS 1.2066184 3.1365981
OS 1.2074203 3.1365981
OS 1.2077848 3.1365252
OE
OB 1.2915469 3.1361607 I
OS 1.2921301 3.1360878
OS 1.2923488 3.135942
OS 1.2925675 3.1357962
OS 1.2926404 3.1357233
OS 1.2928591 3.1354317
OS 1.2930049 3.1349943
OS 1.2930778 3.1342653
OS 1.2930778 3.1016061
OS 1.2930778 3.1014603
OS 1.2930049 3.1011687
OS 1.2928591 3.1007313
OS 1.2924946 3.1003668
OS 1.2924217 3.1002939
OS 1.2921301 3.1001481
OS 1.2915469 3.0999294
OS 1.2908179 3.0998565
OS 1.2906721 3.0998565
OS 1.2903805 3.0999294
OS 1.2898702 3.1000752
OS 1.2894328 3.1002939
OS 1.2893599 3.1003668
OS 1.2890683 3.1005855
OS 1.2887038 3.10095
OS 1.2883393 3.1014603
OS 1.2713536 3.1279959
OS 1.2712078 3.1279959
OS 1.2712078 3.1021164
OS 1.2712078 3.1020435
OS 1.2712078 3.1019706
OS 1.2711349 3.1015332
OS 1.2709891 3.1010958
OS 1.2706975 3.1006584
OS 1.2706246 3.1005855
OS 1.270333 3.1004397
OS 1.2698227 3.1002939
OS 1.2690937 3.100221
OS 1.2688021 3.100221
OS 1.2683647 3.1002939
OS 1.2677815 3.1004397
OS 1.2672712 3.1006584
OS 1.2671983 3.1007313
OS 1.2670525 3.1010229
OS 1.2669067 3.1014603
OS 1.2668338 3.1021164
OS 1.2668338 3.1342653
OS 1.2668338 3.1343382
OS 1.2668338 3.1344111
OS 1.2669067 3.1348485
OS 1.2670525 3.1353588
OS 1.2673441 3.1357962
OS 1.267417 3.1358691
OS 1.2677815 3.1360149
OS 1.2682918 3.1361607
OS 1.2690937 3.1362336
OS 1.2701143 3.1362336
OS 1.270333 3.1361607
OS 1.2706246 3.1361607
OS 1.2712078 3.1358691
OS 1.2714994 3.1356504
OS 1.2717181 3.1353588
OS 1.288558 3.1090419
OS 1.2887038 3.1090419
OS 1.2887038 3.1342653
OS 1.2887038 3.1343382
OS 1.2887038 3.1344111
OS 1.2887767 3.1348485
OS 1.2889225 3.1353588
OS 1.2891412 3.1357962
OS 1.2892141 3.1358691
OS 1.2895786 3.1360149
OS 1.2900889 3.1361607
OS 1.2908908 3.1362336
OS 1.2911095 3.1362336
OS 1.2915469 3.1361607
OE
OB 1.3168432 3.1365252 I
OS 1.3176451 3.1364523
OS 1.3185928 3.1363065
OS 1.3195405 3.1360878
OS 1.3205611 3.1357962
OS 1.3215817 3.1353588
OS 1.3217275 3.1352859
OS 1.3220191 3.1351401
OS 1.3224565 3.1348485
OS 1.3230397 3.134484
OS 1.3236958 3.1340466
OS 1.3243519 3.1333905
OS 1.325008 3.1327344
OS 1.3255912 3.1319325
OS 1.3256641 3.1318596
OS 1.3258099 3.131568
OS 1.3260286 3.1310577
OS 1.3263202 3.1304745
OS 1.3265389 3.1297455
OS 1.3267576 3.1287978
OS 1.3269034 3.1278501
OS 1.3269763 3.1267566
OS 1.3269763 3.1266108
OS 1.3269763 3.1263192
OS 1.3269034 3.1258089
OS 1.3268305 3.1252257
OS 1.3266847 3.1244967
OS 1.326466 3.1237677
OS 1.3261744 3.1229658
OS 1.325737 3.1222368
OS 1.3256641 3.1221639
OS 1.3255183 3.1219452
OS 1.3252267 3.1215807
OS 1.3248622 3.1212162
OS 1.3244248 3.1207059
OS 1.3238416 3.1202685
OS 1.3231855 3.1197582
OS 1.3224565 3.1193208
OS 1.3226023 3.1192479
OS 1.3228939 3.1191021
OS 1.3233313 3.1188834
OS 1.3239874 3.1185189
OS 1.3246435 3.1180086
OS 1.3252996 3.1174983
OS 1.3259557 3.1168422
OS 1.3265389 3.1160403
OS 1.3266118 3.1159674
OS 1.3267576 3.1156758
OS 1.3270492 3.1151655
OS 1.3273408 3.1145823
OS 1.3275595 3.1137804
OS 1.3278511 3.1129056
OS 1.3279969 3.111885
OS 1.3280698 3.1107915
OS 1.3280698 3.1106457
OS 1.3280698 3.1102083
OS 1.3279969 3.1096251
OS 1.327924 3.1088232
OS 1.3277053 3.1079484
OS 1.3274866 3.1070007
OS 1.3271221 3.1059801
OS 1.3266118 3.1050324
OS 1.3265389 3.1049595
OS 1.3263202 3.104595
OS 1.3260286 3.1041576
OS 1.3255912 3.1036473
OS 1.325008 3.1029912
OS 1.324279 3.1023351
OS 1.3234042 3.1017519
OS 1.3224565 3.1011687
OS 1.3223107 3.1010958
OS 1.3219462 3.10095
OS 1.321363 3.1007313
OS 1.3205611 3.1005126
OS 1.3196134 3.1002939
OS 1.3185199 3.1000752
OS 1.3172077 3.0999294
OS 1.3158226 3.0998565
OS 1.3153123 3.0998565
OS 1.3147291 3.0999294
OS 1.3140001 3.1000023
OS 1.3131253 3.1000752
OS 1.3121047 3.1002939
OS 1.3110112 3.1005126
OS 1.3099177 3.1008042
OS 1.3097719 3.1008771
OS 1.3094074 3.1010229
OS 1.3088242 3.1012416
OS 1.3081681 3.1015332
OS 1.3072933 3.1018977
OS 1.3064185 3.102408
OS 1.3054708 3.1029912
OS 1.304596 3.1035744
OS 1.3044502 3.1037202
OS 1.3041586 3.1040118
OS 1.303867 3.1045221
OS 1.3037941 3.1048137
OS 1.3037212 3.1051053
OS 1.3037212 3.1051782
OS 1.3037941 3.1055427
OS 1.3039399 3.1059801
OS 1.3042315 3.1065633
OS 1.3042315 3.1066362
OS 1.3043773 3.106782
OS 1.3047418 3.1072194
OS 1.3052521 3.1075839
OS 1.3055437 3.1077297
OS 1.3059082 3.1078026
OS 1.3059811 3.1078026
OS 1.3061998 3.1077297
OS 1.3065643 3.1076568
OS 1.3069288 3.1074381
OS 1.3070017 3.1073652
OS 1.3072933 3.1072194
OS 1.3076578 3.1069278
OS 1.3081681 3.1065633
OS 1.3088242 3.1061988
OS 1.3095532 3.1057614
OS 1.311157 3.1050324
OS 1.3112299 3.1050324
OS 1.3115944 3.1048866
OS 1.3120318 3.1048137
OS 1.312615 3.1046679
OS 1.313344 3.1045221
OS 1.3141459 3.1043763
OS 1.3149478 3.1043034
OS 1.3158226 3.1042305
OS 1.3164058 3.1042305
OS 1.3171348 3.1043034
OS 1.3179367 3.1044492
OS 1.3188115 3.1046679
OS 1.3197592 3.1049595
OS 1.3207069 3.1053969
OS 1.3215088 3.1059801
OS 1.3215817 3.106053
OS 1.3218004 3.1062717
OS 1.3221649 3.1067091
OS 1.3225294 3.1072194
OS 1.322821 3.1079484
OS 1.3231855 3.1087503
OS 1.3234042 3.109698
OS 1.3234771 3.1107915
OS 1.3234771 3.1109373
OS 1.3234771 3.1113018
OS 1.3234042 3.1118121
OS 1.3232584 3.1125411
OS 1.3229668 3.1132701
OS 1.3226752 3.114072
OS 1.3221649 3.114801
OS 1.3215088 3.1154571
OS 1.3214359 3.11553
OS 1.3211443 3.1156758
OS 1.3207069 3.1159674
OS 1.3200508 3.116259
OS 1.3193218 3.1165506
OS 1.3183741 3.1168422
OS 1.3172077 3.116988
OS 1.3159684 3.1170609
OS 1.3137085 3.1170609
OS 1.3132711 3.1171338
OS 1.3128337 3.1172796
OS 1.3123963 3.1174983
OS 1.3123234 3.1175712
OS 1.3121776 3.1178628
OS 1.3120318 3.1183731
OS 1.3119589 3.1191021
OS 1.3119589 3.119175
OS 1.3119589 3.1192479
OS 1.3120318 3.1196853
OS 1.3121776 3.1201956
OS 1.3123963 3.120633
OS 1.3124692 3.1207059
OS 1.3127608 3.1209246
OS 1.3131982 3.1210704
OS 1.3138543 3.1211433
OS 1.3160413 3.1211433
OS 1.3166245 3.1212162
OS 1.3174264 3.1212891
OS 1.3182283 3.1215078
OS 1.3191031 3.1217265
OS 1.319905 3.122091
OS 1.320634 3.1225284
OS 1.3207069 3.1226013
OS 1.3209256 3.12282
OS 1.3212172 3.1231116
OS 1.3215088 3.1236219
OS 1.3218004 3.1242051
OS 1.322092 3.1249341
OS 1.3223107 3.1258089
OS 1.3223836 3.1267566
OS 1.3223836 3.1269024
OS 1.3223836 3.127194
OS 1.3223107 3.1276314
OS 1.3221649 3.1282146
OS 1.3219462 3.1287978
OS 1.3216546 3.1294539
OS 1.3212172 3.13011
OS 1.320634 3.1306932
OS 1.3205611 3.1307661
OS 1.3203424 3.1309119
OS 1.319905 3.1311306
OS 1.3193947 3.1314222
OS 1.3186657 3.1317138
OS 1.3177909 3.1319325
OS 1.3168432 3.1320783
OS 1.3156768 3.1321512
OS 1.3150207 3.1321512
OS 1.3142188 3.1320054
OS 1.3131982 3.1318596
OS 1.3119589 3.131568
OS 1.3106467 3.1311306
OS 1.3091887 3.1305474
OS 1.3077307 3.1297455
OS 1.3076578 3.1296726
OS 1.3074391 3.1295997
OS 1.3071475 3.1295268
OS 1.306783 3.1294539
OS 1.3066372 3.1294539
OS 1.3061998 3.1295997
OS 1.3059811 3.1297455
OS 1.3056895 3.1300371
OS 1.3053979 3.1303287
OS 1.3051063 3.1307661
OS 1.3051063 3.130839
OS 1.3050334 3.1309119
OS 1.3049605 3.1312764
OS 1.3048147 3.1317138
OS 1.3047418 3.1322241
OS 1.3047418 3.132297
OS 1.3047418 3.1323699
OS 1.3048876 3.1327344
OS 1.3051792 3.1332447
OS 1.3053979 3.1334634
OS 1.3056895 3.1336821
OS 1.3057624 3.1336821
OS 1.3059082 3.1338279
OS 1.3061998 3.1339737
OS 1.3064914 3.1341195
OS 1.3069288 3.1343382
OS 1.307512 3.1346298
OS 1.3080952 3.1348485
OS 1.3087513 3.1351401
OS 1.3102093 3.1356504
OS 1.311886 3.1361607
OS 1.3137085 3.1364523
OS 1.3156039 3.1365981
OS 1.3161871 3.1365981
OS 1.3168432 3.1365252
OE
OB 1.2066184 3.1321512 H
OS 1.2060352 3.1321512
OS 1.205452 3.1320783
OS 1.2046501 3.1319325
OS 1.2037753 3.1317138
OS 1.2027547 3.1314222
OS 1.201807 3.1310577
OS 1.2007864 3.1304745
OS 1.2007135 3.1304016
OS 1.200349 3.1301829
OS 1.1999116 3.1297455
OS 1.1994013 3.1292352
OS 1.1987452 3.1285791
OS 1.1980891 3.1277043
OS 1.1975059 3.1267566
OS 1.1969227 3.1255902
OS 1.1968498 3.1254444
OS 1.196704 3.125007
OS 1.1964853 3.1243509
OS 1.1962666 3.1234761
OS 1.195975 3.1223826
OS 1.1957563 3.1211433
OS 1.1956105 3.1196853
OS 1.1955376 3.1181544
OS 1.1955376 3.1180815
OS 1.1955376 3.1179357
OS 1.1955376 3.117717
OS 1.1955376 3.1174254
OS 1.1956105 3.1166235
OS 1.1956834 3.1156758
OS 1.1959021 3.1145094
OS 1.1961208 3.1132701
OS 1.1964853 3.1119579
OS 1.1969227 3.1107186
OS 1.1969956 3.1105728
OS 1.1972143 3.1102083
OS 1.1975059 3.1096251
OS 1.1979433 3.108969
OS 1.1984536 3.1081671
OS 1.1991097 3.1073652
OS 1.1999116 3.1065633
OS 1.2007864 3.1059072
OS 1.2009322 3.1058343
OS 1.2012238 3.1056156
OS 1.2017341 3.1053969
OS 1.2024631 3.1051053
OS 1.2033379 3.1047408
OS 1.2042856 3.1045221
OS 1.2053791 3.1043034
OS 1.2066184 3.1042305
OS 1.2071287 3.1042305
OS 1.2074932 3.1043034
OS 1.208368 3.1043763
OS 1.2092428 3.1045221
OS 1.2061081 3.1094064
OS 1.2061081 3.1094793
OS 1.2060352 3.1095522
OS 1.2058894 3.1098438
OS 1.2057436 3.1102812
OS 1.2056707 3.1106457
OS 1.2056707 3.1107186
OS 1.2056707 3.1107915
OS 1.2058165 3.111156
OS 1.2059623 3.1113747
OS 1.2062539 3.1116663
OS 1.2065455 3.1120308
OS 1.2069829 3.1123224
OS 1.2070558 3.1123224
OS 1.2071287 3.1123953
OS 1.2074932 3.112614
OS 1.2079306 3.1128327
OS 1.2084409 3.1129056
OS 1.2085867 3.1129056
OS 1.2089512 3.1127598
OS 1.2093886 3.1124682
OS 1.2096802 3.1122495
OS 1.2098989 3.111885
OS 1.2132523 3.1065633
OS 1.2133252 3.1066362
OS 1.2136168 3.1068549
OS 1.2139813 3.1072923
OS 1.2144916 3.1078026
OS 1.2150019 3.1084587
OS 1.2155122 3.1093335
OS 1.2160954 3.1102083
OS 1.2165328 3.1113018
OS 1.2166057 3.1114476
OS 1.2167515 3.1118121
OS 1.2168973 3.1124682
OS 1.217116 3.1132701
OS 1.2173347 3.1142907
OS 1.2175534 3.1154571
OS 1.2176263 3.1167693
OS 1.2176992 3.1181544
OS 1.2176992 3.1182273
OS 1.2176992 3.1183731
OS 1.2176992 3.1185918
OS 1.2176992 3.1188834
OS 1.2176263 3.1196853
OS 1.2175534 3.1207059
OS 1.2173347 3.1218723
OS 1.217116 3.1231116
OS 1.2167515 3.1243509
OS 1.2163141 3.1255902
OS 1.2163141 3.1256631
OS 1.2162412 3.125736
OS 1.2160954 3.1261005
OS 1.2157309 3.1266837
OS 1.2152935 3.1274127
OS 1.2147832 3.1282146
OS 1.2141271 3.1290165
OS 1.2133252 3.1298184
OS 1.2124504 3.1304745
OS 1.2123046 3.1305474
OS 1.212013 3.1307661
OS 1.2115027 3.1309848
OS 1.2107737 3.1313493
OS 1.2099718 3.1316409
OS 1.2089512 3.1318596
OS 1.2078577 3.1320783
OS 1.2066184 3.1321512
OE
SE
S P 0
OB 1.2857514 3.0883966 I
OS 1.2861888 3.0882508
OS 1.2866262 3.0879592
OS 1.2866991 3.0878863
OS 1.2868449 3.0875947
OS 1.2869907 3.0870115
OS 1.2870636 3.0862825
OS 1.2870636 3.0862096
OS 1.2870636 3.0860638
OS 1.2869907 3.0856264
OS 1.2869178 3.0851161
OS 1.2866262 3.0846058
OS 1.2865533 3.0845329
OS 1.2862617 3.0843871
OS 1.2858243 3.0842413
OS 1.2851682 3.0841684
OS 1.2712443 3.0841684
OS 1.2708798 3.0748372
OS 1.2710256 3.0749101
OS 1.2713901 3.0751288
OS 1.2719733 3.0753475
OS 1.2727752 3.075712
OS 1.2737958 3.0760036
OS 1.2748164 3.0762223
OS 1.2760557 3.076441
OS 1.277295 3.0765139
OS 1.2778782 3.0765139
OS 1.2785343 3.076441
OS 1.2794091 3.0762952
OS 1.2803568 3.0761494
OS 1.2814503 3.0758578
OS 1.2824709 3.0754933
OS 1.2834915 3.074983
OS 1.2836373 3.0749101
OS 1.2839289 3.0746914
OS 1.2843663 3.0743269
OS 1.2849495 3.0738895
OS 1.2856056 3.0733063
OS 1.2862617 3.0725773
OS 1.2869178 3.0717025
OS 1.2874281 3.0707548
OS 1.287501 3.070609
OS 1.2876468 3.0703174
OS 1.2878655 3.0697342
OS 1.2881571 3.0690052
OS 1.2883758 3.0680575
OS 1.2885945 3.0670369
OS 1.2887403 3.0657976
OS 1.2888132 3.0645583
OS 1.2888132 3.0644854
OS 1.2888132 3.0644125
OS 1.2888132 3.0639751
OS 1.2887403 3.063319
OS 1.2885945 3.0624442
OS 1.2884487 3.0614965
OS 1.2881571 3.0604759
OS 1.2877926 3.0593824
OS 1.2872823 3.0582889
OS 1.2872094 3.0581431
OS 1.2869907 3.0578515
OS 1.2866262 3.0573412
OS 1.2861888 3.0566851
OS 1.2855327 3.056029
OS 1.2848037 3.0553
OS 1.2839289 3.054571
OS 1.2829083 3.0539149
OS 1.2827625 3.053842
OS 1.282398 3.0536962
OS 1.2818148 3.0534046
OS 1.2810129 3.0531859
OS 1.2800652 3.0528943
OS 1.2788988 3.0526027
OS 1.2776595 3.0524569
OS 1.2762744 3.052384
OS 1.2757641 3.052384
OS 1.2752538 3.0524569
OS 1.2745248 3.0525298
OS 1.27365 3.0526027
OS 1.2726294 3.0528214
OS 1.2716088 3.0530401
OS 1.2705153 3.0533317
OS 1.2703695 3.0534046
OS 1.270005 3.0534775
OS 1.2694947 3.0536962
OS 1.2687657 3.0539878
OS 1.2679638 3.0543523
OS 1.267089 3.0547897
OS 1.2652665 3.0558832
OS 1.2651207 3.056029
OS 1.2648291 3.0563935
OS 1.2645375 3.0569038
OS 1.2644646 3.0571954
OS 1.2643917 3.057487
OS 1.2643917 3.0576328
OS 1.2644646 3.0579244
OS 1.2646104 3.0583618
OS 1.2648291 3.0588721
OS 1.264902 3.058945
OS 1.2649749 3.0590908
OS 1.2653394 3.0595282
OS 1.2659226 3.0598927
OS 1.2662142 3.0600385
OS 1.2665787 3.0601114
OS 1.2666516 3.0601114
OS 1.2668703 3.0600385
OS 1.2671619 3.0599656
OS 1.2675993 3.0597469
OS 1.2676722 3.059674
OS 1.2679638 3.0595282
OS 1.2683283 3.0592366
OS 1.2688386 3.058945
OS 1.2694218 3.0585805
OS 1.2701508 3.058216
OS 1.2717546 3.0575599
OS 1.2718275 3.0575599
OS 1.272192 3.0574141
OS 1.2726294 3.0573412
OS 1.2732126 3.0571954
OS 1.2738687 3.0570496
OS 1.2746706 3.0569038
OS 1.2754725 3.0568309
OS 1.2762744 3.056758
OS 1.2767118 3.056758
OS 1.2771492 3.0568309
OS 1.2777324 3.0569038
OS 1.2783885 3.0569767
OS 1.2791175 3.0571954
OS 1.2798465 3.0574141
OS 1.2805026 3.0577057
OS 1.2805755 3.0577786
OS 1.2807942 3.0579244
OS 1.2811587 3.0581431
OS 1.2815232 3.0584347
OS 1.2819606 3.0587992
OS 1.2824709 3.0593095
OS 1.2829083 3.0598927
OS 1.2832728 3.0604759
OS 1.2833457 3.0605488
OS 1.2834186 3.0607675
OS 1.2835644 3.061132
OS 1.2837831 3.0616423
OS 1.2839289 3.0622255
OS 1.2840747 3.0629545
OS 1.2841476 3.0636835
OS 1.2842205 3.0645583
OS 1.2842205 3.0646312
OS 1.2842205 3.0649228
OS 1.2841476 3.0653602
OS 1.2841476 3.0658705
OS 1.2840018 3.0664537
OS 1.283856 3.0671098
OS 1.2836373 3.0677659
OS 1.2833457 3.068422
OS 1.2832728 3.0684949
OS 1.2831999 3.0687136
OS 1.2829812 3.0690052
OS 1.2826896 3.0694426
OS 1.2823251 3.06988
OS 1.2818877 3.0703174
OS 1.2813774 3.0707548
OS 1.2807942 3.0711193
OS 1.2807213 3.0711922
OS 1.2805026 3.0712651
OS 1.2801381 3.0714109
OS 1.2797007 3.0716296
OS 1.2791175 3.0717754
OS 1.2784614 3.0719212
OS 1.2777324 3.0719941
OS 1.2769305 3.072067
OS 1.2762015 3.072067
OS 1.2756912 3.0719941
OS 1.275108 3.0719212
OS 1.2745248 3.0718483
OS 1.2732126 3.0715567
OS 1.2731397 3.0715567
OS 1.272921 3.0714838
OS 1.2726294 3.071338
OS 1.2722649 3.0711922
OS 1.2712443 3.0706819
OS 1.2701508 3.0699529
OS 1.2700779 3.06988
OS 1.2697863 3.0698071
OS 1.269276 3.0697342
OS 1.2686199 3.0696613
OS 1.2684012 3.0696613
OS 1.2679638 3.0697342
OS 1.2673806 3.06988
OS 1.2668703 3.0700987
OS 1.2667974 3.0701716
OS 1.2666516 3.0704632
OS 1.2664329 3.0709006
OS 1.26636 3.0715567
OS 1.2670161 3.0865012
OS 1.2670161 3.0865741
OS 1.2670161 3.086647
OS 1.267089 3.0870844
OS 1.2672348 3.0875218
OS 1.2675264 3.0879592
OS 1.2675993 3.0880321
OS 1.2679638 3.0882508
OS 1.2684741 3.0883966
OS 1.2692031 3.0884695
OS 1.285314 3.0884695
OS 1.2857514 3.0883966
OE
OB 1.212414 3.0883966 I
OS 1.2128514 3.0882508
OS 1.2132888 3.0879592
OS 1.2133617 3.0878863
OS 1.2135075 3.0875947
OS 1.2136533 3.0870115
OS 1.2137262 3.0862825
OS 1.2137262 3.0862096
OS 1.2137262 3.0860638
OS 1.2136533 3.0856264
OS 1.2135804 3.0851161
OS 1.2132888 3.0846058
OS 1.2132159 3.0845329
OS 1.2129243 3.0843871
OS 1.2124869 3.0842413
OS 1.2118308 3.0841684
OS 1.1979069 3.0841684
OS 1.1975424 3.0748372
OS 1.1976882 3.0749101
OS 1.1980527 3.0751288
OS 1.1986359 3.0753475
OS 1.1994378 3.075712
OS 1.2004584 3.0760036
OS 1.201479 3.0762223
OS 1.2027183 3.076441
OS 1.2039576 3.0765139
OS 1.2045408 3.0765139
OS 1.2051969 3.076441
OS 1.2060717 3.0762952
OS 1.2070194 3.0761494
OS 1.2081129 3.0758578
OS 1.2091335 3.0754933
OS 1.2101541 3.074983
OS 1.2102999 3.0749101
OS 1.2105915 3.0746914
OS 1.2110289 3.0743269
OS 1.2116121 3.0738895
OS 1.2122682 3.0733063
OS 1.2129243 3.0725773
OS 1.2135804 3.0717025
OS 1.2140907 3.0707548
OS 1.2141636 3.070609
OS 1.2143094 3.0703174
OS 1.2145281 3.0697342
OS 1.2148197 3.0690052
OS 1.2150384 3.0680575
OS 1.2152571 3.0670369
OS 1.2154029 3.0657976
OS 1.2154758 3.0645583
OS 1.2154758 3.0644854
OS 1.2154758 3.0644125
OS 1.2154758 3.0639751
OS 1.2154029 3.063319
OS 1.2152571 3.0624442
OS 1.2151113 3.0614965
OS 1.2148197 3.0604759
OS 1.2144552 3.0593824
OS 1.2139449 3.0582889
OS 1.213872 3.0581431
OS 1.2136533 3.0578515
OS 1.2132888 3.0573412
OS 1.2128514 3.0566851
OS 1.2121953 3.056029
OS 1.2114663 3.0553
OS 1.2105915 3.054571
OS 1.2095709 3.0539149
OS 1.2094251 3.053842
OS 1.2090606 3.0536962
OS 1.2084774 3.0534046
OS 1.2076755 3.0531859
OS 1.2067278 3.0528943
OS 1.2055614 3.0526027
OS 1.2043221 3.0524569
OS 1.202937 3.052384
OS 1.2024267 3.052384
OS 1.2019164 3.0524569
OS 1.2011874 3.0525298
OS 1.2003126 3.0526027
OS 1.199292 3.0528214
OS 1.1982714 3.0530401
OS 1.1971779 3.0533317
OS 1.1970321 3.0534046
OS 1.1966676 3.0534775
OS 1.1961573 3.0536962
OS 1.1954283 3.0539878
OS 1.1946264 3.0543523
OS 1.1937516 3.0547897
OS 1.1919291 3.0558832
OS 1.1917833 3.056029
OS 1.1914917 3.0563935
OS 1.1912001 3.0569038
OS 1.1911272 3.0571954
OS 1.1910543 3.057487
OS 1.1910543 3.0576328
OS 1.1911272 3.0579244
OS 1.191273 3.0583618
OS 1.1914917 3.0588721
OS 1.1915646 3.058945
OS 1.1916375 3.0590908
OS 1.192002 3.0595282
OS 1.1925852 3.0598927
OS 1.1928768 3.0600385
OS 1.1932413 3.0601114
OS 1.1933142 3.0601114
OS 1.1935329 3.0600385
OS 1.1938245 3.0599656
OS 1.1942619 3.0597469
OS 1.1943348 3.059674
OS 1.1946264 3.0595282
OS 1.1949909 3.0592366
OS 1.1955012 3.058945
OS 1.1960844 3.0585805
OS 1.1968134 3.058216
OS 1.1984172 3.0575599
OS 1.1984901 3.0575599
OS 1.1988546 3.0574141
OS 1.199292 3.0573412
OS 1.1998752 3.0571954
OS 1.2005313 3.0570496
OS 1.2013332 3.0569038
OS 1.2021351 3.0568309
OS 1.202937 3.056758
OS 1.2033744 3.056758
OS 1.2038118 3.0568309
OS 1.204395 3.0569038
OS 1.2050511 3.0569767
OS 1.2057801 3.0571954
OS 1.2065091 3.0574141
OS 1.2071652 3.0577057
OS 1.2072381 3.0577786
OS 1.2074568 3.0579244
OS 1.2078213 3.0581431
OS 1.2081858 3.0584347
OS 1.2086232 3.0587992
OS 1.2091335 3.0593095
OS 1.2095709 3.0598927
OS 1.2099354 3.0604759
OS 1.2100083 3.0605488
OS 1.2100812 3.0607675
OS 1.210227 3.061132
OS 1.2104457 3.0616423
OS 1.2105915 3.0622255
OS 1.2107373 3.0629545
OS 1.2108102 3.0636835
OS 1.2108831 3.0645583
OS 1.2108831 3.0646312
OS 1.2108831 3.0649228
OS 1.2108102 3.0653602
OS 1.2108102 3.0658705
OS 1.2106644 3.0664537
OS 1.2105186 3.0671098
OS 1.2102999 3.0677659
OS 1.2100083 3.068422
OS 1.2099354 3.0684949
OS 1.2098625 3.0687136
OS 1.2096438 3.0690052
OS 1.2093522 3.0694426
OS 1.2089877 3.06988
OS 1.2085503 3.0703174
OS 1.20804 3.0707548
OS 1.2074568 3.0711193
OS 1.2073839 3.0711922
OS 1.2071652 3.0712651
OS 1.2068007 3.0714109
OS 1.2063633 3.0716296
OS 1.2057801 3.0717754
OS 1.205124 3.0719212
OS 1.204395 3.0719941
OS 1.2035931 3.072067
OS 1.2028641 3.072067
OS 1.2023538 3.0719941
OS 1.2017706 3.0719212
OS 1.2011874 3.0718483
OS 1.1998752 3.0715567
OS 1.1998023 3.0715567
OS 1.1995836 3.0714838
OS 1.199292 3.071338
OS 1.1989275 3.0711922
OS 1.1979069 3.0706819
OS 1.1968134 3.0699529
OS 1.1967405 3.06988
OS 1.1964489 3.0698071
OS 1.1959386 3.0697342
OS 1.1952825 3.0696613
OS 1.1950638 3.0696613
OS 1.1946264 3.0697342
OS 1.1940432 3.06988
OS 1.1935329 3.0700987
OS 1.19346 3.0701716
OS 1.1933142 3.0704632
OS 1.1930955 3.0709006
OS 1.1930226 3.0715567
OS 1.1936787 3.0865012
OS 1.1936787 3.0865741
OS 1.1936787 3.086647
OS 1.1937516 3.0870844
OS 1.1938974 3.0875218
OS 1.194189 3.0879592
OS 1.1942619 3.0880321
OS 1.1946264 3.0882508
OS 1.1951367 3.0883966
OS 1.1958657 3.0884695
OS 1.2119766 3.0884695
OS 1.212414 3.0883966
OE
OB 1.2498846 3.0817627 I
OS 1.2503949 3.0814711
OS 1.2506865 3.0812524
OS 1.2509781 3.0809608
OS 1.251051 3.0808879
OS 1.2511239 3.080815
OS 1.2514155 3.0804505
OS 1.2517071 3.0799402
OS 1.2518529 3.0797215
OS 1.2518529 3.0794299
OS 1.2518529 3.0792841
OS 1.25178 3.0789925
OS 1.2515613 3.078628
OS 1.2511968 3.0781177
OS 1.2434694 3.0703903
OS 1.2511968 3.0626629
OS 1.2512697 3.0625171
OS 1.2515613 3.0622255
OS 1.25178 3.061861
OS 1.2518529 3.0613507
OS 1.2518529 3.0612049
OS 1.25178 3.0609133
OS 1.2514884 3.060403
OS 1.2512697 3.0601114
OS 1.2509781 3.0598198
OS 1.2509052 3.0598198
OS 1.2508323 3.059674
OS 1.2504678 3.0593824
OS 1.2499575 3.0590908
OS 1.2497388 3.0590179
OS 1.2494472 3.058945
OS 1.2493014 3.058945
OS 1.2490098 3.0590179
OS 1.2486453 3.0592366
OS 1.248135 3.0596011
OS 1.2404076 3.0673285
OS 1.2326802 3.0596011
OS 1.2325344 3.0595282
OS 1.2322428 3.0593095
OS 1.2318783 3.0590179
OS 1.231368 3.058945
OS 1.2312222 3.058945
OS 1.2309306 3.0590908
OS 1.2304203 3.0593095
OS 1.2301287 3.0595282
OS 1.2298371 3.0598198
OS 1.2298371 3.0598927
OS 1.2296913 3.0599656
OS 1.2293997 3.0603301
OS 1.2291081 3.0608404
OS 1.2290352 3.061132
OS 1.2289623 3.0613507
OS 1.2289623 3.0614965
OS 1.2290352 3.0617881
OS 1.2292539 3.0621526
OS 1.2296913 3.0626629
OS 1.2373458 3.0703903
OS 1.2296913 3.0781177
OS 1.2295455 3.0782635
OS 1.2293268 3.0785551
OS 1.2291081 3.0789196
OS 1.2289623 3.0794299
OS 1.2289623 3.0795757
OS 1.2291081 3.0798673
OS 1.2293268 3.0803776
OS 1.2295455 3.0806692
OS 1.2298371 3.0809608
OS 1.22991 3.0810337
OS 1.2299829 3.0811066
OS 1.2303474 3.0813982
OS 1.2308577 3.0816898
OS 1.2311493 3.0818356
OS 1.2315138 3.0818356
OS 1.2318054 3.0817627
OS 1.2321699 3.081544
OS 1.2326802 3.0811066
OS 1.2404076 3.0734521
OS 1.248135 3.0811066
OS 1.2482808 3.0812524
OS 1.2485724 3.0814711
OS 1.2489369 3.0816898
OS 1.2494472 3.0818356
OS 1.249593 3.0818356
OS 1.2498846 3.0817627
OE
OB 1.359672 3.0811795 I
OS 1.3600365 3.0811795
OS 1.3610571 3.0808879
OS 1.3616403 3.0806692
OS 1.3621506 3.0803776
OS 1.3622235 3.0803047
OS 1.3623693 3.0802318
OS 1.3626609 3.0800131
OS 1.3629525 3.0797215
OS 1.363317 3.079357
OS 1.3636815 3.0788467
OS 1.364046 3.0783364
OS 1.3643376 3.0776803
OS 1.3644105 3.0776074
OS 1.3644834 3.0773887
OS 1.3646292 3.0769513
OS 1.364775 3.076441
OS 1.3649208 3.0757849
OS 1.3650666 3.0750559
OS 1.3652124 3.0741811
OS 1.3652124 3.0732334
OS 1.3652124 3.0546439
OS 1.3652124 3.054571
OS 1.3652124 3.0544981
OS 1.3651395 3.0540607
OS 1.3649937 3.0536233
OS 1.3647021 3.0531859
OS 1.3646292 3.053113
OS 1.3643376 3.0529672
OS 1.3637544 3.0528214
OS 1.3630254 3.0527485
OS 1.3627338 3.0527485
OS 1.3622964 3.0528214
OS 1.3617132 3.0529672
OS 1.3612029 3.0531859
OS 1.36113 3.0532588
OS 1.3609842 3.0535504
OS 1.3607655 3.0539878
OS 1.3606926 3.0546439
OS 1.3606926 3.0727231
OS 1.3606926 3.072796
OS 1.3606926 3.0730876
OS 1.3606926 3.0734521
OS 1.3606197 3.0738895
OS 1.360401 3.0749101
OS 1.3602552 3.0753475
OS 1.3600365 3.0757849
OS 1.3600365 3.0758578
OS 1.3598907 3.0759307
OS 1.3595262 3.0762952
OS 1.3592346 3.0765139
OS 1.3588701 3.0766597
OS 1.3583598 3.0767326
OS 1.3578495 3.0768055
OS 1.3576308 3.0768055
OS 1.3573392 3.0767326
OS 1.3569747 3.0766597
OS 1.3566102 3.0765139
OS 1.3561728 3.0762223
OS 1.3556625 3.0759307
OS 1.3552251 3.0754933
OS 1.3551522 3.0754204
OS 1.3550064 3.0752746
OS 1.3547877 3.074983
OS 1.354569 3.0746185
OS 1.3542774 3.0741082
OS 1.3539129 3.0734521
OS 1.3536213 3.0727231
OS 1.3533297 3.0719212
OS 1.3533297 3.0718483
OS 1.3532568 3.0714838
OS 1.353111 3.0710464
OS 1.3530381 3.0703903
OS 1.3528923 3.0695884
OS 1.3527465 3.0687136
OS 1.3526736 3.0677659
OS 1.3526736 3.0666724
OS 1.3526736 3.0546439
OS 1.3526736 3.054571
OS 1.3526736 3.0544981
OS 1.3526007 3.0540607
OS 1.3524549 3.0536233
OS 1.3521633 3.0531859
OS 1.3520904 3.053113
OS 1.3517988 3.0529672
OS 1.3512885 3.0528214
OS 1.350924 3.0527485
OS 1.350195 3.0527485
OS 1.3497576 3.0528214
OS 1.3491744 3.0529672
OS 1.3486641 3.0531859
OS 1.3485912 3.0532588
OS 1.3484454 3.0535504
OS 1.3482996 3.0539878
OS 1.3482267 3.0546439
OS 1.3482267 3.0727231
OS 1.3482267 3.072796
OS 1.3482267 3.0730876
OS 1.3482267 3.0734521
OS 1.3481538 3.0738895
OS 1.3479351 3.0749101
OS 1.3477164 3.0753475
OS 1.3474977 3.0757849
OS 1.3474977 3.0758578
OS 1.3473519 3.0759307
OS 1.3469874 3.0762952
OS 1.3463313 3.0766597
OS 1.3458939 3.0767326
OS 1.3453836 3.0768055
OS 1.3451649 3.0768055
OS 1.3448733 3.0767326
OS 1.3445088 3.0766597
OS 1.3441443 3.0765139
OS 1.3437069 3.0762223
OS 1.3431966 3.0759307
OS 1.3427592 3.0754933
OS 1.3426863 3.0754204
OS 1.3425405 3.0752746
OS 1.3423218 3.074983
OS 1.3421031 3.0746185
OS 1.3418115 3.0741082
OS 1.341447 3.0734521
OS 1.3411554 3.0727231
OS 1.3408638 3.0719212
OS 1.3408638 3.0718483
OS 1.3407909 3.0714838
OS 1.3406451 3.0710464
OS 1.3405722 3.0703903
OS 1.3404264 3.0695884
OS 1.3402806 3.0687136
OS 1.3402077 3.0677659
OS 1.3402077 3.0666724
OS 1.3402077 3.0546439
OS 1.3402077 3.054571
OS 1.3402077 3.0544981
OS 1.3401348 3.0540607
OS 1.339989 3.0536233
OS 1.3396974 3.0531859
OS 1.3396245 3.053113
OS 1.33926 3.0529672
OS 1.3387497 3.0528214
OS 1.3379478 3.0527485
OS 1.3376562 3.0527485
OS 1.3372188 3.0528214
OS 1.3367085 3.0529672
OS 1.3361982 3.0531859
OS 1.3361253 3.0532588
OS 1.3359795 3.0535504
OS 1.3357608 3.0539878
OS 1.3356879 3.0546439
OS 1.3356879 3.0789925
OS 1.3356879 3.0790654
OS 1.3356879 3.0791383
OS 1.3357608 3.0795757
OS 1.3358337 3.0800131
OS 1.3360524 3.0804505
OS 1.3361253 3.0805234
OS 1.3364169 3.0806692
OS 1.3368543 3.080815
OS 1.3375833 3.0808879
OS 1.337802 3.0808879
OS 1.3382394 3.080815
OS 1.3387497 3.0807421
OS 1.3391142 3.0804505
OS 1.3391871 3.0803776
OS 1.3393329 3.080086
OS 1.3394787 3.0796486
OS 1.3395516 3.0789925
OS 1.3395516 3.0756391
OS 1.3396245 3.0757849
OS 1.3397703 3.0760765
OS 1.3400619 3.0765868
OS 1.3404264 3.07717
OS 1.3408638 3.077899
OS 1.3413741 3.0785551
OS 1.3419573 3.0792112
OS 1.3426134 3.0797944
OS 1.3426863 3.0798673
OS 1.342905 3.0800131
OS 1.3432695 3.0802318
OS 1.3437798 3.0805234
OS 1.344363 3.080815
OS 1.3450191 3.0810337
OS 1.3457481 3.0811795
OS 1.34655 3.0812524
OS 1.3469145 3.0812524
OS 1.347279 3.0811795
OS 1.3477893 3.0811066
OS 1.3482996 3.0808879
OS 1.3488828 3.0806692
OS 1.349466 3.0803047
OS 1.3500492 3.0798673
OS 1.3501221 3.0797944
OS 1.3502679 3.0796486
OS 1.3505595 3.0792841
OS 1.350924 3.0788467
OS 1.3512156 3.0782635
OS 1.3515801 3.0776074
OS 1.3518717 3.0768055
OS 1.3521633 3.0758578
OS 1.3521633 3.0759307
OS 1.3523091 3.0760765
OS 1.3524549 3.0763681
OS 1.3526736 3.0767326
OS 1.3531839 3.0775345
OS 1.3539858 3.0785551
OS 1.3550064 3.0795757
OS 1.3561728 3.0803776
OS 1.3568289 3.0807421
OS 1.357485 3.0810337
OS 1.358214 3.0811795
OS 1.3590159 3.0812524
OS 1.3593075 3.0812524
OS 1.359672 3.0811795
OE
OB 1.3230033 3.0811795 I
OS 1.3233678 3.0811795
OS 1.3243884 3.0808879
OS 1.3249716 3.0806692
OS 1.3254819 3.0803776
OS 1.3255548 3.0803047
OS 1.3257006 3.0802318
OS 1.3259922 3.0800131
OS 1.3262838 3.0797215
OS 1.3266483 3.079357
OS 1.3270128 3.0788467
OS 1.3273773 3.0783364
OS 1.3276689 3.0776803
OS 1.3277418 3.0776074
OS 1.3278147 3.0773887
OS 1.3279605 3.0769513
OS 1.3281063 3.076441
OS 1.3282521 3.0757849
OS 1.3283979 3.0750559
OS 1.3285437 3.0741811
OS 1.3285437 3.0732334
OS 1.3285437 3.0546439
OS 1.3285437 3.054571
OS 1.3285437 3.0544981
OS 1.3284708 3.0540607
OS 1.328325 3.0536233
OS 1.3280334 3.0531859
OS 1.3279605 3.053113
OS 1.3276689 3.0529672
OS 1.3270857 3.0528214
OS 1.3263567 3.0527485
OS 1.3260651 3.0527485
OS 1.3256277 3.0528214
OS 1.3250445 3.0529672
OS 1.3245342 3.0531859
OS 1.3244613 3.0532588
OS 1.3243155 3.0535504
OS 1.3240968 3.0539878
OS 1.3240239 3.0546439
OS 1.3240239 3.0727231
OS 1.3240239 3.072796
OS 1.3240239 3.0730876
OS 1.3240239 3.0734521
OS 1.323951 3.0738895
OS 1.3237323 3.0749101
OS 1.3235865 3.0753475
OS 1.3233678 3.0757849
OS 1.3233678 3.0758578
OS 1.323222 3.0759307
OS 1.3228575 3.0762952
OS 1.3225659 3.0765139
OS 1.3222014 3.0766597
OS 1.3216911 3.0767326
OS 1.3211808 3.0768055
OS 1.3209621 3.0768055
OS 1.3206705 3.0767326
OS 1.320306 3.0766597
OS 1.3199415 3.0765139
OS 1.3195041 3.0762223
OS 1.3189938 3.0759307
OS 1.3185564 3.0754933
OS 1.3184835 3.0754204
OS 1.3183377 3.0752746
OS 1.318119 3.074983
OS 1.3179003 3.0746185
OS 1.3176087 3.0741082
OS 1.3172442 3.0734521
OS 1.3169526 3.0727231
OS 1.316661 3.0719212
OS 1.316661 3.0718483
OS 1.3165881 3.0714838
OS 1.3164423 3.0710464
OS 1.3163694 3.0703903
OS 1.3162236 3.0695884
OS 1.3160778 3.0687136
OS 1.3160049 3.0677659
OS 1.3160049 3.0666724
OS 1.3160049 3.0546439
OS 1.3160049 3.054571
OS 1.3160049 3.0544981
OS 1.315932 3.0540607
OS 1.3157862 3.0536233
OS 1.3154946 3.0531859
OS 1.3154217 3.053113
OS 1.3151301 3.0529672
OS 1.3146198 3.0528214
OS 1.3142553 3.0527485
OS 1.3135263 3.0527485
OS 1.3130889 3.0528214
OS 1.3125057 3.0529672
OS 1.3119954 3.0531859
OS 1.3119225 3.0532588
OS 1.3117767 3.0535504
OS 1.3116309 3.0539878
OS 1.311558 3.0546439
OS 1.311558 3.0727231
OS 1.311558 3.072796
OS 1.311558 3.0730876
OS 1.311558 3.0734521
OS 1.3114851 3.0738895
OS 1.3112664 3.0749101
OS 1.3110477 3.0753475
OS 1.310829 3.0757849
OS 1.310829 3.0758578
OS 1.3106832 3.0759307
OS 1.3103187 3.0762952
OS 1.3096626 3.0766597
OS 1.3092252 3.0767326
OS 1.3087149 3.0768055
OS 1.3084962 3.0768055
OS 1.3082046 3.0767326
OS 1.3078401 3.0766597
OS 1.3074756 3.0765139
OS 1.3070382 3.0762223
OS 1.3065279 3.0759307
OS 1.3060905 3.0754933
OS 1.3060176 3.0754204
OS 1.3058718 3.0752746
OS 1.3056531 3.074983
OS 1.3054344 3.0746185
OS 1.3051428 3.0741082
OS 1.3047783 3.0734521
OS 1.3044867 3.0727231
OS 1.3041951 3.0719212
OS 1.3041951 3.0718483
OS 1.3041222 3.0714838
OS 1.3039764 3.0710464
OS 1.3039035 3.0703903
OS 1.3037577 3.0695884
OS 1.3036119 3.0687136
OS 1.303539 3.0677659
OS 1.303539 3.0666724
OS 1.303539 3.0546439
OS 1.303539 3.054571
OS 1.303539 3.0544981
OS 1.3034661 3.0540607
OS 1.3033203 3.0536233
OS 1.3030287 3.0531859
OS 1.3029558 3.053113
OS 1.3025913 3.0529672
OS 1.302081 3.0528214
OS 1.3012791 3.0527485
OS 1.3009875 3.0527485
OS 1.3005501 3.0528214
OS 1.3000398 3.0529672
OS 1.2995295 3.0531859
OS 1.2994566 3.0532588
OS 1.2993108 3.0535504
OS 1.2990921 3.0539878
OS 1.2990192 3.0546439
OS 1.2990192 3.0789925
OS 1.2990192 3.0790654
OS 1.2990192 3.0791383
OS 1.2990921 3.0795757
OS 1.299165 3.0800131
OS 1.2993837 3.0804505
OS 1.2994566 3.0805234
OS 1.2997482 3.0806692
OS 1.3001856 3.080815
OS 1.3009146 3.0808879
OS 1.3011333 3.0808879
OS 1.3015707 3.080815
OS 1.302081 3.0807421
OS 1.3024455 3.0804505
OS 1.3025184 3.0803776
OS 1.3026642 3.080086
OS 1.30281 3.0796486
OS 1.3028829 3.0789925
OS 1.3028829 3.0756391
OS 1.3029558 3.0757849
OS 1.3031016 3.0760765
OS 1.3033932 3.0765868
OS 1.3037577 3.07717
OS 1.3041951 3.077899
OS 1.3047054 3.0785551
OS 1.3052886 3.0792112
OS 1.3059447 3.0797944
OS 1.3060176 3.0798673
OS 1.3062363 3.0800131
OS 1.3066008 3.0802318
OS 1.3071111 3.0805234
OS 1.3076943 3.080815
OS 1.3083504 3.0810337
OS 1.3090794 3.0811795
OS 1.3098813 3.0812524
OS 1.3102458 3.0812524
OS 1.3106103 3.0811795
OS 1.3111206 3.0811066
OS 1.3116309 3.0808879
OS 1.3122141 3.0806692
OS 1.3127973 3.0803047
OS 1.3133805 3.0798673
OS 1.3134534 3.0797944
OS 1.3135992 3.0796486
OS 1.3138908 3.0792841
OS 1.3142553 3.0788467
OS 1.3145469 3.0782635
OS 1.3149114 3.0776074
OS 1.315203 3.0768055
OS 1.3154946 3.0758578
OS 1.3154946 3.0759307
OS 1.3156404 3.0760765
OS 1.3157862 3.0763681
OS 1.3160049 3.0767326
OS 1.3165152 3.0775345
OS 1.3173171 3.0785551
OS 1.3183377 3.0795757
OS 1.3195041 3.0803776
OS 1.3201602 3.0807421
OS 1.3208163 3.0810337
OS 1.3215453 3.0811795
OS 1.3223472 3.0812524
OS 1.3226388 3.0812524
OS 1.3230033 3.0811795
OE
SE
S P 0
OB 1.5833972 0.3312153 I
OS 1.584272 0.3310695
OS 1.5852926 0.3307779
OS 1.5863861 0.3304134
OS 1.5875525 0.3298302
OS 1.588646 0.3290283
OS 1.5887918 0.3289554
OS 1.5891563 0.3285909
OS 1.5896666 0.3280806
OS 1.5903227 0.3273516
OS 1.5910517 0.3264768
OS 1.5917807 0.3253833
OS 1.5924368 0.3240711
OS 1.5930929 0.3226131
OS 1.5930929 0.3225402
OS 1.5931658 0.3223944
OS 1.5932387 0.3221757
OS 1.5933116 0.3218841
OS 1.5934574 0.3214467
OS 1.5936032 0.3210093
OS 1.593749 0.3204261
OS 1.5938948 0.3198429
OS 1.5941864 0.3184578
OS 1.594478 0.3167811
OS 1.5946238 0.3149586
OS 1.5946967 0.3129174
OS 1.5946967 0.3128445
OS 1.5946967 0.3126987
OS 1.5946967 0.3124071
OS 1.5946967 0.3119697
OS 1.5946238 0.3115323
OS 1.5946238 0.3109491
OS 1.594478 0.3096369
OS 1.5943322 0.3081789
OS 1.5940406 0.3065751
OS 1.5936032 0.3048984
OS 1.5930929 0.3032946
OS 1.5930929 0.3032217
OS 1.59302 0.3031488
OS 1.5929471 0.3029301
OS 1.5928013 0.3026385
OS 1.5924368 0.3018366
OS 1.5919994 0.3009618
OS 1.5913433 0.2998683
OS 1.5905414 0.2988477
OS 1.5896666 0.2978271
OS 1.588646 0.2968794
OS 1.5885002 0.2968065
OS 1.5881357 0.2965149
OS 1.5875525 0.2961504
OS 1.5867506 0.2957859
OS 1.5858029 0.2953485
OS 1.5846365 0.294984
OS 1.5833972 0.2946924
OS 1.5820121 0.2946195
OS 1.5816476 0.2946195
OS 1.581356 0.2946924
OS 1.580627 0.2947653
OS 1.5797522 0.2949111
OS 1.5787316 0.2952027
OS 1.5775652 0.2955672
OS 1.5763988 0.2961504
OS 1.5753053 0.2968794
OS 1.5751595 0.2969523
OS 1.5748679 0.2973168
OS 1.5743576 0.2978271
OS 1.5737015 0.2985561
OS 1.5729725 0.2994309
OS 1.5722435 0.3005244
OS 1.5715145 0.3018366
OS 1.5708584 0.3032946
OS 1.5708584 0.3033675
OS 1.5707855 0.3035133
OS 1.5707126 0.303732
OS 1.5706397 0.3040236
OS 1.5704939 0.304461
OS 1.5703481 0.3048984
OS 1.5701294 0.3060648
OS 1.5698378 0.3074499
OS 1.5695462 0.3091266
OS 1.5694004 0.3109491
OS 1.5693275 0.3129174
OS 1.5693275 0.3129903
OS 1.5693275 0.3131361
OS 1.5693275 0.3134277
OS 1.5693275 0.3138651
OS 1.5694004 0.3143025
OS 1.5694004 0.3148857
OS 1.5695462 0.3161979
OS 1.569692 0.3177288
OS 1.5699836 0.3193326
OS 1.5703481 0.3210093
OS 1.5708584 0.3226131
OS 1.5708584 0.322686
OS 1.5709313 0.3228318
OS 1.5710042 0.3229776
OS 1.57115 0.3232692
OS 1.5715145 0.3240711
OS 1.5720248 0.3249459
OS 1.5726809 0.3260394
OS 1.5734099 0.32706
OS 1.5742847 0.3280806
OS 1.5753053 0.3290283
OS 1.5754511 0.3291012
OS 1.5758156 0.3293928
OS 1.5763988 0.3297573
OS 1.5772736 0.3301947
OS 1.5782213 0.3306321
OS 1.5793877 0.3309966
OS 1.580627 0.3312882
OS 1.5820121 0.3313611
OS 1.5826682 0.3313611
OS 1.5833972 0.3312153
OE
OB 1.5458537 0.3312882 I
OS 1.5466556 0.3312153
OS 1.5476033 0.3310695
OS 1.5486239 0.3308508
OS 1.5496445 0.3305592
OS 1.5506651 0.3301218
OS 1.5508109 0.3300489
OS 1.5511025 0.3299031
OS 1.5515399 0.3296115
OS 1.5521231 0.3291741
OS 1.5527792 0.3286638
OS 1.5534353 0.3280806
OS 1.5540914 0.3273516
OS 1.5546746 0.3264768
OS 1.5547475 0.3264039
OS 1.5548933 0.3260394
OS 1.555112 0.325602
OS 1.5554036 0.324873
OS 1.5556223 0.3240711
OS 1.555841 0.3231234
OS 1.5559868 0.3220299
OS 1.5560597 0.3208635
OS 1.5560597 0.3207177
OS 1.5560597 0.3203532
OS 1.5559868 0.31977
OS 1.5559139 0.319041
OS 1.5556952 0.3181662
OS 1.5554765 0.3172185
OS 1.555112 0.3162708
OS 1.5546017 0.3152502
OS 1.5545288 0.3151044
OS 1.5543101 0.3148128
OS 1.5539456 0.3143025
OS 1.5535082 0.3135735
OS 1.5528521 0.3126987
OS 1.5520502 0.311751
OS 1.5511025 0.3106575
OS 1.550009 0.3094911
OS 1.5401675 0.2995767
OS 1.5556223 0.2995767
OS 1.5560597 0.2995038
OS 1.5564971 0.299358
OS 1.5569345 0.2990664
OS 1.5570074 0.2989935
OS 1.5571532 0.2987019
OS 1.557299 0.2981187
OS 1.5573719 0.2973897
OS 1.5573719 0.2973168
OS 1.5573719 0.297171
OS 1.557299 0.2967336
OS 1.5572261 0.2962233
OS 1.5569345 0.295713
OS 1.5568616 0.2956401
OS 1.55657 0.2954943
OS 1.5561326 0.2953485
OS 1.5554765 0.2952756
OS 1.5346271 0.2952756
OS 1.5341897 0.2953485
OS 1.5337523 0.2954943
OS 1.5333149 0.295713
OS 1.533242 0.2957859
OS 1.5330962 0.2960775
OS 1.5329504 0.2965149
OS 1.5328775 0.2972439
OS 1.5328775 0.2973168
OS 1.5328775 0.2974626
OS 1.5329504 0.2979
OS 1.5330962 0.2984103
OS 1.5333149 0.2988477
OS 1.5465098 0.3121884
OS 1.5466556 0.3123342
OS 1.5469472 0.3126258
OS 1.5474575 0.3131361
OS 1.5479678 0.3137922
OS 1.5486239 0.3145212
OS 1.54928 0.3153231
OS 1.5497903 0.316125
OS 1.5503006 0.316854
OS 1.5503735 0.3169269
OS 1.5505193 0.3172185
OS 1.5506651 0.317583
OS 1.5508838 0.3180933
OS 1.5511025 0.3186765
OS 1.5513212 0.3193326
OS 1.5513941 0.3200616
OS 1.551467 0.3208635
OS 1.551467 0.3210093
OS 1.551467 0.3213009
OS 1.5513941 0.3218841
OS 1.5512483 0.3224673
OS 1.5510296 0.3231963
OS 1.5506651 0.3239253
OS 1.5502277 0.3246543
OS 1.5496445 0.3253104
OS 1.5495716 0.3253833
OS 1.5493529 0.3255291
OS 1.5489155 0.3258207
OS 1.5484052 0.3261123
OS 1.5476762 0.3264039
OS 1.5468014 0.3266955
OS 1.5458537 0.3268413
OS 1.5446873 0.3269142
OS 1.5439583 0.3269142
OS 1.543448 0.3268413
OS 1.5427919 0.3267684
OS 1.5421358 0.3266226
OS 1.540532 0.3261852
OS 1.5404591 0.3261852
OS 1.5401675 0.3260394
OS 1.539803 0.3258936
OS 1.5392198 0.3256749
OS 1.5386366 0.3253833
OS 1.5379805 0.3250188
OS 1.5365954 0.324144
OS 1.5365225 0.3240711
OS 1.5363038 0.3239982
OS 1.5359393 0.3238524
OS 1.5355748 0.3237795
OS 1.535429 0.3237795
OS 1.5349916 0.3239253
OS 1.5347 0.3240711
OS 1.5344084 0.3242898
OS 1.5341168 0.3245814
OS 1.5338252 0.3250188
OS 1.5338252 0.3250917
OS 1.5337523 0.3251646
OS 1.5336065 0.3255291
OS 1.5333878 0.3259665
OS 1.5333149 0.3264768
OS 1.5333149 0.3265497
OS 1.5333149 0.3266226
OS 1.5334607 0.3269871
OS 1.5336794 0.3274245
OS 1.5338981 0.3277161
OS 1.5341897 0.3279348
OS 1.5342626 0.3280077
OS 1.5345542 0.3282264
OS 1.5350645 0.328518
OS 1.5356477 0.3288825
OS 1.5364496 0.329247
OS 1.5372515 0.3296844
OS 1.5381992 0.3300489
OS 1.5392198 0.3304134
OS 1.5393656 0.3304863
OS 1.5397301 0.3305592
OS 1.5402404 0.330705
OS 1.5409694 0.3309237
OS 1.5417713 0.3310695
OS 1.5426461 0.3312153
OS 1.5436667 0.3312882
OS 1.5446144 0.3313611
OS 1.5451976 0.3313611
OS 1.5458537 0.3312882
OE
OB 1.6206491 0.3313611 I
OS 1.6210136 0.3312882
OS 1.6213781 0.3309966
OS 1.621451 0.3309237
OS 1.6215968 0.330705
OS 1.6217426 0.3302676
OS 1.6218155 0.3297573
OS 1.6218155 0.2995767
OS 1.6296158 0.2995767
OS 1.6299803 0.2995038
OS 1.6304906 0.299358
OS 1.6308551 0.2990664
OS 1.630928 0.2989935
OS 1.6310738 0.2987019
OS 1.6312196 0.2981187
OS 1.6312925 0.2973897
OS 1.6312925 0.2973168
OS 1.6312925 0.297171
OS 1.6312196 0.2967336
OS 1.6311467 0.2962233
OS 1.6308551 0.295713
OS 1.6307822 0.2956401
OS 1.6304906 0.2954943
OS 1.6300532 0.2953485
OS 1.62947 0.2952756
OS 1.6091309 0.2952756
OS 1.6086935 0.2953485
OS 1.6082561 0.2954943
OS 1.6078187 0.295713
OS 1.6077458 0.2957859
OS 1.6076729 0.2961504
OS 1.6075271 0.2966607
OS 1.6074542 0.2973897
OS 1.6074542 0.2974626
OS 1.6074542 0.2976084
OS 1.6075271 0.2980458
OS 1.6076 0.2985561
OS 1.6078187 0.2990664
OS 1.6078916 0.2991393
OS 1.6081832 0.299358
OS 1.6086206 0.2995038
OS 1.6092767 0.2995767
OS 1.6173686 0.2995767
OS 1.6173686 0.3249459
OS 1.6099328 0.3202803
OS 1.6098599 0.3202074
OS 1.6096412 0.3201345
OS 1.6093496 0.3200616
OS 1.6089851 0.3199887
OS 1.6088393 0.3199887
OS 1.6084019 0.3201345
OS 1.6081832 0.3202803
OS 1.6078916 0.320499
OS 1.6076 0.3207906
OS 1.6073084 0.321228
OS 1.6072355 0.3213738
OS 1.6071626 0.3216654
OS 1.6070168 0.3221028
OS 1.6069439 0.3226131
OS 1.6069439 0.322686
OS 1.6069439 0.3227589
OS 1.6070897 0.3231963
OS 1.6073084 0.3237066
OS 1.6075271 0.3239253
OS 1.6078187 0.324144
OS 1.6191182 0.3310695
OS 1.6191911 0.3311424
OS 1.6194827 0.3312882
OS 1.6198472 0.3313611
OS 1.6202846 0.331434
OS 1.6204304 0.331434
OS 1.6206491 0.3313611
OE
OB 1.6654826 0.3329649 I
OS 1.6657013 0.3328191
OS 1.6658471 0.3326004
OS 1.6659929 0.3323088
OS 1.6660658 0.3319443
OS 1.6660658 0.3316527
OS 1.6643891 0.3182391
OS 1.6643891 0.3180933
OS 1.6643162 0.3178017
OS 1.6640975 0.3173643
OS 1.6638059 0.3169998
OS 1.663733 0.3169269
OS 1.6634414 0.3167811
OS 1.663004 0.3166353
OS 1.6623479 0.3165624
OS 1.6622021 0.3165624
OS 1.6618376 0.3166353
OS 1.6614002 0.3167811
OS 1.6609628 0.3169998
OS 1.6608899 0.3170727
OS 1.6606712 0.3172914
OS 1.6604525 0.3177288
OS 1.6603067 0.3182391
OS 1.6587029 0.3316527
OS 1.6587029 0.3317256
OS 1.6587029 0.3318714
OS 1.6587758 0.3323817
OS 1.6589216 0.3326733
OS 1.6591403 0.332892
OS 1.6595048 0.3330378
OS 1.6599422 0.3331107
OS 1.6650452 0.3331107
OS 1.6654826 0.3329649
OE
OB 1.6517045 0.3329649 I
OS 1.6519232 0.3328191
OS 1.6521419 0.3326004
OS 1.6522877 0.3323088
OS 1.6523606 0.3319443
OS 1.6522877 0.3316527
OS 1.6506839 0.3182391
OS 1.6506839 0.3180933
OS 1.650611 0.3178017
OS 1.6503923 0.3173643
OS 1.6500278 0.3169998
OS 1.6499549 0.3169269
OS 1.6496633 0.3167811
OS 1.6492259 0.3166353
OS 1.6486427 0.3165624
OS 1.6484969 0.3165624
OS 1.6481324 0.3166353
OS 1.647695 0.3167811
OS 1.6471847 0.3169998
OS 1.6471118 0.3170727
OS 1.6468931 0.3172914
OS 1.6467473 0.3177288
OS 1.6466015 0.3182391
OS 1.6449248 0.3316527
OS 1.6449248 0.3317256
OS 1.6449248 0.3318714
OS 1.6449977 0.3323817
OS 1.6451435 0.3326733
OS 1.6453622 0.332892
OS 1.6457267 0.3330378
OS 1.6461641 0.3331107
OS 1.6512671 0.3331107
OS 1.6517045 0.3329649
OE
OB 1.5100598 0.3312153 I
OS 1.5109346 0.3310695
OS 1.5119552 0.3307779
OS 1.5130487 0.3304134
OS 1.5142151 0.3298302
OS 1.5153086 0.3290283
OS 1.5154544 0.3289554
OS 1.5158189 0.3285909
OS 1.5163292 0.3280806
OS 1.5169853 0.3273516
OS 1.5177143 0.3264768
OS 1.5184433 0.3253833
OS 1.5190994 0.3240711
OS 1.5197555 0.3226131
OS 1.5197555 0.3225402
OS 1.5198284 0.3223944
OS 1.5199013 0.3221757
OS 1.5199742 0.3218841
OS 1.52012 0.3214467
OS 1.5202658 0.3210093
OS 1.5204116 0.3204261
OS 1.5205574 0.3198429
OS 1.520849 0.3184578
OS 1.5211406 0.3167811
OS 1.5212864 0.3149586
OS 1.5213593 0.3129174
OS 1.5213593 0.3128445
OS 1.5213593 0.3126987
OS 1.5213593 0.3124071
OS 1.5213593 0.3119697
OS 1.5212864 0.3115323
OS 1.5212864 0.3109491
OS 1.5211406 0.3096369
OS 1.5209948 0.3081789
OS 1.5207032 0.3065751
OS 1.5202658 0.3048984
OS 1.5197555 0.3032946
OS 1.5197555 0.3032217
OS 1.5196826 0.3031488
OS 1.5196097 0.3029301
OS 1.5194639 0.3026385
OS 1.5190994 0.3018366
OS 1.518662 0.3009618
OS 1.5180059 0.2998683
OS 1.517204 0.2988477
OS 1.5163292 0.2978271
OS 1.5153086 0.2968794
OS 1.5151628 0.2968065
OS 1.5147983 0.2965149
OS 1.5142151 0.2961504
OS 1.5134132 0.2957859
OS 1.5124655 0.2953485
OS 1.5112991 0.294984
OS 1.5100598 0.2946924
OS 1.5086747 0.2946195
OS 1.5083102 0.2946195
OS 1.5080186 0.2946924
OS 1.5072896 0.2947653
OS 1.5064148 0.2949111
OS 1.5053942 0.2952027
OS 1.5042278 0.2955672
OS 1.5030614 0.2961504
OS 1.5019679 0.2968794
OS 1.5018221 0.2969523
OS 1.5015305 0.2973168
OS 1.5010202 0.2978271
OS 1.5003641 0.2985561
OS 1.4996351 0.2994309
OS 1.4989061 0.3005244
OS 1.4981771 0.3018366
OS 1.497521 0.3032946
OS 1.497521 0.3033675
OS 1.4974481 0.3035133
OS 1.4973752 0.303732
OS 1.4973023 0.3040236
OS 1.4971565 0.304461
OS 1.4970107 0.3048984
OS 1.496792 0.3060648
OS 1.4965004 0.3074499
OS 1.4962088 0.3091266
OS 1.496063 0.3109491
OS 1.4959901 0.3129174
OS 1.4959901 0.3129903
OS 1.4959901 0.3131361
OS 1.4959901 0.3134277
OS 1.4959901 0.3138651
OS 1.496063 0.3143025
OS 1.496063 0.3148857
OS 1.4962088 0.3161979
OS 1.4963546 0.3177288
OS 1.4966462 0.3193326
OS 1.4970107 0.3210093
OS 1.497521 0.3226131
OS 1.497521 0.322686
OS 1.4975939 0.3228318
OS 1.4976668 0.3229776
OS 1.4978126 0.3232692
OS 1.4981771 0.3240711
OS 1.4986874 0.3249459
OS 1.4993435 0.3260394
OS 1.5000725 0.32706
OS 1.5009473 0.3280806
OS 1.5019679 0.3290283
OS 1.5021137 0.3291012
OS 1.5024782 0.3293928
OS 1.5030614 0.3297573
OS 1.5039362 0.3301947
OS 1.5048839 0.3306321
OS 1.5060503 0.3309966
OS 1.5072896 0.3312882
OS 1.5086747 0.3313611
OS 1.5093308 0.3313611
OS 1.5100598 0.3312153
OE
OB 1.5086747 0.3269142 H
OS 1.5083102 0.3269142
OS 1.5078728 0.3268413
OS 1.5072896 0.3266955
OS 1.5066335 0.3264768
OS 1.5059045 0.3261852
OS 1.5052484 0.3258207
OS 1.5045194 0.3252375
OS 1.5044465 0.3251646
OS 1.5042278 0.3249459
OS 1.5038633 0.3245814
OS 1.5034988 0.3240711
OS 1.5029885 0.3233421
OS 1.5025511 0.3225402
OS 1.5020408 0.3215925
OS 1.5016034 0.3204261
OS 1.5015305 0.3202803
OS 1.5014576 0.3198429
OS 1.5013118 0.3191868
OS 1.5010931 0.318312
OS 1.5008744 0.3172185
OS 1.5007286 0.3159063
OS 1.5006557 0.3145212
OS 1.5005828 0.3129174
OS 1.5005828 0.3127716
OS 1.5005828 0.31248
OS 1.5005828 0.3118968
OS 1.5006557 0.3112407
OS 1.5007286 0.3104388
OS 1.5008015 0.3094911
OS 1.5010931 0.3075957
OS 1.5147254 0.3228318
OS 1.5146525 0.3229047
OS 1.5145067 0.3231234
OS 1.514288 0.3234879
OS 1.5139964 0.3239253
OS 1.513559 0.3244356
OS 1.5131216 0.3249459
OS 1.5126113 0.3253833
OS 1.5120281 0.3258207
OS 1.5119552 0.3258936
OS 1.5117365 0.3259665
OS 1.5114449 0.3261852
OS 1.5110075 0.3264039
OS 1.5105701 0.3265497
OS 1.5099869 0.3267684
OS 1.5093308 0.3268413
OS 1.5086747 0.3269142
OE
OB 1.5820121 0.3269142 H
OS 1.5816476 0.3269142
OS 1.5812102 0.3268413
OS 1.580627 0.3266955
OS 1.5799709 0.3264768
OS 1.5792419 0.3261852
OS 1.5785858 0.3258207
OS 1.5778568 0.3252375
OS 1.5777839 0.3251646
OS 1.5775652 0.3249459
OS 1.5772007 0.3245814
OS 1.5768362 0.3240711
OS 1.5763259 0.3233421
OS 1.5758885 0.3225402
OS 1.5753782 0.3215925
OS 1.5749408 0.3204261
OS 1.5748679 0.3202803
OS 1.574795 0.3198429
OS 1.5746492 0.3191868
OS 1.5744305 0.318312
OS 1.5742118 0.3172185
OS 1.574066 0.3159063
OS 1.5739931 0.3145212
OS 1.5739202 0.3129174
OS 1.5739202 0.3127716
OS 1.5739202 0.31248
OS 1.5739202 0.3118968
OS 1.5739931 0.3112407
OS 1.574066 0.3104388
OS 1.5741389 0.3094911
OS 1.5744305 0.3075957
OS 1.5880628 0.3228318
OS 1.5879899 0.3229047
OS 1.5878441 0.3231234
OS 1.5876254 0.3234879
OS 1.5873338 0.3239253
OS 1.5868964 0.3244356
OS 1.586459 0.3249459
OS 1.5859487 0.3253833
OS 1.5853655 0.3258207
OS 1.5852926 0.3258936
OS 1.5850739 0.3259665
OS 1.5847823 0.3261852
OS 1.5843449 0.3264039
OS 1.5839075 0.3265497
OS 1.5833243 0.3267684
OS 1.5826682 0.3268413
OS 1.5820121 0.3269142
OE
OB 1.5162563 0.318312 H
OS 1.502624 0.3030759
OS 1.5026969 0.303003
OS 1.5028427 0.3027114
OS 1.5030614 0.3023469
OS 1.503353 0.3019095
OS 1.5042278 0.3009618
OS 1.5046652 0.3004515
OS 1.5052484 0.3000141
OS 1.5053213 0.2999412
OS 1.50554 0.2998683
OS 1.5058316 0.2997225
OS 1.506269 0.2995038
OS 1.5067793 0.2992851
OS 1.5073625 0.2991393
OS 1.5080186 0.2990664
OS 1.5086747 0.2989935
OS 1.5090392 0.2989935
OS 1.5094766 0.2990664
OS 1.5100598 0.2992122
OS 1.5107159 0.299358
OS 1.5114449 0.2996496
OS 1.512101 0.300087
OS 1.51283 0.3005973
OS 1.5129029 0.3006702
OS 1.5131216 0.3008889
OS 1.5134861 0.3013263
OS 1.5138506 0.3018366
OS 1.5143609 0.3024927
OS 1.5147983 0.3033675
OS 1.5152357 0.3043152
OS 1.5156731 0.3054087
OS 1.5156731 0.3054816
OS 1.515746 0.3055545
OS 1.5158189 0.3059919
OS 1.5160376 0.306648
OS 1.5162563 0.3075228
OS 1.5164021 0.3086892
OS 1.5166208 0.3099285
OS 1.5166937 0.3113865
OS 1.5167666 0.3129174
OS 1.5167666 0.3130632
OS 1.5167666 0.3134277
OS 1.5167666 0.313938
OS 1.5166937 0.314667
OS 1.5166208 0.3154689
OS 1.5165479 0.3164166
OS 1.5162563 0.318312
OE
OB 1.5895937 0.318312 H
OS 1.5759614 0.3030759
OS 1.5760343 0.303003
OS 1.5761801 0.3027114
OS 1.5763988 0.3023469
OS 1.5766904 0.3019095
OS 1.5775652 0.3009618
OS 1.5780026 0.3004515
OS 1.5785858 0.3000141
OS 1.5786587 0.2999412
OS 1.5788774 0.2998683
OS 1.579169 0.2997225
OS 1.5796064 0.2995038
OS 1.5801167 0.2992851
OS 1.5806999 0.2991393
OS 1.581356 0.2990664
OS 1.5820121 0.2989935
OS 1.5823766 0.2989935
OS 1.582814 0.2990664
OS 1.5833972 0.2992122
OS 1.5840533 0.299358
OS 1.5847823 0.2996496
OS 1.5854384 0.300087
OS 1.5861674 0.3005973
OS 1.5862403 0.3006702
OS 1.586459 0.3008889
OS 1.5868235 0.3013263
OS 1.587188 0.3018366
OS 1.5876983 0.3024927
OS 1.5881357 0.3033675
OS 1.5885731 0.3043152
OS 1.5890105 0.3054087
OS 1.5890105 0.3054816
OS 1.5890834 0.3055545
OS 1.5891563 0.3059919
OS 1.589375 0.306648
OS 1.5895937 0.3075228
OS 1.5897395 0.3086892
OS 1.5899582 0.3099285
OS 1.5900311 0.3113865
OS 1.590104 0.3129174
OS 1.590104 0.3130632
OS 1.590104 0.3134277
OS 1.590104 0.313938
OS 1.5900311 0.314667
OS 1.5899582 0.3154689
OS 1.5898853 0.3164166
OS 1.5895937 0.318312
OE
SE
S P 0
OB 1.9810234 3.0871208 I
OS 1.9815337 3.086975
OS 1.982044 3.0866834
OS 1.9824085 3.0863189
OS 1.9827001 3.0857357
OS 1.9828459 3.0849338
OS 1.9828459 3.0644489
OS 1.9878031 3.0644489
OS 1.9882405 3.064376
OS 1.9886779 3.0642302
OS 1.9891153 3.0639386
OS 1.9891882 3.0638657
OS 1.989334 3.0635741
OS 1.9894798 3.0630638
OS 1.9895527 3.0623348
OS 1.9895527 3.0622619
OS 1.9895527 3.0621161
OS 1.9894798 3.0616787
OS 1.9894069 3.0611684
OS 1.9891153 3.0606581
OS 1.9890424 3.0605852
OS 1.9887508 3.0604394
OS 1.9883134 3.0602207
OS 1.9876573 3.0601478
OS 1.9828459 3.0601478
OS 1.9828459 3.0527849
OS 1.9828459 3.052712
OS 1.9828459 3.0526391
OS 1.982773 3.0522017
OS 1.9826272 3.0517643
OS 1.9823356 3.0513269
OS 1.9822627 3.051254
OS 1.9818982 3.0511082
OS 1.9813879 3.0509624
OS 1.980586 3.0508895
OS 1.9803673 3.0508895
OS 1.9799299 3.0509624
OS 1.9793467 3.0511082
OS 1.9788364 3.0513269
OS 1.9787635 3.0513998
OS 1.9786177 3.0516914
OS 1.978399 3.0521288
OS 1.9783261 3.0527849
OS 1.9783261 3.0601478
OS 1.9639648 3.0601478
OS 1.9635274 3.0602207
OS 1.9630171 3.0603665
OS 1.9625797 3.0606581
OS 1.9625068 3.0608039
OS 1.962361 3.0610955
OS 1.9622152 3.0616787
OS 1.9621423 3.0624077
OS 1.9621423 3.0624806
OS 1.9621423 3.0625535
OS 1.9622152 3.062918
OS 1.9622881 3.0634283
OS 1.9625068 3.0638657
OS 1.976941 3.0854441
OS 1.976941 3.085517
OS 1.9770868 3.0855899
OS 1.9773784 3.0859544
OS 1.9778158 3.0864647
OS 1.9783261 3.0868292
OS 1.978399 3.0868292
OS 1.9784719 3.0869021
OS 1.9788364 3.0870479
OS 1.9794925 3.0871937
OS 1.9802215 3.0872666
OS 1.9806589 3.0872666
OS 1.9810234 3.0871208
OE
OB 1.9443547 3.0871208 I
OS 1.944865 3.086975
OS 1.9453753 3.0866834
OS 1.9457398 3.0863189
OS 1.9460314 3.0857357
OS 1.9461772 3.0849338
OS 1.9461772 3.0644489
OS 1.9511344 3.0644489
OS 1.9515718 3.064376
OS 1.9520092 3.0642302
OS 1.9524466 3.0639386
OS 1.9525195 3.0638657
OS 1.9526653 3.0635741
OS 1.9528111 3.0630638
OS 1.952884 3.0623348
OS 1.952884 3.0622619
OS 1.952884 3.0621161
OS 1.9528111 3.0616787
OS 1.9527382 3.0611684
OS 1.9524466 3.0606581
OS 1.9523737 3.0605852
OS 1.9520821 3.0604394
OS 1.9516447 3.0602207
OS 1.9509886 3.0601478
OS 1.9461772 3.0601478
OS 1.9461772 3.0527849
OS 1.9461772 3.052712
OS 1.9461772 3.0526391
OS 1.9461043 3.0522017
OS 1.9459585 3.0517643
OS 1.9456669 3.0513269
OS 1.945594 3.051254
OS 1.9452295 3.0511082
OS 1.9447192 3.0509624
OS 1.9439173 3.0508895
OS 1.9436986 3.0508895
OS 1.9432612 3.0509624
OS 1.942678 3.0511082
OS 1.9421677 3.0513269
OS 1.9420948 3.0513998
OS 1.941949 3.0516914
OS 1.9417303 3.0521288
OS 1.9416574 3.0527849
OS 1.9416574 3.0601478
OS 1.9272961 3.0601478
OS 1.9268587 3.0602207
OS 1.9263484 3.0603665
OS 1.925911 3.0606581
OS 1.9258381 3.0608039
OS 1.9256923 3.0610955
OS 1.9255465 3.0616787
OS 1.9254736 3.0624077
OS 1.9254736 3.0624806
OS 1.9254736 3.0625535
OS 1.9255465 3.062918
OS 1.9256194 3.0634283
OS 1.9258381 3.0638657
OS 1.9402723 3.0854441
OS 1.9402723 3.085517
OS 1.9404181 3.0855899
OS 1.9407097 3.0859544
OS 1.9411471 3.0864647
OS 1.9416574 3.0868292
OS 1.9417303 3.0868292
OS 1.9418032 3.0869021
OS 1.9421677 3.0870479
OS 1.9428238 3.0871937
OS 1.9435528 3.0872666
OS 1.9439902 3.0872666
OS 1.9443547 3.0871208
OE
OB 1.8213724 3.0868292 I
OS 1.8219556 3.0867563
OS 1.8221743 3.0866105
OS 1.822393 3.0864647
OS 1.8224659 3.0863918
OS 1.8226846 3.0861002
OS 1.8228304 3.0856628
OS 1.8229033 3.0849338
OS 1.8229033 3.0554822
OS 1.8404722 3.0554822
OS 1.8409096 3.0554093
OS 1.841347 3.0552635
OS 1.8417844 3.0549719
OS 1.8418573 3.054899
OS 1.8420031 3.0546074
OS 1.8421489 3.0540242
OS 1.8422218 3.0532952
OS 1.8422218 3.0532223
OS 1.8422218 3.0530765
OS 1.8421489 3.0526391
OS 1.842076 3.0521288
OS 1.8417844 3.0516185
OS 1.8417115 3.0515456
OS 1.8414199 3.0513998
OS 1.8409825 3.051254
OS 1.8403264 3.0511811
OS 1.820206 3.0511811
OS 1.8197686 3.051254
OS 1.8192583 3.0513998
OS 1.8188209 3.0516185
OS 1.818748 3.0516914
OS 1.8186751 3.051983
OS 1.8185293 3.0524204
OS 1.8184564 3.0531494
OS 1.8184564 3.0849338
OS 1.8184564 3.0850067
OS 1.8184564 3.0850796
OS 1.8185293 3.085517
OS 1.8186751 3.0860273
OS 1.8188938 3.0864647
OS 1.8189667 3.0865376
OS 1.8193312 3.0866834
OS 1.8198415 3.0868292
OS 1.8206434 3.0869021
OS 1.820935 3.0869021
OS 1.8213724 3.0868292
OE
OB 2.1240532 3.060002 I
OS 2.1250009 3.0599291
OS 2.1255112 3.0597833
OS 2.1258757 3.0596375
OS 2.1259486 3.0596375
OS 2.1260215 3.0595646
OS 2.126386 3.0593459
OS 2.1266776 3.0589085
OS 2.1267505 3.0586169
OS 2.1268234 3.0582524
OS 2.1268234 3.052712
OS 2.1268234 3.0526391
OS 2.1268234 3.0525662
OS 2.1266776 3.0521288
OS 2.1264589 3.0516914
OS 2.1261673 3.0514727
OS 2.1258757 3.051254
OS 2.1258028 3.051254
OS 2.1257299 3.0511811
OS 2.1255112 3.0511082
OS 2.1251467 3.0511082
OS 2.1247822 3.0510353
OS 2.124199 3.0509624
OS 2.1235429 3.0508895
OS 2.1220849 3.0508895
OS 2.1216475 3.0509624
OS 2.1206269 3.0510353
OS 2.1201895 3.0511082
OS 2.1197521 3.051254
OS 2.1196792 3.051254
OS 2.1196063 3.0513269
OS 2.1193147 3.0516185
OS 2.1189502 3.0520559
OS 2.1188773 3.0523475
OS 2.1188044 3.052712
OS 2.1188044 3.0582524
OS 2.1188044 3.0583253
OS 2.1188044 3.0583982
OS 2.1189502 3.0588356
OS 2.1192418 3.059273
OS 2.1194605 3.0594917
OS 2.1197521 3.0596375
OS 2.119825 3.0596375
OS 2.1199708 3.0597104
OS 2.1201895 3.0597833
OS 2.1204811 3.0598562
OS 2.1209185 3.0599291
OS 2.1214288 3.060002
OS 2.1220849 3.0600749
OS 2.1235429 3.0600749
OS 2.1240532 3.060002
OE
OB 2.3014918 3.0922238 I
OS 2.3015647 3.0922238
OS 2.3016376 3.0921509
OS 2.302075 3.0918593
OS 2.302804 3.091349
OS 2.3036788 3.0906929
OS 2.3046994 3.0898181
OS 2.3058658 3.0888704
OS 2.3070322 3.087704
OS 2.3082715 3.0863918
OS 2.3083444 3.0863189
OS 2.3084173 3.086246
OS 2.3085631 3.0860273
OS 2.3088547 3.0857357
OS 2.3094379 3.0850067
OS 2.3101669 3.0839132
OS 2.3110417 3.0826739
OS 2.3119165 3.081143
OS 2.3127913 3.0794663
OS 2.3135932 3.0776438
OS 2.3135932 3.0775709
OS 2.3136661 3.0774251
OS 2.3138119 3.0771335
OS 2.3138848 3.076769
OS 2.3141035 3.0762587
OS 2.3142493 3.0757484
OS 2.3143951 3.0750923
OS 2.3146138 3.0743633
OS 2.3149783 3.0726866
OS 2.3153428 3.0707912
OS 2.3155615 3.06875
OS 2.3156344 3.066563
OS 2.3156344 3.0664901
OS 2.3156344 3.0662714
OS 2.3156344 3.0659798
OS 2.3156344 3.0655424
OS 2.3155615 3.0650321
OS 2.3155615 3.064376
OS 2.3154886 3.0637199
OS 2.3154157 3.062918
OS 2.3151241 3.0612413
OS 2.3147596 3.0594188
OS 2.3142493 3.0574505
OS 2.3135932 3.0555551
OS 2.3135932 3.0554822
OS 2.3135203 3.0553364
OS 2.3133745 3.0550448
OS 2.3132287 3.0547532
OS 2.31301 3.0543158
OS 2.3127913 3.0538055
OS 2.3122081 3.0526391
OS 2.3114062 3.051254
OS 2.3105314 3.0498689
OS 2.3095108 3.048338
OS 2.3083444 3.0469529
OS 2.3083444 3.04688
OS 2.3081986 3.0468071
OS 2.3077612 3.0463697
OS 2.3071051 3.0457136
OS 2.3063032 3.0448388
OS 2.3052826 3.043964
OS 2.3041162 3.0429434
OS 2.302804 3.0419957
OS 2.3014918 3.0411209
OS 2.3014189 3.0411209
OS 2.3012731 3.041048
OS 2.3008357 3.0409751
OS 2.3007628 3.0409751
OS 2.3005441 3.041048
OS 2.3002525 3.0411209
OS 2.2999609 3.0413396
OS 2.299888 3.0414125
OS 2.2996693 3.0415583
OS 2.2994506 3.041777
OS 2.299159 3.0421415
OS 2.299159 3.0422144
OS 2.2990861 3.0422873
OS 2.2989403 3.0426518
OS 2.2987216 3.0431621
OS 2.2986487 3.0437453
OS 2.2986487 3.0438182
OS 2.2987216 3.0441098
OS 2.2988674 3.0444014
OS 2.2990861 3.0446201
OS 2.299159 3.044693
OS 2.2993048 3.0447659
OS 2.2995964 3.0449846
OS 2.2999609 3.0452762
OS 2.3003983 3.0455678
OS 2.3009086 3.0460052
OS 2.302075 3.0470258
OS 2.3034601 3.0482651
OS 2.3049181 3.049796
OS 2.3063032 3.0515456
OS 2.3076883 3.0535139
OS 2.3077612 3.0535868
OS 2.3078341 3.0537326
OS 2.3079799 3.0540971
OS 2.3082715 3.0544616
OS 2.3084902 3.0550448
OS 2.3087818 3.055628
OS 2.3091463 3.056357
OS 2.3094379 3.0572318
OS 2.3098024 3.0581066
OS 2.310094 3.0591272
OS 2.3103856 3.0601478
OS 2.3106772 3.0613142
OS 2.3110417 3.0637928
OS 2.3111146 3.0651779
OS 2.3111875 3.066563
OS 2.3111875 3.0666359
OS 2.3111875 3.0669275
OS 2.3111875 3.067292
OS 2.3111146 3.0678752
OS 2.3111146 3.0685313
OS 2.3110417 3.0692603
OS 2.3108959 3.0701351
OS 2.3107501 3.0710828
OS 2.3103127 3.073124
OS 2.3097295 3.0753839
OS 2.3088547 3.0775709
OS 2.3082715 3.0786644
OS 2.3076883 3.0797579
OS 2.3076154 3.0798308
OS 2.3075425 3.0799766
OS 2.3073238 3.0802682
OS 2.3070322 3.0807056
OS 2.3067406 3.081143
OS 2.3063032 3.0817262
OS 2.3052826 3.0829655
OS 2.3040433 3.0843506
OS 2.3025853 3.0858815
OS 2.3009086 3.0873395
OS 2.2990861 3.0887246
OS 2.2990132 3.0887975
OS 2.2988674 3.0889433
OS 2.2987216 3.0892349
OS 2.2986487 3.0895994
OS 2.2986487 3.0897452
OS 2.2987216 3.0901097
OS 2.2988674 3.09062
OS 2.299159 3.0912032
OS 2.2992319 3.0912761
OS 2.2993777 3.0914948
OS 2.2996693 3.0917864
OS 2.2999609 3.0920051
OS 2.3000338 3.092078
OS 2.3002525 3.0922238
OS 2.3005441 3.0922967
OS 2.3008357 3.0923696
OS 2.3010544 3.0923696
OS 2.3014918 3.0922238
OE
OB 2.0550898 3.0922967 I
OS 2.0553814 3.0922238
OS 2.055673 3.0920051
OS 2.0557459 3.0919322
OS 2.0559646 3.0917864
OS 2.0561833 3.0915677
OS 2.0564749 3.0912032
OS 2.0564749 3.0911303
OS 2.0565478 3.0910574
OS 2.0567665 3.0906929
OS 2.0569123 3.0901826
OS 2.0569852 3.0895994
OS 2.0569852 3.0895265
OS 2.0569123 3.0893078
OS 2.0568394 3.0890162
OS 2.0566207 3.0887246
OS 2.0565478 3.0886517
OS 2.056402 3.0885788
OS 2.0561104 3.0883601
OS 2.0557459 3.0881414
OS 2.0553085 3.0877769
OS 2.0547982 3.0873395
OS 2.0536318 3.0863189
OS 2.0522467 3.0850067
OS 2.0507887 3.0834758
OS 2.0493307 3.0817262
OS 2.0479456 3.0797579
OS 2.0478727 3.079685
OS 2.0477998 3.0795392
OS 2.047654 3.0791747
OS 2.0474353 3.0788102
OS 2.0471437 3.078227
OS 2.0468521 3.0775709
OS 2.0465605 3.0768419
OS 2.046196 3.07604
OS 2.0459044 3.0750923
OS 2.0455399 3.0740717
OS 2.0452483 3.0730511
OS 2.0450296 3.0718847
OS 2.0445922 3.0693332
OS 2.0445193 3.0679481
OS 2.0444464 3.066563
OS 2.0444464 3.0664901
OS 2.0444464 3.0661985
OS 2.0444464 3.065834
OS 2.0445193 3.0653237
OS 2.0445193 3.0646676
OS 2.0446651 3.0638657
OS 2.044738 3.0629909
OS 2.0448838 3.0621161
OS 2.0453212 3.0600749
OS 2.0459044 3.0578879
OS 2.0467792 3.055628
OS 2.0472895 3.0545345
OS 2.0478727 3.0535139
OS 2.0479456 3.053441
OS 2.0480185 3.0532952
OS 2.0482372 3.0530036
OS 2.0485288 3.0526391
OS 2.0488204 3.0521288
OS 2.0492578 3.0516185
OS 2.0502784 3.0503792
OS 2.0515177 3.0489212
OS 2.0530486 3.0474632
OS 2.0547253 3.0460052
OS 2.0566207 3.0446201
OS 2.0566936 3.0445472
OS 2.0568394 3.0444014
OS 2.0569123 3.0441827
OS 2.0569852 3.0437453
OS 2.0569852 3.0435995
OS 2.0569123 3.0433079
OS 2.0567665 3.0427976
OS 2.0564749 3.0421415
OS 2.056402 3.0420686
OS 2.0562562 3.0418499
OS 2.0559646 3.0415583
OS 2.055673 3.0413396
OS 2.0556001 3.0412667
OS 2.0554543 3.0411938
OS 2.0551627 3.041048
OS 2.0547982 3.0409751
OS 2.0545795 3.0409751
OS 2.0541421 3.0411209
OS 2.0540692 3.0411209
OS 2.0539963 3.0411938
OS 2.0537776 3.0413396
OS 2.0535589 3.0415583
OS 2.0528299 3.0419957
OS 2.0519551 3.0426518
OS 2.0508616 3.0435266
OS 2.0496952 3.0444743
OS 2.0485288 3.0456407
OS 2.0472895 3.0469529
OS 2.0472895 3.0470258
OS 2.0471437 3.0470987
OS 2.0469979 3.0473174
OS 2.0467792 3.047609
OS 2.046196 3.048338
OS 2.045467 3.0494315
OS 2.0445922 3.0506708
OS 2.0437174 3.0521288
OS 2.0428426 3.0537326
OS 2.0420407 3.0555551
OS 2.0420407 3.055628
OS 2.0419678 3.0557738
OS 2.041822 3.0560654
OS 2.0417491 3.0564299
OS 2.0416033 3.0569402
OS 2.0413846 3.0574505
OS 2.0412388 3.0581066
OS 2.0410201 3.0588356
OS 2.0406556 3.0604394
OS 2.0402911 3.0623348
OS 2.0400724 3.064376
OS 2.0399995 3.066563
OS 2.0399995 3.0666359
OS 2.0399995 3.0668546
OS 2.0399995 3.0671462
OS 2.0399995 3.0675836
OS 2.0400724 3.0680939
OS 2.0401453 3.06875
OS 2.0401453 3.0694061
OS 2.0402911 3.070208
OS 2.0405098 3.0718847
OS 2.0408743 3.0737801
OS 2.0413846 3.0756755
OS 2.0420407 3.0776438
OS 2.0420407 3.0777167
OS 2.0421136 3.0778625
OS 2.0422594 3.0781541
OS 2.0424052 3.0785186
OS 2.0426239 3.078956
OS 2.0428426 3.0794663
OS 2.0434987 3.0806327
OS 2.0442277 3.0820178
OS 2.0451025 3.0834758
OS 2.0461231 3.0850067
OS 2.0472895 3.0863918
OS 2.0473624 3.0864647
OS 2.0474353 3.0865376
OS 2.0478727 3.086975
OS 2.0485288 3.0876311
OS 2.0494036 3.0885059
OS 2.0504242 3.0894536
OS 2.0515906 3.0904013
OS 2.0528299 3.091349
OS 2.0541421 3.0922238
OS 2.054215 3.0922238
OS 2.0543608 3.0922967
OS 2.0547982 3.0923696
OS 2.0548711 3.0923696
OS 2.0550898 3.0922967
OE
OB 1.7950555 3.0865376 I
OS 1.7960032 3.0863918
OS 1.7970967 3.086246
OS 1.7982631 3.0859544
OS 1.7994295 3.0855899
OS 1.8005959 3.0850796
OS 1.8007417 3.0850067
OS 1.8011062 3.084788
OS 1.8016165 3.0844964
OS 1.8022726 3.0839861
OS 1.8029287 3.0834029
OS 1.8036577 3.0827468
OS 1.8043867 3.081872
OS 1.8049699 3.0809243
OS 1.8050428 3.0807785
OS 1.8051886 3.080414
OS 1.8054802 3.0799037
OS 1.8057718 3.0791018
OS 1.8059905 3.078227
OS 1.8062821 3.0771335
OS 1.8064279 3.0759671
OS 1.8065008 3.0746549
OS 1.8065008 3.074582
OS 1.8065008 3.0745091
OS 1.8065008 3.0740717
OS 1.8064279 3.0734156
OS 1.8062821 3.0725408
OS 1.8061363 3.0715931
OS 1.8058447 3.0705725
OS 1.8054802 3.069479
OS 1.8049699 3.0684584
OS 1.804897 3.0683126
OS 1.8046783 3.068021
OS 1.8043867 3.0675836
OS 1.8038764 3.0670004
OS 1.8032932 3.0663443
OS 1.8024913 3.0656153
OS 1.8016165 3.0649592
OS 1.8005959 3.064376
OS 1.8004501 3.0643031
OS 1.8000856 3.0641573
OS 1.7994295 3.0639386
OS 1.7986276 3.063647
OS 1.797607 3.0633554
OS 1.7964406 3.0631367
OS 1.7950555 3.0629909
OS 1.7935975 3.062918
OS 1.785943 3.062918
OS 1.785943 3.0527849
OS 1.785943 3.052712
OS 1.785943 3.0526391
OS 1.7858701 3.0522017
OS 1.7857243 3.0517643
OS 1.7854327 3.0513269
OS 1.7853598 3.051254
OS 1.7850682 3.0511082
OS 1.7845579 3.0509624
OS 1.7841934 3.0508895
OS 1.7834644 3.0508895
OS 1.783027 3.0509624
OS 1.7824438 3.0511082
OS 1.7819335 3.0513269
OS 1.7818606 3.0513998
OS 1.7817148 3.0516914
OS 1.781569 3.0521288
OS 1.7814961 3.0527849
OS 1.7814961 3.0845693
OS 1.7814961 3.0846422
OS 1.7814961 3.0847151
OS 1.781569 3.0851525
OS 1.7817148 3.0856628
OS 1.7819335 3.0861002
OS 1.7820064 3.0861731
OS 1.782298 3.0863918
OS 1.7827354 3.0865376
OS 1.7833915 3.0866105
OS 1.7942536 3.0866105
OS 1.7950555 3.0865376
OE
OB 2.2072321 3.0865376 I
OS 2.2076695 3.0863918
OS 2.2081069 3.0861002
OS 2.2081798 3.0860273
OS 2.2083256 3.0857357
OS 2.2084714 3.0852983
OS 2.2085443 3.0845693
OS 2.2085443 3.0844235
OS 2.2085443 3.0841319
OS 2.2084714 3.0837674
OS 2.2083985 3.0834029
OS 2.195641 3.0518372
OS 2.1955681 3.0517643
OS 2.1954223 3.0514727
OS 2.1951307 3.0511811
OS 2.1947662 3.0508895
OS 2.1946933 3.0508166
OS 2.1944017 3.0507437
OS 2.1939643 3.0505979
OS 2.1933811 3.050525
OS 2.1932353 3.050525
OS 2.192725 3.0505979
OS 2.1922147 3.0507437
OS 2.1916315 3.0509624
OS 2.1915586 3.0510353
OS 2.1913399 3.051254
OS 2.1910483 3.0516185
OS 2.1909754 3.0521288
OS 2.1909754 3.0522017
OS 2.1909754 3.0522746
OS 2.1910483 3.0524933
OS 2.1911212 3.0527849
OS 2.2032226 3.0823094
OS 2.1855079 3.0823094
OS 2.1850705 3.0823823
OS 2.1846331 3.0825281
OS 2.1841957 3.0827468
OS 2.1841228 3.0828197
OS 2.183977 3.0831842
OS 2.1838312 3.0836945
OS 2.1837583 3.0844235
OS 2.1837583 3.0844964
OS 2.1837583 3.0846422
OS 2.1838312 3.0850796
OS 2.183977 3.0855899
OS 2.1841957 3.0861002
OS 2.1842686 3.0861731
OS 2.1845602 3.0863918
OS 2.1849976 3.0865376
OS 2.1856537 3.0866105
OS 2.2067947 3.0866105
OS 2.2072321 3.0865376
OE
OB 2.0881135 3.0872666 I
OS 2.088478 3.0871937
OS 2.0888425 3.0869021
OS 2.0889154 3.0868292
OS 2.0890612 3.0866105
OS 2.089207 3.0861731
OS 2.0892799 3.0856628
OS 2.0892799 3.0554822
OS 2.0970802 3.0554822
OS 2.0974447 3.0554093
OS 2.097955 3.0552635
OS 2.0983195 3.0549719
OS 2.0983924 3.054899
OS 2.0985382 3.0546074
OS 2.098684 3.0540242
OS 2.0987569 3.0532952
OS 2.0987569 3.0532223
OS 2.0987569 3.0530765
OS 2.098684 3.0526391
OS 2.0986111 3.0521288
OS 2.0983195 3.0516185
OS 2.0982466 3.0515456
OS 2.097955 3.0513998
OS 2.0975176 3.051254
OS 2.0969344 3.0511811
OS 2.0765953 3.0511811
OS 2.0761579 3.051254
OS 2.0757205 3.0513998
OS 2.0752831 3.0516185
OS 2.0752102 3.0516914
OS 2.0751373 3.0520559
OS 2.0749915 3.0525662
OS 2.0749186 3.0532952
OS 2.0749186 3.0533681
OS 2.0749186 3.0535139
OS 2.0749915 3.0539513
OS 2.0750644 3.0544616
OS 2.0752831 3.0549719
OS 2.075356 3.0550448
OS 2.0756476 3.0552635
OS 2.076085 3.0554093
OS 2.0767411 3.0554822
OS 2.084833 3.0554822
OS 2.084833 3.0808514
OS 2.0773972 3.0761858
OS 2.0773243 3.0761129
OS 2.0771056 3.07604
OS 2.076814 3.0759671
OS 2.0764495 3.0758942
OS 2.0763037 3.0758942
OS 2.0758663 3.07604
OS 2.0756476 3.0761858
OS 2.075356 3.0764045
OS 2.0750644 3.0766961
OS 2.0747728 3.0771335
OS 2.0746999 3.0772793
OS 2.074627 3.0775709
OS 2.0744812 3.0780083
OS 2.0744083 3.0785186
OS 2.0744083 3.0785915
OS 2.0744083 3.0786644
OS 2.0745541 3.0791018
OS 2.0747728 3.0796121
OS 2.0749915 3.0798308
OS 2.0752831 3.0800495
OS 2.0865826 3.086975
OS 2.0866555 3.0870479
OS 2.0869471 3.0871937
OS 2.0873116 3.0872666
OS 2.087749 3.0873395
OS 2.0878948 3.0873395
OS 2.0881135 3.0872666
OE
OB 2.278747 3.0793205 I
OS 2.2791115 3.0793205
OS 2.2801321 3.0790289
OS 2.2807153 3.0788102
OS 2.2812256 3.0785186
OS 2.2812985 3.0784457
OS 2.2814443 3.0783728
OS 2.2817359 3.0781541
OS 2.2820275 3.0778625
OS 2.282392 3.077498
OS 2.2827565 3.0769877
OS 2.283121 3.0764774
OS 2.2834126 3.0758213
OS 2.2834855 3.0757484
OS 2.2835584 3.0755297
OS 2.2837042 3.0750923
OS 2.28385 3.074582
OS 2.2839958 3.0739259
OS 2.2841416 3.0731969
OS 2.2842874 3.0723221
OS 2.2842874 3.0713744
OS 2.2842874 3.0527849
OS 2.2842874 3.052712
OS 2.2842874 3.0526391
OS 2.2842145 3.0522017
OS 2.2840687 3.0517643
OS 2.2837771 3.0513269
OS 2.2837042 3.051254
OS 2.2834126 3.0511082
OS 2.2828294 3.0509624
OS 2.2821004 3.0508895
OS 2.2818088 3.0508895
OS 2.2813714 3.0509624
OS 2.2807882 3.0511082
OS 2.2802779 3.0513269
OS 2.280205 3.0513998
OS 2.2800592 3.0516914
OS 2.2798405 3.0521288
OS 2.2797676 3.0527849
OS 2.2797676 3.0708641
OS 2.2797676 3.070937
OS 2.2797676 3.0712286
OS 2.2797676 3.0715931
OS 2.2796947 3.0720305
OS 2.279476 3.0730511
OS 2.2793302 3.0734885
OS 2.2791115 3.0739259
OS 2.2791115 3.0739988
OS 2.2789657 3.0740717
OS 2.2786012 3.0744362
OS 2.2783096 3.0746549
OS 2.2779451 3.0748007
OS 2.2774348 3.0748736
OS 2.2769245 3.0749465
OS 2.2767058 3.0749465
OS 2.2764142 3.0748736
OS 2.2760497 3.0748007
OS 2.2756852 3.0746549
OS 2.2752478 3.0743633
OS 2.2747375 3.0740717
OS 2.2743001 3.0736343
OS 2.2742272 3.0735614
OS 2.2740814 3.0734156
OS 2.2738627 3.073124
OS 2.273644 3.0727595
OS 2.2733524 3.0722492
OS 2.2729879 3.0715931
OS 2.2726963 3.0708641
OS 2.2724047 3.0700622
OS 2.2724047 3.0699893
OS 2.2723318 3.0696248
OS 2.272186 3.0691874
OS 2.2721131 3.0685313
OS 2.2719673 3.0677294
OS 2.2718215 3.0668546
OS 2.2717486 3.0659069
OS 2.2717486 3.0648134
OS 2.2717486 3.0527849
OS 2.2717486 3.052712
OS 2.2717486 3.0526391
OS 2.2716757 3.0522017
OS 2.2715299 3.0517643
OS 2.2712383 3.0513269
OS 2.2711654 3.051254
OS 2.2708738 3.0511082
OS 2.2703635 3.0509624
OS 2.269999 3.0508895
OS 2.26927 3.0508895
OS 2.2688326 3.0509624
OS 2.2682494 3.0511082
OS 2.2677391 3.0513269
OS 2.2676662 3.0513998
OS 2.2675204 3.0516914
OS 2.2673746 3.0521288
OS 2.2673017 3.0527849
OS 2.2673017 3.0708641
OS 2.2673017 3.070937
OS 2.2673017 3.0712286
OS 2.2673017 3.0715931
OS 2.2672288 3.0720305
OS 2.2670101 3.0730511
OS 2.2667914 3.0734885
OS 2.2665727 3.0739259
OS 2.2665727 3.0739988
OS 2.2664269 3.0740717
OS 2.2660624 3.0744362
OS 2.2654063 3.0748007
OS 2.2649689 3.0748736
OS 2.2644586 3.0749465
OS 2.2642399 3.0749465
OS 2.2639483 3.0748736
OS 2.2635838 3.0748007
OS 2.2632193 3.0746549
OS 2.2627819 3.0743633
OS 2.2622716 3.0740717
OS 2.2618342 3.0736343
OS 2.2617613 3.0735614
OS 2.2616155 3.0734156
OS 2.2613968 3.073124
OS 2.2611781 3.0727595
OS 2.2608865 3.0722492
OS 2.260522 3.0715931
OS 2.2602304 3.0708641
OS 2.2599388 3.0700622
OS 2.2599388 3.0699893
OS 2.2598659 3.0696248
OS 2.2597201 3.0691874
OS 2.2596472 3.0685313
OS 2.2595014 3.0677294
OS 2.2593556 3.0668546
OS 2.2592827 3.0659069
OS 2.2592827 3.0648134
OS 2.2592827 3.0527849
OS 2.2592827 3.052712
OS 2.2592827 3.0526391
OS 2.2592098 3.0522017
OS 2.259064 3.0517643
OS 2.2587724 3.0513269
OS 2.2586995 3.051254
OS 2.258335 3.0511082
OS 2.2578247 3.0509624
OS 2.2570228 3.0508895
OS 2.2567312 3.0508895
OS 2.2562938 3.0509624
OS 2.2557835 3.0511082
OS 2.2552732 3.0513269
OS 2.2552003 3.0513998
OS 2.2550545 3.0516914
OS 2.2548358 3.0521288
OS 2.2547629 3.0527849
OS 2.2547629 3.0771335
OS 2.2547629 3.0772064
OS 2.2547629 3.0772793
OS 2.2548358 3.0777167
OS 2.2549087 3.0781541
OS 2.2551274 3.0785915
OS 2.2552003 3.0786644
OS 2.2554919 3.0788102
OS 2.2559293 3.078956
OS 2.2566583 3.0790289
OS 2.256877 3.0790289
OS 2.2573144 3.078956
OS 2.2578247 3.0788831
OS 2.2581892 3.0785915
OS 2.2582621 3.0785186
OS 2.2584079 3.078227
OS 2.2585537 3.0777896
OS 2.2586266 3.0771335
OS 2.2586266 3.0737801
OS 2.2586995 3.0739259
OS 2.2588453 3.0742175
OS 2.2591369 3.0747278
OS 2.2595014 3.075311
OS 2.2599388 3.07604
OS 2.2604491 3.0766961
OS 2.2610323 3.0773522
OS 2.2616884 3.0779354
OS 2.2617613 3.0780083
OS 2.26198 3.0781541
OS 2.2623445 3.0783728
OS 2.2628548 3.0786644
OS 2.263438 3.078956
OS 2.2640941 3.0791747
OS 2.2648231 3.0793205
OS 2.265625 3.0793934
OS 2.2659895 3.0793934
OS 2.266354 3.0793205
OS 2.2668643 3.0792476
OS 2.2673746 3.0790289
OS 2.2679578 3.0788102
OS 2.268541 3.0784457
OS 2.2691242 3.0780083
OS 2.2691971 3.0779354
OS 2.2693429 3.0777896
OS 2.2696345 3.0774251
OS 2.269999 3.0769877
OS 2.2702906 3.0764045
OS 2.2706551 3.0757484
OS 2.2709467 3.0749465
OS 2.2712383 3.0739988
OS 2.2712383 3.0740717
OS 2.2713841 3.0742175
OS 2.2715299 3.0745091
OS 2.2717486 3.0748736
OS 2.2722589 3.0756755
OS 2.2730608 3.0766961
OS 2.2740814 3.0777167
OS 2.2752478 3.0785186
OS 2.2759039 3.0788831
OS 2.27656 3.0791747
OS 2.277289 3.0793205
OS 2.2780909 3.0793934
OS 2.2783825 3.0793934
OS 2.278747 3.0793205
OE
OB 2.2420783 3.0793205 I
OS 2.2424428 3.0793205
OS 2.2434634 3.0790289
OS 2.2440466 3.0788102
OS 2.2445569 3.0785186
OS 2.2446298 3.0784457
OS 2.2447756 3.0783728
OS 2.2450672 3.0781541
OS 2.2453588 3.0778625
OS 2.2457233 3.077498
OS 2.2460878 3.0769877
OS 2.2464523 3.0764774
OS 2.2467439 3.0758213
OS 2.2468168 3.0757484
OS 2.2468897 3.0755297
OS 2.2470355 3.0750923
OS 2.2471813 3.074582
OS 2.2473271 3.0739259
OS 2.2474729 3.0731969
OS 2.2476187 3.0723221
OS 2.2476187 3.0713744
OS 2.2476187 3.0527849
OS 2.2476187 3.052712
OS 2.2476187 3.0526391
OS 2.2475458 3.0522017
OS 2.2474 3.0517643
OS 2.2471084 3.0513269
OS 2.2470355 3.051254
OS 2.2467439 3.0511082
OS 2.2461607 3.0509624
OS 2.2454317 3.0508895
OS 2.2451401 3.0508895
OS 2.2447027 3.0509624
OS 2.2441195 3.0511082
OS 2.2436092 3.0513269
OS 2.2435363 3.0513998
OS 2.2433905 3.0516914
OS 2.2431718 3.0521288
OS 2.2430989 3.0527849
OS 2.2430989 3.0708641
OS 2.2430989 3.070937
OS 2.2430989 3.0712286
OS 2.2430989 3.0715931
OS 2.243026 3.0720305
OS 2.2428073 3.0730511
OS 2.2426615 3.0734885
OS 2.2424428 3.0739259
OS 2.2424428 3.0739988
OS 2.242297 3.0740717
OS 2.2419325 3.0744362
OS 2.2416409 3.0746549
OS 2.2412764 3.0748007
OS 2.2407661 3.0748736
OS 2.2402558 3.0749465
OS 2.2400371 3.0749465
OS 2.2397455 3.0748736
OS 2.239381 3.0748007
OS 2.2390165 3.0746549
OS 2.2385791 3.0743633
OS 2.2380688 3.0740717
OS 2.2376314 3.0736343
OS 2.2375585 3.0735614
OS 2.2374127 3.0734156
OS 2.237194 3.073124
OS 2.2369753 3.0727595
OS 2.2366837 3.0722492
OS 2.2363192 3.0715931
OS 2.2360276 3.0708641
OS 2.235736 3.0700622
OS 2.235736 3.0699893
OS 2.2356631 3.0696248
OS 2.2355173 3.0691874
OS 2.2354444 3.0685313
OS 2.2352986 3.0677294
OS 2.2351528 3.0668546
OS 2.2350799 3.0659069
OS 2.2350799 3.0648134
OS 2.2350799 3.0527849
OS 2.2350799 3.052712
OS 2.2350799 3.0526391
OS 2.235007 3.0522017
OS 2.2348612 3.0517643
OS 2.2345696 3.0513269
OS 2.2344967 3.051254
OS 2.2342051 3.0511082
OS 2.2336948 3.0509624
OS 2.2333303 3.0508895
OS 2.2326013 3.0508895
OS 2.2321639 3.0509624
OS 2.2315807 3.0511082
OS 2.2310704 3.0513269
OS 2.2309975 3.0513998
OS 2.2308517 3.0516914
OS 2.2307059 3.0521288
OS 2.230633 3.0527849
OS 2.230633 3.0708641
OS 2.230633 3.070937
OS 2.230633 3.0712286
OS 2.230633 3.0715931
OS 2.2305601 3.0720305
OS 2.2303414 3.0730511
OS 2.2301227 3.0734885
OS 2.229904 3.0739259
OS 2.229904 3.0739988
OS 2.2297582 3.0740717
OS 2.2293937 3.0744362
OS 2.2287376 3.0748007
OS 2.2283002 3.0748736
OS 2.2277899 3.0749465
OS 2.2275712 3.0749465
OS 2.2272796 3.0748736
OS 2.2269151 3.0748007
OS 2.2265506 3.0746549
OS 2.2261132 3.0743633
OS 2.2256029 3.0740717
OS 2.2251655 3.0736343
OS 2.2250926 3.0735614
OS 2.2249468 3.0734156
OS 2.2247281 3.073124
OS 2.2245094 3.0727595
OS 2.2242178 3.0722492
OS 2.2238533 3.0715931
OS 2.2235617 3.0708641
OS 2.2232701 3.0700622
OS 2.2232701 3.0699893
OS 2.2231972 3.0696248
OS 2.2230514 3.0691874
OS 2.2229785 3.0685313
OS 2.2228327 3.0677294
OS 2.2226869 3.0668546
OS 2.222614 3.0659069
OS 2.222614 3.0648134
OS 2.222614 3.0527849
OS 2.222614 3.052712
OS 2.222614 3.0526391
OS 2.2225411 3.0522017
OS 2.2223953 3.0517643
OS 2.2221037 3.0513269
OS 2.2220308 3.051254
OS 2.2216663 3.0511082
OS 2.221156 3.0509624
OS 2.2203541 3.0508895
OS 2.2200625 3.0508895
OS 2.2196251 3.0509624
OS 2.2191148 3.0511082
OS 2.2186045 3.0513269
OS 2.2185316 3.0513998
OS 2.2183858 3.0516914
OS 2.2181671 3.0521288
OS 2.2180942 3.0527849
OS 2.2180942 3.0771335
OS 2.2180942 3.0772064
OS 2.2180942 3.0772793
OS 2.2181671 3.0777167
OS 2.21824 3.0781541
OS 2.2184587 3.0785915
OS 2.2185316 3.0786644
OS 2.2188232 3.0788102
OS 2.2192606 3.078956
OS 2.2199896 3.0790289
OS 2.2202083 3.0790289
OS 2.2206457 3.078956
OS 2.221156 3.0788831
OS 2.2215205 3.0785915
OS 2.2215934 3.0785186
OS 2.2217392 3.078227
OS 2.221885 3.0777896
OS 2.2219579 3.0771335
OS 2.2219579 3.0737801
OS 2.2220308 3.0739259
OS 2.2221766 3.0742175
OS 2.2224682 3.0747278
OS 2.2228327 3.075311
OS 2.2232701 3.07604
OS 2.2237804 3.0766961
OS 2.2243636 3.0773522
OS 2.2250197 3.0779354
OS 2.2250926 3.0780083
OS 2.2253113 3.0781541
OS 2.2256758 3.0783728
OS 2.2261861 3.0786644
OS 2.2267693 3.078956
OS 2.2274254 3.0791747
OS 2.2281544 3.0793205
OS 2.2289563 3.0793934
OS 2.2293208 3.0793934
OS 2.2296853 3.0793205
OS 2.2301956 3.0792476
OS 2.2307059 3.0790289
OS 2.2312891 3.0788102
OS 2.2318723 3.0784457
OS 2.2324555 3.0780083
OS 2.2325284 3.0779354
OS 2.2326742 3.0777896
OS 2.2329658 3.0774251
OS 2.2333303 3.0769877
OS 2.2336219 3.0764045
OS 2.2339864 3.0757484
OS 2.234278 3.0749465
OS 2.2345696 3.0739988
OS 2.2345696 3.0740717
OS 2.2347154 3.0742175
OS 2.2348612 3.0745091
OS 2.2350799 3.0748736
OS 2.2355902 3.0756755
OS 2.2363921 3.0766961
OS 2.2374127 3.0777167
OS 2.2385791 3.0785186
OS 2.2392352 3.0788831
OS 2.2398913 3.0791747
OS 2.2406203 3.0793205
OS 2.2414222 3.0793934
OS 2.2417138 3.0793934
OS 2.2420783 3.0793205
OE
OB 1.8694864 3.0871937 I
OS 1.8702883 3.0871208
OS 1.871236 3.086975
OS 1.8732772 3.0865376
OS 1.873423 3.0865376
OS 1.8737875 3.0863918
OS 1.8742978 3.086246
OS 1.8750268 3.0859544
OS 1.8758287 3.0856628
OS 1.8767764 3.0852254
OS 1.8777241 3.084788
OS 1.8787447 3.0842048
OS 1.8788176 3.0842048
OS 1.8788905 3.084059
OS 1.8793279 3.0837674
OS 1.8796924 3.0832571
OS 1.8797653 3.0828926
OS 1.8798382 3.0825281
OS 1.8798382 3.0824552
OS 1.8797653 3.0821636
OS 1.8796924 3.0817262
OS 1.8794737 3.081143
OS 1.8794737 3.0810701
OS 1.8794008 3.0809243
OS 1.8790363 3.0804869
OS 1.878526 3.0800495
OS 1.8782344 3.0799037
OS 1.8778699 3.0798308
OS 1.877797 3.0798308
OS 1.8776512 3.0799037
OS 1.8772867 3.0799766
OS 1.8769222 3.0801224
OS 1.8768493 3.0801224
OS 1.8767035 3.0802682
OS 1.8764848 3.0803411
OS 1.8761203 3.0805598
OS 1.8757558 3.0807785
OS 1.8752455 3.0809972
OS 1.8740791 3.0815075
OS 1.872694 3.0819449
OS 1.8710902 3.0823823
OS 1.8694135 3.0826739
OS 1.8676639 3.0828197
OS 1.8670807 3.0828197
OS 1.8664975 3.0827468
OS 1.8656956 3.082601
OS 1.8648208 3.0823823
OS 1.8638731 3.0820907
OS 1.8629254 3.0816533
OS 1.8619777 3.0810701
OS 1.8619048 3.0809972
OS 1.8616132 3.0807785
OS 1.8611758 3.0803411
OS 1.8605926 3.0798308
OS 1.8600094 3.0791747
OS 1.8593533 3.0782999
OS 1.8587701 3.0773522
OS 1.8581869 3.0762587
OS 1.858114 3.0761129
OS 1.8579682 3.0756755
OS 1.8577495 3.0750194
OS 1.8575308 3.0741446
OS 1.8573121 3.0730511
OS 1.8570934 3.0718118
OS 1.8569476 3.0704267
OS 1.8568747 3.0688958
OS 1.8568747 3.0688229
OS 1.8568747 3.0686771
OS 1.8568747 3.0684584
OS 1.8568747 3.0681668
OS 1.8569476 3.0673649
OS 1.8570205 3.0664172
OS 1.8571663 3.0652508
OS 1.8574579 3.0640115
OS 1.8577495 3.0626993
OS 1.8581869 3.06146
OS 1.8582598 3.0613142
OS 1.8584785 3.0609497
OS 1.8587701 3.0603665
OS 1.8592075 3.0597104
OS 1.8597178 3.0589085
OS 1.8603739 3.0581066
OS 1.8611029 3.0573047
OS 1.8619777 3.0565757
OS 1.8621235 3.0565028
OS 1.8624151 3.0562841
OS 1.8629254 3.0560654
OS 1.8635815 3.0557738
OS 1.8644563 3.0554093
OS 1.865404 3.0551906
OS 1.8664975 3.0549719
OS 1.8676639 3.054899
OS 1.8681013 3.054899
OS 1.8684658 3.0549719
OS 1.8689032 3.0549719
OS 1.8694135 3.0550448
OS 1.8705799 3.0552635
OS 1.8720379 3.0555551
OS 1.8735688 3.0560654
OS 1.8752455 3.0567215
OS 1.8769222 3.0575963
OS 1.8769951 3.0576692
OS 1.8772867 3.057815
OS 1.8775783 3.0578879
OS 1.8778699 3.0579608
OS 1.8780157 3.0579608
OS 1.8784531 3.057815
OS 1.8787447 3.0575963
OS 1.8789634 3.0573776
OS 1.879255 3.0570131
OS 1.8794737 3.0565757
OS 1.8795466 3.0564299
OS 1.8796924 3.0561383
OS 1.8797653 3.055628
OS 1.8798382 3.0551906
OS 1.8798382 3.0551177
OS 1.8798382 3.0550448
OS 1.8796924 3.0546074
OS 1.8795466 3.0543158
OS 1.8794008 3.0540242
OS 1.8791092 3.0538055
OS 1.8787447 3.0535139
OS 1.8785989 3.053441
OS 1.8783073 3.0532952
OS 1.8777241 3.0530036
OS 1.877068 3.0526391
OS 1.8761932 3.0522746
OS 1.8753184 3.0519101
OS 1.8742978 3.0515456
OS 1.8732772 3.051254
OS 1.8731314 3.051254
OS 1.8728398 3.0511082
OS 1.8722566 3.0510353
OS 1.8716005 3.0508895
OS 1.8707257 3.0507437
OS 1.869778 3.0506708
OS 1.8687574 3.050525
OS 1.8672265 3.050525
OS 1.866862 3.0505979
OS 1.8664975 3.0505979
OS 1.8660601 3.0506708
OS 1.8649666 3.0508166
OS 1.8636544 3.0511082
OS 1.8623422 3.0514727
OS 1.8609571 3.0520559
OS 1.859572 3.0527849
OS 1.8594991 3.0527849
OS 1.8594262 3.0528578
OS 1.8589888 3.0532223
OS 1.8583327 3.0537326
OS 1.8576037 3.0544616
OS 1.8567289 3.0553364
OS 1.8558541 3.0564299
OS 1.8549793 3.0577421
OS 1.8541774 3.0592001
OS 1.8541774 3.059273
OS 1.8541045 3.0594188
OS 1.8540316 3.0596375
OS 1.8538858 3.0599291
OS 1.85374 3.0603665
OS 1.8535942 3.0608039
OS 1.8532297 3.0619703
OS 1.8528652 3.0634283
OS 1.8525736 3.065105
OS 1.8523549 3.0669275
OS 1.852282 3.0688958
OS 1.852282 3.0689687
OS 1.852282 3.0691145
OS 1.852282 3.0694061
OS 1.852282 3.0698435
OS 1.8523549 3.0702809
OS 1.8523549 3.0708641
OS 1.8525007 3.0721763
OS 1.8527194 3.0736343
OS 1.8530839 3.0752381
OS 1.8535213 3.0769148
OS 1.8541774 3.0785186
OS 1.8541774 3.0785915
OS 1.8542503 3.0787373
OS 1.8543961 3.0788831
OS 1.8545419 3.0791747
OS 1.8549793 3.0799766
OS 1.8555625 3.0808514
OS 1.8563644 3.0819449
OS 1.8572392 3.0829655
OS 1.8583327 3.0839861
OS 1.859572 3.0849338
OS 1.8596449 3.0849338
OS 1.8597178 3.0850067
OS 1.8599365 3.0851525
OS 1.8602281 3.0852983
OS 1.8609571 3.0856628
OS 1.8619048 3.0861002
OS 1.8630712 3.0865376
OS 1.8644563 3.0869021
OS 1.8659872 3.0871937
OS 1.8676639 3.0872666
OS 1.8687574 3.0872666
OS 1.8694864 3.0871937
OE
OB 2.1599929 3.0871937 I
OS 2.1607948 3.0871208
OS 2.1617425 3.086975
OS 2.1627631 3.0867563
OS 2.1637837 3.0864647
OS 2.1648043 3.0860273
OS 2.1649501 3.0859544
OS 2.1652417 3.0858086
OS 2.1656791 3.085517
OS 2.1662623 3.0850796
OS 2.1669184 3.0845693
OS 2.1675745 3.0839861
OS 2.1682306 3.0832571
OS 2.1688138 3.0823823
OS 2.1688867 3.0823094
OS 2.1690325 3.0819449
OS 2.1692512 3.0815075
OS 2.1695428 3.0807785
OS 2.1697615 3.0799766
OS 2.1699802 3.0790289
OS 2.170126 3.0779354
OS 2.1701989 3.076769
OS 2.1701989 3.0766232
OS 2.1701989 3.0762587
OS 2.170126 3.0756755
OS 2.1700531 3.0749465
OS 2.1698344 3.0740717
OS 2.1696157 3.073124
OS 2.1692512 3.0721763
OS 2.1687409 3.0711557
OS 2.168668 3.0710099
OS 2.1684493 3.0707183
OS 2.1680848 3.070208
OS 2.1676474 3.069479
OS 2.1669913 3.0686042
OS 2.1661894 3.0676565
OS 2.1652417 3.066563
OS 2.1641482 3.0653966
OS 2.1543067 3.0554822
OS 2.1697615 3.0554822
OS 2.1701989 3.0554093
OS 2.1706363 3.0552635
OS 2.1710737 3.0549719
OS 2.1711466 3.054899
OS 2.1712924 3.0546074
OS 2.1714382 3.0540242
OS 2.1715111 3.0532952
OS 2.1715111 3.0532223
OS 2.1715111 3.0530765
OS 2.1714382 3.0526391
OS 2.1713653 3.0521288
OS 2.1710737 3.0516185
OS 2.1710008 3.0515456
OS 2.1707092 3.0513998
OS 2.1702718 3.051254
OS 2.1696157 3.0511811
OS 2.1487663 3.0511811
OS 2.1483289 3.051254
OS 2.1478915 3.0513998
OS 2.1474541 3.0516185
OS 2.1473812 3.0516914
OS 2.1472354 3.051983
OS 2.1470896 3.0524204
OS 2.1470167 3.0531494
OS 2.1470167 3.0532223
OS 2.1470167 3.0533681
OS 2.1470896 3.0538055
OS 2.1472354 3.0543158
OS 2.1474541 3.0547532
OS 2.160649 3.0680939
OS 2.1607948 3.0682397
OS 2.1610864 3.0685313
OS 2.1615967 3.0690416
OS 2.162107 3.0696977
OS 2.1627631 3.0704267
OS 2.1634192 3.0712286
OS 2.1639295 3.0720305
OS 2.1644398 3.0727595
OS 2.1645127 3.0728324
OS 2.1646585 3.073124
OS 2.1648043 3.0734885
OS 2.165023 3.0739988
OS 2.1652417 3.074582
OS 2.1654604 3.0752381
OS 2.1655333 3.0759671
OS 2.1656062 3.076769
OS 2.1656062 3.0769148
OS 2.1656062 3.0772064
OS 2.1655333 3.0777896
OS 2.1653875 3.0783728
OS 2.1651688 3.0791018
OS 2.1648043 3.0798308
OS 2.1643669 3.0805598
OS 2.1637837 3.0812159
OS 2.1637108 3.0812888
OS 2.1634921 3.0814346
OS 2.1630547 3.0817262
OS 2.1625444 3.0820178
OS 2.1618154 3.0823094
OS 2.1609406 3.082601
OS 2.1599929 3.0827468
OS 2.1588265 3.0828197
OS 2.1580975 3.0828197
OS 2.1575872 3.0827468
OS 2.1569311 3.0826739
OS 2.156275 3.0825281
OS 2.1546712 3.0820907
OS 2.1545983 3.0820907
OS 2.1543067 3.0819449
OS 2.1539422 3.0817991
OS 2.153359 3.0815804
OS 2.1527758 3.0812888
OS 2.1521197 3.0809243
OS 2.1507346 3.0800495
OS 2.1506617 3.0799766
OS 2.150443 3.0799037
OS 2.1500785 3.0797579
OS 2.149714 3.079685
OS 2.1495682 3.079685
OS 2.1491308 3.0798308
OS 2.1488392 3.0799766
OS 2.1485476 3.0801953
OS 2.148256 3.0804869
OS 2.1479644 3.0809243
OS 2.1479644 3.0809972
OS 2.1478915 3.0810701
OS 2.1477457 3.0814346
OS 2.147527 3.081872
OS 2.1474541 3.0823823
OS 2.1474541 3.0824552
OS 2.1474541 3.0825281
OS 2.1475999 3.0828926
OS 2.1478186 3.08333
OS 2.1480373 3.0836216
OS 2.1483289 3.0838403
OS 2.1484018 3.0839132
OS 2.1486934 3.0841319
OS 2.1492037 3.0844235
OS 2.1497869 3.084788
OS 2.1505888 3.0851525
OS 2.1513907 3.0855899
OS 2.1523384 3.0859544
OS 2.153359 3.0863189
OS 2.1535048 3.0863918
OS 2.1538693 3.0864647
OS 2.1543796 3.0866105
OS 2.1551086 3.0868292
OS 2.1559105 3.086975
OS 2.1567853 3.0871208
OS 2.1578059 3.0871937
OS 2.1587536 3.0872666
OS 2.1593368 3.0872666
OS 2.1599929 3.0871937
OE
OB 1.9061551 3.0871937 I
OS 1.906957 3.0871208
OS 1.9079047 3.086975
OS 1.9099459 3.0865376
OS 1.9100917 3.0865376
OS 1.9104562 3.0863918
OS 1.9109665 3.086246
OS 1.9116955 3.0859544
OS 1.9124974 3.0856628
OS 1.9134451 3.0852254
OS 1.9143928 3.084788
OS 1.9154134 3.0842048
OS 1.9154863 3.0842048
OS 1.9155592 3.084059
OS 1.9159966 3.0837674
OS 1.9163611 3.0832571
OS 1.916434 3.0828926
OS 1.9165069 3.0825281
OS 1.9165069 3.0824552
OS 1.916434 3.0821636
OS 1.9163611 3.0817262
OS 1.9161424 3.081143
OS 1.9161424 3.0810701
OS 1.9160695 3.0809243
OS 1.915705 3.0804869
OS 1.9151947 3.0800495
OS 1.9149031 3.0799037
OS 1.9145386 3.0798308
OS 1.9144657 3.0798308
OS 1.9143199 3.0799037
OS 1.9139554 3.0799766
OS 1.9135909 3.0801224
OS 1.913518 3.0801224
OS 1.9133722 3.0802682
OS 1.9131535 3.0803411
OS 1.912789 3.0805598
OS 1.9124245 3.0807785
OS 1.9119142 3.0809972
OS 1.9107478 3.0815075
OS 1.9093627 3.0819449
OS 1.9077589 3.0823823
OS 1.9060822 3.0826739
OS 1.9043326 3.0828197
OS 1.9037494 3.0828197
OS 1.9031662 3.0827468
OS 1.9023643 3.082601
OS 1.9014895 3.0823823
OS 1.9005418 3.0820907
OS 1.8995941 3.0816533
OS 1.8986464 3.0810701
OS 1.8985735 3.0809972
OS 1.8982819 3.0807785
OS 1.8978445 3.0803411
OS 1.8972613 3.0798308
OS 1.8966781 3.0791747
OS 1.896022 3.0782999
OS 1.8954388 3.0773522
OS 1.8948556 3.0762587
OS 1.8947827 3.0761129
OS 1.8946369 3.0756755
OS 1.8944182 3.0750194
OS 1.8941995 3.0741446
OS 1.8939808 3.0730511
OS 1.8937621 3.0718118
OS 1.8936163 3.0704267
OS 1.8935434 3.0688958
OS 1.8935434 3.0688229
OS 1.8935434 3.0686771
OS 1.8935434 3.0684584
OS 1.8935434 3.0681668
OS 1.8936163 3.0673649
OS 1.8936892 3.0664172
OS 1.893835 3.0652508
OS 1.8941266 3.0640115
OS 1.8944182 3.0626993
OS 1.8948556 3.06146
OS 1.8949285 3.0613142
OS 1.8951472 3.0609497
OS 1.8954388 3.0603665
OS 1.8958762 3.0597104
OS 1.8963865 3.0589085
OS 1.8970426 3.0581066
OS 1.8977716 3.0573047
OS 1.8986464 3.0565757
OS 1.8987922 3.0565028
OS 1.8990838 3.0562841
OS 1.8995941 3.0560654
OS 1.9002502 3.0557738
OS 1.901125 3.0554093
OS 1.9020727 3.0551906
OS 1.9031662 3.0549719
OS 1.9043326 3.054899
OS 1.90477 3.054899
OS 1.9051345 3.0549719
OS 1.9055719 3.0549719
OS 1.9060822 3.0550448
OS 1.9072486 3.0552635
OS 1.9087066 3.0555551
OS 1.9102375 3.0560654
OS 1.9119142 3.0567215
OS 1.9135909 3.0575963
OS 1.9136638 3.0576692
OS 1.9139554 3.057815
OS 1.914247 3.0578879
OS 1.9145386 3.0579608
OS 1.9146844 3.0579608
OS 1.9151218 3.057815
OS 1.9154134 3.0575963
OS 1.9156321 3.0573776
OS 1.9159237 3.0570131
OS 1.9161424 3.0565757
OS 1.9162153 3.0564299
OS 1.9163611 3.0561383
OS 1.916434 3.055628
OS 1.9165069 3.0551906
OS 1.9165069 3.0551177
OS 1.9165069 3.0550448
OS 1.9163611 3.0546074
OS 1.9162153 3.0543158
OS 1.9160695 3.0540242
OS 1.9157779 3.0538055
OS 1.9154134 3.0535139
OS 1.9152676 3.053441
OS 1.914976 3.0532952
OS 1.9143928 3.0530036
OS 1.9137367 3.0526391
OS 1.9128619 3.0522746
OS 1.9119871 3.0519101
OS 1.9109665 3.0515456
OS 1.9099459 3.051254
OS 1.9098001 3.051254
OS 1.9095085 3.0511082
OS 1.9089253 3.0510353
OS 1.9082692 3.0508895
OS 1.9073944 3.0507437
OS 1.9064467 3.0506708
OS 1.9054261 3.050525
OS 1.9038952 3.050525
OS 1.9035307 3.0505979
OS 1.9031662 3.0505979
OS 1.9027288 3.0506708
OS 1.9016353 3.0508166
OS 1.9003231 3.0511082
OS 1.8990109 3.0514727
OS 1.8976258 3.0520559
OS 1.8962407 3.0527849
OS 1.8961678 3.0527849
OS 1.8960949 3.0528578
OS 1.8956575 3.0532223
OS 1.8950014 3.0537326
OS 1.8942724 3.0544616
OS 1.8933976 3.0553364
OS 1.8925228 3.0564299
OS 1.891648 3.0577421
OS 1.8908461 3.0592001
OS 1.8908461 3.059273
OS 1.8907732 3.0594188
OS 1.8907003 3.0596375
OS 1.8905545 3.0599291
OS 1.8904087 3.0603665
OS 1.8902629 3.0608039
OS 1.8898984 3.0619703
OS 1.8895339 3.0634283
OS 1.8892423 3.065105
OS 1.8890236 3.0669275
OS 1.8889507 3.0688958
OS 1.8889507 3.0689687
OS 1.8889507 3.0691145
OS 1.8889507 3.0694061
OS 1.8889507 3.0698435
OS 1.8890236 3.0702809
OS 1.8890236 3.0708641
OS 1.8891694 3.0721763
OS 1.8893881 3.0736343
OS 1.8897526 3.0752381
OS 1.89019 3.0769148
OS 1.8908461 3.0785186
OS 1.8908461 3.0785915
OS 1.890919 3.0787373
OS 1.8910648 3.0788831
OS 1.8912106 3.0791747
OS 1.891648 3.0799766
OS 1.8922312 3.0808514
OS 1.8930331 3.0819449
OS 1.8939079 3.0829655
OS 1.8950014 3.0839861
OS 1.8962407 3.0849338
OS 1.8963136 3.0849338
OS 1.8963865 3.0850067
OS 1.8966052 3.0851525
OS 1.8968968 3.0852983
OS 1.8976258 3.0856628
OS 1.8985735 3.0861002
OS 1.8997399 3.0865376
OS 1.901125 3.0869021
OS 1.9026559 3.0871937
OS 1.9043326 3.0872666
OS 1.9054261 3.0872666
OS 1.9061551 3.0871937
OE
OB 1.941949 3.0807785 H
OS 1.9313785 3.0644489
OS 1.9416574 3.0644489
OS 1.941949 3.0807785
OE
OB 1.9786177 3.0807785 H
OS 1.9680472 3.0644489
OS 1.9783261 3.0644489
OS 1.9786177 3.0807785
OE
OB 1.7929414 3.0823094 H
OS 1.785943 3.0823094
OS 1.785943 3.0671462
OS 1.7936704 3.0671462
OS 1.7944723 3.0672191
OS 1.79542 3.0673649
OS 1.7965135 3.0676565
OS 1.797607 3.0679481
OS 1.7986276 3.0684584
OS 1.7995753 3.0691145
OS 1.7996482 3.0691874
OS 1.7999398 3.069479
OS 1.8003043 3.0699164
OS 1.8007417 3.0705725
OS 1.8011791 3.0713015
OS 1.8015436 3.0722492
OS 1.8018352 3.0734156
OS 1.8019081 3.0746549
OS 1.8019081 3.0747278
OS 1.8019081 3.0748007
OS 1.8019081 3.0752381
OS 1.8017623 3.0758942
OS 1.8016165 3.0766961
OS 1.8013249 3.0776438
OS 1.8009604 3.0785915
OS 1.8003772 3.0794663
OS 1.7995753 3.0802682
OS 1.7995024 3.0803411
OS 1.7991379 3.0805598
OS 1.7986276 3.0809243
OS 1.7978986 3.0812888
OS 1.7969509 3.0816533
OS 1.7958574 3.0820178
OS 1.7944723 3.0822365
OS 1.7929414 3.0823094
OE
SE
S P 0
OB 2.2526885 0.3312153 I
OS 2.2535633 0.3310695
OS 2.2545839 0.3307779
OS 2.2556774 0.3304134
OS 2.2568438 0.3298302
OS 2.2579373 0.3290283
OS 2.2580831 0.3289554
OS 2.2584476 0.3285909
OS 2.2589579 0.3280806
OS 2.259614 0.3273516
OS 2.260343 0.3264768
OS 2.261072 0.3253833
OS 2.2617281 0.3240711
OS 2.2623842 0.3226131
OS 2.2623842 0.3225402
OS 2.2624571 0.3223944
OS 2.26253 0.3221757
OS 2.2626029 0.3218841
OS 2.2627487 0.3214467
OS 2.2628945 0.3210093
OS 2.2630403 0.3204261
OS 2.2631861 0.3198429
OS 2.2634777 0.3184578
OS 2.2637693 0.3167811
OS 2.2639151 0.3149586
OS 2.263988 0.3129174
OS 2.263988 0.3128445
OS 2.263988 0.3126987
OS 2.263988 0.3124071
OS 2.263988 0.3119697
OS 2.2639151 0.3115323
OS 2.2639151 0.3109491
OS 2.2637693 0.3096369
OS 2.2636235 0.3081789
OS 2.2633319 0.3065751
OS 2.2628945 0.3048984
OS 2.2623842 0.3032946
OS 2.2623842 0.3032217
OS 2.2623113 0.3031488
OS 2.2622384 0.3029301
OS 2.2620926 0.3026385
OS 2.2617281 0.3018366
OS 2.2612907 0.3009618
OS 2.2606346 0.2998683
OS 2.2598327 0.2988477
OS 2.2589579 0.2978271
OS 2.2579373 0.2968794
OS 2.2577915 0.2968065
OS 2.257427 0.2965149
OS 2.2568438 0.2961504
OS 2.2560419 0.2957859
OS 2.2550942 0.2953485
OS 2.2539278 0.294984
OS 2.2526885 0.2946924
OS 2.2513034 0.2946195
OS 2.2509389 0.2946195
OS 2.2506473 0.2946924
OS 2.2499183 0.2947653
OS 2.2490435 0.2949111
OS 2.2480229 0.2952027
OS 2.2468565 0.2955672
OS 2.2456901 0.2961504
OS 2.2445966 0.2968794
OS 2.2444508 0.2969523
OS 2.2441592 0.2973168
OS 2.2436489 0.2978271
OS 2.2429928 0.2985561
OS 2.2422638 0.2994309
OS 2.2415348 0.3005244
OS 2.2408058 0.3018366
OS 2.2401497 0.3032946
OS 2.2401497 0.3033675
OS 2.2400768 0.3035133
OS 2.2400039 0.303732
OS 2.239931 0.3040236
OS 2.2397852 0.304461
OS 2.2396394 0.3048984
OS 2.2394207 0.3060648
OS 2.2391291 0.3074499
OS 2.2388375 0.3091266
OS 2.2386917 0.3109491
OS 2.2386188 0.3129174
OS 2.2386188 0.3129903
OS 2.2386188 0.3131361
OS 2.2386188 0.3134277
OS 2.2386188 0.3138651
OS 2.2386917 0.3143025
OS 2.2386917 0.3148857
OS 2.2388375 0.3161979
OS 2.2389833 0.3177288
OS 2.2392749 0.3193326
OS 2.2396394 0.3210093
OS 2.2401497 0.3226131
OS 2.2401497 0.322686
OS 2.2402226 0.3228318
OS 2.2402955 0.3229776
OS 2.2404413 0.3232692
OS 2.2408058 0.3240711
OS 2.2413161 0.3249459
OS 2.2419722 0.3260394
OS 2.2427012 0.32706
OS 2.243576 0.3280806
OS 2.2445966 0.3290283
OS 2.2447424 0.3291012
OS 2.2451069 0.3293928
OS 2.2456901 0.3297573
OS 2.2465649 0.3301947
OS 2.2475126 0.3306321
OS 2.248679 0.3309966
OS 2.2499183 0.3312882
OS 2.2513034 0.3313611
OS 2.2519595 0.3313611
OS 2.2526885 0.3312153
OE
OB 2.219519 0.3312153 I
OS 2.2200293 0.3310695
OS 2.2205396 0.3307779
OS 2.2209041 0.3304134
OS 2.2211957 0.3298302
OS 2.2213415 0.3290283
OS 2.2213415 0.3085434
OS 2.2262987 0.3085434
OS 2.2267361 0.3084705
OS 2.2271735 0.3083247
OS 2.2276109 0.3080331
OS 2.2276838 0.3079602
OS 2.2278296 0.3076686
OS 2.2279754 0.3071583
OS 2.2280483 0.3064293
OS 2.2280483 0.3063564
OS 2.2280483 0.3062106
OS 2.2279754 0.3057732
OS 2.2279025 0.3052629
OS 2.2276109 0.3047526
OS 2.227538 0.3046797
OS 2.2272464 0.3045339
OS 2.226809 0.3043152
OS 2.2261529 0.3042423
OS 2.2213415 0.3042423
OS 2.2213415 0.2968794
OS 2.2213415 0.2968065
OS 2.2213415 0.2967336
OS 2.2212686 0.2962962
OS 2.2211228 0.2958588
OS 2.2208312 0.2954214
OS 2.2207583 0.2953485
OS 2.2203938 0.2952027
OS 2.2198835 0.2950569
OS 2.2190816 0.294984
OS 2.2188629 0.294984
OS 2.2184255 0.2950569
OS 2.2178423 0.2952027
OS 2.217332 0.2954214
OS 2.2172591 0.2954943
OS 2.2171133 0.2957859
OS 2.2168946 0.2962233
OS 2.2168217 0.2968794
OS 2.2168217 0.3042423
OS 2.2024604 0.3042423
OS 2.202023 0.3043152
OS 2.2015127 0.304461
OS 2.2010753 0.3047526
OS 2.2010024 0.3048984
OS 2.2008566 0.30519
OS 2.2007108 0.3057732
OS 2.2006379 0.3065022
OS 2.2006379 0.3065751
OS 2.2006379 0.306648
OS 2.2007108 0.3070125
OS 2.2007837 0.3075228
OS 2.2010024 0.3079602
OS 2.2154366 0.3295386
OS 2.2154366 0.3296115
OS 2.2155824 0.3296844
OS 2.215874 0.3300489
OS 2.2163114 0.3305592
OS 2.2168217 0.3309237
OS 2.2168946 0.3309237
OS 2.2169675 0.3309966
OS 2.217332 0.3311424
OS 2.2179881 0.3312882
OS 2.2187171 0.3313611
OS 2.2191545 0.3313611
OS 2.219519 0.3312153
OE
OB 2.2884824 0.3312882 I
OS 2.2892843 0.3312153
OS 2.290232 0.3310695
OS 2.2912526 0.3308508
OS 2.2922732 0.3305592
OS 2.2932938 0.3301218
OS 2.2934396 0.3300489
OS 2.2937312 0.3299031
OS 2.2941686 0.3296115
OS 2.2947518 0.3291741
OS 2.2954079 0.3286638
OS 2.296064 0.3280806
OS 2.2967201 0.3273516
OS 2.2973033 0.3264768
OS 2.2973762 0.3264039
OS 2.297522 0.3260394
OS 2.2977407 0.325602
OS 2.2980323 0.324873
OS 2.298251 0.3240711
OS 2.2984697 0.3231234
OS 2.2986155 0.3220299
OS 2.2986884 0.3208635
OS 2.2986884 0.3207177
OS 2.2986884 0.3203532
OS 2.2986155 0.31977
OS 2.2985426 0.319041
OS 2.2983239 0.3181662
OS 2.2981052 0.3172185
OS 2.2977407 0.3162708
OS 2.2972304 0.3152502
OS 2.2971575 0.3151044
OS 2.2969388 0.3148128
OS 2.2965743 0.3143025
OS 2.2961369 0.3135735
OS 2.2954808 0.3126987
OS 2.2946789 0.311751
OS 2.2937312 0.3106575
OS 2.2926377 0.3094911
OS 2.2827962 0.2995767
OS 2.298251 0.2995767
OS 2.2986884 0.2995038
OS 2.2991258 0.299358
OS 2.2995632 0.2990664
OS 2.2996361 0.2989935
OS 2.2997819 0.2987019
OS 2.2999277 0.2981187
OS 2.3000006 0.2973897
OS 2.3000006 0.2973168
OS 2.3000006 0.297171
OS 2.2999277 0.2967336
OS 2.2998548 0.2962233
OS 2.2995632 0.295713
OS 2.2994903 0.2956401
OS 2.2991987 0.2954943
OS 2.2987613 0.2953485
OS 2.2981052 0.2952756
OS 2.2772558 0.2952756
OS 2.2768184 0.2953485
OS 2.276381 0.2954943
OS 2.2759436 0.295713
OS 2.2758707 0.2957859
OS 2.2757249 0.2960775
OS 2.2755791 0.2965149
OS 2.2755062 0.2972439
OS 2.2755062 0.2973168
OS 2.2755062 0.2974626
OS 2.2755791 0.2979
OS 2.2757249 0.2984103
OS 2.2759436 0.2988477
OS 2.2891385 0.3121884
OS 2.2892843 0.3123342
OS 2.2895759 0.3126258
OS 2.2900862 0.3131361
OS 2.2905965 0.3137922
OS 2.2912526 0.3145212
OS 2.2919087 0.3153231
OS 2.292419 0.316125
OS 2.2929293 0.316854
OS 2.2930022 0.3169269
OS 2.293148 0.3172185
OS 2.2932938 0.317583
OS 2.2935125 0.3180933
OS 2.2937312 0.3186765
OS 2.2939499 0.3193326
OS 2.2940228 0.3200616
OS 2.2940957 0.3208635
OS 2.2940957 0.3210093
OS 2.2940957 0.3213009
OS 2.2940228 0.3218841
OS 2.293877 0.3224673
OS 2.2936583 0.3231963
OS 2.2932938 0.3239253
OS 2.2928564 0.3246543
OS 2.2922732 0.3253104
OS 2.2922003 0.3253833
OS 2.2919816 0.3255291
OS 2.2915442 0.3258207
OS 2.2910339 0.3261123
OS 2.2903049 0.3264039
OS 2.2894301 0.3266955
OS 2.2884824 0.3268413
OS 2.287316 0.3269142
OS 2.286587 0.3269142
OS 2.2860767 0.3268413
OS 2.2854206 0.3267684
OS 2.2847645 0.3266226
OS 2.2831607 0.3261852
OS 2.2830878 0.3261852
OS 2.2827962 0.3260394
OS 2.2824317 0.3258936
OS 2.2818485 0.3256749
OS 2.2812653 0.3253833
OS 2.2806092 0.3250188
OS 2.2792241 0.324144
OS 2.2791512 0.3240711
OS 2.2789325 0.3239982
OS 2.278568 0.3238524
OS 2.2782035 0.3237795
OS 2.2780577 0.3237795
OS 2.2776203 0.3239253
OS 2.2773287 0.3240711
OS 2.2770371 0.3242898
OS 2.2767455 0.3245814
OS 2.2764539 0.3250188
OS 2.2764539 0.3250917
OS 2.276381 0.3251646
OS 2.2762352 0.3255291
OS 2.2760165 0.3259665
OS 2.2759436 0.3264768
OS 2.2759436 0.3265497
OS 2.2759436 0.3266226
OS 2.2760894 0.3269871
OS 2.2763081 0.3274245
OS 2.2765268 0.3277161
OS 2.2768184 0.3279348
OS 2.2768913 0.3280077
OS 2.2771829 0.3282264
OS 2.2776932 0.328518
OS 2.2782764 0.3288825
OS 2.2790783 0.329247
OS 2.2798802 0.3296844
OS 2.2808279 0.3300489
OS 2.2818485 0.3304134
OS 2.2819943 0.3304863
OS 2.2823588 0.3305592
OS 2.2828691 0.330705
OS 2.2835981 0.3309237
OS 2.2844 0.3310695
OS 2.2852748 0.3312153
OS 2.2862954 0.3312882
OS 2.2872431 0.3313611
OS 2.2878263 0.3313611
OS 2.2884824 0.3312882
OE
OB 2.3347739 0.3329649 I
OS 2.3349926 0.3328191
OS 2.3351384 0.3326004
OS 2.3352842 0.3323088
OS 2.3353571 0.3319443
OS 2.3353571 0.3316527
OS 2.3336804 0.3182391
OS 2.3336804 0.3180933
OS 2.3336075 0.3178017
OS 2.3333888 0.3173643
OS 2.3330972 0.3169998
OS 2.3330243 0.3169269
OS 2.3327327 0.3167811
OS 2.3322953 0.3166353
OS 2.3316392 0.3165624
OS 2.3314934 0.3165624
OS 2.3311289 0.3166353
OS 2.3306915 0.3167811
OS 2.3302541 0.3169998
OS 2.3301812 0.3170727
OS 2.3299625 0.3172914
OS 2.3297438 0.3177288
OS 2.329598 0.3182391
OS 2.3279942 0.3316527
OS 2.3279942 0.3317256
OS 2.3279942 0.3318714
OS 2.3280671 0.3323817
OS 2.3282129 0.3326733
OS 2.3284316 0.332892
OS 2.3287961 0.3330378
OS 2.3292335 0.3331107
OS 2.3343365 0.3331107
OS 2.3347739 0.3329649
OE
OB 2.3209958 0.3329649 I
OS 2.3212145 0.3328191
OS 2.3214332 0.3326004
OS 2.321579 0.3323088
OS 2.3216519 0.3319443
OS 2.321579 0.3316527
OS 2.3199752 0.3182391
OS 2.3199752 0.3180933
OS 2.3199023 0.3178017
OS 2.3196836 0.3173643
OS 2.3193191 0.3169998
OS 2.3192462 0.3169269
OS 2.3189546 0.3167811
OS 2.3185172 0.3166353
OS 2.317934 0.3165624
OS 2.3177882 0.3165624
OS 2.3174237 0.3166353
OS 2.3169863 0.3167811
OS 2.316476 0.3169998
OS 2.3164031 0.3170727
OS 2.3161844 0.3172914
OS 2.3160386 0.3177288
OS 2.3158928 0.3182391
OS 2.3142161 0.3316527
OS 2.3142161 0.3317256
OS 2.3142161 0.3318714
OS 2.314289 0.3323817
OS 2.3144348 0.3326733
OS 2.3146535 0.332892
OS 2.315018 0.3330378
OS 2.3154554 0.3331107
OS 2.3205584 0.3331107
OS 2.3209958 0.3329649
OE
OB 2.1793511 0.3312153 I
OS 2.1802259 0.3310695
OS 2.1812465 0.3307779
OS 2.18234 0.3304134
OS 2.1835064 0.3298302
OS 2.1845999 0.3290283
OS 2.1847457 0.3289554
OS 2.1851102 0.3285909
OS 2.1856205 0.3280806
OS 2.1862766 0.3273516
OS 2.1870056 0.3264768
OS 2.1877346 0.3253833
OS 2.1883907 0.3240711
OS 2.1890468 0.3226131
OS 2.1890468 0.3225402
OS 2.1891197 0.3223944
OS 2.1891926 0.3221757
OS 2.1892655 0.3218841
OS 2.1894113 0.3214467
OS 2.1895571 0.3210093
OS 2.1897029 0.3204261
OS 2.1898487 0.3198429
OS 2.1901403 0.3184578
OS 2.1904319 0.3167811
OS 2.1905777 0.3149586
OS 2.1906506 0.3129174
OS 2.1906506 0.3128445
OS 2.1906506 0.3126987
OS 2.1906506 0.3124071
OS 2.1906506 0.3119697
OS 2.1905777 0.3115323
OS 2.1905777 0.3109491
OS 2.1904319 0.3096369
OS 2.1902861 0.3081789
OS 2.1899945 0.3065751
OS 2.1895571 0.3048984
OS 2.1890468 0.3032946
OS 2.1890468 0.3032217
OS 2.1889739 0.3031488
OS 2.188901 0.3029301
OS 2.1887552 0.3026385
OS 2.1883907 0.3018366
OS 2.1879533 0.3009618
OS 2.1872972 0.2998683
OS 2.1864953 0.2988477
OS 2.1856205 0.2978271
OS 2.1845999 0.2968794
OS 2.1844541 0.2968065
OS 2.1840896 0.2965149
OS 2.1835064 0.2961504
OS 2.1827045 0.2957859
OS 2.1817568 0.2953485
OS 2.1805904 0.294984
OS 2.1793511 0.2946924
OS 2.177966 0.2946195
OS 2.1776015 0.2946195
OS 2.1773099 0.2946924
OS 2.1765809 0.2947653
OS 2.1757061 0.2949111
OS 2.1746855 0.2952027
OS 2.1735191 0.2955672
OS 2.1723527 0.2961504
OS 2.1712592 0.2968794
OS 2.1711134 0.2969523
OS 2.1708218 0.2973168
OS 2.1703115 0.2978271
OS 2.1696554 0.2985561
OS 2.1689264 0.2994309
OS 2.1681974 0.3005244
OS 2.1674684 0.3018366
OS 2.1668123 0.3032946
OS 2.1668123 0.3033675
OS 2.1667394 0.3035133
OS 2.1666665 0.303732
OS 2.1665936 0.3040236
OS 2.1664478 0.304461
OS 2.166302 0.3048984
OS 2.1660833 0.3060648
OS 2.1657917 0.3074499
OS 2.1655001 0.3091266
OS 2.1653543 0.3109491
OS 2.1652814 0.3129174
OS 2.1652814 0.3129903
OS 2.1652814 0.3131361
OS 2.1652814 0.3134277
OS 2.1652814 0.3138651
OS 2.1653543 0.3143025
OS 2.1653543 0.3148857
OS 2.1655001 0.3161979
OS 2.1656459 0.3177288
OS 2.1659375 0.3193326
OS 2.166302 0.3210093
OS 2.1668123 0.3226131
OS 2.1668123 0.322686
OS 2.1668852 0.3228318
OS 2.1669581 0.3229776
OS 2.1671039 0.3232692
OS 2.1674684 0.3240711
OS 2.1679787 0.3249459
OS 2.1686348 0.3260394
OS 2.1693638 0.32706
OS 2.1702386 0.3280806
OS 2.1712592 0.3290283
OS 2.171405 0.3291012
OS 2.1717695 0.3293928
OS 2.1723527 0.3297573
OS 2.1732275 0.3301947
OS 2.1741752 0.3306321
OS 2.1753416 0.3309966
OS 2.1765809 0.3312882
OS 2.177966 0.3313611
OS 2.1786221 0.3313611
OS 2.1793511 0.3312153
OE
OB 2.1855476 0.318312 H
OS 2.1719153 0.3030759
OS 2.1719882 0.303003
OS 2.172134 0.3027114
OS 2.1723527 0.3023469
OS 2.1726443 0.3019095
OS 2.1735191 0.3009618
OS 2.1739565 0.3004515
OS 2.1745397 0.3000141
OS 2.1746126 0.2999412
OS 2.1748313 0.2998683
OS 2.1751229 0.2997225
OS 2.1755603 0.2995038
OS 2.1760706 0.2992851
OS 2.1766538 0.2991393
OS 2.1773099 0.2990664
OS 2.177966 0.2989935
OS 2.1783305 0.2989935
OS 2.1787679 0.2990664
OS 2.1793511 0.2992122
OS 2.1800072 0.299358
OS 2.1807362 0.2996496
OS 2.1813923 0.300087
OS 2.1821213 0.3005973
OS 2.1821942 0.3006702
OS 2.1824129 0.3008889
OS 2.1827774 0.3013263
OS 2.1831419 0.3018366
OS 2.1836522 0.3024927
OS 2.1840896 0.3033675
OS 2.184527 0.3043152
OS 2.1849644 0.3054087
OS 2.1849644 0.3054816
OS 2.1850373 0.3055545
OS 2.1851102 0.3059919
OS 2.1853289 0.306648
OS 2.1855476 0.3075228
OS 2.1856934 0.3086892
OS 2.1859121 0.3099285
OS 2.185985 0.3113865
OS 2.1860579 0.3129174
OS 2.1860579 0.3130632
OS 2.1860579 0.3134277
OS 2.1860579 0.313938
OS 2.185985 0.314667
OS 2.1859121 0.3154689
OS 2.1858392 0.3164166
OS 2.1855476 0.318312
OE
OB 2.2513034 0.3269142 H
OS 2.2509389 0.3269142
OS 2.2505015 0.3268413
OS 2.2499183 0.3266955
OS 2.2492622 0.3264768
OS 2.2485332 0.3261852
OS 2.2478771 0.3258207
OS 2.2471481 0.3252375
OS 2.2470752 0.3251646
OS 2.2468565 0.3249459
OS 2.246492 0.3245814
OS 2.2461275 0.3240711
OS 2.2456172 0.3233421
OS 2.2451798 0.3225402
OS 2.2446695 0.3215925
OS 2.2442321 0.3204261
OS 2.2441592 0.3202803
OS 2.2440863 0.3198429
OS 2.2439405 0.3191868
OS 2.2437218 0.318312
OS 2.2435031 0.3172185
OS 2.2433573 0.3159063
OS 2.2432844 0.3145212
OS 2.2432115 0.3129174
OS 2.2432115 0.3127716
OS 2.2432115 0.31248
OS 2.2432115 0.3118968
OS 2.2432844 0.3112407
OS 2.2433573 0.3104388
OS 2.2434302 0.3094911
OS 2.2437218 0.3075957
OS 2.2573541 0.3228318
OS 2.2572812 0.3229047
OS 2.2571354 0.3231234
OS 2.2569167 0.3234879
OS 2.2566251 0.3239253
OS 2.2561877 0.3244356
OS 2.2557503 0.3249459
OS 2.25524 0.3253833
OS 2.2546568 0.3258207
OS 2.2545839 0.3258936
OS 2.2543652 0.3259665
OS 2.2540736 0.3261852
OS 2.2536362 0.3264039
OS 2.2531988 0.3265497
OS 2.2526156 0.3267684
OS 2.2519595 0.3268413
OS 2.2513034 0.3269142
OE
OB 2.2171133 0.324873 H
OS 2.2065428 0.3085434
OS 2.2168217 0.3085434
OS 2.2171133 0.324873
OE
OB 2.258885 0.318312 H
OS 2.2452527 0.3030759
OS 2.2453256 0.303003
OS 2.2454714 0.3027114
OS 2.2456901 0.3023469
OS 2.2459817 0.3019095
OS 2.2468565 0.3009618
OS 2.2472939 0.3004515
OS 2.2478771 0.3000141
OS 2.24795 0.2999412
OS 2.2481687 0.2998683
OS 2.2484603 0.2997225
OS 2.2488977 0.2995038
OS 2.249408 0.2992851
OS 2.2499912 0.2991393
OS 2.2506473 0.2990664
OS 2.2513034 0.2989935
OS 2.2516679 0.2989935
OS 2.2521053 0.2990664
OS 2.2526885 0.2992122
OS 2.2533446 0.299358
OS 2.2540736 0.2996496
OS 2.2547297 0.300087
OS 2.2554587 0.3005973
OS 2.2555316 0.3006702
OS 2.2557503 0.3008889
OS 2.2561148 0.3013263
OS 2.2564793 0.3018366
OS 2.2569896 0.3024927
OS 2.257427 0.3033675
OS 2.2578644 0.3043152
OS 2.2583018 0.3054087
OS 2.2583018 0.3054816
OS 2.2583747 0.3055545
OS 2.2584476 0.3059919
OS 2.2586663 0.306648
OS 2.258885 0.3075228
OS 2.2590308 0.3086892
OS 2.2592495 0.3099285
OS 2.2593224 0.3113865
OS 2.2593953 0.3129174
OS 2.2593953 0.3130632
OS 2.2593953 0.3134277
OS 2.2593953 0.313938
OS 2.2593224 0.314667
OS 2.2592495 0.3154689
OS 2.2591766 0.3164166
OS 2.258885 0.318312
OE
OB 2.177966 0.3269142 H
OS 2.1776015 0.3269142
OS 2.1771641 0.3268413
OS 2.1765809 0.3266955
OS 2.1759248 0.3264768
OS 2.1751958 0.3261852
OS 2.1745397 0.3258207
OS 2.1738107 0.3252375
OS 2.1737378 0.3251646
OS 2.1735191 0.3249459
OS 2.1731546 0.3245814
OS 2.1727901 0.3240711
OS 2.1722798 0.3233421
OS 2.1718424 0.3225402
OS 2.1713321 0.3215925
OS 2.1708947 0.3204261
OS 2.1708218 0.3202803
OS 2.1707489 0.3198429
OS 2.1706031 0.3191868
OS 2.1703844 0.318312
OS 2.1701657 0.3172185
OS 2.1700199 0.3159063
OS 2.169947 0.3145212
OS 2.1698741 0.3129174
OS 2.1698741 0.3127716
OS 2.1698741 0.31248
OS 2.1698741 0.3118968
OS 2.169947 0.3112407
OS 2.1700199 0.3104388
OS 2.1700928 0.3094911
OS 2.1703844 0.3075957
OS 2.1840167 0.3228318
OS 2.1839438 0.3229047
OS 2.183798 0.3231234
OS 2.1835793 0.3234879
OS 2.1832877 0.3239253
OS 2.1828503 0.3244356
OS 2.1824129 0.3249459
OS 2.1819026 0.3253833
OS 2.1813194 0.3258207
OS 2.1812465 0.3258936
OS 2.1810278 0.3259665
OS 2.1807362 0.3261852
OS 2.1802988 0.3264039
OS 2.1798614 0.3265497
OS 2.1792782 0.3267684
OS 2.1786221 0.3268413
OS 2.177966 0.3269142
OE
SE
S P 0
OB 2.9958429 1.3542541 I
OS 2.9967906 1.3541083
OS 2.9978841 1.3539625
OS 2.9990505 1.3536709
OS 3.0002169 1.3533064
OS 3.0013833 1.3527961
OS 3.0015291 1.3527232
OS 3.0018936 1.3525045
OS 3.0024039 1.3522129
OS 3.00306 1.3517026
OS 3.0037161 1.3511194
OS 3.0044451 1.3504633
OS 3.0051741 1.3495885
OS 3.0057573 1.3486408
OS 3.0058302 1.348495
OS 3.005976 1.3481305
OS 3.0062676 1.3476202
OS 3.0065592 1.3468183
OS 3.0067779 1.3459435
OS 3.0070695 1.34485
OS 3.0072153 1.3436836
OS 3.0072882 1.3423714
OS 3.0072882 1.3422985
OS 3.0072882 1.3422256
OS 3.0072882 1.3417882
OS 3.0072153 1.3411321
OS 3.0070695 1.3402573
OS 3.0069237 1.3393096
OS 3.0066321 1.338289
OS 3.0062676 1.3371955
OS 3.0057573 1.3361749
OS 3.0056844 1.3360291
OS 3.0054657 1.3357375
OS 3.0051741 1.3353001
OS 3.0046638 1.3347169
OS 3.0040806 1.3340608
OS 3.0032787 1.3333318
OS 3.0024039 1.3326757
OS 3.0013833 1.3320925
OS 3.0012375 1.3320196
OS 3.000873 1.3318738
OS 3.0002169 1.3316551
OS 2.999415 1.3313635
OS 2.9983944 1.3310719
OS 2.997228 1.3308532
OS 2.9958429 1.3307074
OS 2.9943849 1.3306345
OS 2.9867304 1.3306345
OS 2.9867304 1.3205014
OS 2.9867304 1.3204285
OS 2.9867304 1.3203556
OS 2.9866575 1.3199182
OS 2.9865117 1.3194808
OS 2.9862201 1.3190434
OS 2.9861472 1.3189705
OS 2.9858556 1.3188247
OS 2.9853453 1.3186789
OS 2.9849808 1.318606
OS 2.9842518 1.318606
OS 2.9838144 1.3186789
OS 2.9832312 1.3188247
OS 2.9827209 1.3190434
OS 2.982648 1.3191163
OS 2.9825022 1.3194079
OS 2.9823564 1.3198453
OS 2.9822835 1.3205014
OS 2.9822835 1.3522858
OS 2.9822835 1.3523587
OS 2.9822835 1.3524316
OS 2.9823564 1.352869
OS 2.9825022 1.3533793
OS 2.9827209 1.3538167
OS 2.9827938 1.3538896
OS 2.9830854 1.3541083
OS 2.9835228 1.3542541
OS 2.9841789 1.354327
OS 2.995041 1.354327
OS 2.9958429 1.3542541
OE
OB 3.2880261 1.3549102 I
OS 3.288828 1.3548373
OS 3.2897028 1.3546915
OS 3.2906505 1.3543999
OS 3.2915982 1.3541083
OS 3.2925459 1.3536709
OS 3.2926917 1.353598
OS 3.2929833 1.3534522
OS 3.2934207 1.3531606
OS 3.293931 1.3527232
OS 3.2945871 1.3522129
OS 3.2952432 1.3516297
OS 3.2958264 1.3509007
OS 3.2964096 1.3500988
OS 3.2964825 1.3500259
OS 3.2966283 1.3497343
OS 3.296847 1.349224
OS 3.2971386 1.3486408
OS 3.2974302 1.3479118
OS 3.2976489 1.347037
OS 3.2977947 1.3461622
OS 3.2978676 1.3451416
OS 3.2978676 1.3450687
OS 3.2978676 1.3447042
OS 3.2977947 1.3442668
OS 3.2977218 1.3436836
OS 3.297576 1.3429546
OS 3.2972844 1.3422256
OS 3.2969928 1.3414966
OS 3.2965554 1.3407676
OS 3.2964825 1.3406947
OS 3.2963367 1.340476
OS 3.2960451 1.3401115
OS 3.2956077 1.3396741
OS 3.2950974 1.3391638
OS 3.2945142 1.3386535
OS 3.2937852 1.3381432
OS 3.2929833 1.3377058
OS 3.2931291 1.3376329
OS 3.2934207 1.3374871
OS 3.293931 1.3371955
OS 3.2945871 1.336831
OS 3.2952432 1.3363207
OS 3.2959722 1.3357375
OS 3.2967012 1.3350085
OS 3.2973573 1.3342066
OS 3.2974302 1.3341337
OS 3.2976489 1.3338421
OS 3.2978676 1.3333318
OS 3.2982321 1.3327486
OS 3.2985237 1.3319467
OS 3.2987424 1.3310719
OS 3.2989611 1.3301242
OS 3.299034 1.3290307
OS 3.299034 1.3288849
OS 3.299034 1.3285204
OS 3.2989611 1.3279372
OS 3.2988153 1.3272082
OS 3.2986695 1.3263334
OS 3.2983779 1.3253857
OS 3.2979405 1.324438
OS 3.2974302 1.3234903
OS 3.2973573 1.3234174
OS 3.2971386 1.3230529
OS 3.2967741 1.3226155
OS 3.2963367 1.3221052
OS 3.2956806 1.3214491
OS 3.2949516 1.320793
OS 3.2940768 1.3202098
OS 3.2931291 1.3196266
OS 3.2929833 1.3195537
OS 3.2926188 1.3194079
OS 3.2921085 1.3191892
OS 3.2913066 1.3189705
OS 3.2904318 1.3186789
OS 3.2893383 1.3184602
OS 3.2881719 1.3183144
OS 3.2869326 1.3182415
OS 3.2863494 1.3182415
OS 3.2856933 1.3183144
OS 3.2848914 1.3183873
OS 3.2839437 1.318606
OS 3.2828502 1.3188247
OS 3.2818296 1.3191892
OS 3.2807361 1.3196266
OS 3.2805903 1.3196995
OS 3.2802987 1.3199182
OS 3.2797884 1.3202098
OS 3.2791323 1.3206472
OS 3.2784762 1.3211575
OS 3.2777472 1.3218136
OS 3.2770911 1.3226155
OS 3.276435 1.3234903
OS 3.2763621 1.3236361
OS 3.2762163 1.3239277
OS 3.2759247 1.324438
OS 3.275706 1.3250941
OS 3.2754144 1.3259689
OS 3.2751228 1.3268437
OS 3.274977 1.3279372
OS 3.2749041 1.3290307
OS 3.2749041 1.3291765
OS 3.2749041 1.329541
OS 3.274977 1.3300513
OS 3.2751228 1.3307803
OS 3.2752686 1.3315822
OS 3.2755602 1.332457
OS 3.2759976 1.3333318
OS 3.2765079 1.3342066
OS 3.2765808 1.3342795
OS 3.2767995 1.3345711
OS 3.277164 1.3350085
OS 3.2776743 1.3355188
OS 3.2782575 1.3360291
OS 3.2789865 1.3366123
OS 3.2798613 1.3371955
OS 3.280809 1.3377058
OS 3.2807361 1.3377787
OS 3.2804445 1.3379245
OS 3.28008 1.3381432
OS 3.2795697 1.3385077
OS 3.2789865 1.3389451
OS 3.2784033 1.3395283
OS 3.2778201 1.3401115
OS 3.2773098 1.3407676
OS 3.2772369 1.3408405
OS 3.2770911 1.3411321
OS 3.2768724 1.3414966
OS 3.2766537 1.3420069
OS 3.276435 1.342663
OS 3.2762163 1.343392
OS 3.2760705 1.3442668
OS 3.2759976 1.3451416
OS 3.2759976 1.3452874
OS 3.2759976 1.345579
OS 3.2760705 1.3460893
OS 3.2761434 1.3467454
OS 3.2763621 1.3475473
OS 3.2765808 1.3483492
OS 3.2769453 1.349224
OS 3.2773827 1.3500988
OS 3.2774556 1.3501717
OS 3.2776743 1.3504633
OS 3.2779659 1.3509007
OS 3.2784033 1.351411
OS 3.2789865 1.3519942
OS 3.2796426 1.3525774
OS 3.2804445 1.3531606
OS 3.2813193 1.3536709
OS 3.2814651 1.3537438
OS 3.2817567 1.3538896
OS 3.282267 1.3541083
OS 3.2829231 1.354327
OS 3.2837979 1.3545457
OS 3.2847456 1.3547644
OS 3.2857662 1.3549102
OS 3.2869326 1.3549831
OS 3.2874429 1.3549831
OS 3.2880261 1.3549102
OE
OB 3.0718047 1.3548373 I
OS 3.072315 1.3546915
OS 3.0728253 1.3543999
OS 3.0731898 1.3540354
OS 3.0734814 1.3534522
OS 3.0736272 1.3526503
OS 3.0736272 1.3321654
OS 3.0785844 1.3321654
OS 3.0790218 1.3320925
OS 3.0794592 1.3319467
OS 3.0798966 1.3316551
OS 3.0799695 1.3315822
OS 3.0801153 1.3312906
OS 3.0802611 1.3307803
OS 3.080334 1.3300513
OS 3.080334 1.3299784
OS 3.080334 1.3298326
OS 3.0802611 1.3293952
OS 3.0801882 1.3288849
OS 3.0798966 1.3283746
OS 3.0798237 1.3283017
OS 3.0795321 1.3281559
OS 3.0790947 1.3279372
OS 3.0784386 1.3278643
OS 3.0736272 1.3278643
OS 3.0736272 1.3205014
OS 3.0736272 1.3204285
OS 3.0736272 1.3203556
OS 3.0735543 1.3199182
OS 3.0734085 1.3194808
OS 3.0731169 1.3190434
OS 3.073044 1.3189705
OS 3.0726795 1.3188247
OS 3.0721692 1.3186789
OS 3.0713673 1.318606
OS 3.0711486 1.318606
OS 3.0707112 1.3186789
OS 3.070128 1.3188247
OS 3.0696177 1.3190434
OS 3.0695448 1.3191163
OS 3.069399 1.3194079
OS 3.0691803 1.3198453
OS 3.0691074 1.3205014
OS 3.0691074 1.3278643
OS 3.0547461 1.3278643
OS 3.0543087 1.3279372
OS 3.0537984 1.328083
OS 3.053361 1.3283746
OS 3.0532881 1.3285204
OS 3.0531423 1.328812
OS 3.0529965 1.3293952
OS 3.0529236 1.3301242
OS 3.0529236 1.3301971
OS 3.0529236 1.33027
OS 3.0529965 1.3306345
OS 3.0530694 1.3311448
OS 3.0532881 1.3315822
OS 3.0677223 1.3531606
OS 3.0677223 1.3532335
OS 3.0678681 1.3533064
OS 3.0681597 1.3536709
OS 3.0685971 1.3541812
OS 3.0691074 1.3545457
OS 3.0691803 1.3545457
OS 3.0692532 1.3546186
OS 3.0696177 1.3547644
OS 3.0702738 1.3549102
OS 3.0710028 1.3549831
OS 3.0714402 1.3549831
OS 3.0718047 1.3548373
OE
OB 3.0221598 1.3545457 I
OS 3.022743 1.3544728
OS 3.0229617 1.354327
OS 3.0231804 1.3541812
OS 3.0232533 1.3541083
OS 3.023472 1.3538167
OS 3.0236178 1.3533793
OS 3.0236907 1.3526503
OS 3.0236907 1.3231987
OS 3.0412596 1.3231987
OS 3.041697 1.3231258
OS 3.0421344 1.32298
OS 3.0425718 1.3226884
OS 3.0426447 1.3226155
OS 3.0427905 1.3223239
OS 3.0429363 1.3217407
OS 3.0430092 1.3210117
OS 3.0430092 1.3209388
OS 3.0430092 1.320793
OS 3.0429363 1.3203556
OS 3.0428634 1.3198453
OS 3.0425718 1.319335
OS 3.0424989 1.3192621
OS 3.0422073 1.3191163
OS 3.0417699 1.3189705
OS 3.0411138 1.3188976
OS 3.0209934 1.3188976
OS 3.020556 1.3189705
OS 3.0200457 1.3191163
OS 3.0196083 1.319335
OS 3.0195354 1.3194079
OS 3.0194625 1.3196995
OS 3.0193167 1.3201369
OS 3.0192438 1.3208659
OS 3.0192438 1.3526503
OS 3.0192438 1.3527232
OS 3.0192438 1.3527961
OS 3.0193167 1.3532335
OS 3.0194625 1.3537438
OS 3.0196812 1.3541812
OS 3.0197541 1.3542541
OS 3.0201186 1.3543999
OS 3.0206289 1.3545457
OS 3.0214308 1.3546186
OS 3.0217224 1.3546186
OS 3.0221598 1.3545457
OE
OB 3.2515032 1.3277185 I
OS 3.2524509 1.3276456
OS 3.2529612 1.3274998
OS 3.2533257 1.327354
OS 3.2533986 1.327354
OS 3.2534715 1.3272811
OS 3.253836 1.3270624
OS 3.2541276 1.326625
OS 3.2542005 1.3263334
OS 3.2542734 1.3259689
OS 3.2542734 1.3204285
OS 3.2542734 1.3203556
OS 3.2542734 1.3202827
OS 3.2541276 1.3198453
OS 3.2539089 1.3194079
OS 3.2536173 1.3191892
OS 3.2533257 1.3189705
OS 3.2532528 1.3189705
OS 3.2531799 1.3188976
OS 3.2529612 1.3188247
OS 3.2525967 1.3188247
OS 3.2522322 1.3187518
OS 3.251649 1.3186789
OS 3.2509929 1.318606
OS 3.2495349 1.318606
OS 3.2490975 1.3186789
OS 3.2480769 1.3187518
OS 3.2476395 1.3188247
OS 3.2472021 1.3189705
OS 3.2471292 1.3189705
OS 3.2470563 1.3190434
OS 3.2467647 1.319335
OS 3.2464002 1.3197724
OS 3.2463273 1.320064
OS 3.2462544 1.3204285
OS 3.2462544 1.3259689
OS 3.2462544 1.3260418
OS 3.2462544 1.3261147
OS 3.2464002 1.3265521
OS 3.2466918 1.3269895
OS 3.2469105 1.3272082
OS 3.2472021 1.327354
OS 3.247275 1.327354
OS 3.2474208 1.3274269
OS 3.2476395 1.3274998
OS 3.2479311 1.3275727
OS 3.2483685 1.3276456
OS 3.2488788 1.3277185
OS 3.2495349 1.3277914
OS 3.2509929 1.3277914
OS 3.2515032 1.3277185
OE
OB 3.2149803 1.3548373 I
OS 3.2158551 1.3546915
OS 3.2168757 1.3543999
OS 3.2179692 1.3540354
OS 3.2191356 1.3534522
OS 3.2202291 1.3526503
OS 3.2203749 1.3525774
OS 3.2207394 1.3522129
OS 3.2212497 1.3517026
OS 3.2219058 1.3509736
OS 3.2226348 1.3500988
OS 3.2233638 1.3490053
OS 3.2240199 1.3476931
OS 3.224676 1.3462351
OS 3.224676 1.3461622
OS 3.2247489 1.3460164
OS 3.2248218 1.3457977
OS 3.2248947 1.3455061
OS 3.2250405 1.3450687
OS 3.2251863 1.3446313
OS 3.2253321 1.3440481
OS 3.2254779 1.3434649
OS 3.2257695 1.3420798
OS 3.2260611 1.3404031
OS 3.2262069 1.3385806
OS 3.2262798 1.3365394
OS 3.2262798 1.3364665
OS 3.2262798 1.3363207
OS 3.2262798 1.3360291
OS 3.2262798 1.3355917
OS 3.2262069 1.3351543
OS 3.2262069 1.3345711
OS 3.2260611 1.3332589
OS 3.2259153 1.3318009
OS 3.2256237 1.3301971
OS 3.2251863 1.3285204
OS 3.224676 1.3269166
OS 3.224676 1.3268437
OS 3.2246031 1.3267708
OS 3.2245302 1.3265521
OS 3.2243844 1.3262605
OS 3.2240199 1.3254586
OS 3.2235825 1.3245838
OS 3.2229264 1.3234903
OS 3.2221245 1.3224697
OS 3.2212497 1.3214491
OS 3.2202291 1.3205014
OS 3.2200833 1.3204285
OS 3.2197188 1.3201369
OS 3.2191356 1.3197724
OS 3.2183337 1.3194079
OS 3.217386 1.3189705
OS 3.2162196 1.318606
OS 3.2149803 1.3183144
OS 3.2135952 1.3182415
OS 3.2132307 1.3182415
OS 3.2129391 1.3183144
OS 3.2122101 1.3183873
OS 3.2113353 1.3185331
OS 3.2103147 1.3188247
OS 3.2091483 1.3191892
OS 3.2079819 1.3197724
OS 3.2068884 1.3205014
OS 3.2067426 1.3205743
OS 3.206451 1.3209388
OS 3.2059407 1.3214491
OS 3.2052846 1.3221781
OS 3.2045556 1.3230529
OS 3.2038266 1.3241464
OS 3.2030976 1.3254586
OS 3.2024415 1.3269166
OS 3.2024415 1.3269895
OS 3.2023686 1.3271353
OS 3.2022957 1.327354
OS 3.2022228 1.3276456
OS 3.202077 1.328083
OS 3.2019312 1.3285204
OS 3.2017125 1.3296868
OS 3.2014209 1.3310719
OS 3.2011293 1.3327486
OS 3.2009835 1.3345711
OS 3.2009106 1.3365394
OS 3.2009106 1.3366123
OS 3.2009106 1.3367581
OS 3.2009106 1.3370497
OS 3.2009106 1.3374871
OS 3.2009835 1.3379245
OS 3.2009835 1.3385077
OS 3.2011293 1.3398199
OS 3.2012751 1.3413508
OS 3.2015667 1.3429546
OS 3.2019312 1.3446313
OS 3.2024415 1.3462351
OS 3.2024415 1.346308
OS 3.2025144 1.3464538
OS 3.2025873 1.3465996
OS 3.2027331 1.3468912
OS 3.2030976 1.3476931
OS 3.2036079 1.3485679
OS 3.204264 1.3496614
OS 3.204993 1.350682
OS 3.2058678 1.3517026
OS 3.2068884 1.3526503
OS 3.2070342 1.3527232
OS 3.2073987 1.3530148
OS 3.2079819 1.3533793
OS 3.2088567 1.3538167
OS 3.2098044 1.3542541
OS 3.2109708 1.3546186
OS 3.2122101 1.3549102
OS 3.2135952 1.3549831
OS 3.2142513 1.3549831
OS 3.2149803 1.3548373
OE
OB 3.3328596 1.347037 I
OS 3.3332241 1.347037
OS 3.3342447 1.3467454
OS 3.3348279 1.3465267
OS 3.3353382 1.3462351
OS 3.3354111 1.3461622
OS 3.3355569 1.3460893
OS 3.3358485 1.3458706
OS 3.3361401 1.345579
OS 3.3365046 1.3452145
OS 3.3368691 1.3447042
OS 3.3372336 1.3441939
OS 3.3375252 1.3435378
OS 3.3375981 1.3434649
OS 3.337671 1.3432462
OS 3.3378168 1.3428088
OS 3.3379626 1.3422985
OS 3.3381084 1.3416424
OS 3.3382542 1.3409134
OS 3.3384 1.3400386
OS 3.3384 1.3390909
OS 3.3384 1.3205014
OS 3.3384 1.3204285
OS 3.3384 1.3203556
OS 3.3383271 1.3199182
OS 3.3381813 1.3194808
OS 3.3378897 1.3190434
OS 3.3378168 1.3189705
OS 3.3375252 1.3188247
OS 3.336942 1.3186789
OS 3.336213 1.318606
OS 3.3359214 1.318606
OS 3.335484 1.3186789
OS 3.3349008 1.3188247
OS 3.3343905 1.3190434
OS 3.3343176 1.3191163
OS 3.3341718 1.3194079
OS 3.3339531 1.3198453
OS 3.3338802 1.3205014
OS 3.3338802 1.3385806
OS 3.3338802 1.3386535
OS 3.3338802 1.3389451
OS 3.3338802 1.3393096
OS 3.3338073 1.339747
OS 3.3335886 1.3407676
OS 3.3334428 1.341205
OS 3.3332241 1.3416424
OS 3.3332241 1.3417153
OS 3.3330783 1.3417882
OS 3.3327138 1.3421527
OS 3.3324222 1.3423714
OS 3.3320577 1.3425172
OS 3.3315474 1.3425901
OS 3.3310371 1.342663
OS 3.3308184 1.342663
OS 3.3305268 1.3425901
OS 3.3301623 1.3425172
OS 3.3297978 1.3423714
OS 3.3293604 1.3420798
OS 3.3288501 1.3417882
OS 3.3284127 1.3413508
OS 3.3283398 1.3412779
OS 3.328194 1.3411321
OS 3.3279753 1.3408405
OS 3.3277566 1.340476
OS 3.327465 1.3399657
OS 3.3271005 1.3393096
OS 3.3268089 1.3385806
OS 3.3265173 1.3377787
OS 3.3265173 1.3377058
OS 3.3264444 1.3373413
OS 3.3262986 1.3369039
OS 3.3262257 1.3362478
OS 3.3260799 1.3354459
OS 3.3259341 1.3345711
OS 3.3258612 1.3336234
OS 3.3258612 1.3325299
OS 3.3258612 1.3205014
OS 3.3258612 1.3204285
OS 3.3258612 1.3203556
OS 3.3257883 1.3199182
OS 3.3256425 1.3194808
OS 3.3253509 1.3190434
OS 3.325278 1.3189705
OS 3.3249864 1.3188247
OS 3.3244761 1.3186789
OS 3.3241116 1.318606
OS 3.3233826 1.318606
OS 3.3229452 1.3186789
OS 3.322362 1.3188247
OS 3.3218517 1.3190434
OS 3.3217788 1.3191163
OS 3.321633 1.3194079
OS 3.3214872 1.3198453
OS 3.3214143 1.3205014
OS 3.3214143 1.3385806
OS 3.3214143 1.3386535
OS 3.3214143 1.3389451
OS 3.3214143 1.3393096
OS 3.3213414 1.339747
OS 3.3211227 1.3407676
OS 3.320904 1.341205
OS 3.3206853 1.3416424
OS 3.3206853 1.3417153
OS 3.3205395 1.3417882
OS 3.320175 1.3421527
OS 3.3195189 1.3425172
OS 3.3190815 1.3425901
OS 3.3185712 1.342663
OS 3.3183525 1.342663
OS 3.3180609 1.3425901
OS 3.3176964 1.3425172
OS 3.3173319 1.3423714
OS 3.3168945 1.3420798
OS 3.3163842 1.3417882
OS 3.3159468 1.3413508
OS 3.3158739 1.3412779
OS 3.3157281 1.3411321
OS 3.3155094 1.3408405
OS 3.3152907 1.340476
OS 3.3149991 1.3399657
OS 3.3146346 1.3393096
OS 3.314343 1.3385806
OS 3.3140514 1.3377787
OS 3.3140514 1.3377058
OS 3.3139785 1.3373413
OS 3.3138327 1.3369039
OS 3.3137598 1.3362478
OS 3.313614 1.3354459
OS 3.3134682 1.3345711
OS 3.3133953 1.3336234
OS 3.3133953 1.3325299
OS 3.3133953 1.3205014
OS 3.3133953 1.3204285
OS 3.3133953 1.3203556
OS 3.3133224 1.3199182
OS 3.3131766 1.3194808
OS 3.312885 1.3190434
OS 3.3128121 1.3189705
OS 3.3124476 1.3188247
OS 3.3119373 1.3186789
OS 3.3111354 1.318606
OS 3.3108438 1.318606
OS 3.3104064 1.3186789
OS 3.3098961 1.3188247
OS 3.3093858 1.3190434
OS 3.3093129 1.3191163
OS 3.3091671 1.3194079
OS 3.3089484 1.3198453
OS 3.3088755 1.3205014
OS 3.3088755 1.34485
OS 3.3088755 1.3449229
OS 3.3088755 1.3449958
OS 3.3089484 1.3454332
OS 3.3090213 1.3458706
OS 3.30924 1.346308
OS 3.3093129 1.3463809
OS 3.3096045 1.3465267
OS 3.3100419 1.3466725
OS 3.3107709 1.3467454
OS 3.3109896 1.3467454
OS 3.311427 1.3466725
OS 3.3119373 1.3465996
OS 3.3123018 1.346308
OS 3.3123747 1.3462351
OS 3.3125205 1.3459435
OS 3.3126663 1.3455061
OS 3.3127392 1.34485
OS 3.3127392 1.3414966
OS 3.3128121 1.3416424
OS 3.3129579 1.341934
OS 3.3132495 1.3424443
OS 3.313614 1.3430275
OS 3.3140514 1.3437565
OS 3.3145617 1.3444126
OS 3.3151449 1.3450687
OS 3.315801 1.3456519
OS 3.3158739 1.3457248
OS 3.3160926 1.3458706
OS 3.3164571 1.3460893
OS 3.3169674 1.3463809
OS 3.3175506 1.3466725
OS 3.3182067 1.3468912
OS 3.3189357 1.347037
OS 3.3197376 1.3471099
OS 3.3201021 1.3471099
OS 3.3204666 1.347037
OS 3.3209769 1.3469641
OS 3.3214872 1.3467454
OS 3.3220704 1.3465267
OS 3.3226536 1.3461622
OS 3.3232368 1.3457248
OS 3.3233097 1.3456519
OS 3.3234555 1.3455061
OS 3.3237471 1.3451416
OS 3.3241116 1.3447042
OS 3.3244032 1.344121
OS 3.3247677 1.3434649
OS 3.3250593 1.342663
OS 3.3253509 1.3417153
OS 3.3253509 1.3417882
OS 3.3254967 1.341934
OS 3.3256425 1.3422256
OS 3.3258612 1.3425901
OS 3.3263715 1.343392
OS 3.3271734 1.3444126
OS 3.328194 1.3454332
OS 3.3293604 1.3462351
OS 3.3300165 1.3465996
OS 3.3306726 1.3468912
OS 3.3314016 1.347037
OS 3.3322035 1.3471099
OS 3.3324951 1.3471099
OS 3.3328596 1.347037
OE
OB 3.3695283 1.347037 I
OS 3.3698928 1.347037
OS 3.3709134 1.3467454
OS 3.3714966 1.3465267
OS 3.3720069 1.3462351
OS 3.3720798 1.3461622
OS 3.3722256 1.3460893
OS 3.3725172 1.3458706
OS 3.3728088 1.345579
OS 3.3731733 1.3452145
OS 3.3735378 1.3447042
OS 3.3739023 1.3441939
OS 3.3741939 1.3435378
OS 3.3742668 1.3434649
OS 3.3743397 1.3432462
OS 3.3744855 1.3428088
OS 3.3746313 1.3422985
OS 3.3747771 1.3416424
OS 3.3749229 1.3409134
OS 3.3750687 1.3400386
OS 3.3750687 1.3390909
OS 3.3750687 1.3205014
OS 3.3750687 1.3204285
OS 3.3750687 1.3203556
OS 3.3749958 1.3199182
OS 3.37485 1.3194808
OS 3.3745584 1.3190434
OS 3.3744855 1.3189705
OS 3.3741939 1.3188247
OS 3.3736107 1.3186789
OS 3.3728817 1.318606
OS 3.3725901 1.318606
OS 3.3721527 1.3186789
OS 3.3715695 1.3188247
OS 3.3710592 1.3190434
OS 3.3709863 1.3191163
OS 3.3708405 1.3194079
OS 3.3706218 1.3198453
OS 3.3705489 1.3205014
OS 3.3705489 1.3385806
OS 3.3705489 1.3386535
OS 3.3705489 1.3389451
OS 3.3705489 1.3393096
OS 3.370476 1.339747
OS 3.3702573 1.3407676
OS 3.3701115 1.341205
OS 3.3698928 1.3416424
OS 3.3698928 1.3417153
OS 3.369747 1.3417882
OS 3.3693825 1.3421527
OS 3.3690909 1.3423714
OS 3.3687264 1.3425172
OS 3.3682161 1.3425901
OS 3.3677058 1.342663
OS 3.3674871 1.342663
OS 3.3671955 1.3425901
OS 3.366831 1.3425172
OS 3.3664665 1.3423714
OS 3.3660291 1.3420798
OS 3.3655188 1.3417882
OS 3.3650814 1.3413508
OS 3.3650085 1.3412779
OS 3.3648627 1.3411321
OS 3.364644 1.3408405
OS 3.3644253 1.340476
OS 3.3641337 1.3399657
OS 3.3637692 1.3393096
OS 3.3634776 1.3385806
OS 3.363186 1.3377787
OS 3.363186 1.3377058
OS 3.3631131 1.3373413
OS 3.3629673 1.3369039
OS 3.3628944 1.3362478
OS 3.3627486 1.3354459
OS 3.3626028 1.3345711
OS 3.3625299 1.3336234
OS 3.3625299 1.3325299
OS 3.3625299 1.3205014
OS 3.3625299 1.3204285
OS 3.3625299 1.3203556
OS 3.362457 1.3199182
OS 3.3623112 1.3194808
OS 3.3620196 1.3190434
OS 3.3619467 1.3189705
OS 3.3616551 1.3188247
OS 3.3611448 1.3186789
OS 3.3607803 1.318606
OS 3.3600513 1.318606
OS 3.3596139 1.3186789
OS 3.3590307 1.3188247
OS 3.3585204 1.3190434
OS 3.3584475 1.3191163
OS 3.3583017 1.3194079
OS 3.3581559 1.3198453
OS 3.358083 1.3205014
OS 3.358083 1.3385806
OS 3.358083 1.3386535
OS 3.358083 1.3389451
OS 3.358083 1.3393096
OS 3.3580101 1.339747
OS 3.3577914 1.3407676
OS 3.3575727 1.341205
OS 3.357354 1.3416424
OS 3.357354 1.3417153
OS 3.3572082 1.3417882
OS 3.3568437 1.3421527
OS 3.3561876 1.3425172
OS 3.3557502 1.3425901
OS 3.3552399 1.342663
OS 3.3550212 1.342663
OS 3.3547296 1.3425901
OS 3.3543651 1.3425172
OS 3.3540006 1.3423714
OS 3.3535632 1.3420798
OS 3.3530529 1.3417882
OS 3.3526155 1.3413508
OS 3.3525426 1.3412779
OS 3.3523968 1.3411321
OS 3.3521781 1.3408405
OS 3.3519594 1.340476
OS 3.3516678 1.3399657
OS 3.3513033 1.3393096
OS 3.3510117 1.3385806
OS 3.3507201 1.3377787
OS 3.3507201 1.3377058
OS 3.3506472 1.3373413
OS 3.3505014 1.3369039
OS 3.3504285 1.3362478
OS 3.3502827 1.3354459
OS 3.3501369 1.3345711
OS 3.350064 1.3336234
OS 3.350064 1.3325299
OS 3.350064 1.3205014
OS 3.350064 1.3204285
OS 3.350064 1.3203556
OS 3.3499911 1.3199182
OS 3.3498453 1.3194808
OS 3.3495537 1.3190434
OS 3.3494808 1.3189705
OS 3.3491163 1.3188247
OS 3.348606 1.3186789
OS 3.3478041 1.318606
OS 3.3475125 1.318606
OS 3.3470751 1.3186789
OS 3.3465648 1.3188247
OS 3.3460545 1.3190434
OS 3.3459816 1.3191163
OS 3.3458358 1.3194079
OS 3.3456171 1.3198453
OS 3.3455442 1.3205014
OS 3.3455442 1.34485
OS 3.3455442 1.3449229
OS 3.3455442 1.3449958
OS 3.3456171 1.3454332
OS 3.34569 1.3458706
OS 3.3459087 1.346308
OS 3.3459816 1.3463809
OS 3.3462732 1.3465267
OS 3.3467106 1.3466725
OS 3.3474396 1.3467454
OS 3.3476583 1.3467454
OS 3.3480957 1.3466725
OS 3.348606 1.3465996
OS 3.3489705 1.346308
OS 3.3490434 1.3462351
OS 3.3491892 1.3459435
OS 3.349335 1.3455061
OS 3.3494079 1.34485
OS 3.3494079 1.3414966
OS 3.3494808 1.3416424
OS 3.3496266 1.341934
OS 3.3499182 1.3424443
OS 3.3502827 1.3430275
OS 3.3507201 1.3437565
OS 3.3512304 1.3444126
OS 3.3518136 1.3450687
OS 3.3524697 1.3456519
OS 3.3525426 1.3457248
OS 3.3527613 1.3458706
OS 3.3531258 1.3460893
OS 3.3536361 1.3463809
OS 3.3542193 1.3466725
OS 3.3548754 1.3468912
OS 3.3556044 1.347037
OS 3.3564063 1.3471099
OS 3.3567708 1.3471099
OS 3.3571353 1.347037
OS 3.3576456 1.3469641
OS 3.3581559 1.3467454
OS 3.3587391 1.3465267
OS 3.3593223 1.3461622
OS 3.3599055 1.3457248
OS 3.3599784 1.3456519
OS 3.3601242 1.3455061
OS 3.3604158 1.3451416
OS 3.3607803 1.3447042
OS 3.3610719 1.344121
OS 3.3614364 1.3434649
OS 3.361728 1.342663
OS 3.3620196 1.3417153
OS 3.3620196 1.3417882
OS 3.3621654 1.341934
OS 3.3623112 1.3422256
OS 3.3625299 1.3425901
OS 3.3630402 1.343392
OS 3.3638421 1.3444126
OS 3.3648627 1.3454332
OS 3.3660291 1.3462351
OS 3.3666852 1.3465996
OS 3.3673413 1.3468912
OS 3.3680703 1.347037
OS 3.3688722 1.3471099
OS 3.3691638 1.3471099
OS 3.3695283 1.347037
OE
OB 3.1825398 1.3600132 I
OS 3.1828314 1.3599403
OS 3.183123 1.3597216
OS 3.1831959 1.3596487
OS 3.1834146 1.3595029
OS 3.1836333 1.3592842
OS 3.1839249 1.3589197
OS 3.1839249 1.3588468
OS 3.1839978 1.3587739
OS 3.1842165 1.3584094
OS 3.1843623 1.3578991
OS 3.1844352 1.3573159
OS 3.1844352 1.357243
OS 3.1843623 1.3570243
OS 3.1842894 1.3567327
OS 3.1840707 1.3564411
OS 3.1839978 1.3563682
OS 3.183852 1.3562953
OS 3.1835604 1.3560766
OS 3.1831959 1.3558579
OS 3.1827585 1.3554934
OS 3.1822482 1.355056
OS 3.1810818 1.3540354
OS 3.1796967 1.3527232
OS 3.1782387 1.3511923
OS 3.1767807 1.3494427
OS 3.1753956 1.3474744
OS 3.1753227 1.3474015
OS 3.1752498 1.3472557
OS 3.175104 1.3468912
OS 3.1748853 1.3465267
OS 3.1745937 1.3459435
OS 3.1743021 1.3452874
OS 3.1740105 1.3445584
OS 3.173646 1.3437565
OS 3.1733544 1.3428088
OS 3.1729899 1.3417882
OS 3.1726983 1.3407676
OS 3.1724796 1.3396012
OS 3.1720422 1.3370497
OS 3.1719693 1.3356646
OS 3.1718964 1.3342795
OS 3.1718964 1.3342066
OS 3.1718964 1.333915
OS 3.1718964 1.3335505
OS 3.1719693 1.3330402
OS 3.1719693 1.3323841
OS 3.1721151 1.3315822
OS 3.172188 1.3307074
OS 3.1723338 1.3298326
OS 3.1727712 1.3277914
OS 3.1733544 1.3256044
OS 3.1742292 1.3233445
OS 3.1747395 1.322251
OS 3.1753227 1.3212304
OS 3.1753956 1.3211575
OS 3.1754685 1.3210117
OS 3.1756872 1.3207201
OS 3.1759788 1.3203556
OS 3.1762704 1.3198453
OS 3.1767078 1.319335
OS 3.1777284 1.3180957
OS 3.1789677 1.3166377
OS 3.1804986 1.3151797
OS 3.1821753 1.3137217
OS 3.1840707 1.3123366
OS 3.1841436 1.3122637
OS 3.1842894 1.3121179
OS 3.1843623 1.3118992
OS 3.1844352 1.3114618
OS 3.1844352 1.311316
OS 3.1843623 1.3110244
OS 3.1842165 1.3105141
OS 3.1839249 1.309858
OS 3.183852 1.3097851
OS 3.1837062 1.3095664
OS 3.1834146 1.3092748
OS 3.183123 1.3090561
OS 3.1830501 1.3089832
OS 3.1829043 1.3089103
OS 3.1826127 1.3087645
OS 3.1822482 1.3086916
OS 3.1820295 1.3086916
OS 3.1815921 1.3088374
OS 3.1815192 1.3088374
OS 3.1814463 1.3089103
OS 3.1812276 1.3090561
OS 3.1810089 1.3092748
OS 3.1802799 1.3097122
OS 3.1794051 1.3103683
OS 3.1783116 1.3112431
OS 3.1771452 1.3121908
OS 3.1759788 1.3133572
OS 3.1747395 1.3146694
OS 3.1747395 1.3147423
OS 3.1745937 1.3148152
OS 3.1744479 1.3150339
OS 3.1742292 1.3153255
OS 3.173646 1.3160545
OS 3.172917 1.317148
OS 3.1720422 1.3183873
OS 3.1711674 1.3198453
OS 3.1702926 1.3214491
OS 3.1694907 1.3232716
OS 3.1694907 1.3233445
OS 3.1694178 1.3234903
OS 3.169272 1.3237819
OS 3.1691991 1.3241464
OS 3.1690533 1.3246567
OS 3.1688346 1.325167
OS 3.1686888 1.3258231
OS 3.1684701 1.3265521
OS 3.1681056 1.3281559
OS 3.1677411 1.3300513
OS 3.1675224 1.3320925
OS 3.1674495 1.3342795
OS 3.1674495 1.3343524
OS 3.1674495 1.3345711
OS 3.1674495 1.3348627
OS 3.1674495 1.3353001
OS 3.1675224 1.3358104
OS 3.1675953 1.3364665
OS 3.1675953 1.3371226
OS 3.1677411 1.3379245
OS 3.1679598 1.3396012
OS 3.1683243 1.3414966
OS 3.1688346 1.343392
OS 3.1694907 1.3453603
OS 3.1694907 1.3454332
OS 3.1695636 1.345579
OS 3.1697094 1.3458706
OS 3.1698552 1.3462351
OS 3.1700739 1.3466725
OS 3.1702926 1.3471828
OS 3.1709487 1.3483492
OS 3.1716777 1.3497343
OS 3.1725525 1.3511923
OS 3.1735731 1.3527232
OS 3.1747395 1.3541083
OS 3.1748124 1.3541812
OS 3.1748853 1.3542541
OS 3.1753227 1.3546915
OS 3.1759788 1.3553476
OS 3.1768536 1.3562224
OS 3.1778742 1.3571701
OS 3.1790406 1.3581178
OS 3.1802799 1.3590655
OS 3.1815921 1.3599403
OS 3.181665 1.3599403
OS 3.1818108 1.3600132
OS 3.1822482 1.3600861
OS 3.1823211 1.3600861
OS 3.1825398 1.3600132
OE
OB 3.1049742 1.3548373 I
OS 3.105849 1.3546915
OS 3.1068696 1.3543999
OS 3.1079631 1.3540354
OS 3.1091295 1.3534522
OS 3.110223 1.3526503
OS 3.1103688 1.3525774
OS 3.1107333 1.3522129
OS 3.1112436 1.3517026
OS 3.1118997 1.3509736
OS 3.1126287 1.3500988
OS 3.1133577 1.3490053
OS 3.1140138 1.3476931
OS 3.1146699 1.3462351
OS 3.1146699 1.3461622
OS 3.1147428 1.3460164
OS 3.1148157 1.3457977
OS 3.1148886 1.3455061
OS 3.1150344 1.3450687
OS 3.1151802 1.3446313
OS 3.115326 1.3440481
OS 3.1154718 1.3434649
OS 3.1157634 1.3420798
OS 3.116055 1.3404031
OS 3.1162008 1.3385806
OS 3.1162737 1.3365394
OS 3.1162737 1.3364665
OS 3.1162737 1.3363207
OS 3.1162737 1.3360291
OS 3.1162737 1.3355917
OS 3.1162008 1.3351543
OS 3.1162008 1.3345711
OS 3.116055 1.3332589
OS 3.1159092 1.3318009
OS 3.1156176 1.3301971
OS 3.1151802 1.3285204
OS 3.1146699 1.3269166
OS 3.1146699 1.3268437
OS 3.114597 1.3267708
OS 3.1145241 1.3265521
OS 3.1143783 1.3262605
OS 3.1140138 1.3254586
OS 3.1135764 1.3245838
OS 3.1129203 1.3234903
OS 3.1121184 1.3224697
OS 3.1112436 1.3214491
OS 3.110223 1.3205014
OS 3.1100772 1.3204285
OS 3.1097127 1.3201369
OS 3.1091295 1.3197724
OS 3.1083276 1.3194079
OS 3.1073799 1.3189705
OS 3.1062135 1.318606
OS 3.1049742 1.3183144
OS 3.1035891 1.3182415
OS 3.1032246 1.3182415
OS 3.102933 1.3183144
OS 3.102204 1.3183873
OS 3.1013292 1.3185331
OS 3.1003086 1.3188247
OS 3.0991422 1.3191892
OS 3.0979758 1.3197724
OS 3.0968823 1.3205014
OS 3.0967365 1.3205743
OS 3.0964449 1.3209388
OS 3.0959346 1.3214491
OS 3.0952785 1.3221781
OS 3.0945495 1.3230529
OS 3.0938205 1.3241464
OS 3.0930915 1.3254586
OS 3.0924354 1.3269166
OS 3.0924354 1.3269895
OS 3.0923625 1.3271353
OS 3.0922896 1.327354
OS 3.0922167 1.3276456
OS 3.0920709 1.328083
OS 3.0919251 1.3285204
OS 3.0917064 1.3296868
OS 3.0914148 1.3310719
OS 3.0911232 1.3327486
OS 3.0909774 1.3345711
OS 3.0909045 1.3365394
OS 3.0909045 1.3366123
OS 3.0909045 1.3367581
OS 3.0909045 1.3370497
OS 3.0909045 1.3374871
OS 3.0909774 1.3379245
OS 3.0909774 1.3385077
OS 3.0911232 1.3398199
OS 3.091269 1.3413508
OS 3.0915606 1.3429546
OS 3.0919251 1.3446313
OS 3.0924354 1.3462351
OS 3.0924354 1.346308
OS 3.0925083 1.3464538
OS 3.0925812 1.3465996
OS 3.092727 1.3468912
OS 3.0930915 1.3476931
OS 3.0936018 1.3485679
OS 3.0942579 1.3496614
OS 3.0949869 1.350682
OS 3.0958617 1.3517026
OS 3.0968823 1.3526503
OS 3.0970281 1.3527232
OS 3.0973926 1.3530148
OS 3.0979758 1.3533793
OS 3.0988506 1.3538167
OS 3.0997983 1.3542541
OS 3.1009647 1.3546186
OS 3.102204 1.3549102
OS 3.1035891 1.3549831
OS 3.1042452 1.3549831
OS 3.1049742 1.3548373
OE
OB 3.3922731 1.3599403 I
OS 3.392346 1.3599403
OS 3.3924189 1.3598674
OS 3.3928563 1.3595758
OS 3.3935853 1.3590655
OS 3.3944601 1.3584094
OS 3.3954807 1.3575346
OS 3.3966471 1.3565869
OS 3.3978135 1.3554205
OS 3.3990528 1.3541083
OS 3.3991257 1.3540354
OS 3.3991986 1.3539625
OS 3.3993444 1.3537438
OS 3.399636 1.3534522
OS 3.4002192 1.3527232
OS 3.4009482 1.3516297
OS 3.401823 1.3503904
OS 3.4026978 1.3488595
OS 3.4035726 1.3471828
OS 3.4043745 1.3453603
OS 3.4043745 1.3452874
OS 3.4044474 1.3451416
OS 3.4045932 1.34485
OS 3.4046661 1.3444855
OS 3.4048848 1.3439752
OS 3.4050306 1.3434649
OS 3.4051764 1.3428088
OS 3.4053951 1.3420798
OS 3.4057596 1.3404031
OS 3.4061241 1.3385077
OS 3.4063428 1.3364665
OS 3.4064157 1.3342795
OS 3.4064157 1.3342066
OS 3.4064157 1.3339879
OS 3.4064157 1.3336963
OS 3.4064157 1.3332589
OS 3.4063428 1.3327486
OS 3.4063428 1.3320925
OS 3.4062699 1.3314364
OS 3.406197 1.3306345
OS 3.4059054 1.3289578
OS 3.4055409 1.3271353
OS 3.4050306 1.325167
OS 3.4043745 1.3232716
OS 3.4043745 1.3231987
OS 3.4043016 1.3230529
OS 3.4041558 1.3227613
OS 3.40401 1.3224697
OS 3.4037913 1.3220323
OS 3.4035726 1.321522
OS 3.4029894 1.3203556
OS 3.4021875 1.3189705
OS 3.4013127 1.3175854
OS 3.4002921 1.3160545
OS 3.3991257 1.3146694
OS 3.3991257 1.3145965
OS 3.3989799 1.3145236
OS 3.3985425 1.3140862
OS 3.3978864 1.3134301
OS 3.3970845 1.3125553
OS 3.3960639 1.3116805
OS 3.3948975 1.3106599
OS 3.3935853 1.3097122
OS 3.3922731 1.3088374
OS 3.3922002 1.3088374
OS 3.3920544 1.3087645
OS 3.391617 1.3086916
OS 3.3915441 1.3086916
OS 3.3913254 1.3087645
OS 3.3910338 1.3088374
OS 3.3907422 1.3090561
OS 3.3906693 1.309129
OS 3.3904506 1.3092748
OS 3.3902319 1.3094935
OS 3.3899403 1.309858
OS 3.3899403 1.3099309
OS 3.3898674 1.3100038
OS 3.3897216 1.3103683
OS 3.3895029 1.3108786
OS 3.38943 1.3114618
OS 3.38943 1.3115347
OS 3.3895029 1.3118263
OS 3.3896487 1.3121179
OS 3.3898674 1.3123366
OS 3.3899403 1.3124095
OS 3.3900861 1.3124824
OS 3.3903777 1.3127011
OS 3.3907422 1.3129927
OS 3.3911796 1.3132843
OS 3.3916899 1.3137217
OS 3.3928563 1.3147423
OS 3.3942414 1.3159816
OS 3.3956994 1.3175125
OS 3.3970845 1.3192621
OS 3.3984696 1.3212304
OS 3.3985425 1.3213033
OS 3.3986154 1.3214491
OS 3.3987612 1.3218136
OS 3.3990528 1.3221781
OS 3.3992715 1.3227613
OS 3.3995631 1.3233445
OS 3.3999276 1.3240735
OS 3.4002192 1.3249483
OS 3.4005837 1.3258231
OS 3.4008753 1.3268437
OS 3.4011669 1.3278643
OS 3.4014585 1.3290307
OS 3.401823 1.3315093
OS 3.4018959 1.3328944
OS 3.4019688 1.3342795
OS 3.4019688 1.3343524
OS 3.4019688 1.334644
OS 3.4019688 1.3350085
OS 3.4018959 1.3355917
OS 3.4018959 1.3362478
OS 3.401823 1.3369768
OS 3.4016772 1.3378516
OS 3.4015314 1.3387993
OS 3.401094 1.3408405
OS 3.4005108 1.3431004
OS 3.399636 1.3452874
OS 3.3990528 1.3463809
OS 3.3984696 1.3474744
OS 3.3983967 1.3475473
OS 3.3983238 1.3476931
OS 3.3981051 1.3479847
OS 3.3978135 1.3484221
OS 3.3975219 1.3488595
OS 3.3970845 1.3494427
OS 3.3960639 1.350682
OS 3.3948246 1.3520671
OS 3.3933666 1.353598
OS 3.3916899 1.355056
OS 3.3898674 1.3564411
OS 3.3897945 1.356514
OS 3.3896487 1.3566598
OS 3.3895029 1.3569514
OS 3.38943 1.3573159
OS 3.38943 1.3574617
OS 3.3895029 1.3578262
OS 3.3896487 1.3583365
OS 3.3899403 1.3589197
OS 3.3900132 1.3589926
OS 3.390159 1.3592113
OS 3.3904506 1.3595029
OS 3.3907422 1.3597216
OS 3.3908151 1.3597945
OS 3.3910338 1.3599403
OS 3.3913254 1.3600132
OS 3.391617 1.3600861
OS 3.3918357 1.3600861
OS 3.3922731 1.3599403
OE
OB 3.069399 1.348495 H
OS 3.0588285 1.3321654
OS 3.0691074 1.3321654
OS 3.069399 1.348495
OE
OB 3.2135952 1.3505362 H
OS 3.2132307 1.3505362
OS 3.2127933 1.3504633
OS 3.2122101 1.3503175
OS 3.211554 1.3500988
OS 3.210825 1.3498072
OS 3.2101689 1.3494427
OS 3.2094399 1.3488595
OS 3.209367 1.3487866
OS 3.2091483 1.3485679
OS 3.2087838 1.3482034
OS 3.2084193 1.3476931
OS 3.207909 1.3469641
OS 3.2074716 1.3461622
OS 3.2069613 1.3452145
OS 3.2065239 1.3440481
OS 3.206451 1.3439023
OS 3.2063781 1.3434649
OS 3.2062323 1.3428088
OS 3.2060136 1.341934
OS 3.2057949 1.3408405
OS 3.2056491 1.3395283
OS 3.2055762 1.3381432
OS 3.2055033 1.3365394
OS 3.2055033 1.3363936
OS 3.2055033 1.336102
OS 3.2055033 1.3355188
OS 3.2055762 1.3348627
OS 3.2056491 1.3340608
OS 3.205722 1.3331131
OS 3.2060136 1.3312177
OS 3.2196459 1.3464538
OS 3.219573 1.3465267
OS 3.2194272 1.3467454
OS 3.2192085 1.3471099
OS 3.2189169 1.3475473
OS 3.2184795 1.3480576
OS 3.2180421 1.3485679
OS 3.2175318 1.3490053
OS 3.2169486 1.3494427
OS 3.2168757 1.3495156
OS 3.216657 1.3495885
OS 3.2163654 1.3498072
OS 3.215928 1.3500259
OS 3.2154906 1.3501717
OS 3.2149074 1.3503904
OS 3.2142513 1.3504633
OS 3.2135952 1.3505362
OE
OB 3.2869326 1.3505362 H
OS 3.2862765 1.3505362
OS 3.2858391 1.3504633
OS 3.2848185 1.3502446
OS 3.2836521 1.3498801
OS 3.2835792 1.3498801
OS 3.2834334 1.3497343
OS 3.2831418 1.3495885
OS 3.2828502 1.3493698
OS 3.2820483 1.3487866
OS 3.2813193 1.3479118
OS 3.2813193 1.3478389
OS 3.2811735 1.3476931
OS 3.2811006 1.3474015
OS 3.2809548 1.3471099
OS 3.280809 1.3466725
OS 3.2806632 1.3461622
OS 3.2805903 1.345579
OS 3.2805174 1.3449958
OS 3.2805174 1.3449229
OS 3.2805174 1.3447042
OS 3.2805903 1.3444126
OS 3.2805903 1.3440481
OS 3.2808819 1.3431733
OS 3.2810277 1.3427359
OS 3.2813193 1.3422256
OS 3.2813922 1.3421527
OS 3.2814651 1.3420069
OS 3.2816838 1.3417882
OS 3.2819754 1.3414966
OS 3.2827044 1.3408405
OS 3.2836521 1.3402573
OS 3.283725 1.3402573
OS 3.2839437 1.3401115
OS 3.2842353 1.3400386
OS 3.2845998 1.3398928
OS 3.2851101 1.339747
OS 3.2856204 1.3396741
OS 3.2869326 1.3395283
OS 3.2872242 1.3395283
OS 3.2875887 1.3396012
OS 3.2880261 1.3396012
OS 3.2891196 1.3398199
OS 3.2902131 1.3402573
OS 3.290286 1.3402573
OS 3.2904318 1.3404031
OS 3.2907234 1.3405489
OS 3.291015 1.3407676
OS 3.2918169 1.3414237
OS 3.292473 1.3422256
OS 3.2925459 1.3422985
OS 3.2926188 1.3424443
OS 3.2927646 1.3427359
OS 3.2929104 1.3430275
OS 3.293202 1.3439023
OS 3.2933478 1.3444126
OS 3.2933478 1.3449958
OS 3.2933478 1.3450687
OS 3.2933478 1.3452874
OS 3.2932749 1.345579
OS 3.2932749 1.3460164
OS 3.2929833 1.3469641
OS 3.2927646 1.3474015
OS 3.292473 1.3479118
OS 3.292473 1.3479847
OS 3.2923272 1.3481305
OS 3.2921085 1.3483492
OS 3.2918898 1.3486408
OS 3.2911608 1.3492969
OS 3.2902131 1.3498801
OS 3.2901402 1.3498801
OS 3.2899944 1.349953
OS 3.2896299 1.3500988
OS 3.2892654 1.3502446
OS 3.2887551 1.3503175
OS 3.2882448 1.3504633
OS 3.2869326 1.3505362
OE
OB 2.9937288 1.3500259 H
OS 2.9867304 1.3500259
OS 2.9867304 1.3348627
OS 2.9944578 1.3348627
OS 2.9952597 1.3349356
OS 2.9962074 1.3350814
OS 2.9973009 1.335373
OS 2.9983944 1.3356646
OS 2.999415 1.3361749
OS 3.0003627 1.336831
OS 3.0004356 1.3369039
OS 3.0007272 1.3371955
OS 3.0010917 1.3376329
OS 3.0015291 1.338289
OS 3.0019665 1.339018
OS 3.002331 1.3399657
OS 3.0026226 1.3411321
OS 3.0026955 1.3423714
OS 3.0026955 1.3424443
OS 3.0026955 1.3425172
OS 3.0026955 1.3429546
OS 3.0025497 1.3436107
OS 3.0024039 1.3444126
OS 3.0021123 1.3453603
OS 3.0017478 1.346308
OS 3.0011646 1.3471828
OS 3.0003627 1.3479847
OS 3.0002898 1.3480576
OS 2.9999253 1.3482763
OS 2.999415 1.3486408
OS 2.998686 1.3490053
OS 2.9977383 1.3493698
OS 2.9966448 1.3497343
OS 2.9952597 1.349953
OS 2.9937288 1.3500259
OE
OB 3.2211768 1.341934 H
OS 3.2075445 1.3266979
OS 3.2076174 1.326625
OS 3.2077632 1.3263334
OS 3.2079819 1.3259689
OS 3.2082735 1.3255315
OS 3.2091483 1.3245838
OS 3.2095857 1.3240735
OS 3.2101689 1.3236361
OS 3.2102418 1.3235632
OS 3.2104605 1.3234903
OS 3.2107521 1.3233445
OS 3.2111895 1.3231258
OS 3.2116998 1.3229071
OS 3.212283 1.3227613
OS 3.2129391 1.3226884
OS 3.2135952 1.3226155
OS 3.2139597 1.3226155
OS 3.2143971 1.3226884
OS 3.2149803 1.3228342
OS 3.2156364 1.32298
OS 3.2163654 1.3232716
OS 3.2170215 1.323709
OS 3.2177505 1.3242193
OS 3.2178234 1.3242922
OS 3.2180421 1.3245109
OS 3.2184066 1.3249483
OS 3.2187711 1.3254586
OS 3.2192814 1.3261147
OS 3.2197188 1.3269895
OS 3.2201562 1.3279372
OS 3.2205936 1.3290307
OS 3.2205936 1.3291036
OS 3.2206665 1.3291765
OS 3.2207394 1.3296139
OS 3.2209581 1.33027
OS 3.2211768 1.3311448
OS 3.2213226 1.3323112
OS 3.2215413 1.3335505
OS 3.2216142 1.3350085
OS 3.2216871 1.3365394
OS 3.2216871 1.3366852
OS 3.2216871 1.3370497
OS 3.2216871 1.33756
OS 3.2216142 1.338289
OS 3.2215413 1.3390909
OS 3.2214684 1.3400386
OS 3.2211768 1.341934
OE
OB 3.1111707 1.341934 H
OS 3.0975384 1.3266979
OS 3.0976113 1.326625
OS 3.0977571 1.3263334
OS 3.0979758 1.3259689
OS 3.0982674 1.3255315
OS 3.0991422 1.3245838
OS 3.0995796 1.3240735
OS 3.1001628 1.3236361
OS 3.1002357 1.3235632
OS 3.1004544 1.3234903
OS 3.100746 1.3233445
OS 3.1011834 1.3231258
OS 3.1016937 1.3229071
OS 3.1022769 1.3227613
OS 3.102933 1.3226884
OS 3.1035891 1.3226155
OS 3.1039536 1.3226155
OS 3.104391 1.3226884
OS 3.1049742 1.3228342
OS 3.1056303 1.32298
OS 3.1063593 1.3232716
OS 3.1070154 1.323709
OS 3.1077444 1.3242193
OS 3.1078173 1.3242922
OS 3.108036 1.3245109
OS 3.1084005 1.3249483
OS 3.108765 1.3254586
OS 3.1092753 1.3261147
OS 3.1097127 1.3269895
OS 3.1101501 1.3279372
OS 3.1105875 1.3290307
OS 3.1105875 1.3291036
OS 3.1106604 1.3291765
OS 3.1107333 1.3296139
OS 3.110952 1.33027
OS 3.1111707 1.3311448
OS 3.1113165 1.3323112
OS 3.1115352 1.3335505
OS 3.1116081 1.3350085
OS 3.111681 1.3365394
OS 3.111681 1.3366852
OS 3.111681 1.3370497
OS 3.111681 1.33756
OS 3.1116081 1.338289
OS 3.1115352 1.3390909
OS 3.1114623 1.3400386
OS 3.1111707 1.341934
OE
OB 3.1035891 1.3505362 H
OS 3.1032246 1.3505362
OS 3.1027872 1.3504633
OS 3.102204 1.3503175
OS 3.1015479 1.3500988
OS 3.1008189 1.3498072
OS 3.1001628 1.3494427
OS 3.0994338 1.3488595
OS 3.0993609 1.3487866
OS 3.0991422 1.3485679
OS 3.0987777 1.3482034
OS 3.0984132 1.3476931
OS 3.0979029 1.3469641
OS 3.0974655 1.3461622
OS 3.0969552 1.3452145
OS 3.0965178 1.3440481
OS 3.0964449 1.3439023
OS 3.096372 1.3434649
OS 3.0962262 1.3428088
OS 3.0960075 1.341934
OS 3.0957888 1.3408405
OS 3.095643 1.3395283
OS 3.0955701 1.3381432
OS 3.0954972 1.3365394
OS 3.0954972 1.3363936
OS 3.0954972 1.336102
OS 3.0954972 1.3355188
OS 3.0955701 1.3348627
OS 3.095643 1.3340608
OS 3.0957159 1.3331131
OS 3.0960075 1.3312177
OS 3.1096398 1.3464538
OS 3.1095669 1.3465267
OS 3.1094211 1.3467454
OS 3.1092024 1.3471099
OS 3.1089108 1.3475473
OS 3.1084734 1.3480576
OS 3.108036 1.3485679
OS 3.1075257 1.3490053
OS 3.1069425 1.3494427
OS 3.1068696 1.3495156
OS 3.1066509 1.3495885
OS 3.1063593 1.3498072
OS 3.1059219 1.3500259
OS 3.1054845 1.3501717
OS 3.1049013 1.3503904
OS 3.1042452 1.3504633
OS 3.1035891 1.3505362
OE
OB 3.2877345 1.335373 H
OS 3.2865681 1.335373
OS 3.2861307 1.3353001
OS 3.2856204 1.3353001
OS 3.2850372 1.3351543
OS 3.2843811 1.3350085
OS 3.283725 1.3348627
OS 3.2830689 1.3345711
OS 3.282996 1.3345711
OS 3.2827773 1.3344253
OS 3.2824857 1.3342066
OS 3.2821212 1.3339879
OS 3.2812464 1.3332589
OS 3.2804445 1.3323112
OS 3.2803716 1.3322383
OS 3.2802987 1.3320925
OS 3.2801529 1.3318009
OS 3.2800071 1.3313635
OS 3.2797884 1.3309261
OS 3.2796426 1.3303429
OS 3.2795697 1.3296868
OS 3.2794968 1.3290307
OS 3.2794968 1.3289578
OS 3.2794968 1.3287391
OS 3.2795697 1.3283746
OS 3.2796426 1.3279372
OS 3.2799342 1.3269166
OS 3.2801529 1.3263334
OS 3.2804445 1.3257502
OS 3.2805174 1.3256773
OS 3.2805903 1.3255315
OS 3.280809 1.3252399
OS 3.2811006 1.3249483
OS 3.281538 1.3245109
OS 3.2819754 1.3241464
OS 3.2824857 1.3237819
OS 3.2830689 1.3234174
OS 3.2831418 1.3234174
OS 3.2833605 1.3232716
OS 3.283725 1.3231987
OS 3.2841624 1.3230529
OS 3.2847456 1.3229071
OS 3.2854017 1.3227613
OS 3.2861307 1.3226884
OS 3.2869326 1.3226155
OS 3.2872971 1.3226155
OS 3.2877345 1.3226884
OS 3.2882448 1.3226884
OS 3.288828 1.3228342
OS 3.2894841 1.32298
OS 3.2901402 1.3231258
OS 3.2907963 1.3234174
OS 3.2908692 1.3234903
OS 3.2910879 1.3235632
OS 3.2913795 1.3237819
OS 3.291744 1.3240735
OS 3.2926188 1.3248025
OS 3.2934207 1.3257502
OS 3.2934936 1.3258231
OS 3.2935665 1.3260418
OS 3.2937123 1.3263334
OS 3.293931 1.3266979
OS 3.2940768 1.3272082
OS 3.2942226 1.3277185
OS 3.2942955 1.3283746
OS 3.2943684 1.3290307
OS 3.2943684 1.3291036
OS 3.2943684 1.3293223
OS 3.2942955 1.3296868
OS 3.2942226 1.3301242
OS 3.2940039 1.3312177
OS 3.2937123 1.3318009
OS 3.2934207 1.3323112
OS 3.2933478 1.3323841
OS 3.2932749 1.3325299
OS 3.2930562 1.3328215
OS 3.2927646 1.3331131
OS 3.2924001 1.3334776
OS 3.2918898 1.333915
OS 3.2913795 1.3342795
OS 3.2907963 1.3345711
OS 3.2907234 1.334644
OS 3.2905047 1.3347169
OS 3.2901402 1.3348627
OS 3.2897028 1.3350085
OS 3.2891196 1.3351543
OS 3.2884635 1.3352272
OS 3.2877345 1.335373
OE
SE
S P 0
OB 3.0508834 0.3312882 I
OS 3.0513208 0.3311424
OS 3.0516853 0.3307779
OS 3.0517582 0.330705
OS 3.0519769 0.3303405
OS 3.0520498 0.3300489
OS 3.0521227 0.3296844
OS 3.0521956 0.329247
OS 3.0521956 0.3287367
OS 3.0521956 0.3286638
OS 3.0521956 0.3285909
OS 3.0521956 0.3282264
OS 3.0520498 0.327789
OS 3.051904 0.3273516
OS 3.0518311 0.3272787
OS 3.0516853 0.3272058
OS 3.0514666 0.32706
OS 3.0511021 0.3269871
OS 3.0507376 0.3269871
OS 3.0503731 0.3269142
OS 3.0497899 0.3268413
OS 3.0491338 0.3267684
OS 3.0483319 0.3266226
OS 3.04753 0.3264768
OS 3.0465823 0.326331
OS 3.044614 0.3257478
OS 3.0425728 0.3250188
OS 3.0406045 0.3240711
OS 3.0397297 0.3234879
OS 3.0388549 0.3228318
OS 3.038782 0.3227589
OS 3.0387091 0.322686
OS 3.0384904 0.3224673
OS 3.0381988 0.3221757
OS 3.0378343 0.3218112
OS 3.0374698 0.3213738
OS 3.0370324 0.3207906
OS 3.0366679 0.3202074
OS 3.0361576 0.3195513
OS 3.0357202 0.3188223
OS 3.0349183 0.3170727
OS 3.0341893 0.3151044
OS 3.0339706 0.3140109
OS 3.0337519 0.3128445
OS 3.0338248 0.3129174
OS 3.0340435 0.313209
OS 3.0343351 0.3135735
OS 3.0347725 0.3140109
OS 3.0353557 0.3145212
OS 3.0360118 0.3150315
OS 3.0367408 0.3155418
OS 3.0375427 0.3159792
OS 3.0376156 0.3160521
OS 3.0379801 0.316125
OS 3.0384175 0.3163437
OS 3.0390007 0.3165624
OS 3.0397297 0.3167082
OS 3.0406045 0.3169269
OS 3.0414793 0.3169998
OS 3.042427 0.3170727
OS 3.0430102 0.3170727
OS 3.0435934 0.3169998
OS 3.0443953 0.3169269
OS 3.045343 0.3167082
OS 3.0462907 0.3164895
OS 3.0473113 0.316125
OS 3.0483319 0.3156147
OS 3.0484777 0.3155418
OS 3.0487693 0.315396
OS 3.0492067 0.3150315
OS 3.0498628 0.3145941
OS 3.0505189 0.3140109
OS 3.051175 0.3133548
OS 3.0518311 0.3125529
OS 3.0524143 0.3116781
OS 3.0524872 0.3115323
OS 3.052633 0.3112407
OS 3.0529246 0.3107304
OS 3.0532162 0.3100014
OS 3.0534349 0.3091266
OS 3.0537265 0.308106
OS 3.0538723 0.3070125
OS 3.0539452 0.3057732
OS 3.0539452 0.3056274
OS 3.0539452 0.3052629
OS 3.0538723 0.3046068
OS 3.0537265 0.3038778
OS 3.0535807 0.3029301
OS 3.0532891 0.3019824
OS 3.0529246 0.3009618
OS 3.0524143 0.3000141
OS 3.0523414 0.2998683
OS 3.0521227 0.2995767
OS 3.0518311 0.2991393
OS 3.0513208 0.2985561
OS 3.0507376 0.2979
OS 3.0500086 0.2972439
OS 3.0491338 0.2965878
OS 3.0481861 0.2960046
OS 3.0480403 0.2959317
OS 3.0476758 0.2957859
OS 3.0470926 0.2955672
OS 3.0463636 0.2953485
OS 3.0454159 0.2950569
OS 3.0443224 0.2948382
OS 3.0430831 0.2946924
OS 3.0417709 0.2946195
OS 3.0411877 0.2946195
OS 3.0406045 0.2946924
OS 3.0398026 0.2948382
OS 3.0388549 0.294984
OS 3.0378343 0.2952027
OS 3.0368137 0.2955672
OS 3.0357931 0.2960775
OS 3.0356473 0.2961504
OS 3.0353557 0.2963691
OS 3.0348454 0.2966607
OS 3.0342622 0.297171
OS 3.0335332 0.2977542
OS 3.0328042 0.2984832
OS 3.0320752 0.299358
OS 3.0314191 0.3003786
OS 3.0314191 0.3004515
OS 3.0313462 0.3005973
OS 3.0312004 0.300816
OS 3.0310546 0.3011076
OS 3.0309088 0.3014721
OS 3.0306901 0.3019824
OS 3.0304714 0.3024927
OS 3.0303256 0.3031488
OS 3.0298882 0.3046068
OS 3.0295237 0.3062835
OS 3.0292321 0.3083247
OS 3.0291592 0.3105117
OS 3.0291592 0.3105846
OS 3.0291592 0.3107304
OS 3.0291592 0.311022
OS 3.0291592 0.3113865
OS 3.0292321 0.3118239
OS 3.029305 0.3124071
OS 3.0294508 0.3136464
OS 3.0296695 0.3151773
OS 3.030034 0.316854
OS 3.0305443 0.3185307
OS 3.0312733 0.3202803
OS 3.0312733 0.3203532
OS 3.0313462 0.320499
OS 3.031492 0.3207177
OS 3.0317107 0.3210822
OS 3.032221 0.3218841
OS 3.03295 0.3229776
OS 3.0339706 0.324144
OS 3.035137 0.3254562
OS 3.036595 0.3266955
OS 3.0382717 0.3279348
OS 3.0383446 0.3280077
OS 3.0384904 0.3280806
OS 3.038782 0.3282264
OS 3.0391465 0.3284451
OS 3.0395839 0.3286638
OS 3.0401671 0.3289554
OS 3.0408232 0.329247
OS 3.0416251 0.3295386
OS 3.042427 0.3298302
OS 3.0433747 0.3301218
OS 3.0443953 0.3304134
OS 3.0454159 0.330705
OS 3.0465823 0.3309237
OS 3.0478216 0.3311424
OS 3.050446 0.3313611
OS 3.0505918 0.3313611
OS 3.0508834 0.3312882
OE
OB 3.1149625 0.3312882 I
OS 3.1157644 0.3312153
OS 3.1167121 0.3310695
OS 3.1176598 0.3308508
OS 3.1186804 0.3305592
OS 3.119701 0.3301218
OS 3.1198468 0.3300489
OS 3.1201384 0.3299031
OS 3.1205758 0.3296115
OS 3.121159 0.329247
OS 3.1218151 0.3288096
OS 3.1224712 0.3281535
OS 3.1231273 0.3274974
OS 3.1237105 0.3266955
OS 3.1237834 0.3266226
OS 3.1239292 0.326331
OS 3.1241479 0.3258207
OS 3.1244395 0.3252375
OS 3.1246582 0.3245085
OS 3.1248769 0.3235608
OS 3.1250227 0.3226131
OS 3.1250956 0.3215196
OS 3.1250956 0.3213738
OS 3.1250956 0.3210822
OS 3.1250227 0.3205719
OS 3.1249498 0.3199887
OS 3.124804 0.3192597
OS 3.1245853 0.3185307
OS 3.1242937 0.3177288
OS 3.1238563 0.3169998
OS 3.1237834 0.3169269
OS 3.1236376 0.3167082
OS 3.123346 0.3163437
OS 3.1229815 0.3159792
OS 3.1225441 0.3154689
OS 3.1219609 0.3150315
OS 3.1213048 0.3145212
OS 3.1205758 0.3140838
OS 3.1207216 0.3140109
OS 3.1210132 0.3138651
OS 3.1214506 0.3136464
OS 3.1221067 0.3132819
OS 3.1227628 0.3127716
OS 3.1234189 0.3122613
OS 3.124075 0.3116052
OS 3.1246582 0.3108033
OS 3.1247311 0.3107304
OS 3.1248769 0.3104388
OS 3.1251685 0.3099285
OS 3.1254601 0.3093453
OS 3.1256788 0.3085434
OS 3.1259704 0.3076686
OS 3.1261162 0.306648
OS 3.1261891 0.3055545
OS 3.1261891 0.3054087
OS 3.1261891 0.3049713
OS 3.1261162 0.3043881
OS 3.1260433 0.3035862
OS 3.1258246 0.3027114
OS 3.1256059 0.3017637
OS 3.1252414 0.3007431
OS 3.1247311 0.2997954
OS 3.1246582 0.2997225
OS 3.1244395 0.299358
OS 3.1241479 0.2989206
OS 3.1237105 0.2984103
OS 3.1231273 0.2977542
OS 3.1223983 0.2970981
OS 3.1215235 0.2965149
OS 3.1205758 0.2959317
OS 3.12043 0.2958588
OS 3.1200655 0.295713
OS 3.1194823 0.2954943
OS 3.1186804 0.2952756
OS 3.1177327 0.2950569
OS 3.1166392 0.2948382
OS 3.115327 0.2946924
OS 3.1139419 0.2946195
OS 3.1134316 0.2946195
OS 3.1128484 0.2946924
OS 3.1121194 0.2947653
OS 3.1112446 0.2948382
OS 3.110224 0.2950569
OS 3.1091305 0.2952756
OS 3.108037 0.2955672
OS 3.1078912 0.2956401
OS 3.1075267 0.2957859
OS 3.1069435 0.2960046
OS 3.1062874 0.2962962
OS 3.1054126 0.2966607
OS 3.1045378 0.297171
OS 3.1035901 0.2977542
OS 3.1027153 0.2983374
OS 3.1025695 0.2984832
OS 3.1022779 0.2987748
OS 3.1019863 0.2992851
OS 3.1019134 0.2995767
OS 3.1018405 0.2998683
OS 3.1018405 0.2999412
OS 3.1019134 0.3003057
OS 3.1020592 0.3007431
OS 3.1023508 0.3013263
OS 3.1023508 0.3013992
OS 3.1024966 0.301545
OS 3.1028611 0.3019824
OS 3.1033714 0.3023469
OS 3.103663 0.3024927
OS 3.1040275 0.3025656
OS 3.1041004 0.3025656
OS 3.1043191 0.3024927
OS 3.1046836 0.3024198
OS 3.1050481 0.3022011
OS 3.105121 0.3021282
OS 3.1054126 0.3019824
OS 3.1057771 0.3016908
OS 3.1062874 0.3013263
OS 3.1069435 0.3009618
OS 3.1076725 0.3005244
OS 3.1092763 0.2997954
OS 3.1093492 0.2997954
OS 3.1097137 0.2996496
OS 3.1101511 0.2995767
OS 3.1107343 0.2994309
OS 3.1114633 0.2992851
OS 3.1122652 0.2991393
OS 3.1130671 0.2990664
OS 3.1139419 0.2989935
OS 3.1145251 0.2989935
OS 3.1152541 0.2990664
OS 3.116056 0.2992122
OS 3.1169308 0.2994309
OS 3.1178785 0.2997225
OS 3.1188262 0.3001599
OS 3.1196281 0.3007431
OS 3.119701 0.300816
OS 3.1199197 0.3010347
OS 3.1202842 0.3014721
OS 3.1206487 0.3019824
OS 3.1209403 0.3027114
OS 3.1213048 0.3035133
OS 3.1215235 0.304461
OS 3.1215964 0.3055545
OS 3.1215964 0.3057003
OS 3.1215964 0.3060648
OS 3.1215235 0.3065751
OS 3.1213777 0.3073041
OS 3.1210861 0.3080331
OS 3.1207945 0.308835
OS 3.1202842 0.309564
OS 3.1196281 0.3102201
OS 3.1195552 0.310293
OS 3.1192636 0.3104388
OS 3.1188262 0.3107304
OS 3.1181701 0.311022
OS 3.1174411 0.3113136
OS 3.1164934 0.3116052
OS 3.115327 0.311751
OS 3.1140877 0.3118239
OS 3.1118278 0.3118239
OS 3.1113904 0.3118968
OS 3.110953 0.3120426
OS 3.1105156 0.3122613
OS 3.1104427 0.3123342
OS 3.1102969 0.3126258
OS 3.1101511 0.3131361
OS 3.1100782 0.3138651
OS 3.1100782 0.313938
OS 3.1100782 0.3140109
OS 3.1101511 0.3144483
OS 3.1102969 0.3149586
OS 3.1105156 0.315396
OS 3.1105885 0.3154689
OS 3.1108801 0.3156876
OS 3.1113175 0.3158334
OS 3.1119736 0.3159063
OS 3.1141606 0.3159063
OS 3.1147438 0.3159792
OS 3.1155457 0.3160521
OS 3.1163476 0.3162708
OS 3.1172224 0.3164895
OS 3.1180243 0.316854
OS 3.1187533 0.3172914
OS 3.1188262 0.3173643
OS 3.1190449 0.317583
OS 3.1193365 0.3178746
OS 3.1196281 0.3183849
OS 3.1199197 0.3189681
OS 3.1202113 0.3196971
OS 3.12043 0.3205719
OS 3.1205029 0.3215196
OS 3.1205029 0.3216654
OS 3.1205029 0.321957
OS 3.12043 0.3223944
OS 3.1202842 0.3229776
OS 3.1200655 0.3235608
OS 3.1197739 0.3242169
OS 3.1193365 0.324873
OS 3.1187533 0.3254562
OS 3.1186804 0.3255291
OS 3.1184617 0.3256749
OS 3.1180243 0.3258936
OS 3.117514 0.3261852
OS 3.116785 0.3264768
OS 3.1159102 0.3266955
OS 3.1149625 0.3268413
OS 3.1137961 0.3269142
OS 3.11314 0.3269142
OS 3.1123381 0.3267684
OS 3.1113175 0.3266226
OS 3.1100782 0.326331
OS 3.108766 0.3258936
OS 3.107308 0.3253104
OS 3.10585 0.3245085
OS 3.1057771 0.3244356
OS 3.1055584 0.3243627
OS 3.1052668 0.3242898
OS 3.1049023 0.3242169
OS 3.1047565 0.3242169
OS 3.1043191 0.3243627
OS 3.1041004 0.3245085
OS 3.1038088 0.3248001
OS 3.1035172 0.3250917
OS 3.1032256 0.3255291
OS 3.1032256 0.325602
OS 3.1031527 0.3256749
OS 3.1030798 0.3260394
OS 3.102934 0.3264768
OS 3.1028611 0.3269871
OS 3.1028611 0.32706
OS 3.1028611 0.3271329
OS 3.1030069 0.3274974
OS 3.1032985 0.3280077
OS 3.1035172 0.3282264
OS 3.1038088 0.3284451
OS 3.1038817 0.3284451
OS 3.1040275 0.3285909
OS 3.1043191 0.3287367
OS 3.1046107 0.3288825
OS 3.1050481 0.3291012
OS 3.1056313 0.3293928
OS 3.1062145 0.3296115
OS 3.1068706 0.3299031
OS 3.1083286 0.3304134
OS 3.1100053 0.3309237
OS 3.1118278 0.3312153
OS 3.1137232 0.3313611
OS 3.1143064 0.3313611
OS 3.1149625 0.3312882
OE
OB 3.0794602 0.3312153 I
OS 3.080335 0.3310695
OS 3.0813556 0.3307779
OS 3.0824491 0.3304134
OS 3.0836155 0.3298302
OS 3.084709 0.3290283
OS 3.0848548 0.3289554
OS 3.0852193 0.3285909
OS 3.0857296 0.3280806
OS 3.0863857 0.3273516
OS 3.0871147 0.3264768
OS 3.0878437 0.3253833
OS 3.0884998 0.3240711
OS 3.0891559 0.3226131
OS 3.0891559 0.3225402
OS 3.0892288 0.3223944
OS 3.0893017 0.3221757
OS 3.0893746 0.3218841
OS 3.0895204 0.3214467
OS 3.0896662 0.3210093
OS 3.089812 0.3204261
OS 3.0899578 0.3198429
OS 3.0902494 0.3184578
OS 3.090541 0.3167811
OS 3.0906868 0.3149586
OS 3.0907597 0.3129174
OS 3.0907597 0.3128445
OS 3.0907597 0.3126987
OS 3.0907597 0.3124071
OS 3.0907597 0.3119697
OS 3.0906868 0.3115323
OS 3.0906868 0.3109491
OS 3.090541 0.3096369
OS 3.0903952 0.3081789
OS 3.0901036 0.3065751
OS 3.0896662 0.3048984
OS 3.0891559 0.3032946
OS 3.0891559 0.3032217
OS 3.089083 0.3031488
OS 3.0890101 0.3029301
OS 3.0888643 0.3026385
OS 3.0884998 0.3018366
OS 3.0880624 0.3009618
OS 3.0874063 0.2998683
OS 3.0866044 0.2988477
OS 3.0857296 0.2978271
OS 3.084709 0.2968794
OS 3.0845632 0.2968065
OS 3.0841987 0.2965149
OS 3.0836155 0.2961504
OS 3.0828136 0.2957859
OS 3.0818659 0.2953485
OS 3.0806995 0.294984
OS 3.0794602 0.2946924
OS 3.0780751 0.2946195
OS 3.0777106 0.2946195
OS 3.077419 0.2946924
OS 3.07669 0.2947653
OS 3.0758152 0.2949111
OS 3.0747946 0.2952027
OS 3.0736282 0.2955672
OS 3.0724618 0.2961504
OS 3.0713683 0.2968794
OS 3.0712225 0.2969523
OS 3.0709309 0.2973168
OS 3.0704206 0.2978271
OS 3.0697645 0.2985561
OS 3.0690355 0.2994309
OS 3.0683065 0.3005244
OS 3.0675775 0.3018366
OS 3.0669214 0.3032946
OS 3.0669214 0.3033675
OS 3.0668485 0.3035133
OS 3.0667756 0.303732
OS 3.0667027 0.3040236
OS 3.0665569 0.304461
OS 3.0664111 0.3048984
OS 3.0661924 0.3060648
OS 3.0659008 0.3074499
OS 3.0656092 0.3091266
OS 3.0654634 0.3109491
OS 3.0653905 0.3129174
OS 3.0653905 0.3129903
OS 3.0653905 0.3131361
OS 3.0653905 0.3134277
OS 3.0653905 0.3138651
OS 3.0654634 0.3143025
OS 3.0654634 0.3148857
OS 3.0656092 0.3161979
OS 3.065755 0.3177288
OS 3.0660466 0.3193326
OS 3.0664111 0.3210093
OS 3.0669214 0.3226131
OS 3.0669214 0.322686
OS 3.0669943 0.3228318
OS 3.0670672 0.3229776
OS 3.067213 0.3232692
OS 3.0675775 0.3240711
OS 3.0680878 0.3249459
OS 3.0687439 0.3260394
OS 3.0694729 0.32706
OS 3.0703477 0.3280806
OS 3.0713683 0.3290283
OS 3.0715141 0.3291012
OS 3.0718786 0.3293928
OS 3.0724618 0.3297573
OS 3.0733366 0.3301947
OS 3.0742843 0.3306321
OS 3.0754507 0.3309966
OS 3.07669 0.3312882
OS 3.0780751 0.3313611
OS 3.0787312 0.3313611
OS 3.0794602 0.3312153
OE
OB 3.1615456 0.3329649 I
OS 3.1617643 0.3328191
OS 3.1619101 0.3326004
OS 3.1620559 0.3323088
OS 3.1621288 0.3319443
OS 3.1621288 0.3316527
OS 3.1604521 0.3182391
OS 3.1604521 0.3180933
OS 3.1603792 0.3178017
OS 3.1601605 0.3173643
OS 3.1598689 0.3169998
OS 3.159796 0.3169269
OS 3.1595044 0.3167811
OS 3.159067 0.3166353
OS 3.1584109 0.3165624
OS 3.1582651 0.3165624
OS 3.1579006 0.3166353
OS 3.1574632 0.3167811
OS 3.1570258 0.3169998
OS 3.1569529 0.3170727
OS 3.1567342 0.3172914
OS 3.1565155 0.3177288
OS 3.1563697 0.3182391
OS 3.1547659 0.3316527
OS 3.1547659 0.3317256
OS 3.1547659 0.3318714
OS 3.1548388 0.3323817
OS 3.1549846 0.3326733
OS 3.1552033 0.332892
OS 3.1555678 0.3330378
OS 3.1560052 0.3331107
OS 3.1611082 0.3331107
OS 3.1615456 0.3329649
OE
OB 3.1477675 0.3329649 I
OS 3.1479862 0.3328191
OS 3.1482049 0.3326004
OS 3.1483507 0.3323088
OS 3.1484236 0.3319443
OS 3.1483507 0.3316527
OS 3.1467469 0.3182391
OS 3.1467469 0.3180933
OS 3.146674 0.3178017
OS 3.1464553 0.3173643
OS 3.1460908 0.3169998
OS 3.1460179 0.3169269
OS 3.1457263 0.3167811
OS 3.1452889 0.3166353
OS 3.1447057 0.3165624
OS 3.1445599 0.3165624
OS 3.1441954 0.3166353
OS 3.143758 0.3167811
OS 3.1432477 0.3169998
OS 3.1431748 0.3170727
OS 3.1429561 0.3172914
OS 3.1428103 0.3177288
OS 3.1426645 0.3182391
OS 3.1409878 0.3316527
OS 3.1409878 0.3317256
OS 3.1409878 0.3318714
OS 3.1410607 0.3323817
OS 3.1412065 0.3326733
OS 3.1414252 0.332892
OS 3.1417897 0.3330378
OS 3.1422271 0.3331107
OS 3.1473301 0.3331107
OS 3.1477675 0.3329649
OE
OB 3.0061228 0.3312153 I
OS 3.0069976 0.3310695
OS 3.0080182 0.3307779
OS 3.0091117 0.3304134
OS 3.0102781 0.3298302
OS 3.0113716 0.3290283
OS 3.0115174 0.3289554
OS 3.0118819 0.3285909
OS 3.0123922 0.3280806
OS 3.0130483 0.3273516
OS 3.0137773 0.3264768
OS 3.0145063 0.3253833
OS 3.0151624 0.3240711
OS 3.0158185 0.3226131
OS 3.0158185 0.3225402
OS 3.0158914 0.3223944
OS 3.0159643 0.3221757
OS 3.0160372 0.3218841
OS 3.016183 0.3214467
OS 3.0163288 0.3210093
OS 3.0164746 0.3204261
OS 3.0166204 0.3198429
OS 3.016912 0.3184578
OS 3.0172036 0.3167811
OS 3.0173494 0.3149586
OS 3.0174223 0.3129174
OS 3.0174223 0.3128445
OS 3.0174223 0.3126987
OS 3.0174223 0.3124071
OS 3.0174223 0.3119697
OS 3.0173494 0.3115323
OS 3.0173494 0.3109491
OS 3.0172036 0.3096369
OS 3.0170578 0.3081789
OS 3.0167662 0.3065751
OS 3.0163288 0.3048984
OS 3.0158185 0.3032946
OS 3.0158185 0.3032217
OS 3.0157456 0.3031488
OS 3.0156727 0.3029301
OS 3.0155269 0.3026385
OS 3.0151624 0.3018366
OS 3.014725 0.3009618
OS 3.0140689 0.2998683
OS 3.013267 0.2988477
OS 3.0123922 0.2978271
OS 3.0113716 0.2968794
OS 3.0112258 0.2968065
OS 3.0108613 0.2965149
OS 3.0102781 0.2961504
OS 3.0094762 0.2957859
OS 3.0085285 0.2953485
OS 3.0073621 0.294984
OS 3.0061228 0.2946924
OS 3.0047377 0.2946195
OS 3.0043732 0.2946195
OS 3.0040816 0.2946924
OS 3.0033526 0.2947653
OS 3.0024778 0.2949111
OS 3.0014572 0.2952027
OS 3.0002908 0.2955672
OS 2.9991244 0.2961504
OS 2.9980309 0.2968794
OS 2.9978851 0.2969523
OS 2.9975935 0.2973168
OS 2.9970832 0.2978271
OS 2.9964271 0.2985561
OS 2.9956981 0.2994309
OS 2.9949691 0.3005244
OS 2.9942401 0.3018366
OS 2.993584 0.3032946
OS 2.993584 0.3033675
OS 2.9935111 0.3035133
OS 2.9934382 0.303732
OS 2.9933653 0.3040236
OS 2.9932195 0.304461
OS 2.9930737 0.3048984
OS 2.992855 0.3060648
OS 2.9925634 0.3074499
OS 2.9922718 0.3091266
OS 2.992126 0.3109491
OS 2.9920531 0.3129174
OS 2.9920531 0.3129903
OS 2.9920531 0.3131361
OS 2.9920531 0.3134277
OS 2.9920531 0.3138651
OS 2.992126 0.3143025
OS 2.992126 0.3148857
OS 2.9922718 0.3161979
OS 2.9924176 0.3177288
OS 2.9927092 0.3193326
OS 2.9930737 0.3210093
OS 2.993584 0.3226131
OS 2.993584 0.322686
OS 2.9936569 0.3228318
OS 2.9937298 0.3229776
OS 2.9938756 0.3232692
OS 2.9942401 0.3240711
OS 2.9947504 0.3249459
OS 2.9954065 0.3260394
OS 2.9961355 0.32706
OS 2.9970103 0.3280806
OS 2.9980309 0.3290283
OS 2.9981767 0.3291012
OS 2.9985412 0.3293928
OS 2.9991244 0.3297573
OS 2.9999992 0.3301947
OS 3.0009469 0.3306321
OS 3.0021133 0.3309966
OS 3.0033526 0.3312882
OS 3.0047377 0.3313611
OS 3.0053938 0.3313611
OS 3.0061228 0.3312153
OE
OB 3.0123193 0.318312 H
OS 2.998687 0.3030759
OS 2.9987599 0.303003
OS 2.9989057 0.3027114
OS 2.9991244 0.3023469
OS 2.999416 0.3019095
OS 3.0002908 0.3009618
OS 3.0007282 0.3004515
OS 3.0013114 0.3000141
OS 3.0013843 0.2999412
OS 3.001603 0.2998683
OS 3.0018946 0.2997225
OS 3.002332 0.2995038
OS 3.0028423 0.2992851
OS 3.0034255 0.2991393
OS 3.0040816 0.2990664
OS 3.0047377 0.2989935
OS 3.0051022 0.2989935
OS 3.0055396 0.2990664
OS 3.0061228 0.2992122
OS 3.0067789 0.299358
OS 3.0075079 0.2996496
OS 3.008164 0.300087
OS 3.008893 0.3005973
OS 3.0089659 0.3006702
OS 3.0091846 0.3008889
OS 3.0095491 0.3013263
OS 3.0099136 0.3018366
OS 3.0104239 0.3024927
OS 3.0108613 0.3033675
OS 3.0112987 0.3043152
OS 3.0117361 0.3054087
OS 3.0117361 0.3054816
OS 3.011809 0.3055545
OS 3.0118819 0.3059919
OS 3.0121006 0.306648
OS 3.0123193 0.3075228
OS 3.0124651 0.3086892
OS 3.0126838 0.3099285
OS 3.0127567 0.3113865
OS 3.0128296 0.3129174
OS 3.0128296 0.3130632
OS 3.0128296 0.3134277
OS 3.0128296 0.313938
OS 3.0127567 0.314667
OS 3.0126838 0.3154689
OS 3.0126109 0.3164166
OS 3.0123193 0.318312
OE
OB 3.0047377 0.3269142 H
OS 3.0043732 0.3269142
OS 3.0039358 0.3268413
OS 3.0033526 0.3266955
OS 3.0026965 0.3264768
OS 3.0019675 0.3261852
OS 3.0013114 0.3258207
OS 3.0005824 0.3252375
OS 3.0005095 0.3251646
OS 3.0002908 0.3249459
OS 2.9999263 0.3245814
OS 2.9995618 0.3240711
OS 2.9990515 0.3233421
OS 2.9986141 0.3225402
OS 2.9981038 0.3215925
OS 2.9976664 0.3204261
OS 2.9975935 0.3202803
OS 2.9975206 0.3198429
OS 2.9973748 0.3191868
OS 2.9971561 0.318312
OS 2.9969374 0.3172185
OS 2.9967916 0.3159063
OS 2.9967187 0.3145212
OS 2.9966458 0.3129174
OS 2.9966458 0.3127716
OS 2.9966458 0.31248
OS 2.9966458 0.3118968
OS 2.9967187 0.3112407
OS 2.9967916 0.3104388
OS 2.9968645 0.3094911
OS 2.9971561 0.3075957
OS 3.0107884 0.3228318
OS 3.0107155 0.3229047
OS 3.0105697 0.3231234
OS 3.010351 0.3234879
OS 3.0100594 0.3239253
OS 3.009622 0.3244356
OS 3.0091846 0.3249459
OS 3.0086743 0.3253833
OS 3.0080911 0.3258207
OS 3.0080182 0.3258936
OS 3.0077995 0.3259665
OS 3.0075079 0.3261852
OS 3.0070705 0.3264039
OS 3.0066331 0.3265497
OS 3.0060499 0.3267684
OS 3.0053938 0.3268413
OS 3.0047377 0.3269142
OE
OB 3.0780751 0.3269142 H
OS 3.0777106 0.3269142
OS 3.0772732 0.3268413
OS 3.07669 0.3266955
OS 3.0760339 0.3264768
OS 3.0753049 0.3261852
OS 3.0746488 0.3258207
OS 3.0739198 0.3252375
OS 3.0738469 0.3251646
OS 3.0736282 0.3249459
OS 3.0732637 0.3245814
OS 3.0728992 0.3240711
OS 3.0723889 0.3233421
OS 3.0719515 0.3225402
OS 3.0714412 0.3215925
OS 3.0710038 0.3204261
OS 3.0709309 0.3202803
OS 3.070858 0.3198429
OS 3.0707122 0.3191868
OS 3.0704935 0.318312
OS 3.0702748 0.3172185
OS 3.070129 0.3159063
OS 3.0700561 0.3145212
OS 3.0699832 0.3129174
OS 3.0699832 0.3127716
OS 3.0699832 0.31248
OS 3.0699832 0.3118968
OS 3.0700561 0.3112407
OS 3.070129 0.3104388
OS 3.0702019 0.3094911
OS 3.0704935 0.3075957
OS 3.0841258 0.3228318
OS 3.0840529 0.3229047
OS 3.0839071 0.3231234
OS 3.0836884 0.3234879
OS 3.0833968 0.3239253
OS 3.0829594 0.3244356
OS 3.082522 0.3249459
OS 3.0820117 0.3253833
OS 3.0814285 0.3258207
OS 3.0813556 0.3258936
OS 3.0811369 0.3259665
OS 3.0808453 0.3261852
OS 3.0804079 0.3264039
OS 3.0799705 0.3265497
OS 3.0793873 0.3267684
OS 3.0787312 0.3268413
OS 3.0780751 0.3269142
OE
OB 3.0426457 0.3126258 H
OS 3.0414064 0.3126258
OS 3.040969 0.3125529
OS 3.0404587 0.3125529
OS 3.0398755 0.3124071
OS 3.0392194 0.3122613
OS 3.0384904 0.3121155
OS 3.0378343 0.3118239
OS 3.0377614 0.3118239
OS 3.0375427 0.3116781
OS 3.0372511 0.3114594
OS 3.0368866 0.3112407
OS 3.0360118 0.3105117
OS 3.035137 0.309564
OS 3.0350641 0.3094911
OS 3.0349912 0.3093453
OS 3.0348454 0.3089808
OS 3.0346996 0.3086163
OS 3.0344809 0.308106
OS 3.0343351 0.3075228
OS 3.0342622 0.3068667
OS 3.0341893 0.3062106
OS 3.0341893 0.3061377
OS 3.0341893 0.3058461
OS 3.0342622 0.3054816
OS 3.0343351 0.3049713
OS 3.034408 0.3043881
OS 3.0346267 0.3038049
OS 3.0348454 0.3031488
OS 3.035137 0.3024927
OS 3.0352099 0.3024198
OS 3.0352828 0.3022011
OS 3.0355015 0.3019095
OS 3.0357931 0.301545
OS 3.0362305 0.3011805
OS 3.0366679 0.3007431
OS 3.0371782 0.3003057
OS 3.0377614 0.2999412
OS 3.0378343 0.2998683
OS 3.038053 0.2997954
OS 3.0384175 0.2996496
OS 3.0389278 0.2995038
OS 3.039511 0.2992851
OS 3.0401671 0.2991393
OS 3.040969 0.2990664
OS 3.0417709 0.2989935
OS 3.0421354 0.2989935
OS 3.0425728 0.2990664
OS 3.0430831 0.2990664
OS 3.0437392 0.2992122
OS 3.0443953 0.299358
OS 3.0450514 0.2995038
OS 3.0457075 0.2997954
OS 3.0457804 0.2998683
OS 3.0459991 0.2999412
OS 3.0462907 0.3001599
OS 3.0467281 0.3004515
OS 3.0476029 0.3011805
OS 3.0480403 0.3016908
OS 3.0484048 0.3022011
OS 3.0484777 0.302274
OS 3.0485506 0.3024927
OS 3.0486964 0.3027843
OS 3.0489151 0.3032217
OS 3.0490609 0.303732
OS 3.0492067 0.3043881
OS 3.0492796 0.3050442
OS 3.0493525 0.3057732
OS 3.0493525 0.3058461
OS 3.0493525 0.3061377
OS 3.0492796 0.3065022
OS 3.0492067 0.3070125
OS 3.048988 0.3081789
OS 3.0486964 0.3087621
OS 3.0484048 0.3093453
OS 3.0483319 0.3094182
OS 3.048259 0.3096369
OS 3.0480403 0.3099285
OS 3.0477487 0.3102201
OS 3.0473842 0.3106575
OS 3.0469468 0.311022
OS 3.0463636 0.3113865
OS 3.0457804 0.311751
OS 3.0457075 0.3118239
OS 3.0454888 0.3118968
OS 3.0451243 0.3120426
OS 3.0446869 0.3121884
OS 3.0440308 0.3123342
OS 3.0433747 0.31248
OS 3.0426457 0.3126258
OE
OB 3.0856567 0.318312 H
OS 3.0720244 0.3030759
OS 3.0720973 0.303003
OS 3.0722431 0.3027114
OS 3.0724618 0.3023469
OS 3.0727534 0.3019095
OS 3.0736282 0.3009618
OS 3.0740656 0.3004515
OS 3.0746488 0.3000141
OS 3.0747217 0.2999412
OS 3.0749404 0.2998683
OS 3.075232 0.2997225
OS 3.0756694 0.2995038
OS 3.0761797 0.2992851
OS 3.0767629 0.2991393
OS 3.077419 0.2990664
OS 3.0780751 0.2989935
OS 3.0784396 0.2989935
OS 3.078877 0.2990664
OS 3.0794602 0.2992122
OS 3.0801163 0.299358
OS 3.0808453 0.2996496
OS 3.0815014 0.300087
OS 3.0822304 0.3005973
OS 3.0823033 0.3006702
OS 3.082522 0.3008889
OS 3.0828865 0.3013263
OS 3.083251 0.3018366
OS 3.0837613 0.3024927
OS 3.0841987 0.3033675
OS 3.0846361 0.3043152
OS 3.0850735 0.3054087
OS 3.0850735 0.3054816
OS 3.0851464 0.3055545
OS 3.0852193 0.3059919
OS 3.085438 0.306648
OS 3.0856567 0.3075228
OS 3.0858025 0.3086892
OS 3.0860212 0.3099285
OS 3.0860941 0.3113865
OS 3.086167 0.3129174
OS 3.086167 0.3130632
OS 3.086167 0.3134277
OS 3.086167 0.313938
OS 3.0860941 0.314667
OS 3.0860212 0.3154689
OS 3.0859483 0.3164166
OS 3.0856567 0.318312
OE
SE
S P 0
OB 3.4757589 3.0799766 I
OS 3.4767795 3.0798308
OS 3.4779459 3.0796121
OS 3.4791852 3.0793205
OS 3.4804245 3.0788831
OS 3.4815909 3.0782999
OS 3.4817367 3.078227
OS 3.4821012 3.0780083
OS 3.4826115 3.0775709
OS 3.4833405 3.0770606
OS 3.4840695 3.0763316
OS 3.4848714 3.0755297
OS 3.4856004 3.074582
OS 3.4862565 3.0734885
OS 3.4863294 3.0733427
OS 3.4865481 3.0729782
OS 3.4867668 3.0723221
OS 3.4871313 3.0714473
OS 3.4874229 3.0704267
OS 3.4877145 3.0691874
OS 3.4880061 3.0678023
OS 3.4881519 3.0663443
OS 3.4881519 3.0662714
OS 3.4881519 3.0661985
OS 3.488079 3.0657611
OS 3.4880061 3.0653237
OS 3.4877145 3.0648863
OS 3.4876416 3.0648134
OS 3.48735 3.0647405
OS 3.4869126 3.0645947
OS 3.4862565 3.0645218
OS 3.4646052 3.0645218
OS 3.4646052 3.0644489
OS 3.4646052 3.0643031
OS 3.4646781 3.0640844
OS 3.4646781 3.0637928
OS 3.4648239 3.0629909
OS 3.4649697 3.0620432
OS 3.4653342 3.0609497
OS 3.4657716 3.0597833
OS 3.4663548 3.0586898
OS 3.4670838 3.0577421
OS 3.4672296 3.0576692
OS 3.4675212 3.0573776
OS 3.4680315 3.0570131
OS 3.4687605 3.0566486
OS 3.4697082 3.0562112
OS 3.4708746 3.0558467
OS 3.4721868 3.0555551
OS 3.4736448 3.0554822
OS 3.4741551 3.0554822
OS 3.4747383 3.0555551
OS 3.4754673 3.0555551
OS 3.476415 3.055628
OS 3.4773627 3.0557738
OS 3.4794768 3.0561383
OS 3.4796226 3.0561383
OS 3.4799871 3.0562841
OS 3.4804974 3.0564299
OS 3.4811535 3.0566486
OS 3.4819554 3.0569402
OS 3.4827573 3.0572318
OS 3.4835592 3.0575963
OS 3.4843611 3.0580337
OS 3.484434 3.0581066
OS 3.4846527 3.0581795
OS 3.4849443 3.0582524
OS 3.4853088 3.0583253
OS 3.4853817 3.0583253
OS 3.4856733 3.0582524
OS 3.4859649 3.0581795
OS 3.4863294 3.0578879
OS 3.4864023 3.057815
OS 3.486621 3.0575963
OS 3.4868397 3.0571589
OS 3.4870584 3.0566486
OS 3.4871313 3.0565757
OS 3.4872042 3.056357
OS 3.4872771 3.0559925
OS 3.4872771 3.0555551
OS 3.4872771 3.0554822
OS 3.4872771 3.0553364
OS 3.4871313 3.054899
OS 3.4869855 3.0546074
OS 3.4866939 3.0543158
OS 3.4864023 3.0540242
OS 3.4859649 3.0537326
OS 3.485892 3.0536597
OS 3.4855275 3.0535139
OS 3.4850172 3.0532952
OS 3.4843611 3.0530765
OS 3.4834863 3.0527849
OS 3.4825386 3.0524204
OS 3.4814451 3.0521288
OS 3.4802058 3.0518372
OS 3.48006 3.0518372
OS 3.4796226 3.0517643
OS 3.4789665 3.0516185
OS 3.4781646 3.0515456
OS 3.477144 3.0513998
OS 3.4760505 3.051254
OS 3.4748841 3.0511811
OS 3.4729158 3.0511811
OS 3.4721139 3.051254
OS 3.4710933 3.0513998
OS 3.4699269 3.0516185
OS 3.4686876 3.0519101
OS 3.4673754 3.0522746
OS 3.466209 3.0528578
OS 3.4660632 3.0529307
OS 3.4656987 3.0531494
OS 3.4651884 3.0535868
OS 3.4645323 3.05417
OS 3.4638033 3.0548261
OS 3.4630014 3.0557009
OS 3.4622724 3.0566486
OS 3.4616163 3.057815
OS 3.4616163 3.0578879
OS 3.4615434 3.0579608
OS 3.4613976 3.0583982
OS 3.461106 3.0591272
OS 3.4608144 3.060002
OS 3.4605228 3.0611684
OS 3.4602312 3.0624806
OS 3.4600854 3.0640115
OS 3.4600125 3.0656153
OS 3.4600125 3.0656882
OS 3.4600125 3.065834
OS 3.4600125 3.0660527
OS 3.4600125 3.0663443
OS 3.4600854 3.0671462
OS 3.4602312 3.0681668
OS 3.4604499 3.0693332
OS 3.4608144 3.0705725
OS 3.4612518 3.0718847
OS 3.461835 3.073124
OS 3.461835 3.0731969
OS 3.4619079 3.0732698
OS 3.4621995 3.0736343
OS 3.462564 3.0742904
OS 3.4631472 3.0750194
OS 3.4638762 3.0758213
OS 3.464751 3.0766961
OS 3.4656987 3.077498
OS 3.4668651 3.078227
OS 3.466938 3.078227
OS 3.4670109 3.0782999
OS 3.4674483 3.0785186
OS 3.4681044 3.0788102
OS 3.4689792 3.0791747
OS 3.4700727 3.0794663
OS 3.471312 3.0797579
OS 3.4726971 3.0799766
OS 3.474228 3.0800495
OS 3.474957 3.0800495
OS 3.4757589 3.0799766
OE
OB 3.4332582 3.0878498 I
OS 3.4338414 3.0877769
OS 3.4343517 3.0874853
OS 3.4344246 3.0874124
OS 3.4346433 3.0871208
OS 3.4347891 3.0866834
OS 3.434862 3.0859544
OS 3.434862 3.0769877
OS 3.447255 3.0769877
OS 3.4476924 3.0769148
OS 3.4481298 3.076769
OS 3.4485672 3.0764774
OS 3.4486401 3.0764045
OS 3.4487859 3.0761129
OS 3.4489317 3.0756026
OS 3.4490046 3.0748736
OS 3.4490046 3.0748007
OS 3.4490046 3.0746549
OS 3.4489317 3.0742175
OS 3.4488588 3.0737072
OS 3.4485672 3.0731969
OS 3.4484943 3.073124
OS 3.4482027 3.0729782
OS 3.4477653 3.0727595
OS 3.4471092 3.0726866
OS 3.434862 3.0726866
OS 3.434862 3.0620432
OS 3.434862 3.0618974
OS 3.434862 3.0615329
OS 3.4349349 3.0608768
OS 3.4350078 3.0601478
OS 3.4351536 3.0593459
OS 3.4353723 3.058544
OS 3.4356639 3.0577421
OS 3.4360284 3.057086
OS 3.4361013 3.0570131
OS 3.4362471 3.0568673
OS 3.4365387 3.0565757
OS 3.4369761 3.0562841
OS 3.4375593 3.0559925
OS 3.4382883 3.0557009
OS 3.4390902 3.0555551
OS 3.4401108 3.0554822
OS 3.4404753 3.0554822
OS 3.4408398 3.0555551
OS 3.441423 3.0555551
OS 3.4420062 3.0557009
OS 3.4427352 3.0558467
OS 3.4435371 3.0559925
OS 3.444339 3.0562841
OS 3.4444119 3.056357
OS 3.4447035 3.0564299
OS 3.4451409 3.0566486
OS 3.4457241 3.0568673
OS 3.4463802 3.0571589
OS 3.4471092 3.0575234
OS 3.4486401 3.0584711
OS 3.448713 3.058544
OS 3.4488588 3.0586169
OS 3.4491504 3.0586898
OS 3.4495149 3.0587627
OS 3.4496607 3.0587627
OS 3.4500981 3.0586169
OS 3.4503897 3.0583982
OS 3.4506813 3.0581795
OS 3.4509729 3.057815
OS 3.4512645 3.0573776
OS 3.4513374 3.0572318
OS 3.4514832 3.0569402
OS 3.451629 3.0565028
OS 3.4517019 3.0560654
OS 3.4517019 3.0559925
OS 3.4517019 3.0559196
OS 3.4515561 3.0554822
OS 3.4512645 3.0549719
OS 3.4510458 3.0547532
OS 3.4506813 3.0544616
OS 3.4506084 3.0543887
OS 3.4502439 3.0542429
OS 3.4498065 3.0539513
OS 3.4491504 3.0535868
OS 3.4483485 3.0532223
OS 3.4474737 3.0528578
OS 3.446526 3.0524204
OS 3.4454325 3.0520559
OS 3.4452867 3.0520559
OS 3.4449222 3.0519101
OS 3.4444119 3.0517643
OS 3.4436829 3.0516185
OS 3.442881 3.0514727
OS 3.4420062 3.0513269
OS 3.4410585 3.051254
OS 3.4401108 3.0511811
OS 3.4396005 3.0511811
OS 3.4393089 3.051254
OS 3.4388715 3.051254
OS 3.4383612 3.0513269
OS 3.4372677 3.0515456
OS 3.4361013 3.0518372
OS 3.434862 3.0522746
OS 3.4336956 3.0529307
OS 3.432675 3.0538055
OS 3.4326021 3.0539513
OS 3.4323105 3.0543158
OS 3.431946 3.054899
OS 3.4315086 3.0557738
OS 3.4310712 3.0568673
OS 3.4307067 3.0582524
OS 3.4304151 3.0598562
OS 3.4303422 3.0616787
OS 3.4303422 3.0726866
OS 3.4241457 3.0726866
OS 3.4237083 3.0727595
OS 3.4232709 3.0729053
OS 3.4228335 3.0731969
OS 3.4227606 3.0732698
OS 3.4226148 3.0736343
OS 3.422469 3.0741446
OS 3.4223961 3.0748736
OS 3.4223961 3.0749465
OS 3.4223961 3.0750923
OS 3.422469 3.0755297
OS 3.4226148 3.07604
OS 3.4228335 3.0764774
OS 3.4229064 3.0765503
OS 3.423198 3.076769
OS 3.4236354 3.0769148
OS 3.4242915 3.0769877
OS 3.4303422 3.0769877
OS 3.4303422 3.0859544
OS 3.4303422 3.0860273
OS 3.4303422 3.0861002
OS 3.4304151 3.0865376
OS 3.4305609 3.0870479
OS 3.4308525 3.0874853
OS 3.4309254 3.0875582
OS 3.4312899 3.087704
OS 3.4318002 3.0878498
OS 3.4326021 3.0879227
OS 3.4328208 3.0879227
OS 3.4332582 3.0878498
OE
OB 3.1488024 3.0877769 I
OS 3.1493127 3.0876311
OS 3.149823 3.0873395
OS 3.1501875 3.086975
OS 3.1504791 3.0863918
OS 3.1506249 3.0855899
OS 3.1506249 3.065105
OS 3.1555821 3.065105
OS 3.1560195 3.0650321
OS 3.1564569 3.0648863
OS 3.1568943 3.0645947
OS 3.1569672 3.0645218
OS 3.157113 3.0642302
OS 3.1572588 3.0637199
OS 3.1573317 3.0629909
OS 3.1573317 3.062918
OS 3.1573317 3.0627722
OS 3.1572588 3.0623348
OS 3.1571859 3.0618245
OS 3.1568943 3.0613142
OS 3.1568214 3.0612413
OS 3.1565298 3.0610955
OS 3.1560924 3.0608768
OS 3.1554363 3.0608039
OS 3.1506249 3.0608039
OS 3.1506249 3.053441
OS 3.1506249 3.0533681
OS 3.1506249 3.0532952
OS 3.150552 3.0528578
OS 3.1504062 3.0524204
OS 3.1501146 3.051983
OS 3.1500417 3.0519101
OS 3.1496772 3.0517643
OS 3.1491669 3.0516185
OS 3.148365 3.0515456
OS 3.1481463 3.0515456
OS 3.1477089 3.0516185
OS 3.1471257 3.0517643
OS 3.1466154 3.051983
OS 3.1465425 3.0520559
OS 3.1463967 3.0523475
OS 3.146178 3.0527849
OS 3.1461051 3.053441
OS 3.1461051 3.0608039
OS 3.1317438 3.0608039
OS 3.1313064 3.0608768
OS 3.1307961 3.0610226
OS 3.1303587 3.0613142
OS 3.1302858 3.06146
OS 3.13014 3.0617516
OS 3.1299942 3.0623348
OS 3.1299213 3.0630638
OS 3.1299213 3.0631367
OS 3.1299213 3.0632096
OS 3.1299942 3.0635741
OS 3.1300671 3.0640844
OS 3.1302858 3.0645218
OS 3.14472 3.0861002
OS 3.14472 3.0861731
OS 3.1448658 3.086246
OS 3.1451574 3.0866105
OS 3.1455948 3.0871208
OS 3.1461051 3.0874853
OS 3.146178 3.0874853
OS 3.1462509 3.0875582
OS 3.1466154 3.087704
OS 3.1472715 3.0878498
OS 3.1480005 3.0879227
OS 3.1484379 3.0879227
OS 3.1488024 3.0877769
OE
OB 3.1892619 3.0871937 I
OS 3.1896993 3.0870479
OS 3.1901367 3.0867563
OS 3.1902096 3.0866834
OS 3.1903554 3.0863918
OS 3.1905012 3.0858086
OS 3.1905741 3.0850796
OS 3.1905741 3.0850067
OS 3.1905741 3.0848609
OS 3.1905012 3.0844235
OS 3.1904283 3.0839132
OS 3.1901367 3.0834029
OS 3.1900638 3.08333
OS 3.1897722 3.0831842
OS 3.1893348 3.0830384
OS 3.1886787 3.0829655
OS 3.1747548 3.0829655
OS 3.1743903 3.0736343
OS 3.1745361 3.0737072
OS 3.1749006 3.0739259
OS 3.1754838 3.0741446
OS 3.1762857 3.0745091
OS 3.1773063 3.0748007
OS 3.1783269 3.0750194
OS 3.1795662 3.0752381
OS 3.1808055 3.075311
OS 3.1813887 3.075311
OS 3.1820448 3.0752381
OS 3.1829196 3.0750923
OS 3.1838673 3.0749465
OS 3.1849608 3.0746549
OS 3.1859814 3.0742904
OS 3.187002 3.0737801
OS 3.1871478 3.0737072
OS 3.1874394 3.0734885
OS 3.1878768 3.073124
OS 3.18846 3.0726866
OS 3.1891161 3.0721034
OS 3.1897722 3.0713744
OS 3.1904283 3.0704996
OS 3.1909386 3.0695519
OS 3.1910115 3.0694061
OS 3.1911573 3.0691145
OS 3.191376 3.0685313
OS 3.1916676 3.0678023
OS 3.1918863 3.0668546
OS 3.192105 3.065834
OS 3.1922508 3.0645947
OS 3.1923237 3.0633554
OS 3.1923237 3.0632825
OS 3.1923237 3.0632096
OS 3.1923237 3.0627722
OS 3.1922508 3.0621161
OS 3.192105 3.0612413
OS 3.1919592 3.0602936
OS 3.1916676 3.059273
OS 3.1913031 3.0581795
OS 3.1907928 3.057086
OS 3.1907199 3.0569402
OS 3.1905012 3.0566486
OS 3.1901367 3.0561383
OS 3.1896993 3.0554822
OS 3.1890432 3.0548261
OS 3.1883142 3.0540971
OS 3.1874394 3.0533681
OS 3.1864188 3.052712
OS 3.186273 3.0526391
OS 3.1859085 3.0524933
OS 3.1853253 3.0522017
OS 3.1845234 3.051983
OS 3.1835757 3.0516914
OS 3.1824093 3.0513998
OS 3.18117 3.051254
OS 3.1797849 3.0511811
OS 3.1792746 3.0511811
OS 3.1787643 3.051254
OS 3.1780353 3.0513269
OS 3.1771605 3.0513998
OS 3.1761399 3.0516185
OS 3.1751193 3.0518372
OS 3.1740258 3.0521288
OS 3.17388 3.0522017
OS 3.1735155 3.0522746
OS 3.1730052 3.0524933
OS 3.1722762 3.0527849
OS 3.1714743 3.0531494
OS 3.1705995 3.0535868
OS 3.168777 3.0546803
OS 3.1686312 3.0548261
OS 3.1683396 3.0551906
OS 3.168048 3.0557009
OS 3.1679751 3.0559925
OS 3.1679022 3.0562841
OS 3.1679022 3.0564299
OS 3.1679751 3.0567215
OS 3.1681209 3.0571589
OS 3.1683396 3.0576692
OS 3.1684125 3.0577421
OS 3.1684854 3.0578879
OS 3.1688499 3.0583253
OS 3.1694331 3.0586898
OS 3.1697247 3.0588356
OS 3.1700892 3.0589085
OS 3.1701621 3.0589085
OS 3.1703808 3.0588356
OS 3.1706724 3.0587627
OS 3.1711098 3.058544
OS 3.1711827 3.0584711
OS 3.1714743 3.0583253
OS 3.1718388 3.0580337
OS 3.1723491 3.0577421
OS 3.1729323 3.0573776
OS 3.1736613 3.0570131
OS 3.1752651 3.056357
OS 3.175338 3.056357
OS 3.1757025 3.0562112
OS 3.1761399 3.0561383
OS 3.1767231 3.0559925
OS 3.1773792 3.0558467
OS 3.1781811 3.0557009
OS 3.178983 3.055628
OS 3.1797849 3.0555551
OS 3.1802223 3.0555551
OS 3.1806597 3.055628
OS 3.1812429 3.0557009
OS 3.181899 3.0557738
OS 3.182628 3.0559925
OS 3.183357 3.0562112
OS 3.1840131 3.0565028
OS 3.184086 3.0565757
OS 3.1843047 3.0567215
OS 3.1846692 3.0569402
OS 3.1850337 3.0572318
OS 3.1854711 3.0575963
OS 3.1859814 3.0581066
OS 3.1864188 3.0586898
OS 3.1867833 3.059273
OS 3.1868562 3.0593459
OS 3.1869291 3.0595646
OS 3.1870749 3.0599291
OS 3.1872936 3.0604394
OS 3.1874394 3.0610226
OS 3.1875852 3.0617516
OS 3.1876581 3.0624806
OS 3.187731 3.0633554
OS 3.187731 3.0634283
OS 3.187731 3.0637199
OS 3.1876581 3.0641573
OS 3.1876581 3.0646676
OS 3.1875123 3.0652508
OS 3.1873665 3.0659069
OS 3.1871478 3.066563
OS 3.1868562 3.0672191
OS 3.1867833 3.067292
OS 3.1867104 3.0675107
OS 3.1864917 3.0678023
OS 3.1862001 3.0682397
OS 3.1858356 3.0686771
OS 3.1853982 3.0691145
OS 3.1848879 3.0695519
OS 3.1843047 3.0699164
OS 3.1842318 3.0699893
OS 3.1840131 3.0700622
OS 3.1836486 3.070208
OS 3.1832112 3.0704267
OS 3.182628 3.0705725
OS 3.1819719 3.0707183
OS 3.1812429 3.0707912
OS 3.180441 3.0708641
OS 3.179712 3.0708641
OS 3.1792017 3.0707912
OS 3.1786185 3.0707183
OS 3.1780353 3.0706454
OS 3.1767231 3.0703538
OS 3.1766502 3.0703538
OS 3.1764315 3.0702809
OS 3.1761399 3.0701351
OS 3.1757754 3.0699893
OS 3.1747548 3.069479
OS 3.1736613 3.06875
OS 3.1735884 3.0686771
OS 3.1732968 3.0686042
OS 3.1727865 3.0685313
OS 3.1721304 3.0684584
OS 3.1719117 3.0684584
OS 3.1714743 3.0685313
OS 3.1708911 3.0686771
OS 3.1703808 3.0688958
OS 3.1703079 3.0689687
OS 3.1701621 3.0692603
OS 3.1699434 3.0696977
OS 3.1698705 3.0703538
OS 3.1705266 3.0852983
OS 3.1705266 3.0853712
OS 3.1705266 3.0854441
OS 3.1705995 3.0858815
OS 3.1707453 3.0863189
OS 3.1710369 3.0867563
OS 3.1711098 3.0868292
OS 3.1714743 3.0870479
OS 3.1719846 3.0871937
OS 3.1727136 3.0872666
OS 3.1888245 3.0872666
OS 3.1892619 3.0871937
OE
OB 3.4022757 3.0799766 I
OS 3.4027131 3.0799766
OS 3.4032234 3.0799037
OS 3.4044627 3.0797579
OS 3.4058478 3.0793934
OS 3.4072329 3.078956
OS 3.4085451 3.0783728
OS 3.4097115 3.077498
OS 3.4098573 3.0773522
OS 3.4101489 3.0770606
OS 3.4105863 3.0764774
OS 3.4111695 3.0756755
OS 3.4116798 3.074582
OS 3.4121172 3.0733427
OS 3.4124088 3.0718847
OS 3.4125546 3.0701351
OS 3.4125546 3.053441
OS 3.4125546 3.0533681
OS 3.4125546 3.0532952
OS 3.4124817 3.0528578
OS 3.4124088 3.0524204
OS 3.4121172 3.051983
OS 3.4120443 3.0519101
OS 3.4117527 3.0517643
OS 3.4112424 3.0516185
OS 3.4105134 3.0515456
OS 3.4102218 3.0515456
OS 3.4097844 3.0516185
OS 3.4092741 3.0517643
OS 3.4088367 3.051983
OS 3.4087638 3.0520559
OS 3.408618 3.0523475
OS 3.4084722 3.0527849
OS 3.4083993 3.053441
OS 3.4083993 3.0554822
OS 3.4082535 3.0554093
OS 3.4079619 3.0551177
OS 3.4074516 3.0547532
OS 3.4067955 3.0543158
OS 3.4059936 3.0538055
OS 3.4051188 3.0532952
OS 3.4040982 3.0527849
OS 3.4030776 3.0522746
OS 3.4029318 3.0522017
OS 3.4025673 3.0521288
OS 3.402057 3.0519101
OS 3.401328 3.0517643
OS 3.4004532 3.0515456
OS 3.3994326 3.0513269
OS 3.3983391 3.051254
OS 3.3971727 3.0511811
OS 3.3966624 3.0511811
OS 3.3960792 3.051254
OS 3.3954231 3.0513269
OS 3.3945483 3.0513998
OS 3.3936735 3.0516185
OS 3.3927258 3.0518372
OS 3.391851 3.0522017
OS 3.3917781 3.0522746
OS 3.3914865 3.0524204
OS 3.3910491 3.0526391
OS 3.3905388 3.0529307
OS 3.3899556 3.0533681
OS 3.3893724 3.0538784
OS 3.3887892 3.0545345
OS 3.3882789 3.0551906
OS 3.388206 3.0552635
OS 3.3880602 3.0555551
OS 3.3879144 3.0559925
OS 3.3876957 3.0565028
OS 3.3874041 3.0572318
OS 3.3872583 3.0579608
OS 3.3871125 3.0589085
OS 3.3870396 3.0598562
OS 3.3870396 3.0599291
OS 3.3870396 3.0600749
OS 3.3870396 3.0602936
OS 3.3871125 3.0606581
OS 3.3871854 3.06146
OS 3.387477 3.0624806
OS 3.3878415 3.063647
OS 3.3884247 3.0648134
OS 3.3892266 3.0659069
OS 3.3897369 3.0664172
OS 3.3903201 3.0668546
OS 3.390393 3.0668546
OS 3.3904659 3.0669275
OS 3.3906846 3.0670733
OS 3.3909033 3.0672191
OS 3.3916323 3.0675836
OS 3.3926529 3.068021
OS 3.3938922 3.0683855
OS 3.3954231 3.06875
OS 3.3970998 3.0690416
OS 3.3989952 3.0691145
OS 3.3997971 3.0691145
OS 3.4002345 3.0690416
OS 3.4007448 3.0690416
OS 3.4019112 3.0688958
OS 3.4032963 3.06875
OS 3.4048272 3.0684584
OS 3.406431 3.0680939
OS 3.4080348 3.0675836
OS 3.4080348 3.0701351
OS 3.4080348 3.0702809
OS 3.4080348 3.0705725
OS 3.4079619 3.0710828
OS 3.4078161 3.0717389
OS 3.4076703 3.072395
OS 3.4073787 3.073124
OS 3.4069413 3.0737801
OS 3.406431 3.0743633
OS 3.4063581 3.0744362
OS 3.4061394 3.074582
OS 3.405702 3.0748007
OS 3.4051917 3.0750923
OS 3.4044627 3.075311
OS 3.403515 3.0755297
OS 3.4024215 3.0756755
OS 3.4011822 3.0757484
OS 3.4003803 3.0757484
OS 3.3997971 3.0756755
OS 3.3990681 3.0756026
OS 3.3982662 3.0754568
OS 3.3965166 3.0750923
OS 3.3964437 3.0750923
OS 3.3960792 3.0749465
OS 3.3956418 3.0748007
OS 3.3950586 3.0746549
OS 3.3943296 3.0743633
OS 3.3936006 3.0740717
OS 3.3919239 3.0733427
OS 3.391851 3.0733427
OS 3.3916323 3.0732698
OS 3.3913407 3.0731969
OS 3.3910491 3.073124
OS 3.3909033 3.073124
OS 3.3904659 3.0732698
OS 3.3901743 3.0734885
OS 3.3898827 3.0737072
OS 3.389664 3.0740717
OS 3.3893724 3.0745091
OS 3.3892995 3.0746549
OS 3.3892266 3.0749465
OS 3.3891537 3.075311
OS 3.3890808 3.0757484
OS 3.3890808 3.0758213
OS 3.3890808 3.0758942
OS 3.3892266 3.0763316
OS 3.3893724 3.0766232
OS 3.3895182 3.0768419
OS 3.3898098 3.0771335
OS 3.3901743 3.0773522
OS 3.3903201 3.0774251
OS 3.3906117 3.0775709
OS 3.391122 3.0777896
OS 3.3917781 3.0780812
OS 3.39258 3.0784457
OS 3.3934548 3.0787373
OS 3.3944754 3.0790289
OS 3.395496 3.0793205
OS 3.3956418 3.0793205
OS 3.3960063 3.0794663
OS 3.3965895 3.0795392
OS 3.3973185 3.079685
OS 3.3981933 3.0798308
OS 3.3992139 3.0799037
OS 3.401328 3.0800495
OS 3.4018383 3.0800495
OS 3.4022757 3.0799766
OE
OB 3.215433 3.0878498 I
OS 3.2160162 3.0877769
OS 3.2166723 3.0876311
OS 3.2173284 3.0874124
OS 3.2180574 3.0871208
OS 3.2187864 3.0867563
OS 3.2188593 3.0866834
OS 3.219078 3.0865376
OS 3.2194425 3.0863189
OS 3.2198799 3.0859544
OS 3.2203902 3.085517
OS 3.2209005 3.0850067
OS 3.2214108 3.0844235
OS 3.2218482 3.0836945
OS 3.2219211 3.0836216
OS 3.2220669 3.08333
OS 3.2222127 3.0829655
OS 3.2224314 3.0824552
OS 3.2226501 3.081872
OS 3.2228688 3.081143
OS 3.2229417 3.0803411
OS 3.2230146 3.0795392
OS 3.2230146 3.0794663
OS 3.2230146 3.0791747
OS 3.2229417 3.0787373
OS 3.2228688 3.0781541
OS 3.222723 3.077498
OS 3.2225043 3.076769
OS 3.2222127 3.07604
OS 3.2218482 3.075311
OS 3.2217753 3.0752381
OS 3.2216295 3.0750194
OS 3.2214108 3.0746549
OS 3.2210463 3.0742175
OS 3.2206089 3.0737072
OS 3.2200986 3.0731969
OS 3.2195154 3.0726866
OS 3.2187864 3.0722492
OS 3.2187135 3.0721763
OS 3.2184219 3.0721034
OS 3.2180574 3.0718847
OS 3.2175471 3.0717389
OS 3.2169639 3.0715202
OS 3.2162349 3.0713015
OS 3.215433 3.0712286
OS 3.2146311 3.0711557
OS 3.2142666 3.0711557
OS 3.2138292 3.0712286
OS 3.213246 3.0713015
OS 3.2125899 3.0714473
OS 3.2118609 3.0715931
OS 3.2111319 3.0718847
OS 3.2104029 3.0722492
OS 3.21033 3.0723221
OS 3.2101113 3.0724679
OS 3.2097468 3.0726866
OS 3.2093094 3.0730511
OS 3.2087991 3.0734885
OS 3.2082888 3.0740717
OS 3.2077785 3.0746549
OS 3.2073411 3.075311
OS 3.2072682 3.0753839
OS 3.2071953 3.0756755
OS 3.2069766 3.07604
OS 3.2068308 3.0765503
OS 3.2066121 3.0772064
OS 3.2063934 3.0779354
OS 3.2063205 3.0787373
OS 3.2062476 3.0795392
OS 3.2062476 3.0796121
OS 3.2062476 3.0799037
OS 3.2063205 3.0803411
OS 3.2063934 3.0809243
OS 3.2065392 3.0815804
OS 3.206685 3.0822365
OS 3.2069766 3.0829655
OS 3.2073411 3.0836945
OS 3.207414 3.0837674
OS 3.2075598 3.0839861
OS 3.2077785 3.0843506
OS 3.208143 3.084788
OS 3.2085804 3.0852983
OS 3.2091636 3.0858086
OS 3.2097468 3.0863189
OS 3.2104029 3.0867563
OS 3.2104758 3.0868292
OS 3.2107674 3.086975
OS 3.2111319 3.0871208
OS 3.2116422 3.0873395
OS 3.2122983 3.0875582
OS 3.2130273 3.0877769
OS 3.2138292 3.0878498
OS 3.2146311 3.0879227
OS 3.2149956 3.0879227
OS 3.215433 3.0878498
OE
OB 3.3287196 3.0799766 I
OS 3.3297402 3.0798308
OS 3.3308337 3.0796121
OS 3.332073 3.0792476
OS 3.3333123 3.0788102
OS 3.3345516 3.0781541
OS 3.3346245 3.0781541
OS 3.3346974 3.0780812
OS 3.3350619 3.0777896
OS 3.335718 3.0774251
OS 3.336447 3.0768419
OS 3.3372489 3.0761129
OS 3.3381237 3.0752381
OS 3.3389985 3.0742175
OS 3.3397275 3.0730511
OS 3.3398004 3.0729053
OS 3.3400191 3.0724679
OS 3.3403107 3.0718118
OS 3.3406752 3.0708641
OS 3.3410397 3.0697706
OS 3.3413313 3.0685313
OS 3.34155 3.0671462
OS 3.3416229 3.0656153
OS 3.3416229 3.0655424
OS 3.3416229 3.0653966
OS 3.3416229 3.0651779
OS 3.3416229 3.0648863
OS 3.34155 3.0641573
OS 3.3414042 3.0631367
OS 3.3411855 3.0619703
OS 3.340821 3.060731
OS 3.3403836 3.0594188
OS 3.3397275 3.0581066
OS 3.3396546 3.0579608
OS 3.339363 3.0575963
OS 3.3389256 3.0569402
OS 3.3383424 3.0562112
OS 3.3376134 3.0554093
OS 3.3367386 3.0546074
OS 3.335718 3.0537326
OS 3.3345516 3.0530036
OS 3.3344058 3.0529307
OS 3.3339684 3.052712
OS 3.3333123 3.0524204
OS 3.3324375 3.0521288
OS 3.331344 3.0517643
OS 3.3301047 3.0514727
OS 3.3287196 3.051254
OS 3.3272616 3.0511811
OS 3.3266055 3.0511811
OS 3.3258036 3.051254
OS 3.324783 3.0513998
OS 3.3236895 3.0516185
OS 3.3224502 3.051983
OS 3.321138 3.0524204
OS 3.3198987 3.0530036
OS 3.3197529 3.0530765
OS 3.3193884 3.0533681
OS 3.3188052 3.0537326
OS 3.3180762 3.0543158
OS 3.3172743 3.0550448
OS 3.3163995 3.0559196
OS 3.3155976 3.0569402
OS 3.3147957 3.0581066
OS 3.3147957 3.0581795
OS 3.3147228 3.0582524
OS 3.3145041 3.0586898
OS 3.3142125 3.0594188
OS 3.313848 3.0602936
OS 3.3134835 3.0613871
OS 3.3131919 3.0626993
OS 3.3129732 3.0640844
OS 3.3129003 3.0656153
OS 3.3129003 3.0656882
OS 3.3129003 3.065834
OS 3.3129003 3.0660527
OS 3.3129003 3.0663443
OS 3.3129732 3.0670733
OS 3.313119 3.0680939
OS 3.3133377 3.0692603
OS 3.3137022 3.0704996
OS 3.3141396 3.0718118
OS 3.3147957 3.0730511
OS 3.3147957 3.073124
OS 3.3148686 3.0731969
OS 3.3151602 3.0735614
OS 3.3155976 3.0742175
OS 3.3161808 3.0749465
OS 3.3169098 3.0757484
OS 3.3177846 3.0766232
OS 3.3187323 3.0774251
OS 3.3198987 3.0781541
OS 3.3199716 3.0781541
OS 3.3200445 3.078227
OS 3.3204819 3.0784457
OS 3.321138 3.0787373
OS 3.3220857 3.0791018
OS 3.3231063 3.0794663
OS 3.3244185 3.0797579
OS 3.3258036 3.0799766
OS 3.3272616 3.0800495
OS 3.3279177 3.0800495
OS 3.3287196 3.0799766
OE
OB 3.3599208 3.0878498 I
OS 3.360504 3.0877769
OS 3.3610143 3.0874853
OS 3.3610872 3.0874124
OS 3.3613059 3.0871208
OS 3.3614517 3.0866834
OS 3.3615246 3.0859544
OS 3.3615246 3.0769877
OS 3.3739176 3.0769877
OS 3.374355 3.0769148
OS 3.3747924 3.076769
OS 3.3752298 3.0764774
OS 3.3753027 3.0764045
OS 3.3754485 3.0761129
OS 3.3755943 3.0756026
OS 3.3756672 3.0748736
OS 3.3756672 3.0748007
OS 3.3756672 3.0746549
OS 3.3755943 3.0742175
OS 3.3755214 3.0737072
OS 3.3752298 3.0731969
OS 3.3751569 3.073124
OS 3.3748653 3.0729782
OS 3.3744279 3.0727595
OS 3.3737718 3.0726866
OS 3.3615246 3.0726866
OS 3.3615246 3.0620432
OS 3.3615246 3.0618974
OS 3.3615246 3.0615329
OS 3.3615975 3.0608768
OS 3.3616704 3.0601478
OS 3.3618162 3.0593459
OS 3.3620349 3.058544
OS 3.3623265 3.0577421
OS 3.362691 3.057086
OS 3.3627639 3.0570131
OS 3.3629097 3.0568673
OS 3.3632013 3.0565757
OS 3.3636387 3.0562841
OS 3.3642219 3.0559925
OS 3.3649509 3.0557009
OS 3.3657528 3.0555551
OS 3.3667734 3.0554822
OS 3.3671379 3.0554822
OS 3.3675024 3.0555551
OS 3.3680856 3.0555551
OS 3.3686688 3.0557009
OS 3.3693978 3.0558467
OS 3.3701997 3.0559925
OS 3.3710016 3.0562841
OS 3.3710745 3.056357
OS 3.3713661 3.0564299
OS 3.3718035 3.0566486
OS 3.3723867 3.0568673
OS 3.3730428 3.0571589
OS 3.3737718 3.0575234
OS 3.3753027 3.0584711
OS 3.3753756 3.058544
OS 3.3755214 3.0586169
OS 3.375813 3.0586898
OS 3.3761775 3.0587627
OS 3.3763233 3.0587627
OS 3.3767607 3.0586169
OS 3.3770523 3.0583982
OS 3.3773439 3.0581795
OS 3.3776355 3.057815
OS 3.3779271 3.0573776
OS 3.378 3.0572318
OS 3.3781458 3.0569402
OS 3.3782916 3.0565028
OS 3.3783645 3.0560654
OS 3.3783645 3.0559925
OS 3.3783645 3.0559196
OS 3.3782187 3.0554822
OS 3.3779271 3.0549719
OS 3.3777084 3.0547532
OS 3.3773439 3.0544616
OS 3.377271 3.0543887
OS 3.3769065 3.0542429
OS 3.3764691 3.0539513
OS 3.375813 3.0535868
OS 3.3750111 3.0532223
OS 3.3741363 3.0528578
OS 3.3731886 3.0524204
OS 3.3720951 3.0520559
OS 3.3719493 3.0520559
OS 3.3715848 3.0519101
OS 3.3710745 3.0517643
OS 3.3703455 3.0516185
OS 3.3695436 3.0514727
OS 3.3686688 3.0513269
OS 3.3677211 3.051254
OS 3.3667734 3.0511811
OS 3.3662631 3.0511811
OS 3.3659715 3.051254
OS 3.3655341 3.051254
OS 3.3650238 3.0513269
OS 3.3639303 3.0515456
OS 3.3627639 3.0518372
OS 3.3615246 3.0522746
OS 3.3603582 3.0529307
OS 3.3593376 3.0538055
OS 3.3592647 3.0539513
OS 3.3589731 3.0543158
OS 3.3586086 3.054899
OS 3.3581712 3.0557738
OS 3.3577338 3.0568673
OS 3.3573693 3.0582524
OS 3.3570777 3.0598562
OS 3.3570048 3.0616787
OS 3.3570048 3.0726866
OS 3.3508083 3.0726866
OS 3.3503709 3.0727595
OS 3.3499335 3.0729053
OS 3.3494961 3.0731969
OS 3.3494232 3.0732698
OS 3.3492774 3.0736343
OS 3.3491316 3.0741446
OS 3.3490587 3.0748736
OS 3.3490587 3.0749465
OS 3.3490587 3.0750923
OS 3.3491316 3.0755297
OS 3.3492774 3.07604
OS 3.3494961 3.0764774
OS 3.349569 3.0765503
OS 3.3498606 3.076769
OS 3.350298 3.0769148
OS 3.3509541 3.0769877
OS 3.3570048 3.0769877
OS 3.3570048 3.0859544
OS 3.3570048 3.0860273
OS 3.3570048 3.0861002
OS 3.3570777 3.0865376
OS 3.3572235 3.0870479
OS 3.3575151 3.0874853
OS 3.357588 3.0875582
OS 3.3579525 3.087704
OS 3.3584628 3.0878498
OS 3.3592647 3.0879227
OS 3.3594834 3.0879227
OS 3.3599208 3.0878498
OE
OB 3.3005073 3.0799766 I
OS 3.3010905 3.0799037
OS 3.3017466 3.0797579
OS 3.3032046 3.0793934
OS 3.3032775 3.0793934
OS 3.3034233 3.0793205
OS 3.3039336 3.0790289
OS 3.3042252 3.0787373
OS 3.3044439 3.0784457
OS 3.3045897 3.0780083
OS 3.3046626 3.077498
OS 3.3046626 3.0774251
OS 3.3046626 3.0772064
OS 3.3045897 3.0769148
OS 3.3045168 3.0766232
OS 3.3045168 3.0765503
OS 3.3044439 3.0764774
OS 3.304371 3.07604
OS 3.3041523 3.0755297
OS 3.3038607 3.0750923
OS 3.3037878 3.0750194
OS 3.303642 3.0748736
OS 3.3033504 3.0746549
OS 3.3029859 3.074582
OS 3.3027672 3.074582
OS 3.3023298 3.0747278
OS 3.3022569 3.0747278
OS 3.3020382 3.0748007
OS 3.3017466 3.0749465
OS 3.3013092 3.0750194
OS 3.3007989 3.0751652
OS 3.3002157 3.0752381
OS 3.2990493 3.075311
OS 3.2984661 3.075311
OS 3.29781 3.0752381
OS 3.2969352 3.0750194
OS 3.2959146 3.0748007
OS 3.2948211 3.0744362
OS 3.2937276 3.0739259
OS 3.2925612 3.0731969
OS 3.2924154 3.073124
OS 3.2920509 3.0728324
OS 3.2915406 3.0723221
OS 3.2908116 3.071666
OS 3.2900826 3.0708641
OS 3.2892807 3.0699164
OS 3.2884788 3.06875
OS 3.2877498 3.0675107
OS 3.2877498 3.0674378
OS 3.2876769 3.0673649
OS 3.287604 3.0671462
OS 3.2874582 3.0669275
OS 3.2871666 3.0661985
OS 3.286875 3.0652508
OS 3.2865105 3.0640844
OS 3.2862189 3.0627722
OS 3.2860002 3.0613871
OS 3.2859273 3.0598562
OS 3.2859273 3.053441
OS 3.2859273 3.0533681
OS 3.2859273 3.0532952
OS 3.2858544 3.0528578
OS 3.2857086 3.0524204
OS 3.285417 3.051983
OS 3.2853441 3.0519101
OS 3.2849796 3.0517643
OS 3.2844693 3.0516185
OS 3.2836674 3.0515456
OS 3.2834487 3.0515456
OS 3.2830113 3.0516185
OS 3.2824281 3.0517643
OS 3.2819178 3.051983
OS 3.2818449 3.0520559
OS 3.2816991 3.0523475
OS 3.2814804 3.0527849
OS 3.2814075 3.053441
OS 3.2814075 3.0777896
OS 3.2814075 3.0778625
OS 3.2814075 3.0779354
OS 3.2814804 3.0783728
OS 3.2816262 3.0788102
OS 3.2818449 3.0792476
OS 3.2819178 3.0793205
OS 3.2822823 3.0794663
OS 3.2827926 3.0796121
OS 3.2835216 3.079685
OS 3.2837403 3.079685
OS 3.2841777 3.0796121
OS 3.284688 3.0795392
OS 3.2851254 3.0792476
OS 3.2851983 3.0791747
OS 3.285417 3.0788831
OS 3.2855628 3.0784457
OS 3.2856357 3.0777896
OS 3.2856357 3.0707912
OS 3.2857815 3.070937
OS 3.2859273 3.0711557
OS 3.2860731 3.0714473
OS 3.2866563 3.0722492
OS 3.2873853 3.0731969
OS 3.2882601 3.0742904
OS 3.2892807 3.0754568
OS 3.2904471 3.0765503
OS 3.2917593 3.0775709
OS 3.2918322 3.0775709
OS 3.2919051 3.0776438
OS 3.2921238 3.0777896
OS 3.2924154 3.0779354
OS 3.2930715 3.0783728
OS 3.2940192 3.0788102
OS 3.2951856 3.0792476
OS 3.2964249 3.079685
OS 3.29781 3.0799766
OS 3.299268 3.0800495
OS 3.299997 3.0800495
OS 3.3005073 3.0799766
OE
OB 3.474228 3.0757484 H
OS 3.4736448 3.0757484
OS 3.4729158 3.0756755
OS 3.472041 3.0755297
OS 3.4710933 3.075311
OS 3.4700727 3.0749465
OS 3.4690521 3.0745091
OS 3.4681044 3.073853
OS 3.4680315 3.0737801
OS 3.4677399 3.0734885
OS 3.4673025 3.0730511
OS 3.4667922 3.0724679
OS 3.4662819 3.0717389
OS 3.4657716 3.0708641
OS 3.4652613 3.0698435
OS 3.4648968 3.0686771
OS 3.4832676 3.0686771
OS 3.4832676 3.06875
OS 3.4832676 3.0688229
OS 3.4831218 3.0692603
OS 3.482976 3.0698435
OS 3.4826844 3.0706454
OS 3.4823199 3.0714473
OS 3.4818096 3.0723221
OS 3.4811535 3.0731969
OS 3.4803516 3.0739259
OS 3.4802787 3.0739988
OS 3.4799142 3.0742175
OS 3.4794039 3.0745091
OS 3.4787478 3.0748736
OS 3.477873 3.0751652
OS 3.4768524 3.0754568
OS 3.4756131 3.0756755
OS 3.474228 3.0757484
OE
OB 3.2146311 3.0838403 H
OS 3.2141937 3.0838403
OS 3.2139021 3.0837674
OS 3.213246 3.0836216
OS 3.2124441 3.0832571
OS 3.2123712 3.0832571
OS 3.2122983 3.0831842
OS 3.2119338 3.0828926
OS 3.2114235 3.0823823
OS 3.2109132 3.0817262
OS 3.2109132 3.0816533
OS 3.2108403 3.0815804
OS 3.2107674 3.0813617
OS 3.2106216 3.0810701
OS 3.2104029 3.0803411
OS 3.21033 3.0795392
OS 3.21033 3.0794663
OS 3.21033 3.0793205
OS 3.21033 3.0791018
OS 3.2104029 3.0788102
OS 3.2105487 3.0781541
OS 3.2109132 3.0773522
OS 3.2109132 3.0772793
OS 3.2109861 3.0772064
OS 3.2113506 3.0768419
OS 3.211788 3.0763316
OS 3.2124441 3.0758213
OS 3.212517 3.0758213
OS 3.2125899 3.0757484
OS 3.2128086 3.0756755
OS 3.2131002 3.0755297
OS 3.2138292 3.075311
OS 3.2146311 3.0752381
OS 3.2150685 3.0752381
OS 3.2153601 3.075311
OS 3.2160162 3.0754568
OS 3.2167452 3.0758213
OS 3.2168181 3.0758213
OS 3.216891 3.0758942
OS 3.2173284 3.0762587
OS 3.2178387 3.0766961
OS 3.218349 3.0773522
OS 3.218349 3.0774251
OS 3.2184219 3.077498
OS 3.2185677 3.0777167
OS 3.2186406 3.0780083
OS 3.2188593 3.0787373
OS 3.2189322 3.0795392
OS 3.2189322 3.0796121
OS 3.2189322 3.0797579
OS 3.2189322 3.0799766
OS 3.2188593 3.0802682
OS 3.2187135 3.0809243
OS 3.218349 3.0817262
OS 3.218349 3.0817991
OS 3.2182761 3.081872
OS 3.2179116 3.0823094
OS 3.2174013 3.0828197
OS 3.2167452 3.0832571
OS 3.2166723 3.0832571
OS 3.2165994 3.08333
OS 3.216162 3.0835487
OS 3.215433 3.0837674
OS 3.2146311 3.0838403
OE
OB 3.1463967 3.0814346 H
OS 3.1358262 3.065105
OS 3.1461051 3.065105
OS 3.1463967 3.0814346
OE
OB 3.3989952 3.0648863 H
OS 3.398412 3.0648863
OS 3.3978288 3.0648134
OS 3.3970269 3.0647405
OS 3.3961521 3.0645947
OS 3.3952773 3.064376
OS 3.3944025 3.0640844
OS 3.3936006 3.0637199
OS 3.3935277 3.063647
OS 3.393309 3.0635012
OS 3.3929445 3.0632096
OS 3.3926529 3.0628451
OS 3.3922884 3.0622619
OS 3.3919239 3.0616058
OS 3.3917052 3.0608768
OS 3.3916323 3.0599291
OS 3.3916323 3.0598562
OS 3.3916323 3.0595646
OS 3.3917052 3.0592001
OS 3.391851 3.0586898
OS 3.3919968 3.0581066
OS 3.3922155 3.0575963
OS 3.39258 3.0570131
OS 3.3930903 3.0565028
OS 3.3931632 3.0564299
OS 3.3933819 3.056357
OS 3.3937464 3.0561383
OS 3.3941838 3.0559196
OS 3.394767 3.0557009
OS 3.395496 3.0555551
OS 3.3963708 3.0554093
OS 3.3973185 3.0553364
OS 3.3979017 3.0553364
OS 3.3983391 3.0554093
OS 3.3988494 3.0554822
OS 3.3994326 3.055628
OS 3.4001616 3.0557738
OS 3.4008906 3.0559925
OS 3.4025673 3.0565757
OS 3.4034421 3.0569402
OS 3.4043898 3.0574505
OS 3.4052646 3.0580337
OS 3.4062123 3.0586898
OS 3.40716 3.0594188
OS 3.4080348 3.0602936
OS 3.4080348 3.0635741
OS 3.4079619 3.0635741
OS 3.4076703 3.0637199
OS 3.4073058 3.0637928
OS 3.4067955 3.0639386
OS 3.4061394 3.0640844
OS 3.4054104 3.0642302
OS 3.4037337 3.0645218
OS 3.4036608 3.0645218
OS 3.4033692 3.0645947
OS 3.4028589 3.0646676
OS 3.4022757 3.0647405
OS 3.4015467 3.0647405
OS 3.4007448 3.0648134
OS 3.3989952 3.0648863
OE
OB 3.3272616 3.0756026 H
OS 3.3267513 3.0756026
OS 3.326241 3.0755297
OS 3.325512 3.0754568
OS 3.3247101 3.075311
OS 3.3239082 3.0750923
OS 3.3230334 3.0748007
OS 3.3221586 3.0743633
OS 3.3220857 3.0742904
OS 3.3217941 3.0741446
OS 3.3214296 3.073853
OS 3.3209193 3.0734885
OS 3.3203361 3.0729782
OS 3.3198258 3.0723221
OS 3.3192426 3.0715931
OS 3.3187323 3.0707912
OS 3.3186594 3.0707183
OS 3.3185136 3.0704267
OS 3.3183678 3.0699164
OS 3.3181491 3.0693332
OS 3.3178575 3.0685313
OS 3.3177117 3.0676565
OS 3.3175659 3.0667088
OS 3.317493 3.0656153
OS 3.317493 3.0654695
OS 3.317493 3.065105
OS 3.3175659 3.0645947
OS 3.3176388 3.0638657
OS 3.3177846 3.0630638
OS 3.3180033 3.062189
OS 3.3182949 3.0612413
OS 3.3187323 3.0603665
OS 3.3188052 3.0602936
OS 3.318951 3.060002
OS 3.3192426 3.0595646
OS 3.3196071 3.0590543
OS 3.3201174 3.0584711
OS 3.3207006 3.0578879
OS 3.3213567 3.0573047
OS 3.3221586 3.0567944
OS 3.3222315 3.0567215
OS 3.3225231 3.0565757
OS 3.3230334 3.0564299
OS 3.3236166 3.0562112
OS 3.3243456 3.0559196
OS 3.3252204 3.0557738
OS 3.326241 3.055628
OS 3.3272616 3.0555551
OS 3.3277719 3.0555551
OS 3.3282822 3.055628
OS 3.3290112 3.0557009
OS 3.3298131 3.0558467
OS 3.330615 3.0560654
OS 3.3314898 3.056357
OS 3.3323646 3.0567944
OS 3.3324375 3.0568673
OS 3.3327291 3.0570131
OS 3.3330936 3.0573047
OS 3.3336039 3.0577421
OS 3.3341871 3.0582524
OS 3.3347703 3.0588356
OS 3.3352806 3.0595646
OS 3.3357909 3.0603665
OS 3.3358638 3.0604394
OS 3.3360096 3.0608039
OS 3.3361554 3.0612413
OS 3.336447 3.0618974
OS 3.3366657 3.0626993
OS 3.3368115 3.0635741
OS 3.3369573 3.0645218
OS 3.3370302 3.0656153
OS 3.3370302 3.0657611
OS 3.3370302 3.0661256
OS 3.3369573 3.0666359
OS 3.3368844 3.0673649
OS 3.3367386 3.0681668
OS 3.3365199 3.0690416
OS 3.3362283 3.0699164
OS 3.3357909 3.0707912
OS 3.335718 3.0708641
OS 3.3355722 3.0711557
OS 3.3352806 3.0715931
OS 3.3349161 3.0721034
OS 3.3344058 3.0726866
OS 3.3338226 3.0732698
OS 3.3331665 3.073853
OS 3.3323646 3.0743633
OS 3.3322917 3.0744362
OS 3.3320001 3.074582
OS 3.3314898 3.0747278
OS 3.3309066 3.0750194
OS 3.3301776 3.0752381
OS 3.3293028 3.0753839
OS 3.3283551 3.0755297
OS 3.3272616 3.0756026
OE
SE
S P 0
OB 3.4143771 3.1462573 I
OS 3.41445 3.1462573
OS 3.4145229 3.1461844
OS 3.4149603 3.1458928
OS 3.4156893 3.1453825
OS 3.4165641 3.1447264
OS 3.4175847 3.1438516
OS 3.4187511 3.1429039
OS 3.4199175 3.1417375
OS 3.4211568 3.1404253
OS 3.4212297 3.1403524
OS 3.4213026 3.1402795
OS 3.4214484 3.1400608
OS 3.42174 3.1397692
OS 3.4223232 3.1390402
OS 3.4230522 3.1379467
OS 3.423927 3.1367074
OS 3.4248018 3.1351765
OS 3.4256766 3.1334998
OS 3.4264785 3.1316773
OS 3.4264785 3.1316044
OS 3.4265514 3.1314586
OS 3.4266972 3.131167
OS 3.4267701 3.1308025
OS 3.4269888 3.1302922
OS 3.4271346 3.1297819
OS 3.4272804 3.1291258
OS 3.4274991 3.1283968
OS 3.4278636 3.1267201
OS 3.4282281 3.1248247
OS 3.4284468 3.1227835
OS 3.4285197 3.1205965
OS 3.4285197 3.1205236
OS 3.4285197 3.1203049
OS 3.4285197 3.1200133
OS 3.4285197 3.1195759
OS 3.4284468 3.1190656
OS 3.4284468 3.1184095
OS 3.4283739 3.1177534
OS 3.428301 3.1169515
OS 3.4280094 3.1152748
OS 3.4276449 3.1134523
OS 3.4271346 3.111484
OS 3.4264785 3.1095886
OS 3.4264785 3.1095157
OS 3.4264056 3.1093699
OS 3.4262598 3.1090783
OS 3.426114 3.1087867
OS 3.4258953 3.1083493
OS 3.4256766 3.107839
OS 3.4250934 3.1066726
OS 3.4242915 3.1052875
OS 3.4234167 3.1039024
OS 3.4223961 3.1023715
OS 3.4212297 3.1009864
OS 3.4212297 3.1009135
OS 3.4210839 3.1008406
OS 3.4206465 3.1004032
OS 3.4199904 3.0997471
OS 3.4191885 3.0988723
OS 3.4181679 3.0979975
OS 3.4170015 3.0969769
OS 3.4156893 3.0960292
OS 3.4143771 3.0951544
OS 3.4143042 3.0951544
OS 3.4141584 3.0950815
OS 3.413721 3.0950086
OS 3.4136481 3.0950086
OS 3.4134294 3.0950815
OS 3.4131378 3.0951544
OS 3.4128462 3.0953731
OS 3.4127733 3.095446
OS 3.4125546 3.0955918
OS 3.4123359 3.0958105
OS 3.4120443 3.096175
OS 3.4120443 3.0962479
OS 3.4119714 3.0963208
OS 3.4118256 3.0966853
OS 3.4116069 3.0971956
OS 3.411534 3.0977788
OS 3.411534 3.0978517
OS 3.4116069 3.0981433
OS 3.4117527 3.0984349
OS 3.4119714 3.0986536
OS 3.4120443 3.0987265
OS 3.4121901 3.0987994
OS 3.4124817 3.0990181
OS 3.4128462 3.0993097
OS 3.4132836 3.0996013
OS 3.4137939 3.1000387
OS 3.4149603 3.1010593
OS 3.4163454 3.1022986
OS 3.4178034 3.1038295
OS 3.4191885 3.1055791
OS 3.4205736 3.1075474
OS 3.4206465 3.1076203
OS 3.4207194 3.1077661
OS 3.4208652 3.1081306
OS 3.4211568 3.1084951
OS 3.4213755 3.1090783
OS 3.4216671 3.1096615
OS 3.4220316 3.1103905
OS 3.4223232 3.1112653
OS 3.4226877 3.1121401
OS 3.4229793 3.1131607
OS 3.4232709 3.1141813
OS 3.4235625 3.1153477
OS 3.423927 3.1178263
OS 3.4239999 3.1192114
OS 3.4240728 3.1205965
OS 3.4240728 3.1206694
OS 3.4240728 3.120961
OS 3.4240728 3.1213255
OS 3.4239999 3.1219087
OS 3.4239999 3.1225648
OS 3.423927 3.1232938
OS 3.4237812 3.1241686
OS 3.4236354 3.1251163
OS 3.423198 3.1271575
OS 3.4226148 3.1294174
OS 3.42174 3.1316044
OS 3.4211568 3.1326979
OS 3.4205736 3.1337914
OS 3.4205007 3.1338643
OS 3.4204278 3.1340101
OS 3.4202091 3.1343017
OS 3.4199175 3.1347391
OS 3.4196259 3.1351765
OS 3.4191885 3.1357597
OS 3.4181679 3.136999
OS 3.4169286 3.1383841
OS 3.4154706 3.139915
OS 3.4137939 3.141373
OS 3.4119714 3.1427581
OS 3.4118985 3.142831
OS 3.4117527 3.1429768
OS 3.4116069 3.1432684
OS 3.411534 3.1436329
OS 3.411534 3.1437787
OS 3.4116069 3.1441432
OS 3.4117527 3.1446535
OS 3.4120443 3.1452367
OS 3.4121172 3.1453096
OS 3.412263 3.1455283
OS 3.4125546 3.1458199
OS 3.4128462 3.1460386
OS 3.4129191 3.1461115
OS 3.4131378 3.1462573
OS 3.4134294 3.1463302
OS 3.413721 3.1464031
OS 3.4139397 3.1464031
OS 3.4143771 3.1462573
OE
OB 3.2736072 3.1140355 I
OS 3.2745549 3.1139626
OS 3.2750652 3.1138168
OS 3.2754297 3.113671
OS 3.2755026 3.113671
OS 3.2755755 3.1135981
OS 3.27594 3.1133794
OS 3.2762316 3.112942
OS 3.2763045 3.1126504
OS 3.2763774 3.1122859
OS 3.2763774 3.1067455
OS 3.2763774 3.1066726
OS 3.2763774 3.1065997
OS 3.2762316 3.1061623
OS 3.2760129 3.1057249
OS 3.2757213 3.1055062
OS 3.2754297 3.1052875
OS 3.2753568 3.1052875
OS 3.2752839 3.1052146
OS 3.2750652 3.1051417
OS 3.2747007 3.1051417
OS 3.2743362 3.1050688
OS 3.273753 3.1049959
OS 3.2730969 3.104923
OS 3.2716389 3.104923
OS 3.2712015 3.1049959
OS 3.2701809 3.1050688
OS 3.2697435 3.1051417
OS 3.2693061 3.1052875
OS 3.2692332 3.1052875
OS 3.2691603 3.1053604
OS 3.2688687 3.105652
OS 3.2685042 3.1060894
OS 3.2684313 3.106381
OS 3.2683584 3.1067455
OS 3.2683584 3.1122859
OS 3.2683584 3.1123588
OS 3.2683584 3.1124317
OS 3.2685042 3.1128691
OS 3.2687958 3.1133065
OS 3.2690145 3.1135252
OS 3.2693061 3.113671
OS 3.269379 3.113671
OS 3.2695248 3.1137439
OS 3.2697435 3.1138168
OS 3.2700351 3.1138897
OS 3.2704725 3.1139626
OS 3.2709828 3.1140355
OS 3.2716389 3.1141084
OS 3.2730969 3.1141084
OS 3.2736072 3.1140355
OE
OB 3.2370843 3.1411543 I
OS 3.2379591 3.1410085
OS 3.2389797 3.1407169
OS 3.2400732 3.1403524
OS 3.2412396 3.1397692
OS 3.2423331 3.1389673
OS 3.2424789 3.1388944
OS 3.2428434 3.1385299
OS 3.2433537 3.1380196
OS 3.2440098 3.1372906
OS 3.2447388 3.1364158
OS 3.2454678 3.1353223
OS 3.2461239 3.1340101
OS 3.24678 3.1325521
OS 3.24678 3.1324792
OS 3.2468529 3.1323334
OS 3.2469258 3.1321147
OS 3.2469987 3.1318231
OS 3.2471445 3.1313857
OS 3.2472903 3.1309483
OS 3.2474361 3.1303651
OS 3.2475819 3.1297819
OS 3.2478735 3.1283968
OS 3.2481651 3.1267201
OS 3.2483109 3.1248976
OS 3.2483838 3.1228564
OS 3.2483838 3.1227835
OS 3.2483838 3.1226377
OS 3.2483838 3.1223461
OS 3.2483838 3.1219087
OS 3.2483109 3.1214713
OS 3.2483109 3.1208881
OS 3.2481651 3.1195759
OS 3.2480193 3.1181179
OS 3.2477277 3.1165141
OS 3.2472903 3.1148374
OS 3.24678 3.1132336
OS 3.24678 3.1131607
OS 3.2467071 3.1130878
OS 3.2466342 3.1128691
OS 3.2464884 3.1125775
OS 3.2461239 3.1117756
OS 3.2456865 3.1109008
OS 3.2450304 3.1098073
OS 3.2442285 3.1087867
OS 3.2433537 3.1077661
OS 3.2423331 3.1068184
OS 3.2421873 3.1067455
OS 3.2418228 3.1064539
OS 3.2412396 3.1060894
OS 3.2404377 3.1057249
OS 3.23949 3.1052875
OS 3.2383236 3.104923
OS 3.2370843 3.1046314
OS 3.2356992 3.1045585
OS 3.2353347 3.1045585
OS 3.2350431 3.1046314
OS 3.2343141 3.1047043
OS 3.2334393 3.1048501
OS 3.2324187 3.1051417
OS 3.2312523 3.1055062
OS 3.2300859 3.1060894
OS 3.2289924 3.1068184
OS 3.2288466 3.1068913
OS 3.228555 3.1072558
OS 3.2280447 3.1077661
OS 3.2273886 3.1084951
OS 3.2266596 3.1093699
OS 3.2259306 3.1104634
OS 3.2252016 3.1117756
OS 3.2245455 3.1132336
OS 3.2245455 3.1133065
OS 3.2244726 3.1134523
OS 3.2243997 3.113671
OS 3.2243268 3.1139626
OS 3.224181 3.1144
OS 3.2240352 3.1148374
OS 3.2238165 3.1160038
OS 3.2235249 3.1173889
OS 3.2232333 3.1190656
OS 3.2230875 3.1208881
OS 3.2230146 3.1228564
OS 3.2230146 3.1229293
OS 3.2230146 3.1230751
OS 3.2230146 3.1233667
OS 3.2230146 3.1238041
OS 3.2230875 3.1242415
OS 3.2230875 3.1248247
OS 3.2232333 3.1261369
OS 3.2233791 3.1276678
OS 3.2236707 3.1292716
OS 3.2240352 3.1309483
OS 3.2245455 3.1325521
OS 3.2245455 3.132625
OS 3.2246184 3.1327708
OS 3.2246913 3.1329166
OS 3.2248371 3.1332082
OS 3.2252016 3.1340101
OS 3.2257119 3.1348849
OS 3.226368 3.1359784
OS 3.227097 3.136999
OS 3.2279718 3.1380196
OS 3.2289924 3.1389673
OS 3.2291382 3.1390402
OS 3.2295027 3.1393318
OS 3.2300859 3.1396963
OS 3.2309607 3.1401337
OS 3.2319084 3.1405711
OS 3.2330748 3.1409356
OS 3.2343141 3.1412272
OS 3.2356992 3.1413001
OS 3.2363553 3.1413001
OS 3.2370843 3.1411543
OE
OB 3.3177117 3.1405711 I
OS 3.3181491 3.1404253
OS 3.3185865 3.1401337
OS 3.3186594 3.1400608
OS 3.3188052 3.1397692
OS 3.318951 3.139186
OS 3.3190239 3.138457
OS 3.3190239 3.1383841
OS 3.3190239 3.1382383
OS 3.318951 3.1378009
OS 3.3188781 3.1372906
OS 3.3185865 3.1367803
OS 3.3185136 3.1367074
OS 3.318222 3.1365616
OS 3.3177846 3.1364158
OS 3.3171285 3.1363429
OS 3.3032046 3.1363429
OS 3.3028401 3.1270117
OS 3.3029859 3.1270846
OS 3.3033504 3.1273033
OS 3.3039336 3.127522
OS 3.3047355 3.1278865
OS 3.3057561 3.1281781
OS 3.3067767 3.1283968
OS 3.308016 3.1286155
OS 3.3092553 3.1286884
OS 3.3098385 3.1286884
OS 3.3104946 3.1286155
OS 3.3113694 3.1284697
OS 3.3123171 3.1283239
OS 3.3134106 3.1280323
OS 3.3144312 3.1276678
OS 3.3154518 3.1271575
OS 3.3155976 3.1270846
OS 3.3158892 3.1268659
OS 3.3163266 3.1265014
OS 3.3169098 3.126064
OS 3.3175659 3.1254808
OS 3.318222 3.1247518
OS 3.3188781 3.123877
OS 3.3193884 3.1229293
OS 3.3194613 3.1227835
OS 3.3196071 3.1224919
OS 3.3198258 3.1219087
OS 3.3201174 3.1211797
OS 3.3203361 3.120232
OS 3.3205548 3.1192114
OS 3.3207006 3.1179721
OS 3.3207735 3.1167328
OS 3.3207735 3.1166599
OS 3.3207735 3.116587
OS 3.3207735 3.1161496
OS 3.3207006 3.1154935
OS 3.3205548 3.1146187
OS 3.320409 3.113671
OS 3.3201174 3.1126504
OS 3.3197529 3.1115569
OS 3.3192426 3.1104634
OS 3.3191697 3.1103176
OS 3.318951 3.110026
OS 3.3185865 3.1095157
OS 3.3181491 3.1088596
OS 3.317493 3.1082035
OS 3.316764 3.1074745
OS 3.3158892 3.1067455
OS 3.3148686 3.1060894
OS 3.3147228 3.1060165
OS 3.3143583 3.1058707
OS 3.3137751 3.1055791
OS 3.3129732 3.1053604
OS 3.3120255 3.1050688
OS 3.3108591 3.1047772
OS 3.3096198 3.1046314
OS 3.3082347 3.1045585
OS 3.3077244 3.1045585
OS 3.3072141 3.1046314
OS 3.3064851 3.1047043
OS 3.3056103 3.1047772
OS 3.3045897 3.1049959
OS 3.3035691 3.1052146
OS 3.3024756 3.1055062
OS 3.3023298 3.1055791
OS 3.3019653 3.105652
OS 3.301455 3.1058707
OS 3.300726 3.1061623
OS 3.2999241 3.1065268
OS 3.2990493 3.1069642
OS 3.2972268 3.1080577
OS 3.297081 3.1082035
OS 3.2967894 3.108568
OS 3.2964978 3.1090783
OS 3.2964249 3.1093699
OS 3.296352 3.1096615
OS 3.296352 3.1098073
OS 3.2964249 3.1100989
OS 3.2965707 3.1105363
OS 3.2967894 3.1110466
OS 3.2968623 3.1111195
OS 3.2969352 3.1112653
OS 3.2972997 3.1117027
OS 3.2978829 3.1120672
OS 3.2981745 3.112213
OS 3.298539 3.1122859
OS 3.2986119 3.1122859
OS 3.2988306 3.112213
OS 3.2991222 3.1121401
OS 3.2995596 3.1119214
OS 3.2996325 3.1118485
OS 3.2999241 3.1117027
OS 3.3002886 3.1114111
OS 3.3007989 3.1111195
OS 3.3013821 3.110755
OS 3.3021111 3.1103905
OS 3.3037149 3.1097344
OS 3.3037878 3.1097344
OS 3.3041523 3.1095886
OS 3.3045897 3.1095157
OS 3.3051729 3.1093699
OS 3.305829 3.1092241
OS 3.3066309 3.1090783
OS 3.3074328 3.1090054
OS 3.3082347 3.1089325
OS 3.3086721 3.1089325
OS 3.3091095 3.1090054
OS 3.3096927 3.1090783
OS 3.3103488 3.1091512
OS 3.3110778 3.1093699
OS 3.3118068 3.1095886
OS 3.3124629 3.1098802
OS 3.3125358 3.1099531
OS 3.3127545 3.1100989
OS 3.313119 3.1103176
OS 3.3134835 3.1106092
OS 3.3139209 3.1109737
OS 3.3144312 3.111484
OS 3.3148686 3.1120672
OS 3.3152331 3.1126504
OS 3.315306 3.1127233
OS 3.3153789 3.112942
OS 3.3155247 3.1133065
OS 3.3157434 3.1138168
OS 3.3158892 3.1144
OS 3.316035 3.115129
OS 3.3161079 3.115858
OS 3.3161808 3.1167328
OS 3.3161808 3.1168057
OS 3.3161808 3.1170973
OS 3.3161079 3.1175347
OS 3.3161079 3.118045
OS 3.3159621 3.1186282
OS 3.3158163 3.1192843
OS 3.3155976 3.1199404
OS 3.315306 3.1205965
OS 3.3152331 3.1206694
OS 3.3151602 3.1208881
OS 3.3149415 3.1211797
OS 3.3146499 3.1216171
OS 3.3142854 3.1220545
OS 3.313848 3.1224919
OS 3.3133377 3.1229293
OS 3.3127545 3.1232938
OS 3.3126816 3.1233667
OS 3.3124629 3.1234396
OS 3.3120984 3.1235854
OS 3.311661 3.1238041
OS 3.3110778 3.1239499
OS 3.3104217 3.1240957
OS 3.3096927 3.1241686
OS 3.3088908 3.1242415
OS 3.3081618 3.1242415
OS 3.3076515 3.1241686
OS 3.3070683 3.1240957
OS 3.3064851 3.1240228
OS 3.3051729 3.1237312
OS 3.3051 3.1237312
OS 3.3048813 3.1236583
OS 3.3045897 3.1235125
OS 3.3042252 3.1233667
OS 3.3032046 3.1228564
OS 3.3021111 3.1221274
OS 3.3020382 3.1220545
OS 3.3017466 3.1219816
OS 3.3012363 3.1219087
OS 3.3005802 3.1218358
OS 3.3003615 3.1218358
OS 3.2999241 3.1219087
OS 3.2993409 3.1220545
OS 3.2988306 3.1222732
OS 3.2987577 3.1223461
OS 3.2986119 3.1226377
OS 3.2983932 3.1230751
OS 3.2983203 3.1237312
OS 3.2989764 3.1386757
OS 3.2989764 3.1387486
OS 3.2989764 3.1388215
OS 3.2990493 3.1392589
OS 3.2991951 3.1396963
OS 3.2994867 3.1401337
OS 3.2995596 3.1402066
OS 3.2999241 3.1404253
OS 3.3004344 3.1405711
OS 3.3011634 3.140644
OS 3.3172743 3.140644
OS 3.3177117 3.1405711
OE
OB 3.3916323 3.133354 I
OS 3.3919968 3.133354
OS 3.3930174 3.1330624
OS 3.3936006 3.1328437
OS 3.3941109 3.1325521
OS 3.3941838 3.1324792
OS 3.3943296 3.1324063
OS 3.3946212 3.1321876
OS 3.3949128 3.131896
OS 3.3952773 3.1315315
OS 3.3956418 3.1310212
OS 3.3960063 3.1305109
OS 3.3962979 3.1298548
OS 3.3963708 3.1297819
OS 3.3964437 3.1295632
OS 3.3965895 3.1291258
OS 3.3967353 3.1286155
OS 3.3968811 3.1279594
OS 3.3970269 3.1272304
OS 3.3971727 3.1263556
OS 3.3971727 3.1254079
OS 3.3971727 3.1068184
OS 3.3971727 3.1067455
OS 3.3971727 3.1066726
OS 3.3970998 3.1062352
OS 3.396954 3.1057978
OS 3.3966624 3.1053604
OS 3.3965895 3.1052875
OS 3.3962979 3.1051417
OS 3.3957147 3.1049959
OS 3.3949857 3.104923
OS 3.3946941 3.104923
OS 3.3942567 3.1049959
OS 3.3936735 3.1051417
OS 3.3931632 3.1053604
OS 3.3930903 3.1054333
OS 3.3929445 3.1057249
OS 3.3927258 3.1061623
OS 3.3926529 3.1068184
OS 3.3926529 3.1248976
OS 3.3926529 3.1249705
OS 3.3926529 3.1252621
OS 3.3926529 3.1256266
OS 3.39258 3.126064
OS 3.3923613 3.1270846
OS 3.3922155 3.127522
OS 3.3919968 3.1279594
OS 3.3919968 3.1280323
OS 3.391851 3.1281052
OS 3.3914865 3.1284697
OS 3.3911949 3.1286884
OS 3.3908304 3.1288342
OS 3.3903201 3.1289071
OS 3.3898098 3.12898
OS 3.3895911 3.12898
OS 3.3892995 3.1289071
OS 3.388935 3.1288342
OS 3.3885705 3.1286884
OS 3.3881331 3.1283968
OS 3.3876228 3.1281052
OS 3.3871854 3.1276678
OS 3.3871125 3.1275949
OS 3.3869667 3.1274491
OS 3.386748 3.1271575
OS 3.3865293 3.126793
OS 3.3862377 3.1262827
OS 3.3858732 3.1256266
OS 3.3855816 3.1248976
OS 3.38529 3.1240957
OS 3.38529 3.1240228
OS 3.3852171 3.1236583
OS 3.3850713 3.1232209
OS 3.3849984 3.1225648
OS 3.3848526 3.1217629
OS 3.3847068 3.1208881
OS 3.3846339 3.1199404
OS 3.3846339 3.1188469
OS 3.3846339 3.1068184
OS 3.3846339 3.1067455
OS 3.3846339 3.1066726
OS 3.384561 3.1062352
OS 3.3844152 3.1057978
OS 3.3841236 3.1053604
OS 3.3840507 3.1052875
OS 3.3837591 3.1051417
OS 3.3832488 3.1049959
OS 3.3828843 3.104923
OS 3.3821553 3.104923
OS 3.3817179 3.1049959
OS 3.3811347 3.1051417
OS 3.3806244 3.1053604
OS 3.3805515 3.1054333
OS 3.3804057 3.1057249
OS 3.3802599 3.1061623
OS 3.380187 3.1068184
OS 3.380187 3.1248976
OS 3.380187 3.1249705
OS 3.380187 3.1252621
OS 3.380187 3.1256266
OS 3.3801141 3.126064
OS 3.3798954 3.1270846
OS 3.3796767 3.127522
OS 3.379458 3.1279594
OS 3.379458 3.1280323
OS 3.3793122 3.1281052
OS 3.3789477 3.1284697
OS 3.3782916 3.1288342
OS 3.3778542 3.1289071
OS 3.3773439 3.12898
OS 3.3771252 3.12898
OS 3.3768336 3.1289071
OS 3.3764691 3.1288342
OS 3.3761046 3.1286884
OS 3.3756672 3.1283968
OS 3.3751569 3.1281052
OS 3.3747195 3.1276678
OS 3.3746466 3.1275949
OS 3.3745008 3.1274491
OS 3.3742821 3.1271575
OS 3.3740634 3.126793
OS 3.3737718 3.1262827
OS 3.3734073 3.1256266
OS 3.3731157 3.1248976
OS 3.3728241 3.1240957
OS 3.3728241 3.1240228
OS 3.3727512 3.1236583
OS 3.3726054 3.1232209
OS 3.3725325 3.1225648
OS 3.3723867 3.1217629
OS 3.3722409 3.1208881
OS 3.372168 3.1199404
OS 3.372168 3.1188469
OS 3.372168 3.1068184
OS 3.372168 3.1067455
OS 3.372168 3.1066726
OS 3.3720951 3.1062352
OS 3.3719493 3.1057978
OS 3.3716577 3.1053604
OS 3.3715848 3.1052875
OS 3.3712203 3.1051417
OS 3.37071 3.1049959
OS 3.3699081 3.104923
OS 3.3696165 3.104923
OS 3.3691791 3.1049959
OS 3.3686688 3.1051417
OS 3.3681585 3.1053604
OS 3.3680856 3.1054333
OS 3.3679398 3.1057249
OS 3.3677211 3.1061623
OS 3.3676482 3.1068184
OS 3.3676482 3.131167
OS 3.3676482 3.1312399
OS 3.3676482 3.1313128
OS 3.3677211 3.1317502
OS 3.367794 3.1321876
OS 3.3680127 3.132625
OS 3.3680856 3.1326979
OS 3.3683772 3.1328437
OS 3.3688146 3.1329895
OS 3.3695436 3.1330624
OS 3.3697623 3.1330624
OS 3.3701997 3.1329895
OS 3.37071 3.1329166
OS 3.3710745 3.132625
OS 3.3711474 3.1325521
OS 3.3712932 3.1322605
OS 3.371439 3.1318231
OS 3.3715119 3.131167
OS 3.3715119 3.1278136
OS 3.3715848 3.1279594
OS 3.3717306 3.128251
OS 3.3720222 3.1287613
OS 3.3723867 3.1293445
OS 3.3728241 3.1300735
OS 3.3733344 3.1307296
OS 3.3739176 3.1313857
OS 3.3745737 3.1319689
OS 3.3746466 3.1320418
OS 3.3748653 3.1321876
OS 3.3752298 3.1324063
OS 3.3757401 3.1326979
OS 3.3763233 3.1329895
OS 3.3769794 3.1332082
OS 3.3777084 3.133354
OS 3.3785103 3.1334269
OS 3.3788748 3.1334269
OS 3.3792393 3.133354
OS 3.3797496 3.1332811
OS 3.3802599 3.1330624
OS 3.3808431 3.1328437
OS 3.3814263 3.1324792
OS 3.3820095 3.1320418
OS 3.3820824 3.1319689
OS 3.3822282 3.1318231
OS 3.3825198 3.1314586
OS 3.3828843 3.1310212
OS 3.3831759 3.130438
OS 3.3835404 3.1297819
OS 3.383832 3.12898
OS 3.3841236 3.1280323
OS 3.3841236 3.1281052
OS 3.3842694 3.128251
OS 3.3844152 3.1285426
OS 3.3846339 3.1289071
OS 3.3851442 3.129709
OS 3.3859461 3.1307296
OS 3.3869667 3.1317502
OS 3.3881331 3.1325521
OS 3.3887892 3.1329166
OS 3.3894453 3.1332082
OS 3.3901743 3.133354
OS 3.3909762 3.1334269
OS 3.3912678 3.1334269
OS 3.3916323 3.133354
OE
OB 3.3549636 3.133354 I
OS 3.3553281 3.133354
OS 3.3563487 3.1330624
OS 3.3569319 3.1328437
OS 3.3574422 3.1325521
OS 3.3575151 3.1324792
OS 3.3576609 3.1324063
OS 3.3579525 3.1321876
OS 3.3582441 3.131896
OS 3.3586086 3.1315315
OS 3.3589731 3.1310212
OS 3.3593376 3.1305109
OS 3.3596292 3.1298548
OS 3.3597021 3.1297819
OS 3.359775 3.1295632
OS 3.3599208 3.1291258
OS 3.3600666 3.1286155
OS 3.3602124 3.1279594
OS 3.3603582 3.1272304
OS 3.360504 3.1263556
OS 3.360504 3.1254079
OS 3.360504 3.1068184
OS 3.360504 3.1067455
OS 3.360504 3.1066726
OS 3.3604311 3.1062352
OS 3.3602853 3.1057978
OS 3.3599937 3.1053604
OS 3.3599208 3.1052875
OS 3.3596292 3.1051417
OS 3.359046 3.1049959
OS 3.358317 3.104923
OS 3.3580254 3.104923
OS 3.357588 3.1049959
OS 3.3570048 3.1051417
OS 3.3564945 3.1053604
OS 3.3564216 3.1054333
OS 3.3562758 3.1057249
OS 3.3560571 3.1061623
OS 3.3559842 3.1068184
OS 3.3559842 3.1248976
OS 3.3559842 3.1249705
OS 3.3559842 3.1252621
OS 3.3559842 3.1256266
OS 3.3559113 3.126064
OS 3.3556926 3.1270846
OS 3.3555468 3.127522
OS 3.3553281 3.1279594
OS 3.3553281 3.1280323
OS 3.3551823 3.1281052
OS 3.3548178 3.1284697
OS 3.3545262 3.1286884
OS 3.3541617 3.1288342
OS 3.3536514 3.1289071
OS 3.3531411 3.12898
OS 3.3529224 3.12898
OS 3.3526308 3.1289071
OS 3.3522663 3.1288342
OS 3.3519018 3.1286884
OS 3.3514644 3.1283968
OS 3.3509541 3.1281052
OS 3.3505167 3.1276678
OS 3.3504438 3.1275949
OS 3.350298 3.1274491
OS 3.3500793 3.1271575
OS 3.3498606 3.126793
OS 3.349569 3.1262827
OS 3.3492045 3.1256266
OS 3.3489129 3.1248976
OS 3.3486213 3.1240957
OS 3.3486213 3.1240228
OS 3.3485484 3.1236583
OS 3.3484026 3.1232209
OS 3.3483297 3.1225648
OS 3.3481839 3.1217629
OS 3.3480381 3.1208881
OS 3.3479652 3.1199404
OS 3.3479652 3.1188469
OS 3.3479652 3.1068184
OS 3.3479652 3.1067455
OS 3.3479652 3.1066726
OS 3.3478923 3.1062352
OS 3.3477465 3.1057978
OS 3.3474549 3.1053604
OS 3.347382 3.1052875
OS 3.3470904 3.1051417
OS 3.3465801 3.1049959
OS 3.3462156 3.104923
OS 3.3454866 3.104923
OS 3.3450492 3.1049959
OS 3.344466 3.1051417
OS 3.3439557 3.1053604
OS 3.3438828 3.1054333
OS 3.343737 3.1057249
OS 3.3435912 3.1061623
OS 3.3435183 3.1068184
OS 3.3435183 3.1248976
OS 3.3435183 3.1249705
OS 3.3435183 3.1252621
OS 3.3435183 3.1256266
OS 3.3434454 3.126064
OS 3.3432267 3.1270846
OS 3.343008 3.127522
OS 3.3427893 3.1279594
OS 3.3427893 3.1280323
OS 3.3426435 3.1281052
OS 3.342279 3.1284697
OS 3.3416229 3.1288342
OS 3.3411855 3.1289071
OS 3.3406752 3.12898
OS 3.3404565 3.12898
OS 3.3401649 3.1289071
OS 3.3398004 3.1288342
OS 3.3394359 3.1286884
OS 3.3389985 3.1283968
OS 3.3384882 3.1281052
OS 3.3380508 3.1276678
OS 3.3379779 3.1275949
OS 3.3378321 3.1274491
OS 3.3376134 3.1271575
OS 3.3373947 3.126793
OS 3.3371031 3.1262827
OS 3.3367386 3.1256266
OS 3.336447 3.1248976
OS 3.3361554 3.1240957
OS 3.3361554 3.1240228
OS 3.3360825 3.1236583
OS 3.3359367 3.1232209
OS 3.3358638 3.1225648
OS 3.335718 3.1217629
OS 3.3355722 3.1208881
OS 3.3354993 3.1199404
OS 3.3354993 3.1188469
OS 3.3354993 3.1068184
OS 3.3354993 3.1067455
OS 3.3354993 3.1066726
OS 3.3354264 3.1062352
OS 3.3352806 3.1057978
OS 3.334989 3.1053604
OS 3.3349161 3.1052875
OS 3.3345516 3.1051417
OS 3.3340413 3.1049959
OS 3.3332394 3.104923
OS 3.3329478 3.104923
OS 3.3325104 3.1049959
OS 3.3320001 3.1051417
OS 3.3314898 3.1053604
OS 3.3314169 3.1054333
OS 3.3312711 3.1057249
OS 3.3310524 3.1061623
OS 3.3309795 3.1068184
OS 3.3309795 3.131167
OS 3.3309795 3.1312399
OS 3.3309795 3.1313128
OS 3.3310524 3.1317502
OS 3.3311253 3.1321876
OS 3.331344 3.132625
OS 3.3314169 3.1326979
OS 3.3317085 3.1328437
OS 3.3321459 3.1329895
OS 3.3328749 3.1330624
OS 3.3330936 3.1330624
OS 3.333531 3.1329895
OS 3.3340413 3.1329166
OS 3.3344058 3.132625
OS 3.3344787 3.1325521
OS 3.3346245 3.1322605
OS 3.3347703 3.1318231
OS 3.3348432 3.131167
OS 3.3348432 3.1278136
OS 3.3349161 3.1279594
OS 3.3350619 3.128251
OS 3.3353535 3.1287613
OS 3.335718 3.1293445
OS 3.3361554 3.1300735
OS 3.3366657 3.1307296
OS 3.3372489 3.1313857
OS 3.337905 3.1319689
OS 3.3379779 3.1320418
OS 3.3381966 3.1321876
OS 3.3385611 3.1324063
OS 3.3390714 3.1326979
OS 3.3396546 3.1329895
OS 3.3403107 3.1332082
OS 3.3410397 3.133354
OS 3.3418416 3.1334269
OS 3.3422061 3.1334269
OS 3.3425706 3.133354
OS 3.3430809 3.1332811
OS 3.3435912 3.1330624
OS 3.3441744 3.1328437
OS 3.3447576 3.1324792
OS 3.3453408 3.1320418
OS 3.3454137 3.1319689
OS 3.3455595 3.1318231
OS 3.3458511 3.1314586
OS 3.3462156 3.1310212
OS 3.3465072 3.130438
OS 3.3468717 3.1297819
OS 3.3471633 3.12898
OS 3.3474549 3.1280323
OS 3.3474549 3.1281052
OS 3.3476007 3.128251
OS 3.3477465 3.1285426
OS 3.3479652 3.1289071
OS 3.3484755 3.129709
OS 3.3492774 3.1307296
OS 3.350298 3.1317502
OS 3.3514644 3.1325521
OS 3.3521205 3.1329166
OS 3.3527766 3.1332082
OS 3.3535056 3.133354
OS 3.3543075 3.1334269
OS 3.3545991 3.1334269
OS 3.3549636 3.133354
OE
OB 3.2046438 3.1463302 I
OS 3.2049354 3.1462573
OS 3.205227 3.1460386
OS 3.2052999 3.1459657
OS 3.2055186 3.1458199
OS 3.2057373 3.1456012
OS 3.2060289 3.1452367
OS 3.2060289 3.1451638
OS 3.2061018 3.1450909
OS 3.2063205 3.1447264
OS 3.2064663 3.1442161
OS 3.2065392 3.1436329
OS 3.2065392 3.14356
OS 3.2064663 3.1433413
OS 3.2063934 3.1430497
OS 3.2061747 3.1427581
OS 3.2061018 3.1426852
OS 3.205956 3.1426123
OS 3.2056644 3.1423936
OS 3.2052999 3.1421749
OS 3.2048625 3.1418104
OS 3.2043522 3.141373
OS 3.2031858 3.1403524
OS 3.2018007 3.1390402
OS 3.2003427 3.1375093
OS 3.1988847 3.1357597
OS 3.1974996 3.1337914
OS 3.1974267 3.1337185
OS 3.1973538 3.1335727
OS 3.197208 3.1332082
OS 3.1969893 3.1328437
OS 3.1966977 3.1322605
OS 3.1964061 3.1316044
OS 3.1961145 3.1308754
OS 3.19575 3.1300735
OS 3.1954584 3.1291258
OS 3.1950939 3.1281052
OS 3.1948023 3.1270846
OS 3.1945836 3.1259182
OS 3.1941462 3.1233667
OS 3.1940733 3.1219816
OS 3.1940004 3.1205965
OS 3.1940004 3.1205236
OS 3.1940004 3.120232
OS 3.1940004 3.1198675
OS 3.1940733 3.1193572
OS 3.1940733 3.1187011
OS 3.1942191 3.1178992
OS 3.194292 3.1170244
OS 3.1944378 3.1161496
OS 3.1948752 3.1141084
OS 3.1954584 3.1119214
OS 3.1963332 3.1096615
OS 3.1968435 3.108568
OS 3.1974267 3.1075474
OS 3.1974996 3.1074745
OS 3.1975725 3.1073287
OS 3.1977912 3.1070371
OS 3.1980828 3.1066726
OS 3.1983744 3.1061623
OS 3.1988118 3.105652
OS 3.1998324 3.1044127
OS 3.2010717 3.1029547
OS 3.2026026 3.1014967
OS 3.2042793 3.1000387
OS 3.2061747 3.0986536
OS 3.2062476 3.0985807
OS 3.2063934 3.0984349
OS 3.2064663 3.0982162
OS 3.2065392 3.0977788
OS 3.2065392 3.097633
OS 3.2064663 3.0973414
OS 3.2063205 3.0968311
OS 3.2060289 3.096175
OS 3.205956 3.0961021
OS 3.2058102 3.0958834
OS 3.2055186 3.0955918
OS 3.205227 3.0953731
OS 3.2051541 3.0953002
OS 3.2050083 3.0952273
OS 3.2047167 3.0950815
OS 3.2043522 3.0950086
OS 3.2041335 3.0950086
OS 3.2036961 3.0951544
OS 3.2036232 3.0951544
OS 3.2035503 3.0952273
OS 3.2033316 3.0953731
OS 3.2031129 3.0955918
OS 3.2023839 3.0960292
OS 3.2015091 3.0966853
OS 3.2004156 3.0975601
OS 3.1992492 3.0985078
OS 3.1980828 3.0996742
OS 3.1968435 3.1009864
OS 3.1968435 3.1010593
OS 3.1966977 3.1011322
OS 3.1965519 3.1013509
OS 3.1963332 3.1016425
OS 3.19575 3.1023715
OS 3.195021 3.103465
OS 3.1941462 3.1047043
OS 3.1932714 3.1061623
OS 3.1923966 3.1077661
OS 3.1915947 3.1095886
OS 3.1915947 3.1096615
OS 3.1915218 3.1098073
OS 3.191376 3.1100989
OS 3.1913031 3.1104634
OS 3.1911573 3.1109737
OS 3.1909386 3.111484
OS 3.1907928 3.1121401
OS 3.1905741 3.1128691
OS 3.1902096 3.1144729
OS 3.1898451 3.1163683
OS 3.1896264 3.1184095
OS 3.1895535 3.1205965
OS 3.1895535 3.1206694
OS 3.1895535 3.1208881
OS 3.1895535 3.1211797
OS 3.1895535 3.1216171
OS 3.1896264 3.1221274
OS 3.1896993 3.1227835
OS 3.1896993 3.1234396
OS 3.1898451 3.1242415
OS 3.1900638 3.1259182
OS 3.1904283 3.1278136
OS 3.1909386 3.129709
OS 3.1915947 3.1316773
OS 3.1915947 3.1317502
OS 3.1916676 3.131896
OS 3.1918134 3.1321876
OS 3.1919592 3.1325521
OS 3.1921779 3.1329895
OS 3.1923966 3.1334998
OS 3.1930527 3.1346662
OS 3.1937817 3.1360513
OS 3.1946565 3.1375093
OS 3.1956771 3.1390402
OS 3.1968435 3.1404253
OS 3.1969164 3.1404982
OS 3.1969893 3.1405711
OS 3.1974267 3.1410085
OS 3.1980828 3.1416646
OS 3.1989576 3.1425394
OS 3.1999782 3.1434871
OS 3.2011446 3.1444348
OS 3.2023839 3.1453825
OS 3.2036961 3.1462573
OS 3.203769 3.1462573
OS 3.2039148 3.1463302
OS 3.2043522 3.1464031
OS 3.2044251 3.1464031
OS 3.2046438 3.1463302
OE
OB 3.2356992 3.1368532 H
OS 3.2353347 3.1368532
OS 3.2348973 3.1367803
OS 3.2343141 3.1366345
OS 3.233658 3.1364158
OS 3.232929 3.1361242
OS 3.2322729 3.1357597
OS 3.2315439 3.1351765
OS 3.231471 3.1351036
OS 3.2312523 3.1348849
OS 3.2308878 3.1345204
OS 3.2305233 3.1340101
OS 3.230013 3.1332811
OS 3.2295756 3.1324792
OS 3.2290653 3.1315315
OS 3.2286279 3.1303651
OS 3.228555 3.1302193
OS 3.2284821 3.1297819
OS 3.2283363 3.1291258
OS 3.2281176 3.128251
OS 3.2278989 3.1271575
OS 3.2277531 3.1258453
OS 3.2276802 3.1244602
OS 3.2276073 3.1228564
OS 3.2276073 3.1227106
OS 3.2276073 3.122419
OS 3.2276073 3.1218358
OS 3.2276802 3.1211797
OS 3.2277531 3.1203778
OS 3.227826 3.1194301
OS 3.2281176 3.1175347
OS 3.2417499 3.1327708
OS 3.241677 3.1328437
OS 3.2415312 3.1330624
OS 3.2413125 3.1334269
OS 3.2410209 3.1338643
OS 3.2405835 3.1343746
OS 3.2401461 3.1348849
OS 3.2396358 3.1353223
OS 3.2390526 3.1357597
OS 3.2389797 3.1358326
OS 3.238761 3.1359055
OS 3.2384694 3.1361242
OS 3.238032 3.1363429
OS 3.2375946 3.1364887
OS 3.2370114 3.1367074
OS 3.2363553 3.1367803
OS 3.2356992 3.1368532
OE
OB 3.2432808 3.128251 H
OS 3.2296485 3.1130149
OS 3.2297214 3.112942
OS 3.2298672 3.1126504
OS 3.2300859 3.1122859
OS 3.2303775 3.1118485
OS 3.2312523 3.1109008
OS 3.2316897 3.1103905
OS 3.2322729 3.1099531
OS 3.2323458 3.1098802
OS 3.2325645 3.1098073
OS 3.2328561 3.1096615
OS 3.2332935 3.1094428
OS 3.2338038 3.1092241
OS 3.234387 3.1090783
OS 3.2350431 3.1090054
OS 3.2356992 3.1089325
OS 3.2360637 3.1089325
OS 3.2365011 3.1090054
OS 3.2370843 3.1091512
OS 3.2377404 3.109297
OS 3.2384694 3.1095886
OS 3.2391255 3.110026
OS 3.2398545 3.1105363
OS 3.2399274 3.1106092
OS 3.2401461 3.1108279
OS 3.2405106 3.1112653
OS 3.2408751 3.1117756
OS 3.2413854 3.1124317
OS 3.2418228 3.1133065
OS 3.2422602 3.1142542
OS 3.2426976 3.1153477
OS 3.2426976 3.1154206
OS 3.2427705 3.1154935
OS 3.2428434 3.1159309
OS 3.2430621 3.116587
OS 3.2432808 3.1174618
OS 3.2434266 3.1186282
OS 3.2436453 3.1198675
OS 3.2437182 3.1213255
OS 3.2437911 3.1228564
OS 3.2437911 3.1230022
OS 3.2437911 3.1233667
OS 3.2437911 3.123877
OS 3.2437182 3.124606
OS 3.2436453 3.1254079
OS 3.2435724 3.1263556
OS 3.2432808 3.128251
OE
SE
S P 0
OB 3.2669733 3.1938027 I
OS 3.2674107 3.1936569
OS 3.2678481 3.1933653
OS 3.267921 3.1932924
OS 3.2680668 3.1930008
OS 3.2682126 3.1924176
OS 3.2682855 3.1916886
OS 3.2682855 3.1916157
OS 3.2682855 3.1914699
OS 3.2682126 3.1910325
OS 3.2681397 3.1905222
OS 3.2678481 3.1900119
OS 3.2677752 3.189939
OS 3.2674836 3.1897932
OS 3.2670462 3.1896474
OS 3.2663901 3.1895745
OS 3.248967 3.1895745
OS 3.248967 3.1776189
OS 3.2631096 3.1776189
OS 3.263547 3.177546
OS 3.2639844 3.1774002
OS 3.2643489 3.1771086
OS 3.2644218 3.1770357
OS 3.2645676 3.1767441
OS 3.2647134 3.1762338
OS 3.2647863 3.1755048
OS 3.2647863 3.1754319
OS 3.2647863 3.1752861
OS 3.2647134 3.1748487
OS 3.2646405 3.1743384
OS 3.2643489 3.1738281
OS 3.264276 3.1737552
OS 3.2640573 3.1736094
OS 3.2636199 3.1733907
OS 3.2629638 3.1733178
OS 3.248967 3.1733178
OS 3.248967 3.16005
OS 3.248967 3.1599771
OS 3.248967 3.1599042
OS 3.2488941 3.1594668
OS 3.2487483 3.1590294
OS 3.2484567 3.158592
OS 3.2483838 3.1585191
OS 3.2480922 3.1583733
OS 3.2475819 3.1582275
OS 3.2472174 3.1581546
OS 3.2464884 3.1581546
OS 3.246051 3.1582275
OS 3.2454678 3.1583733
OS 3.2449575 3.158592
OS 3.2448846 3.1586649
OS 3.2447388 3.1589565
OS 3.244593 3.1593939
OS 3.2445201 3.16005
OS 3.2445201 3.1918344
OS 3.2445201 3.1919073
OS 3.2445201 3.1919802
OS 3.244593 3.1924176
OS 3.2447388 3.1929279
OS 3.2449575 3.1933653
OS 3.2450304 3.1934382
OS 3.245322 3.1936569
OS 3.2457594 3.1938027
OS 3.2464155 3.1938756
OS 3.2665359 3.1938756
OS 3.2669733 3.1938027
OE
OB 3.2944566 3.1938027 I
OS 3.2954043 3.1936569
OS 3.2964978 3.1935111
OS 3.2976642 3.1932195
OS 3.2988306 3.192855
OS 3.299997 3.1923447
OS 3.3001428 3.1922718
OS 3.3005073 3.1920531
OS 3.3010176 3.1917615
OS 3.3016737 3.1912512
OS 3.3023298 3.190668
OS 3.3030588 3.1900119
OS 3.3037878 3.1891371
OS 3.304371 3.1881894
OS 3.3044439 3.1880436
OS 3.3045897 3.1876791
OS 3.3048813 3.1871688
OS 3.3051729 3.1863669
OS 3.3053916 3.1854921
OS 3.3056832 3.1843986
OS 3.305829 3.1832322
OS 3.3059019 3.18192
OS 3.3059019 3.1818471
OS 3.3059019 3.1817742
OS 3.3059019 3.1813368
OS 3.305829 3.1806807
OS 3.3056832 3.1798059
OS 3.3055374 3.1788582
OS 3.3052458 3.1778376
OS 3.3048813 3.1767441
OS 3.304371 3.1757235
OS 3.3042981 3.1755777
OS 3.3040794 3.1752861
OS 3.3037878 3.1748487
OS 3.3032775 3.1742655
OS 3.3026943 3.1736094
OS 3.3018924 3.1728804
OS 3.3010176 3.1722243
OS 3.299997 3.1716411
OS 3.2998512 3.1715682
OS 3.2994867 3.1714224
OS 3.2988306 3.1712037
OS 3.2980287 3.1709121
OS 3.2970081 3.1706205
OS 3.2958417 3.1704018
OS 3.2944566 3.170256
OS 3.2929986 3.1701831
OS 3.2853441 3.1701831
OS 3.2853441 3.16005
OS 3.2853441 3.1599771
OS 3.2853441 3.1599042
OS 3.2852712 3.1594668
OS 3.2851254 3.1590294
OS 3.2848338 3.158592
OS 3.2847609 3.1585191
OS 3.2844693 3.1583733
OS 3.283959 3.1582275
OS 3.2835945 3.1581546
OS 3.2828655 3.1581546
OS 3.2824281 3.1582275
OS 3.2818449 3.1583733
OS 3.2813346 3.158592
OS 3.2812617 3.1586649
OS 3.2811159 3.1589565
OS 3.2809701 3.1593939
OS 3.2808972 3.16005
OS 3.2808972 3.1918344
OS 3.2808972 3.1919073
OS 3.2808972 3.1919802
OS 3.2809701 3.1924176
OS 3.2811159 3.1929279
OS 3.2813346 3.1933653
OS 3.2814075 3.1934382
OS 3.2816991 3.1936569
OS 3.2821365 3.1938027
OS 3.2827926 3.1938756
OS 3.2936547 3.1938756
OS 3.2944566 3.1938027
OE
OB 3.3308337 3.1945317 I
OS 3.3311982 3.1944588
OS 3.3315627 3.1941672
OS 3.3316356 3.1940943
OS 3.3317814 3.1938756
OS 3.3319272 3.1934382
OS 3.3320001 3.1929279
OS 3.3320001 3.1627473
OS 3.3398004 3.1627473
OS 3.3401649 3.1626744
OS 3.3406752 3.1625286
OS 3.3410397 3.162237
OS 3.3411126 3.1621641
OS 3.3412584 3.1618725
OS 3.3414042 3.1612893
OS 3.3414771 3.1605603
OS 3.3414771 3.1604874
OS 3.3414771 3.1603416
OS 3.3414042 3.1599042
OS 3.3413313 3.1593939
OS 3.3410397 3.1588836
OS 3.3409668 3.1588107
OS 3.3406752 3.1586649
OS 3.3402378 3.1585191
OS 3.3396546 3.1584462
OS 3.3193155 3.1584462
OS 3.3188781 3.1585191
OS 3.3184407 3.1586649
OS 3.3180033 3.1588836
OS 3.3179304 3.1589565
OS 3.3178575 3.159321
OS 3.3177117 3.1598313
OS 3.3176388 3.1605603
OS 3.3176388 3.1606332
OS 3.3176388 3.160779
OS 3.3177117 3.1612164
OS 3.3177846 3.1617267
OS 3.3180033 3.162237
OS 3.3180762 3.1623099
OS 3.3183678 3.1625286
OS 3.3188052 3.1626744
OS 3.3194613 3.1627473
OS 3.3275532 3.1627473
OS 3.3275532 3.1881165
OS 3.3201174 3.1834509
OS 3.3200445 3.183378
OS 3.3198258 3.1833051
OS 3.3195342 3.1832322
OS 3.3191697 3.1831593
OS 3.3190239 3.1831593
OS 3.3185865 3.1833051
OS 3.3183678 3.1834509
OS 3.3180762 3.1836696
OS 3.3177846 3.1839612
OS 3.317493 3.1843986
OS 3.3174201 3.1845444
OS 3.3173472 3.184836
OS 3.3172014 3.1852734
OS 3.3171285 3.1857837
OS 3.3171285 3.1858566
OS 3.3171285 3.1859295
OS 3.3172743 3.1863669
OS 3.317493 3.1868772
OS 3.3177117 3.1870959
OS 3.3180033 3.1873146
OS 3.3293028 3.1942401
OS 3.3293757 3.194313
OS 3.3296673 3.1944588
OS 3.3300318 3.1945317
OS 3.3304692 3.1946046
OS 3.330615 3.1946046
OS 3.3308337 3.1945317
OE
OB 3.2200257 3.1944588 I
OS 3.220536 3.1943859
OS 3.2216295 3.1942401
OS 3.2229417 3.1939485
OS 3.2242539 3.193584
OS 3.225639 3.1930008
OS 3.2270241 3.1921989
OS 3.227097 3.1921989
OS 3.2271699 3.192126
OS 3.2276073 3.1917615
OS 3.2282634 3.1912512
OS 3.2290653 3.1905222
OS 3.2299401 3.1896474
OS 3.2308878 3.188481
OS 3.2317626 3.1872417
OS 3.2325645 3.1857108
OS 3.2325645 3.1856379
OS 3.2326374 3.1854921
OS 3.2327832 3.1852734
OS 3.2328561 3.1849818
OS 3.2330019 3.1846173
OS 3.2332206 3.184107
OS 3.2335851 3.1829406
OS 3.2338767 3.1815555
OS 3.2342412 3.1798788
OS 3.2344599 3.1780563
OS 3.2345328 3.176088
OS 3.2345328 3.1760151
OS 3.2345328 3.1758693
OS 3.2345328 3.1755777
OS 3.2345328 3.1752132
OS 3.2344599 3.1747758
OS 3.2344599 3.1742655
OS 3.2343141 3.1730262
OS 3.2340954 3.1716411
OS 3.2338038 3.1701102
OS 3.2333664 3.1685064
OS 3.2327832 3.1669755
OS 3.2327832 3.1669026
OS 3.2327103 3.1668297
OS 3.2326374 3.166611
OS 3.2324916 3.1663194
OS 3.2320542 3.1655904
OS 3.2315439 3.1647156
OS 3.2308878 3.163695
OS 3.230013 3.1626744
OS 3.2290653 3.1616538
OS 3.2279718 3.1607061
OS 3.2304504 3.1568424
OS 3.2305233 3.1567695
OS 3.2306691 3.1564779
OS 3.2308149 3.1560405
OS 3.2308878 3.155676
OS 3.2308878 3.1556031
OS 3.2308878 3.1555302
OS 3.230742 3.1551657
OS 3.2305962 3.1548741
OS 3.2303775 3.1545825
OS 3.2300859 3.1542909
OS 3.2296485 3.1539993
OS 3.2295756 3.1539993
OS 3.2295027 3.1539264
OS 3.2291382 3.1537806
OS 3.2286279 3.1535619
OS 3.2281176 3.153489
OS 3.2279718 3.153489
OS 3.2276073 3.1536348
OS 3.2271699 3.1539264
OS 3.2268783 3.1541451
OS 3.2266596 3.1544367
OS 3.2240352 3.158592
OS 3.2239623 3.158592
OS 3.2235978 3.1584462
OS 3.2231604 3.1583733
OS 3.2225043 3.1582275
OS 3.2217024 3.1580817
OS 3.2208276 3.1579359
OS 3.2198799 3.157863
OS 3.2188593 3.1577901
OS 3.2184219 3.1577901
OS 3.2180574 3.157863
OS 3.2176929 3.157863
OS 3.2171826 3.1579359
OS 3.2160891 3.1580817
OS 3.2147769 3.1583733
OS 3.2133918 3.1587378
OS 3.2120067 3.159321
OS 3.2106216 3.16005
OS 3.2105487 3.16005
OS 3.2104758 3.1601229
OS 3.2100384 3.1604874
OS 3.2093823 3.1609977
OS 3.2086533 3.1617267
OS 3.2077785 3.1626015
OS 3.2068308 3.163695
OS 3.205956 3.1650072
OS 3.2051541 3.1664652
OS 3.2051541 3.1665381
OS 3.2050812 3.1666839
OS 3.2050083 3.1669026
OS 3.2048625 3.1671942
OS 3.2047167 3.1676316
OS 3.204498 3.168069
OS 3.2042064 3.1692354
OS 3.2038419 3.1706205
OS 3.2034774 3.1722972
OS 3.2032587 3.1741197
OS 3.2031858 3.176088
OS 3.2031858 3.1761609
OS 3.2031858 3.1763067
OS 3.2031858 3.1765983
OS 3.2031858 3.1770357
OS 3.2032587 3.1774731
OS 3.2032587 3.1780563
OS 3.2034045 3.1793685
OS 3.2036961 3.1808265
OS 3.2039877 3.1824303
OS 3.204498 3.184107
OS 3.2051541 3.1857108
OS 3.2051541 3.1857837
OS 3.205227 3.1859295
OS 3.2053728 3.1861482
OS 3.2055186 3.1864398
OS 3.205956 3.1871688
OS 3.2066121 3.1881165
OS 3.2073411 3.1891371
OS 3.2082888 3.1902306
OS 3.2093823 3.1912512
OS 3.2106216 3.1921989
OS 3.2106945 3.1921989
OS 3.2107674 3.1922718
OS 3.2109861 3.1924176
OS 3.2112777 3.1925634
OS 3.2120067 3.1929279
OS 3.2130273 3.1933653
OS 3.2141937 3.1938027
OS 3.2155788 3.1941672
OS 3.2171826 3.1944588
OS 3.2188593 3.1945317
OS 3.2196612 3.1945317
OS 3.2200257 3.1944588
OE
OB 3.3669192 3.1943859 I
OS 3.367794 3.1942401
OS 3.3688146 3.1939485
OS 3.3699081 3.193584
OS 3.3710745 3.1930008
OS 3.372168 3.1921989
OS 3.3723138 3.192126
OS 3.3726783 3.1917615
OS 3.3731886 3.1912512
OS 3.3738447 3.1905222
OS 3.3745737 3.1896474
OS 3.3753027 3.1885539
OS 3.3759588 3.1872417
OS 3.3766149 3.1857837
OS 3.3766149 3.1857108
OS 3.3766878 3.185565
OS 3.3767607 3.1853463
OS 3.3768336 3.1850547
OS 3.3769794 3.1846173
OS 3.3771252 3.1841799
OS 3.377271 3.1835967
OS 3.3774168 3.1830135
OS 3.3777084 3.1816284
OS 3.378 3.1799517
OS 3.3781458 3.1781292
OS 3.3782187 3.176088
OS 3.3782187 3.1760151
OS 3.3782187 3.1758693
OS 3.3782187 3.1755777
OS 3.3782187 3.1751403
OS 3.3781458 3.1747029
OS 3.3781458 3.1741197
OS 3.378 3.1728075
OS 3.3778542 3.1713495
OS 3.3775626 3.1697457
OS 3.3771252 3.168069
OS 3.3766149 3.1664652
OS 3.3766149 3.1663923
OS 3.376542 3.1663194
OS 3.3764691 3.1661007
OS 3.3763233 3.1658091
OS 3.3759588 3.1650072
OS 3.3755214 3.1641324
OS 3.3748653 3.1630389
OS 3.3740634 3.1620183
OS 3.3731886 3.1609977
OS 3.372168 3.16005
OS 3.3720222 3.1599771
OS 3.3716577 3.1596855
OS 3.3710745 3.159321
OS 3.3702726 3.1589565
OS 3.3693249 3.1585191
OS 3.3681585 3.1581546
OS 3.3669192 3.157863
OS 3.3655341 3.1577901
OS 3.3651696 3.1577901
OS 3.364878 3.157863
OS 3.364149 3.1579359
OS 3.3632742 3.1580817
OS 3.3622536 3.1583733
OS 3.3610872 3.1587378
OS 3.3599208 3.159321
OS 3.3588273 3.16005
OS 3.3586815 3.1601229
OS 3.3583899 3.1604874
OS 3.3578796 3.1609977
OS 3.3572235 3.1617267
OS 3.3564945 3.1626015
OS 3.3557655 3.163695
OS 3.3550365 3.1650072
OS 3.3543804 3.1664652
OS 3.3543804 3.1665381
OS 3.3543075 3.1666839
OS 3.3542346 3.1669026
OS 3.3541617 3.1671942
OS 3.3540159 3.1676316
OS 3.3538701 3.168069
OS 3.3536514 3.1692354
OS 3.3533598 3.1706205
OS 3.3530682 3.1722972
OS 3.3529224 3.1741197
OS 3.3528495 3.176088
OS 3.3528495 3.1761609
OS 3.3528495 3.1763067
OS 3.3528495 3.1765983
OS 3.3528495 3.1770357
OS 3.3529224 3.1774731
OS 3.3529224 3.1780563
OS 3.3530682 3.1793685
OS 3.353214 3.1808994
OS 3.3535056 3.1825032
OS 3.3538701 3.1841799
OS 3.3543804 3.1857837
OS 3.3543804 3.1858566
OS 3.3544533 3.1860024
OS 3.3545262 3.1861482
OS 3.354672 3.1864398
OS 3.3550365 3.1872417
OS 3.3555468 3.1881165
OS 3.3562029 3.18921
OS 3.3569319 3.1902306
OS 3.3578067 3.1912512
OS 3.3588273 3.1921989
OS 3.3589731 3.1922718
OS 3.3593376 3.1925634
OS 3.3599208 3.1929279
OS 3.3607956 3.1933653
OS 3.3617433 3.1938027
OS 3.3629097 3.1941672
OS 3.364149 3.1944588
OS 3.3655341 3.1945317
OS 3.3661902 3.1945317
OS 3.3669192 3.1943859
OE
OB 3.4035879 3.1943859 I
OS 3.4044627 3.1942401
OS 3.4054833 3.1939485
OS 3.4065768 3.193584
OS 3.4077432 3.1930008
OS 3.4088367 3.1921989
OS 3.4089825 3.192126
OS 3.409347 3.1917615
OS 3.4098573 3.1912512
OS 3.4105134 3.1905222
OS 3.4112424 3.1896474
OS 3.4119714 3.1885539
OS 3.4126275 3.1872417
OS 3.4132836 3.1857837
OS 3.4132836 3.1857108
OS 3.4133565 3.185565
OS 3.4134294 3.1853463
OS 3.4135023 3.1850547
OS 3.4136481 3.1846173
OS 3.4137939 3.1841799
OS 3.4139397 3.1835967
OS 3.4140855 3.1830135
OS 3.4143771 3.1816284
OS 3.4146687 3.1799517
OS 3.4148145 3.1781292
OS 3.4148874 3.176088
OS 3.4148874 3.1760151
OS 3.4148874 3.1758693
OS 3.4148874 3.1755777
OS 3.4148874 3.1751403
OS 3.4148145 3.1747029
OS 3.4148145 3.1741197
OS 3.4146687 3.1728075
OS 3.4145229 3.1713495
OS 3.4142313 3.1697457
OS 3.4137939 3.168069
OS 3.4132836 3.1664652
OS 3.4132836 3.1663923
OS 3.4132107 3.1663194
OS 3.4131378 3.1661007
OS 3.412992 3.1658091
OS 3.4126275 3.1650072
OS 3.4121901 3.1641324
OS 3.411534 3.1630389
OS 3.4107321 3.1620183
OS 3.4098573 3.1609977
OS 3.4088367 3.16005
OS 3.4086909 3.1599771
OS 3.4083264 3.1596855
OS 3.4077432 3.159321
OS 3.4069413 3.1589565
OS 3.4059936 3.1585191
OS 3.4048272 3.1581546
OS 3.4035879 3.157863
OS 3.4022028 3.1577901
OS 3.4018383 3.1577901
OS 3.4015467 3.157863
OS 3.4008177 3.1579359
OS 3.3999429 3.1580817
OS 3.3989223 3.1583733
OS 3.3977559 3.1587378
OS 3.3965895 3.159321
OS 3.395496 3.16005
OS 3.3953502 3.1601229
OS 3.3950586 3.1604874
OS 3.3945483 3.1609977
OS 3.3938922 3.1617267
OS 3.3931632 3.1626015
OS 3.3924342 3.163695
OS 3.3917052 3.1650072
OS 3.3910491 3.1664652
OS 3.3910491 3.1665381
OS 3.3909762 3.1666839
OS 3.3909033 3.1669026
OS 3.3908304 3.1671942
OS 3.3906846 3.1676316
OS 3.3905388 3.168069
OS 3.3903201 3.1692354
OS 3.3900285 3.1706205
OS 3.3897369 3.1722972
OS 3.3895911 3.1741197
OS 3.3895182 3.176088
OS 3.3895182 3.1761609
OS 3.3895182 3.1763067
OS 3.3895182 3.1765983
OS 3.3895182 3.1770357
OS 3.3895911 3.1774731
OS 3.3895911 3.1780563
OS 3.3897369 3.1793685
OS 3.3898827 3.1808994
OS 3.3901743 3.1825032
OS 3.3905388 3.1841799
OS 3.3910491 3.1857837
OS 3.3910491 3.1858566
OS 3.391122 3.1860024
OS 3.3911949 3.1861482
OS 3.3913407 3.1864398
OS 3.3917052 3.1872417
OS 3.3922155 3.1881165
OS 3.3928716 3.18921
OS 3.3936006 3.1902306
OS 3.3944754 3.1912512
OS 3.395496 3.1921989
OS 3.3956418 3.1922718
OS 3.3960063 3.1925634
OS 3.3965895 3.1929279
OS 3.3974643 3.1933653
OS 3.398412 3.1938027
OS 3.3995784 3.1941672
OS 3.4008177 3.1944588
OS 3.4022028 3.1945317
OS 3.4028589 3.1945317
OS 3.4035879 3.1943859
OE
OB 3.3655341 3.1900848 H
OS 3.3651696 3.1900848
OS 3.3647322 3.1900119
OS 3.364149 3.1898661
OS 3.3634929 3.1896474
OS 3.3627639 3.1893558
OS 3.3621078 3.1889913
OS 3.3613788 3.1884081
OS 3.3613059 3.1883352
OS 3.3610872 3.1881165
OS 3.3607227 3.187752
OS 3.3603582 3.1872417
OS 3.3598479 3.1865127
OS 3.3594105 3.1857108
OS 3.3589002 3.1847631
OS 3.3584628 3.1835967
OS 3.3583899 3.1834509
OS 3.358317 3.1830135
OS 3.3581712 3.1823574
OS 3.3579525 3.1814826
OS 3.3577338 3.1803891
OS 3.357588 3.1790769
OS 3.3575151 3.1776918
OS 3.3574422 3.176088
OS 3.3574422 3.1759422
OS 3.3574422 3.1756506
OS 3.3574422 3.1750674
OS 3.3575151 3.1744113
OS 3.357588 3.1736094
OS 3.3576609 3.1726617
OS 3.3579525 3.1707663
OS 3.3715848 3.1860024
OS 3.3715119 3.1860753
OS 3.3713661 3.186294
OS 3.3711474 3.1866585
OS 3.3708558 3.1870959
OS 3.3704184 3.1876062
OS 3.369981 3.1881165
OS 3.3694707 3.1885539
OS 3.3688875 3.1889913
OS 3.3688146 3.1890642
OS 3.3685959 3.1891371
OS 3.3683043 3.1893558
OS 3.3678669 3.1895745
OS 3.3674295 3.1897203
OS 3.3668463 3.189939
OS 3.3661902 3.1900119
OS 3.3655341 3.1900848
OE
OB 3.4022028 3.1900848 H
OS 3.4018383 3.1900848
OS 3.4014009 3.1900119
OS 3.4008177 3.1898661
OS 3.4001616 3.1896474
OS 3.3994326 3.1893558
OS 3.3987765 3.1889913
OS 3.3980475 3.1884081
OS 3.3979746 3.1883352
OS 3.3977559 3.1881165
OS 3.3973914 3.187752
OS 3.3970269 3.1872417
OS 3.3965166 3.1865127
OS 3.3960792 3.1857108
OS 3.3955689 3.1847631
OS 3.3951315 3.1835967
OS 3.3950586 3.1834509
OS 3.3949857 3.1830135
OS 3.3948399 3.1823574
OS 3.3946212 3.1814826
OS 3.3944025 3.1803891
OS 3.3942567 3.1790769
OS 3.3941838 3.1776918
OS 3.3941109 3.176088
OS 3.3941109 3.1759422
OS 3.3941109 3.1756506
OS 3.3941109 3.1750674
OS 3.3941838 3.1744113
OS 3.3942567 3.1736094
OS 3.3943296 3.1726617
OS 3.3946212 3.1707663
OS 3.4082535 3.1860024
OS 3.4081806 3.1860753
OS 3.4080348 3.186294
OS 3.4078161 3.1866585
OS 3.4075245 3.1870959
OS 3.4070871 3.1876062
OS 3.4066497 3.1881165
OS 3.4061394 3.1885539
OS 3.4055562 3.1889913
OS 3.4054833 3.1890642
OS 3.4052646 3.1891371
OS 3.404973 3.1893558
OS 3.4045356 3.1895745
OS 3.4040982 3.1897203
OS 3.403515 3.189939
OS 3.4028589 3.1900119
OS 3.4022028 3.1900848
OE
OB 3.2923425 3.1895745 H
OS 3.2853441 3.1895745
OS 3.2853441 3.1744113
OS 3.2930715 3.1744113
OS 3.2938734 3.1744842
OS 3.2948211 3.17463
OS 3.2959146 3.1749216
OS 3.2970081 3.1752132
OS 3.2980287 3.1757235
OS 3.2989764 3.1763796
OS 3.2990493 3.1764525
OS 3.2993409 3.1767441
OS 3.2997054 3.1771815
OS 3.3001428 3.1778376
OS 3.3005802 3.1785666
OS 3.3009447 3.1795143
OS 3.3012363 3.1806807
OS 3.3013092 3.18192
OS 3.3013092 3.1819929
OS 3.3013092 3.1820658
OS 3.3013092 3.1825032
OS 3.3011634 3.1831593
OS 3.3010176 3.1839612
OS 3.300726 3.1849089
OS 3.3003615 3.1858566
OS 3.2997783 3.1867314
OS 3.2989764 3.1875333
OS 3.2989035 3.1876062
OS 3.298539 3.1878249
OS 3.2980287 3.1881894
OS 3.2972997 3.1885539
OS 3.296352 3.1889184
OS 3.2952585 3.1892829
OS 3.2938734 3.1895016
OS 3.2923425 3.1895745
OE
OB 3.3731157 3.1814826 H
OS 3.3594834 3.1662465
OS 3.3595563 3.1661736
OS 3.3597021 3.165882
OS 3.3599208 3.1655175
OS 3.3602124 3.1650801
OS 3.3610872 3.1641324
OS 3.3615246 3.1636221
OS 3.3621078 3.1631847
OS 3.3621807 3.1631118
OS 3.3623994 3.1630389
OS 3.362691 3.1628931
OS 3.3631284 3.1626744
OS 3.3636387 3.1624557
OS 3.3642219 3.1623099
OS 3.364878 3.162237
OS 3.3655341 3.1621641
OS 3.3658986 3.1621641
OS 3.366336 3.162237
OS 3.3669192 3.1623828
OS 3.3675753 3.1625286
OS 3.3683043 3.1628202
OS 3.3689604 3.1632576
OS 3.3696894 3.1637679
OS 3.3697623 3.1638408
OS 3.369981 3.1640595
OS 3.3703455 3.1644969
OS 3.37071 3.1650072
OS 3.3712203 3.1656633
OS 3.3716577 3.1665381
OS 3.3720951 3.1674858
OS 3.3725325 3.1685793
OS 3.3725325 3.1686522
OS 3.3726054 3.1687251
OS 3.3726783 3.1691625
OS 3.372897 3.1698186
OS 3.3731157 3.1706934
OS 3.3732615 3.1718598
OS 3.3734802 3.1730991
OS 3.3735531 3.1745571
OS 3.373626 3.176088
OS 3.373626 3.1762338
OS 3.373626 3.1765983
OS 3.373626 3.1771086
OS 3.3735531 3.1778376
OS 3.3734802 3.1786395
OS 3.3734073 3.1795872
OS 3.3731157 3.1814826
OE
OB 3.4097844 3.1814826 H
OS 3.3961521 3.1662465
OS 3.396225 3.1661736
OS 3.3963708 3.165882
OS 3.3965895 3.1655175
OS 3.3968811 3.1650801
OS 3.3977559 3.1641324
OS 3.3981933 3.1636221
OS 3.3987765 3.1631847
OS 3.3988494 3.1631118
OS 3.3990681 3.1630389
OS 3.3993597 3.1628931
OS 3.3997971 3.1626744
OS 3.4003074 3.1624557
OS 3.4008906 3.1623099
OS 3.4015467 3.162237
OS 3.4022028 3.1621641
OS 3.4025673 3.1621641
OS 3.4030047 3.162237
OS 3.4035879 3.1623828
OS 3.404244 3.1625286
OS 3.404973 3.1628202
OS 3.4056291 3.1632576
OS 3.4063581 3.1637679
OS 3.406431 3.1638408
OS 3.4066497 3.1640595
OS 3.4070142 3.1644969
OS 3.4073787 3.1650072
OS 3.407889 3.1656633
OS 3.4083264 3.1665381
OS 3.4087638 3.1674858
OS 3.4092012 3.1685793
OS 3.4092012 3.1686522
OS 3.4092741 3.1687251
OS 3.409347 3.1691625
OS 3.4095657 3.1698186
OS 3.4097844 3.1706934
OS 3.4099302 3.1718598
OS 3.4101489 3.1730991
OS 3.4102218 3.1745571
OS 3.4102947 3.176088
OS 3.4102947 3.1762338
OS 3.4102947 3.1765983
OS 3.4102947 3.1771086
OS 3.4102218 3.1778376
OS 3.4101489 3.1786395
OS 3.410076 3.1795872
OS 3.4097844 3.1814826
OE
OB 3.2188593 3.1900848 H
OS 3.2182761 3.1900848
OS 3.2176929 3.1900119
OS 3.216891 3.1898661
OS 3.2160162 3.1896474
OS 3.2149956 3.1893558
OS 3.2140479 3.1889913
OS 3.2130273 3.1884081
OS 3.2129544 3.1883352
OS 3.2125899 3.1881165
OS 3.2121525 3.1876791
OS 3.2116422 3.1871688
OS 3.2109861 3.1865127
OS 3.21033 3.1856379
OS 3.2097468 3.1846902
OS 3.2091636 3.1835238
OS 3.2090907 3.183378
OS 3.2089449 3.1829406
OS 3.2087262 3.1822845
OS 3.2085075 3.1814097
OS 3.2082159 3.1803162
OS 3.2079972 3.1790769
OS 3.2078514 3.1776189
OS 3.2077785 3.176088
OS 3.2077785 3.1760151
OS 3.2077785 3.1758693
OS 3.2077785 3.1756506
OS 3.2077785 3.175359
OS 3.2078514 3.1745571
OS 3.2079243 3.1736094
OS 3.208143 3.172443
OS 3.2083617 3.1712037
OS 3.2087262 3.1698915
OS 3.2091636 3.1686522
OS 3.2092365 3.1685064
OS 3.2094552 3.1681419
OS 3.2097468 3.1675587
OS 3.2101842 3.1669026
OS 3.2106945 3.1661007
OS 3.2113506 3.1652988
OS 3.2121525 3.1644969
OS 3.2130273 3.1638408
OS 3.2131731 3.1637679
OS 3.2134647 3.1635492
OS 3.213975 3.1633305
OS 3.214704 3.1630389
OS 3.2155788 3.1626744
OS 3.2165265 3.1624557
OS 3.21762 3.162237
OS 3.2188593 3.1621641
OS 3.2193696 3.1621641
OS 3.2197341 3.162237
OS 3.2206089 3.1623099
OS 3.2214837 3.1624557
OS 3.218349 3.16734
OS 3.218349 3.1674129
OS 3.2182761 3.1674858
OS 3.2181303 3.1677774
OS 3.2179845 3.1682148
OS 3.2179116 3.1685793
OS 3.2179116 3.1686522
OS 3.2179116 3.1687251
OS 3.2180574 3.1690896
OS 3.2182032 3.1693083
OS 3.2184948 3.1695999
OS 3.2187864 3.1699644
OS 3.2192238 3.170256
OS 3.2192967 3.170256
OS 3.2193696 3.1703289
OS 3.2197341 3.1705476
OS 3.2201715 3.1707663
OS 3.2206818 3.1708392
OS 3.2208276 3.1708392
OS 3.2211921 3.1706934
OS 3.2216295 3.1704018
OS 3.2219211 3.1701831
OS 3.2221398 3.1698186
OS 3.2254932 3.1644969
OS 3.2255661 3.1645698
OS 3.2258577 3.1647885
OS 3.2262222 3.1652259
OS 3.2267325 3.1657362
OS 3.2272428 3.1663923
OS 3.2277531 3.1672671
OS 3.2283363 3.1681419
OS 3.2287737 3.1692354
OS 3.2288466 3.1693812
OS 3.2289924 3.1697457
OS 3.2291382 3.1704018
OS 3.2293569 3.1712037
OS 3.2295756 3.1722243
OS 3.2297943 3.1733907
OS 3.2298672 3.1747029
OS 3.2299401 3.176088
OS 3.2299401 3.1761609
OS 3.2299401 3.1763067
OS 3.2299401 3.1765254
OS 3.2299401 3.176817
OS 3.2298672 3.1776189
OS 3.2297943 3.1786395
OS 3.2295756 3.1798059
OS 3.2293569 3.1810452
OS 3.2289924 3.1822845
OS 3.228555 3.1835238
OS 3.228555 3.1835967
OS 3.2284821 3.1836696
OS 3.2283363 3.1840341
OS 3.2279718 3.1846173
OS 3.2275344 3.1853463
OS 3.2270241 3.1861482
OS 3.226368 3.1869501
OS 3.2255661 3.187752
OS 3.2246913 3.1884081
OS 3.2245455 3.188481
OS 3.2242539 3.1886997
OS 3.2237436 3.1889184
OS 3.2230146 3.1892829
OS 3.2222127 3.1895745
OS 3.2211921 3.1897932
OS 3.2200986 3.1900119
OS 3.2188593 3.1900848
OE
SE
S P 0
OB 3.8782311 3.0871208 I
OS 3.8787414 3.086975
OS 3.8792517 3.0866834
OS 3.8796162 3.0863189
OS 3.8799078 3.0857357
OS 3.8800536 3.0849338
OS 3.8800536 3.0644489
OS 3.8850108 3.0644489
OS 3.8854482 3.064376
OS 3.8858856 3.0642302
OS 3.886323 3.0639386
OS 3.8863959 3.0638657
OS 3.8865417 3.0635741
OS 3.8866875 3.0630638
OS 3.8867604 3.0623348
OS 3.8867604 3.0622619
OS 3.8867604 3.0621161
OS 3.8866875 3.0616787
OS 3.8866146 3.0611684
OS 3.886323 3.0606581
OS 3.8862501 3.0605852
OS 3.8859585 3.0604394
OS 3.8855211 3.0602207
OS 3.884865 3.0601478
OS 3.8800536 3.0601478
OS 3.8800536 3.0527849
OS 3.8800536 3.052712
OS 3.8800536 3.0526391
OS 3.8799807 3.0522017
OS 3.8798349 3.0517643
OS 3.8795433 3.0513269
OS 3.8794704 3.051254
OS 3.8791059 3.0511082
OS 3.8785956 3.0509624
OS 3.8777937 3.0508895
OS 3.877575 3.0508895
OS 3.8771376 3.0509624
OS 3.8765544 3.0511082
OS 3.8760441 3.0513269
OS 3.8759712 3.0513998
OS 3.8758254 3.0516914
OS 3.8756067 3.0521288
OS 3.8755338 3.0527849
OS 3.8755338 3.0601478
OS 3.8611725 3.0601478
OS 3.8607351 3.0602207
OS 3.8602248 3.0603665
OS 3.8597874 3.0606581
OS 3.8597145 3.0608039
OS 3.8595687 3.0610955
OS 3.8594229 3.0616787
OS 3.85935 3.0624077
OS 3.85935 3.0624806
OS 3.85935 3.0625535
OS 3.8594229 3.062918
OS 3.8594958 3.0634283
OS 3.8597145 3.0638657
OS 3.8741487 3.0854441
OS 3.8741487 3.085517
OS 3.8742945 3.0855899
OS 3.8745861 3.0859544
OS 3.8750235 3.0864647
OS 3.8755338 3.0868292
OS 3.8756067 3.0868292
OS 3.8756796 3.0869021
OS 3.8760441 3.0870479
OS 3.8767002 3.0871937
OS 3.8774292 3.0872666
OS 3.8778666 3.0872666
OS 3.8782311 3.0871208
OE
OB 3.8386464 3.0872666 I
OS 3.8390109 3.0871937
OS 3.8393754 3.0869021
OS 3.8394483 3.0868292
OS 3.8395941 3.0866105
OS 3.8397399 3.0861731
OS 3.8398128 3.0856628
OS 3.8398128 3.0554822
OS 3.8476131 3.0554822
OS 3.8479776 3.0554093
OS 3.8484879 3.0552635
OS 3.8488524 3.0549719
OS 3.8489253 3.054899
OS 3.8490711 3.0546074
OS 3.8492169 3.0540242
OS 3.8492898 3.0532952
OS 3.8492898 3.0532223
OS 3.8492898 3.0530765
OS 3.8492169 3.0526391
OS 3.849144 3.0521288
OS 3.8488524 3.0516185
OS 3.8487795 3.0515456
OS 3.8484879 3.0513998
OS 3.8480505 3.051254
OS 3.8474673 3.0511811
OS 3.8271282 3.0511811
OS 3.8266908 3.051254
OS 3.8262534 3.0513998
OS 3.825816 3.0516185
OS 3.8257431 3.0516914
OS 3.8256702 3.0520559
OS 3.8255244 3.0525662
OS 3.8254515 3.0532952
OS 3.8254515 3.0533681
OS 3.8254515 3.0535139
OS 3.8255244 3.0539513
OS 3.8255973 3.0544616
OS 3.825816 3.0549719
OS 3.8258889 3.0550448
OS 3.8261805 3.0552635
OS 3.8266179 3.0554093
OS 3.827274 3.0554822
OS 3.8353659 3.0554822
OS 3.8353659 3.0808514
OS 3.8279301 3.0761858
OS 3.8278572 3.0761129
OS 3.8276385 3.07604
OS 3.8273469 3.0759671
OS 3.8269824 3.0758942
OS 3.8268366 3.0758942
OS 3.8263992 3.07604
OS 3.8261805 3.0761858
OS 3.8258889 3.0764045
OS 3.8255973 3.0766961
OS 3.8253057 3.0771335
OS 3.8252328 3.0772793
OS 3.8251599 3.0775709
OS 3.8250141 3.0780083
OS 3.8249412 3.0785186
OS 3.8249412 3.0785915
OS 3.8249412 3.0786644
OS 3.825087 3.0791018
OS 3.8253057 3.0796121
OS 3.8255244 3.0798308
OS 3.825816 3.0800495
OS 3.8371155 3.086975
OS 3.8371884 3.0870479
OS 3.83748 3.0871937
OS 3.8378445 3.0872666
OS 3.8382819 3.0873395
OS 3.8384277 3.0873395
OS 3.8386464 3.0872666
OE
OB 3.7634136 3.0871937 I
OS 3.7640697 3.0871937
OS 3.7647258 3.0871208
OS 3.7655277 3.0870479
OS 3.7664025 3.0869021
OS 3.7683708 3.0865376
OS 3.770412 3.0860273
OS 3.7724532 3.0852983
OS 3.7744944 3.0842777
OS 3.7745673 3.0842777
OS 3.7746402 3.0841319
OS 3.7750776 3.0838403
OS 3.7754421 3.08333
OS 3.775515 3.0829655
OS 3.7755879 3.082601
OS 3.7755879 3.0824552
OS 3.775515 3.0821636
OS 3.7754421 3.0817262
OS 3.7752234 3.081143
OS 3.7752234 3.0810701
OS 3.7750776 3.0809243
OS 3.774786 3.0804869
OS 3.7742757 3.0799766
OS 3.7739112 3.0798308
OS 3.7735467 3.0797579
OS 3.7734738 3.0797579
OS 3.7732551 3.0798308
OS 3.7729635 3.0799037
OS 3.772599 3.0800495
OS 3.7725261 3.0800495
OS 3.7723803 3.0801953
OS 3.7721616 3.0803411
OS 3.7717971 3.0804869
OS 3.7713597 3.0807056
OS 3.7708494 3.0809243
OS 3.7702662 3.081143
OS 3.7696101 3.0814346
OS 3.7680792 3.0819449
OS 3.7663296 3.0823823
OS 3.7643613 3.0826739
OS 3.7622472 3.0828197
OS 3.761664 3.0828197
OS 3.7610079 3.0827468
OS 3.7602789 3.082601
OS 3.7593312 3.0824552
OS 3.7584564 3.0821636
OS 3.7575087 3.0817262
OS 3.7567068 3.0812159
OS 3.7566339 3.081143
OS 3.7564152 3.0809243
OS 3.7560507 3.0805598
OS 3.7557591 3.0801224
OS 3.7553946 3.0794663
OS 3.7550301 3.0787373
OS 3.7548114 3.0778625
OS 3.7547385 3.0769148
OS 3.7547385 3.0768419
OS 3.7547385 3.0766961
OS 3.7547385 3.0764774
OS 3.7548114 3.0762587
OS 3.7549572 3.0755297
OS 3.7553217 3.0748736
OS 3.7554675 3.0747278
OS 3.7557591 3.0744362
OS 3.7563423 3.0739259
OS 3.7570713 3.0734885
OS 3.7571442 3.0734885
OS 3.75729 3.0734156
OS 3.7574358 3.0733427
OS 3.7577274 3.0731969
OS 3.7584564 3.0729053
OS 3.7594041 3.0726137
OS 3.759477 3.0726137
OS 3.7596957 3.0725408
OS 3.7599873 3.0724679
OS 3.7604247 3.072395
OS 3.7610079 3.0723221
OS 3.761664 3.0721763
OS 3.7624659 3.0720305
OS 3.7633407 3.0718118
OS 3.7634865 3.0718118
OS 3.7637781 3.0717389
OS 3.7642155 3.071666
OS 3.7647987 3.0715931
OS 3.7654548 3.0714473
OS 3.7661109 3.0713015
OS 3.766767 3.0711557
OS 3.7674231 3.0710099
OS 3.767496 3.0710099
OS 3.7677147 3.070937
OS 3.7680063 3.0708641
OS 3.7684437 3.0707912
OS 3.7694643 3.0704267
OS 3.7705578 3.0700622
OS 3.7707036 3.0699893
OS 3.7710681 3.0698435
OS 3.7715784 3.0695519
OS 3.7722345 3.0691874
OS 3.7729635 3.06875
OS 3.7736925 3.0681668
OS 3.7744215 3.0675107
OS 3.7750776 3.0667088
OS 3.7751505 3.0666359
OS 3.7753692 3.0663443
OS 3.7755879 3.065834
OS 3.7759524 3.0651779
OS 3.776244 3.064376
OS 3.7764627 3.0633554
OS 3.7766814 3.062189
OS 3.7767543 3.0608768
OS 3.7767543 3.060731
OS 3.7767543 3.0603665
OS 3.7766814 3.0597833
OS 3.7765356 3.0590543
OS 3.7763898 3.0581795
OS 3.7760982 3.0572318
OS 3.7757337 3.0562841
OS 3.7752234 3.0554093
OS 3.7751505 3.0553364
OS 3.7749318 3.0550448
OS 3.7746402 3.0546074
OS 3.7741299 3.0540971
OS 3.7734738 3.0535139
OS 3.7727448 3.0528578
OS 3.7717971 3.0522746
OS 3.7707765 3.0517643
OS 3.7706307 3.0516914
OS 3.7702662 3.0515456
OS 3.7696101 3.0513998
OS 3.7688082 3.0511811
OS 3.7677147 3.0508895
OS 3.7664754 3.0507437
OS 3.7650903 3.0505979
OS 3.7635594 3.050525
OS 3.7629762 3.050525
OS 3.7623201 3.0505979
OS 3.7614453 3.0506708
OS 3.7604976 3.0507437
OS 3.7593312 3.0508895
OS 3.7581648 3.0511082
OS 3.7569255 3.0513998
OS 3.7567797 3.0514727
OS 3.7563423 3.0515456
OS 3.7557591 3.0517643
OS 3.7549572 3.0520559
OS 3.7540095 3.0524204
OS 3.7530618 3.0528578
OS 3.7520412 3.0533681
OS 3.7510206 3.0539513
OS 3.7509477 3.0539513
OS 3.7508748 3.0540971
OS 3.7505103 3.0543887
OS 3.7501458 3.0549719
OS 3.7500729 3.0552635
OS 3.75 3.055628
OS 3.75 3.0557738
OS 3.7500729 3.0560654
OS 3.7502187 3.0565028
OS 3.7504374 3.057086
OS 3.7504374 3.0571589
OS 3.7505832 3.0573047
OS 3.7508748 3.0577421
OS 3.7513851 3.0581795
OS 3.7516767 3.0583253
OS 3.7520412 3.0583982
OS 3.7523328 3.0583982
OS 3.7526973 3.0582524
OS 3.7530618 3.0581066
OS 3.7531347 3.0580337
OS 3.7534263 3.0578879
OS 3.7539366 3.0575963
OS 3.7545198 3.0573047
OS 3.7552488 3.0568673
OS 3.7561236 3.0565028
OS 3.7569984 3.0561383
OS 3.758019 3.0557738
OS 3.7581648 3.0557738
OS 3.7585293 3.055628
OS 3.7590396 3.0554822
OS 3.7597686 3.0553364
OS 3.7605705 3.0551906
OS 3.7615182 3.0550448
OS 3.7625388 3.0549719
OS 3.7635594 3.054899
OS 3.7642884 3.054899
OS 3.7650174 3.0549719
OS 3.7659651 3.0551177
OS 3.7669857 3.0552635
OS 3.7680063 3.0555551
OS 3.7690269 3.0559925
OS 3.7699017 3.0565028
OS 3.7699746 3.0565757
OS 3.7702662 3.0567944
OS 3.7706307 3.0571589
OS 3.7709952 3.0576692
OS 3.7714326 3.0583253
OS 3.7717242 3.0590543
OS 3.7720158 3.0599291
OS 3.7720887 3.0608768
OS 3.7720887 3.0609497
OS 3.7720887 3.0611684
OS 3.7720158 3.0615329
OS 3.7719429 3.0619703
OS 3.7717242 3.0629909
OS 3.7714326 3.0635012
OS 3.771141 3.0639386
OS 3.7710681 3.0640115
OS 3.7709952 3.0641573
OS 3.7707765 3.064376
OS 3.7704849 3.0645947
OS 3.7701204 3.0648863
OS 3.769683 3.0652508
OS 3.7690998 3.0655424
OS 3.7685166 3.065834
OS 3.7684437 3.065834
OS 3.7682979 3.0659069
OS 3.7680792 3.0659798
OS 3.7677876 3.0661256
OS 3.7669857 3.0664172
OS 3.7659651 3.0666359
OS 3.7658922 3.0666359
OS 3.7657464 3.0667088
OS 3.7654548 3.0667817
OS 3.7650174 3.0668546
OS 3.7645071 3.0670004
OS 3.763851 3.0670733
OS 3.763122 3.0672191
OS 3.7623201 3.0673649
OS 3.7622472 3.0673649
OS 3.7618827 3.0674378
OS 3.7614453 3.0675836
OS 3.7608621 3.0676565
OS 3.760206 3.0678023
OS 3.7595499 3.0679481
OS 3.7588209 3.0680939
OS 3.7581648 3.0682397
OS 3.7580919 3.0682397
OS 3.7578732 3.0683126
OS 3.7575816 3.0683855
OS 3.7571442 3.0685313
OS 3.7561236 3.0688958
OS 3.7550301 3.0693332
OS 3.7549572 3.0694061
OS 3.7546656 3.0695519
OS 3.7542282 3.0697706
OS 3.7537179 3.0700622
OS 3.7531347 3.0704996
OS 3.7524786 3.070937
OS 3.7518954 3.0715202
OS 3.7513851 3.0721763
OS 3.7513122 3.0722492
OS 3.7511664 3.0725408
OS 3.7510206 3.0729053
OS 3.7508019 3.0734885
OS 3.7505103 3.0741446
OS 3.7503645 3.0749465
OS 3.7502187 3.0758942
OS 3.7501458 3.0769148
OS 3.7501458 3.0769877
OS 3.7501458 3.0770606
OS 3.7501458 3.0774251
OS 3.7502187 3.0780812
OS 3.7503645 3.0788102
OS 3.7505103 3.079685
OS 3.7508019 3.0806327
OS 3.7511664 3.0815804
OS 3.7516767 3.0824552
OS 3.7517496 3.0825281
OS 3.7519683 3.0828197
OS 3.7523328 3.0832571
OS 3.7527702 3.0837674
OS 3.7533534 3.0843506
OS 3.7540824 3.0849338
OS 3.7549572 3.085517
OS 3.7559049 3.0860273
OS 3.7560507 3.0861002
OS 3.7564152 3.086246
OS 3.7569984 3.0863918
OS 3.7577274 3.0866834
OS 3.7586751 3.0869021
OS 3.7597686 3.0870479
OS 3.760935 3.0871937
OS 3.7622472 3.0872666
OS 3.7629033 3.0872666
OS 3.7634136 3.0871937
OE
OB 3.8011758 3.0871937 I
OS 3.8016861 3.0871208
OS 3.8027796 3.086975
OS 3.8040918 3.0866834
OS 3.805404 3.0863189
OS 3.8067891 3.0857357
OS 3.8081742 3.0849338
OS 3.8082471 3.0849338
OS 3.80832 3.0848609
OS 3.8087574 3.0844964
OS 3.8094135 3.0839861
OS 3.8102154 3.0832571
OS 3.8110902 3.0823823
OS 3.8120379 3.0812159
OS 3.8129127 3.0799766
OS 3.8137146 3.0784457
OS 3.8137146 3.0783728
OS 3.8137875 3.078227
OS 3.8139333 3.0780083
OS 3.8140062 3.0777167
OS 3.814152 3.0773522
OS 3.8143707 3.0768419
OS 3.8147352 3.0756755
OS 3.8150268 3.0742904
OS 3.8153913 3.0726137
OS 3.81561 3.0707912
OS 3.8156829 3.0688229
OS 3.8156829 3.06875
OS 3.8156829 3.0686042
OS 3.8156829 3.0683126
OS 3.8156829 3.0678752
OS 3.81561 3.0674378
OS 3.81561 3.0668546
OS 3.8154642 3.0655424
OS 3.8151726 3.0640844
OS 3.814881 3.0624806
OS 3.8143707 3.0608039
OS 3.8137146 3.0592001
OS 3.8137146 3.0591272
OS 3.8136417 3.0590543
OS 3.8134959 3.0588356
OS 3.8133501 3.058544
OS 3.8129127 3.0577421
OS 3.8122566 3.0568673
OS 3.8115276 3.0557738
OS 3.8105799 3.0547532
OS 3.8094135 3.0537326
OS 3.8081742 3.0527849
OS 3.8081013 3.0527849
OS 3.8080284 3.052712
OS 3.8078097 3.0525662
OS 3.807591 3.0524204
OS 3.8067891 3.0520559
OS 3.8058414 3.0516914
OS 3.804675 3.051254
OS 3.8032899 3.0508895
OS 3.8016861 3.0505979
OS 3.8000094 3.050525
OS 3.799572 3.050525
OS 3.7992075 3.0505979
OS 3.798843 3.0505979
OS 3.7983327 3.0506708
OS 3.7972392 3.0508166
OS 3.795927 3.0511082
OS 3.7945419 3.0514727
OS 3.7931568 3.0520559
OS 3.7917717 3.0527849
OS 3.7916988 3.0527849
OS 3.7916259 3.0528578
OS 3.7911885 3.0532223
OS 3.7905324 3.0537326
OS 3.7898034 3.0544616
OS 3.7889286 3.0553364
OS 3.7879809 3.0564299
OS 3.7871061 3.0577421
OS 3.7863042 3.0592001
OS 3.7863042 3.059273
OS 3.7862313 3.0594188
OS 3.7861584 3.0596375
OS 3.7860126 3.0599291
OS 3.7858668 3.0603665
OS 3.7856481 3.0608039
OS 3.7853565 3.0619703
OS 3.784992 3.0633554
OS 3.7846275 3.0650321
OS 3.7844088 3.0668546
OS 3.7843359 3.0688229
OS 3.7843359 3.0688958
OS 3.7843359 3.0690416
OS 3.7843359 3.0693332
OS 3.7843359 3.0697706
OS 3.7844088 3.070208
OS 3.7844088 3.0707912
OS 3.7845546 3.0721034
OS 3.7848462 3.0735614
OS 3.7851378 3.0751652
OS 3.7856481 3.0768419
OS 3.7863042 3.0784457
OS 3.7863042 3.0785186
OS 3.7863771 3.0786644
OS 3.7865229 3.0788831
OS 3.7866687 3.0791747
OS 3.7871061 3.0799037
OS 3.7877622 3.0808514
OS 3.7884912 3.081872
OS 3.7894389 3.0829655
OS 3.7905324 3.0839861
OS 3.7917717 3.0849338
OS 3.7918446 3.0849338
OS 3.7919175 3.0850067
OS 3.7921362 3.0851525
OS 3.7924278 3.0852983
OS 3.7931568 3.0856628
OS 3.7941774 3.0861002
OS 3.7953438 3.0865376
OS 3.7967289 3.0869021
OS 3.7983327 3.0871937
OS 3.8000094 3.0872666
OS 3.8008113 3.0872666
OS 3.8011758 3.0871937
OE
OB 3.8758254 3.0807785 H
OS 3.8652549 3.0644489
OS 3.8755338 3.0644489
OS 3.8758254 3.0807785
OE
OB 3.8000094 3.0828197 H
OS 3.7994262 3.0828197
OS 3.798843 3.0827468
OS 3.7980411 3.082601
OS 3.7971663 3.0823823
OS 3.7961457 3.0820907
OS 3.795198 3.0817262
OS 3.7941774 3.081143
OS 3.7941045 3.0810701
OS 3.79374 3.0808514
OS 3.7933026 3.080414
OS 3.7927923 3.0799037
OS 3.7921362 3.0792476
OS 3.7914801 3.0783728
OS 3.7908969 3.0774251
OS 3.7903137 3.0762587
OS 3.7902408 3.0761129
OS 3.790095 3.0756755
OS 3.7898763 3.0750194
OS 3.7896576 3.0741446
OS 3.789366 3.0730511
OS 3.7891473 3.0718118
OS 3.7890015 3.0703538
OS 3.7889286 3.0688229
OS 3.7889286 3.06875
OS 3.7889286 3.0686042
OS 3.7889286 3.0683855
OS 3.7889286 3.0680939
OS 3.7890015 3.067292
OS 3.7890744 3.0663443
OS 3.7892931 3.0651779
OS 3.7895118 3.0639386
OS 3.7898763 3.0626264
OS 3.7903137 3.0613871
OS 3.7903866 3.0612413
OS 3.7906053 3.0608768
OS 3.7908969 3.0602936
OS 3.7913343 3.0596375
OS 3.7918446 3.0588356
OS 3.7925007 3.0580337
OS 3.7933026 3.0572318
OS 3.7941774 3.0565757
OS 3.7943232 3.0565028
OS 3.7946148 3.0562841
OS 3.7951251 3.0560654
OS 3.7958541 3.0557738
OS 3.7967289 3.0554093
OS 3.7976766 3.0551906
OS 3.7987701 3.0549719
OS 3.8000094 3.054899
OS 3.8005926 3.054899
OS 3.8011758 3.0549719
OS 3.8019777 3.0551177
OS 3.8029254 3.0553364
OS 3.8038731 3.055628
OS 3.8048937 3.0559925
OS 3.8058414 3.0565757
OS 3.8059872 3.0566486
OS 3.8062788 3.0568673
OS 3.8067162 3.0573047
OS 3.8072265 3.057815
OS 3.8078826 3.0584711
OS 3.8085387 3.0593459
OS 3.8091219 3.0602936
OS 3.8097051 3.0613871
OS 3.8097051 3.06146
OS 3.809778 3.0615329
OS 3.8099238 3.0619703
OS 3.8101425 3.0626264
OS 3.8104341 3.0635012
OS 3.8106528 3.0645947
OS 3.8108715 3.0659069
OS 3.8110173 3.067292
OS 3.8110902 3.0688229
OS 3.8110902 3.0688958
OS 3.8110902 3.0690416
OS 3.8110902 3.0692603
OS 3.8110902 3.0695519
OS 3.8110173 3.0703538
OS 3.8109444 3.0713744
OS 3.8107257 3.0725408
OS 3.810507 3.0737801
OS 3.8101425 3.0750194
OS 3.8097051 3.0762587
OS 3.8097051 3.0763316
OS 3.8096322 3.0764045
OS 3.8094864 3.076769
OS 3.8091219 3.0773522
OS 3.8086845 3.0780812
OS 3.8081742 3.0788831
OS 3.8075181 3.079685
OS 3.8067162 3.0804869
OS 3.8058414 3.081143
OS 3.8056956 3.0812159
OS 3.805404 3.0814346
OS 3.8048937 3.0816533
OS 3.8041647 3.0820178
OS 3.8033628 3.0823094
OS 3.8023422 3.0825281
OS 3.8012487 3.0827468
OS 3.8000094 3.0828197
OE
SE
S P 0
OB 4.1002351 0.3312882 I
OS 4.101037 0.3312153
OS 4.1019847 0.3310695
OS 4.1030053 0.3308508
OS 4.1040259 0.3305592
OS 4.1050465 0.3301218
OS 4.1051923 0.3300489
OS 4.1054839 0.3299031
OS 4.1059213 0.3296115
OS 4.1065045 0.3291741
OS 4.1071606 0.3286638
OS 4.1078167 0.3280806
OS 4.1084728 0.3273516
OS 4.109056 0.3264768
OS 4.1091289 0.3264039
OS 4.1092747 0.3260394
OS 4.1094934 0.325602
OS 4.109785 0.324873
OS 4.1100037 0.3240711
OS 4.1102224 0.3231234
OS 4.1103682 0.3220299
OS 4.1104411 0.3208635
OS 4.1104411 0.3207177
OS 4.1104411 0.3203532
OS 4.1103682 0.31977
OS 4.1102953 0.319041
OS 4.1100766 0.3181662
OS 4.1098579 0.3172185
OS 4.1094934 0.3162708
OS 4.1089831 0.3152502
OS 4.1089102 0.3151044
OS 4.1086915 0.3148128
OS 4.108327 0.3143025
OS 4.1078896 0.3135735
OS 4.1072335 0.3126987
OS 4.1064316 0.311751
OS 4.1054839 0.3106575
OS 4.1043904 0.3094911
OS 4.0945489 0.2995767
OS 4.1100037 0.2995767
OS 4.1104411 0.2995038
OS 4.1108785 0.299358
OS 4.1113159 0.2990664
OS 4.1113888 0.2989935
OS 4.1115346 0.2987019
OS 4.1116804 0.2981187
OS 4.1117533 0.2973897
OS 4.1117533 0.2973168
OS 4.1117533 0.297171
OS 4.1116804 0.2967336
OS 4.1116075 0.2962233
OS 4.1113159 0.295713
OS 4.111243 0.2956401
OS 4.1109514 0.2954943
OS 4.110514 0.2953485
OS 4.1098579 0.2952756
OS 4.0890085 0.2952756
OS 4.0885711 0.2953485
OS 4.0881337 0.2954943
OS 4.0876963 0.295713
OS 4.0876234 0.2957859
OS 4.0874776 0.2960775
OS 4.0873318 0.2965149
OS 4.0872589 0.2972439
OS 4.0872589 0.2973168
OS 4.0872589 0.2974626
OS 4.0873318 0.2979
OS 4.0874776 0.2984103
OS 4.0876963 0.2988477
OS 4.1008912 0.3121884
OS 4.101037 0.3123342
OS 4.1013286 0.3126258
OS 4.1018389 0.3131361
OS 4.1023492 0.3137922
OS 4.1030053 0.3145212
OS 4.1036614 0.3153231
OS 4.1041717 0.316125
OS 4.104682 0.316854
OS 4.1047549 0.3169269
OS 4.1049007 0.3172185
OS 4.1050465 0.317583
OS 4.1052652 0.3180933
OS 4.1054839 0.3186765
OS 4.1057026 0.3193326
OS 4.1057755 0.3200616
OS 4.1058484 0.3208635
OS 4.1058484 0.3210093
OS 4.1058484 0.3213009
OS 4.1057755 0.3218841
OS 4.1056297 0.3224673
OS 4.105411 0.3231963
OS 4.1050465 0.3239253
OS 4.1046091 0.3246543
OS 4.1040259 0.3253104
OS 4.103953 0.3253833
OS 4.1037343 0.3255291
OS 4.1032969 0.3258207
OS 4.1027866 0.3261123
OS 4.1020576 0.3264039
OS 4.1011828 0.3266955
OS 4.1002351 0.3268413
OS 4.0990687 0.3269142
OS 4.0983397 0.3269142
OS 4.0978294 0.3268413
OS 4.0971733 0.3267684
OS 4.0965172 0.3266226
OS 4.0949134 0.3261852
OS 4.0948405 0.3261852
OS 4.0945489 0.3260394
OS 4.0941844 0.3258936
OS 4.0936012 0.3256749
OS 4.093018 0.3253833
OS 4.0923619 0.3250188
OS 4.0909768 0.324144
OS 4.0909039 0.3240711
OS 4.0906852 0.3239982
OS 4.0903207 0.3238524
OS 4.0899562 0.3237795
OS 4.0898104 0.3237795
OS 4.089373 0.3239253
OS 4.0890814 0.3240711
OS 4.0887898 0.3242898
OS 4.0884982 0.3245814
OS 4.0882066 0.3250188
OS 4.0882066 0.3250917
OS 4.0881337 0.3251646
OS 4.0879879 0.3255291
OS 4.0877692 0.3259665
OS 4.0876963 0.3264768
OS 4.0876963 0.3265497
OS 4.0876963 0.3266226
OS 4.0878421 0.3269871
OS 4.0880608 0.3274245
OS 4.0882795 0.3277161
OS 4.0885711 0.3279348
OS 4.088644 0.3280077
OS 4.0889356 0.3282264
OS 4.0894459 0.328518
OS 4.0900291 0.3288825
OS 4.090831 0.329247
OS 4.0916329 0.3296844
OS 4.0925806 0.3300489
OS 4.0936012 0.3304134
OS 4.093747 0.3304863
OS 4.0941115 0.3305592
OS 4.0946218 0.330705
OS 4.0953508 0.3309237
OS 4.0961527 0.3310695
OS 4.0970275 0.3312153
OS 4.0980481 0.3312882
OS 4.0989958 0.3313611
OS 4.099579 0.3313611
OS 4.1002351 0.3312882
OE
OB 4.0764697 0.3306321 I
OS 4.0769071 0.3304863
OS 4.0773445 0.3301947
OS 4.0774174 0.3301218
OS 4.0775632 0.3298302
OS 4.077709 0.329247
OS 4.0777819 0.328518
OS 4.0777819 0.3284451
OS 4.0777819 0.3282993
OS 4.077709 0.3278619
OS 4.0776361 0.3273516
OS 4.0773445 0.3268413
OS 4.0772716 0.3267684
OS 4.07698 0.3266226
OS 4.0765426 0.3264768
OS 4.0758865 0.3264039
OS 4.065316 0.3264039
OS 4.065316 0.2968794
OS 4.065316 0.2968065
OS 4.065316 0.2967336
OS 4.0652431 0.2962962
OS 4.0650973 0.2958588
OS 4.0648057 0.2954214
OS 4.0647328 0.2953485
OS 4.0643683 0.2952027
OS 4.063858 0.2950569
OS 4.0630561 0.294984
OS 4.0628374 0.294984
OS 4.0624 0.2950569
OS 4.0618168 0.2952027
OS 4.0613065 0.2954214
OS 4.0612336 0.2954943
OS 4.0610878 0.2957859
OS 4.0608691 0.2962233
OS 4.0607962 0.2968794
OS 4.0607962 0.3264039
OS 4.0500799 0.3264039
OS 4.0496425 0.3264768
OS 4.0492051 0.3266226
OS 4.0487677 0.3268413
OS 4.0486948 0.3269142
OS 4.048549 0.3272787
OS 4.0484032 0.327789
OS 4.0483303 0.328518
OS 4.0483303 0.3285909
OS 4.0483303 0.3287367
OS 4.0484032 0.3291741
OS 4.048549 0.3296844
OS 4.0487677 0.3301947
OS 4.0488406 0.3302676
OS 4.0491322 0.3304863
OS 4.0495696 0.3306321
OS 4.0502257 0.330705
OS 4.0760323 0.330705
OS 4.0764697 0.3306321
OE
OB 4.0275538 0.3312882 I
OS 4.0280641 0.3312153
OS 4.0291576 0.3310695
OS 4.0304698 0.3307779
OS 4.031782 0.3304134
OS 4.0331671 0.3298302
OS 4.0345522 0.3290283
OS 4.0346251 0.3290283
OS 4.034698 0.3289554
OS 4.0351354 0.3285909
OS 4.0357915 0.3280806
OS 4.0365934 0.3273516
OS 4.0374682 0.3264768
OS 4.0384159 0.3253104
OS 4.0392907 0.3240711
OS 4.0400926 0.3225402
OS 4.0400926 0.3224673
OS 4.0401655 0.3223215
OS 4.0403113 0.3221028
OS 4.0403842 0.3218112
OS 4.04053 0.3214467
OS 4.0407487 0.3209364
OS 4.0411132 0.31977
OS 4.0414048 0.3183849
OS 4.0417693 0.3167082
OS 4.041988 0.3148857
OS 4.0420609 0.3129174
OS 4.0420609 0.3128445
OS 4.0420609 0.3126987
OS 4.0420609 0.3124071
OS 4.0420609 0.3119697
OS 4.041988 0.3115323
OS 4.041988 0.3109491
OS 4.0418422 0.3096369
OS 4.0415506 0.3081789
OS 4.041259 0.3065751
OS 4.0407487 0.3048984
OS 4.0400926 0.3032946
OS 4.0400926 0.3032217
OS 4.0400197 0.3031488
OS 4.0398739 0.3029301
OS 4.0397281 0.3026385
OS 4.0392907 0.3018366
OS 4.0386346 0.3009618
OS 4.0379056 0.2998683
OS 4.0369579 0.2988477
OS 4.0357915 0.2978271
OS 4.0345522 0.2968794
OS 4.0344793 0.2968794
OS 4.0344064 0.2968065
OS 4.0341877 0.2966607
OS 4.033969 0.2965149
OS 4.0331671 0.2961504
OS 4.0322194 0.2957859
OS 4.031053 0.2953485
OS 4.0296679 0.294984
OS 4.0280641 0.2946924
OS 4.0263874 0.2946195
OS 4.02595 0.2946195
OS 4.0255855 0.2946924
OS 4.025221 0.2946924
OS 4.0247107 0.2947653
OS 4.0236172 0.2949111
OS 4.022305 0.2952027
OS 4.0209199 0.2955672
OS 4.0195348 0.2961504
OS 4.0181497 0.2968794
OS 4.0180768 0.2968794
OS 4.0180039 0.2969523
OS 4.0175665 0.2973168
OS 4.0169104 0.2978271
OS 4.0161814 0.2985561
OS 4.0153066 0.2994309
OS 4.0143589 0.3005244
OS 4.0134841 0.3018366
OS 4.0126822 0.3032946
OS 4.0126822 0.3033675
OS 4.0126093 0.3035133
OS 4.0125364 0.303732
OS 4.0123906 0.3040236
OS 4.0122448 0.304461
OS 4.0120261 0.3048984
OS 4.0117345 0.3060648
OS 4.01137 0.3074499
OS 4.0110055 0.3091266
OS 4.0107868 0.3109491
OS 4.0107139 0.3129174
OS 4.0107139 0.3129903
OS 4.0107139 0.3131361
OS 4.0107139 0.3134277
OS 4.0107139 0.3138651
OS 4.0107868 0.3143025
OS 4.0107868 0.3148857
OS 4.0109326 0.3161979
OS 4.0112242 0.3176559
OS 4.0115158 0.3192597
OS 4.0120261 0.3209364
OS 4.0126822 0.3225402
OS 4.0126822 0.3226131
OS 4.0127551 0.3227589
OS 4.0129009 0.3229776
OS 4.0130467 0.3232692
OS 4.0134841 0.3239982
OS 4.0141402 0.3249459
OS 4.0148692 0.3259665
OS 4.0158169 0.32706
OS 4.0169104 0.3280806
OS 4.0181497 0.3290283
OS 4.0182226 0.3290283
OS 4.0182955 0.3291012
OS 4.0185142 0.329247
OS 4.0188058 0.3293928
OS 4.0195348 0.3297573
OS 4.0205554 0.3301947
OS 4.0217218 0.3306321
OS 4.0231069 0.3309966
OS 4.0247107 0.3312882
OS 4.0263874 0.3313611
OS 4.0271893 0.3313611
OS 4.0275538 0.3312882
OE
OB 3.9897916 0.3312882 I
OS 3.9904477 0.3312882
OS 3.9911038 0.3312153
OS 3.9919057 0.3311424
OS 3.9927805 0.3309966
OS 3.9947488 0.3306321
OS 3.99679 0.3301218
OS 3.9988312 0.3293928
OS 4.0008724 0.3283722
OS 4.0009453 0.3283722
OS 4.0010182 0.3282264
OS 4.0014556 0.3279348
OS 4.0018201 0.3274245
OS 4.001893 0.32706
OS 4.0019659 0.3266955
OS 4.0019659 0.3265497
OS 4.001893 0.3262581
OS 4.0018201 0.3258207
OS 4.0016014 0.3252375
OS 4.0016014 0.3251646
OS 4.0014556 0.3250188
OS 4.001164 0.3245814
OS 4.0006537 0.3240711
OS 4.0002892 0.3239253
OS 3.9999247 0.3238524
OS 3.9998518 0.3238524
OS 3.9996331 0.3239253
OS 3.9993415 0.3239982
OS 3.998977 0.324144
OS 3.9989041 0.324144
OS 3.9987583 0.3242898
OS 3.9985396 0.3244356
OS 3.9981751 0.3245814
OS 3.9977377 0.3248001
OS 3.9972274 0.3250188
OS 3.9966442 0.3252375
OS 3.9959881 0.3255291
OS 3.9944572 0.3260394
OS 3.9927076 0.3264768
OS 3.9907393 0.3267684
OS 3.9886252 0.3269142
OS 3.988042 0.3269142
OS 3.9873859 0.3268413
OS 3.9866569 0.3266955
OS 3.9857092 0.3265497
OS 3.9848344 0.3262581
OS 3.9838867 0.3258207
OS 3.9830848 0.3253104
OS 3.9830119 0.3252375
OS 3.9827932 0.3250188
OS 3.9824287 0.3246543
OS 3.9821371 0.3242169
OS 3.9817726 0.3235608
OS 3.9814081 0.3228318
OS 3.9811894 0.321957
OS 3.9811165 0.3210093
OS 3.9811165 0.3209364
OS 3.9811165 0.3207906
OS 3.9811165 0.3205719
OS 3.9811894 0.3203532
OS 3.9813352 0.3196242
OS 3.9816997 0.3189681
OS 3.9818455 0.3188223
OS 3.9821371 0.3185307
OS 3.9827203 0.3180204
OS 3.9834493 0.317583
OS 3.9835222 0.317583
OS 3.983668 0.3175101
OS 3.9838138 0.3174372
OS 3.9841054 0.3172914
OS 3.9848344 0.3169998
OS 3.9857821 0.3167082
OS 3.985855 0.3167082
OS 3.9860737 0.3166353
OS 3.9863653 0.3165624
OS 3.9868027 0.3164895
OS 3.9873859 0.3164166
OS 3.988042 0.3162708
OS 3.9888439 0.316125
OS 3.9897187 0.3159063
OS 3.9898645 0.3159063
OS 3.9901561 0.3158334
OS 3.9905935 0.3157605
OS 3.9911767 0.3156876
OS 3.9918328 0.3155418
OS 3.9924889 0.315396
OS 3.993145 0.3152502
OS 3.9938011 0.3151044
OS 3.993874 0.3151044
OS 3.9940927 0.3150315
OS 3.9943843 0.3149586
OS 3.9948217 0.3148857
OS 3.9958423 0.3145212
OS 3.9969358 0.3141567
OS 3.9970816 0.3140838
OS 3.9974461 0.313938
OS 3.9979564 0.3136464
OS 3.9986125 0.3132819
OS 3.9993415 0.3128445
OS 4.0000705 0.3122613
OS 4.0007995 0.3116052
OS 4.0014556 0.3108033
OS 4.0015285 0.3107304
OS 4.0017472 0.3104388
OS 4.0019659 0.3099285
OS 4.0023304 0.3092724
OS 4.002622 0.3084705
OS 4.0028407 0.3074499
OS 4.0030594 0.3062835
OS 4.0031323 0.3049713
OS 4.0031323 0.3048255
OS 4.0031323 0.304461
OS 4.0030594 0.3038778
OS 4.0029136 0.3031488
OS 4.0027678 0.302274
OS 4.0024762 0.3013263
OS 4.0021117 0.3003786
OS 4.0016014 0.2995038
OS 4.0015285 0.2994309
OS 4.0013098 0.2991393
OS 4.0010182 0.2987019
OS 4.0005079 0.2981916
OS 3.9998518 0.2976084
OS 3.9991228 0.2969523
OS 3.9981751 0.2963691
OS 3.9971545 0.2958588
OS 3.9970087 0.2957859
OS 3.9966442 0.2956401
OS 3.9959881 0.2954943
OS 3.9951862 0.2952756
OS 3.9940927 0.294984
OS 3.9928534 0.2948382
OS 3.9914683 0.2946924
OS 3.9899374 0.2946195
OS 3.9893542 0.2946195
OS 3.9886981 0.2946924
OS 3.9878233 0.2947653
OS 3.9868756 0.2948382
OS 3.9857092 0.294984
OS 3.9845428 0.2952027
OS 3.9833035 0.2954943
OS 3.9831577 0.2955672
OS 3.9827203 0.2956401
OS 3.9821371 0.2958588
OS 3.9813352 0.2961504
OS 3.9803875 0.2965149
OS 3.9794398 0.2969523
OS 3.9784192 0.2974626
OS 3.9773986 0.2980458
OS 3.9773257 0.2980458
OS 3.9772528 0.2981916
OS 3.9768883 0.2984832
OS 3.9765238 0.2990664
OS 3.9764509 0.299358
OS 3.976378 0.2997225
OS 3.976378 0.2998683
OS 3.9764509 0.3001599
OS 3.9765967 0.3005973
OS 3.9768154 0.3011805
OS 3.9768154 0.3012534
OS 3.9769612 0.3013992
OS 3.9772528 0.3018366
OS 3.9777631 0.302274
OS 3.9780547 0.3024198
OS 3.9784192 0.3024927
OS 3.9787108 0.3024927
OS 3.9790753 0.3023469
OS 3.9794398 0.3022011
OS 3.9795127 0.3021282
OS 3.9798043 0.3019824
OS 3.9803146 0.3016908
OS 3.9808978 0.3013992
OS 3.9816268 0.3009618
OS 3.9825016 0.3005973
OS 3.9833764 0.3002328
OS 3.984397 0.2998683
OS 3.9845428 0.2998683
OS 3.9849073 0.2997225
OS 3.9854176 0.2995767
OS 3.9861466 0.2994309
OS 3.9869485 0.2992851
OS 3.9878962 0.2991393
OS 3.9889168 0.2990664
OS 3.9899374 0.2989935
OS 3.9906664 0.2989935
OS 3.9913954 0.2990664
OS 3.9923431 0.2992122
OS 3.9933637 0.299358
OS 3.9943843 0.2996496
OS 3.9954049 0.300087
OS 3.9962797 0.3005973
OS 3.9963526 0.3006702
OS 3.9966442 0.3008889
OS 3.9970087 0.3012534
OS 3.9973732 0.3017637
OS 3.9978106 0.3024198
OS 3.9981022 0.3031488
OS 3.9983938 0.3040236
OS 3.9984667 0.3049713
OS 3.9984667 0.3050442
OS 3.9984667 0.3052629
OS 3.9983938 0.3056274
OS 3.9983209 0.3060648
OS 3.9981022 0.3070854
OS 3.9978106 0.3075957
OS 3.997519 0.3080331
OS 3.9974461 0.308106
OS 3.9973732 0.3082518
OS 3.9971545 0.3084705
OS 3.9968629 0.3086892
OS 3.9964984 0.3089808
OS 3.996061 0.3093453
OS 3.9954778 0.3096369
OS 3.9948946 0.3099285
OS 3.9948217 0.3099285
OS 3.9946759 0.3100014
OS 3.9944572 0.3100743
OS 3.9941656 0.3102201
OS 3.9933637 0.3105117
OS 3.9923431 0.3107304
OS 3.9922702 0.3107304
OS 3.9921244 0.3108033
OS 3.9918328 0.3108762
OS 3.9913954 0.3109491
OS 3.9908851 0.3110949
OS 3.990229 0.3111678
OS 3.9895 0.3113136
OS 3.9886981 0.3114594
OS 3.9886252 0.3114594
OS 3.9882607 0.3115323
OS 3.9878233 0.3116781
OS 3.9872401 0.311751
OS 3.986584 0.3118968
OS 3.9859279 0.3120426
OS 3.9851989 0.3121884
OS 3.9845428 0.3123342
OS 3.9844699 0.3123342
OS 3.9842512 0.3124071
OS 3.9839596 0.31248
OS 3.9835222 0.3126258
OS 3.9825016 0.3129903
OS 3.9814081 0.3134277
OS 3.9813352 0.3135006
OS 3.9810436 0.3136464
OS 3.9806062 0.3138651
OS 3.9800959 0.3141567
OS 3.9795127 0.3145941
OS 3.9788566 0.3150315
OS 3.9782734 0.3156147
OS 3.9777631 0.3162708
OS 3.9776902 0.3163437
OS 3.9775444 0.3166353
OS 3.9773986 0.3169998
OS 3.9771799 0.317583
OS 3.9768883 0.3182391
OS 3.9767425 0.319041
OS 3.9765967 0.3199887
OS 3.9765238 0.3210093
OS 3.9765238 0.3210822
OS 3.9765238 0.3211551
OS 3.9765238 0.3215196
OS 3.9765967 0.3221757
OS 3.9767425 0.3229047
OS 3.9768883 0.3237795
OS 3.9771799 0.3247272
OS 3.9775444 0.3256749
OS 3.9780547 0.3265497
OS 3.9781276 0.3266226
OS 3.9783463 0.3269142
OS 3.9787108 0.3273516
OS 3.9791482 0.3278619
OS 3.9797314 0.3284451
OS 3.9804604 0.3290283
OS 3.9813352 0.3296115
OS 3.9822829 0.3301218
OS 3.9824287 0.3301947
OS 3.9827932 0.3303405
OS 3.9833764 0.3304863
OS 3.9841054 0.3307779
OS 3.9850531 0.3309966
OS 3.9861466 0.3311424
OS 3.987313 0.3312882
OS 3.9886252 0.3313611
OS 3.9892813 0.3313611
OS 3.9897916 0.3312882
OE
OB 4.1366122 0.3312882 I
OS 4.1374141 0.3312153
OS 4.1383618 0.3310695
OS 4.1393095 0.3308508
OS 4.1403301 0.3305592
OS 4.1413507 0.3301218
OS 4.1414965 0.3300489
OS 4.1417881 0.3299031
OS 4.1422255 0.3296115
OS 4.1428087 0.329247
OS 4.1434648 0.3288096
OS 4.1441209 0.3281535
OS 4.144777 0.3274974
OS 4.1453602 0.3266955
OS 4.1454331 0.3266226
OS 4.1455789 0.326331
OS 4.1457976 0.3258207
OS 4.1460892 0.3252375
OS 4.1463079 0.3245085
OS 4.1465266 0.3235608
OS 4.1466724 0.3226131
OS 4.1467453 0.3215196
OS 4.1467453 0.3213738
OS 4.1467453 0.3210822
OS 4.1466724 0.3205719
OS 4.1465995 0.3199887
OS 4.1464537 0.3192597
OS 4.146235 0.3185307
OS 4.1459434 0.3177288
OS 4.145506 0.3169998
OS 4.1454331 0.3169269
OS 4.1452873 0.3167082
OS 4.1449957 0.3163437
OS 4.1446312 0.3159792
OS 4.1441938 0.3154689
OS 4.1436106 0.3150315
OS 4.1429545 0.3145212
OS 4.1422255 0.3140838
OS 4.1423713 0.3140109
OS 4.1426629 0.3138651
OS 4.1431003 0.3136464
OS 4.1437564 0.3132819
OS 4.1444125 0.3127716
OS 4.1450686 0.3122613
OS 4.1457247 0.3116052
OS 4.1463079 0.3108033
OS 4.1463808 0.3107304
OS 4.1465266 0.3104388
OS 4.1468182 0.3099285
OS 4.1471098 0.3093453
OS 4.1473285 0.3085434
OS 4.1476201 0.3076686
OS 4.1477659 0.306648
OS 4.1478388 0.3055545
OS 4.1478388 0.3054087
OS 4.1478388 0.3049713
OS 4.1477659 0.3043881
OS 4.147693 0.3035862
OS 4.1474743 0.3027114
OS 4.1472556 0.3017637
OS 4.1468911 0.3007431
OS 4.1463808 0.2997954
OS 4.1463079 0.2997225
OS 4.1460892 0.299358
OS 4.1457976 0.2989206
OS 4.1453602 0.2984103
OS 4.144777 0.2977542
OS 4.144048 0.2970981
OS 4.1431732 0.2965149
OS 4.1422255 0.2959317
OS 4.1420797 0.2958588
OS 4.1417152 0.295713
OS 4.141132 0.2954943
OS 4.1403301 0.2952756
OS 4.1393824 0.2950569
OS 4.1382889 0.2948382
OS 4.1369767 0.2946924
OS 4.1355916 0.2946195
OS 4.1350813 0.2946195
OS 4.1344981 0.2946924
OS 4.1337691 0.2947653
OS 4.1328943 0.2948382
OS 4.1318737 0.2950569
OS 4.1307802 0.2952756
OS 4.1296867 0.2955672
OS 4.1295409 0.2956401
OS 4.1291764 0.2957859
OS 4.1285932 0.2960046
OS 4.1279371 0.2962962
OS 4.1270623 0.2966607
OS 4.1261875 0.297171
OS 4.1252398 0.2977542
OS 4.124365 0.2983374
OS 4.1242192 0.2984832
OS 4.1239276 0.2987748
OS 4.123636 0.2992851
OS 4.1235631 0.2995767
OS 4.1234902 0.2998683
OS 4.1234902 0.2999412
OS 4.1235631 0.3003057
OS 4.1237089 0.3007431
OS 4.1240005 0.3013263
OS 4.1240005 0.3013992
OS 4.1241463 0.301545
OS 4.1245108 0.3019824
OS 4.1250211 0.3023469
OS 4.1253127 0.3024927
OS 4.1256772 0.3025656
OS 4.1257501 0.3025656
OS 4.1259688 0.3024927
OS 4.1263333 0.3024198
OS 4.1266978 0.3022011
OS 4.1267707 0.3021282
OS 4.1270623 0.3019824
OS 4.1274268 0.3016908
OS 4.1279371 0.3013263
OS 4.1285932 0.3009618
OS 4.1293222 0.3005244
OS 4.130926 0.2997954
OS 4.1309989 0.2997954
OS 4.1313634 0.2996496
OS 4.1318008 0.2995767
OS 4.132384 0.2994309
OS 4.133113 0.2992851
OS 4.1339149 0.2991393
OS 4.1347168 0.2990664
OS 4.1355916 0.2989935
OS 4.1361748 0.2989935
OS 4.1369038 0.2990664
OS 4.1377057 0.2992122
OS 4.1385805 0.2994309
OS 4.1395282 0.2997225
OS 4.1404759 0.3001599
OS 4.1412778 0.3007431
OS 4.1413507 0.300816
OS 4.1415694 0.3010347
OS 4.1419339 0.3014721
OS 4.1422984 0.3019824
OS 4.14259 0.3027114
OS 4.1429545 0.3035133
OS 4.1431732 0.304461
OS 4.1432461 0.3055545
OS 4.1432461 0.3057003
OS 4.1432461 0.3060648
OS 4.1431732 0.3065751
OS 4.1430274 0.3073041
OS 4.1427358 0.3080331
OS 4.1424442 0.308835
OS 4.1419339 0.309564
OS 4.1412778 0.3102201
OS 4.1412049 0.310293
OS 4.1409133 0.3104388
OS 4.1404759 0.3107304
OS 4.1398198 0.311022
OS 4.1390908 0.3113136
OS 4.1381431 0.3116052
OS 4.1369767 0.311751
OS 4.1357374 0.3118239
OS 4.1334775 0.3118239
OS 4.1330401 0.3118968
OS 4.1326027 0.3120426
OS 4.1321653 0.3122613
OS 4.1320924 0.3123342
OS 4.1319466 0.3126258
OS 4.1318008 0.3131361
OS 4.1317279 0.3138651
OS 4.1317279 0.313938
OS 4.1317279 0.3140109
OS 4.1318008 0.3144483
OS 4.1319466 0.3149586
OS 4.1321653 0.315396
OS 4.1322382 0.3154689
OS 4.1325298 0.3156876
OS 4.1329672 0.3158334
OS 4.1336233 0.3159063
OS 4.1358103 0.3159063
OS 4.1363935 0.3159792
OS 4.1371954 0.3160521
OS 4.1379973 0.3162708
OS 4.1388721 0.3164895
OS 4.139674 0.316854
OS 4.140403 0.3172914
OS 4.1404759 0.3173643
OS 4.1406946 0.317583
OS 4.1409862 0.3178746
OS 4.1412778 0.3183849
OS 4.1415694 0.3189681
OS 4.141861 0.3196971
OS 4.1420797 0.3205719
OS 4.1421526 0.3215196
OS 4.1421526 0.3216654
OS 4.1421526 0.321957
OS 4.1420797 0.3223944
OS 4.1419339 0.3229776
OS 4.1417152 0.3235608
OS 4.1414236 0.3242169
OS 4.1409862 0.324873
OS 4.140403 0.3254562
OS 4.1403301 0.3255291
OS 4.1401114 0.3256749
OS 4.139674 0.3258936
OS 4.1391637 0.3261852
OS 4.1384347 0.3264768
OS 4.1375599 0.3266955
OS 4.1366122 0.3268413
OS 4.1354458 0.3269142
OS 4.1347897 0.3269142
OS 4.1339878 0.3267684
OS 4.1329672 0.3266226
OS 4.1317279 0.326331
OS 4.1304157 0.3258936
OS 4.1289577 0.3253104
OS 4.1274997 0.3245085
OS 4.1274268 0.3244356
OS 4.1272081 0.3243627
OS 4.1269165 0.3242898
OS 4.126552 0.3242169
OS 4.1264062 0.3242169
OS 4.1259688 0.3243627
OS 4.1257501 0.3245085
OS 4.1254585 0.3248001
OS 4.1251669 0.3250917
OS 4.1248753 0.3255291
OS 4.1248753 0.325602
OS 4.1248024 0.3256749
OS 4.1247295 0.3260394
OS 4.1245837 0.3264768
OS 4.1245108 0.3269871
OS 4.1245108 0.32706
OS 4.1245108 0.3271329
OS 4.1246566 0.3274974
OS 4.1249482 0.3280077
OS 4.1251669 0.3282264
OS 4.1254585 0.3284451
OS 4.1255314 0.3284451
OS 4.1256772 0.3285909
OS 4.1259688 0.3287367
OS 4.1262604 0.3288825
OS 4.1266978 0.3291012
OS 4.127281 0.3293928
OS 4.1278642 0.3296115
OS 4.1285203 0.3299031
OS 4.1299783 0.3304134
OS 4.131655 0.3309237
OS 4.1334775 0.3312153
OS 4.1353729 0.3313611
OS 4.1359561 0.3313611
OS 4.1366122 0.3312882
OE
OB 4.0263874 0.3269142 H
OS 4.0258042 0.3269142
OS 4.025221 0.3268413
OS 4.0244191 0.3266955
OS 4.0235443 0.3264768
OS 4.0225237 0.3261852
OS 4.021576 0.3258207
OS 4.0205554 0.3252375
OS 4.0204825 0.3251646
OS 4.020118 0.3249459
OS 4.0196806 0.3245085
OS 4.0191703 0.3239982
OS 4.0185142 0.3233421
OS 4.0178581 0.3224673
OS 4.0172749 0.3215196
OS 4.0166917 0.3203532
OS 4.0166188 0.3202074
OS 4.016473 0.31977
OS 4.0162543 0.3191139
OS 4.0160356 0.3182391
OS 4.015744 0.3171456
OS 4.0155253 0.3159063
OS 4.0153795 0.3144483
OS 4.0153066 0.3129174
OS 4.0153066 0.3128445
OS 4.0153066 0.3126987
OS 4.0153066 0.31248
OS 4.0153066 0.3121884
OS 4.0153795 0.3113865
OS 4.0154524 0.3104388
OS 4.0156711 0.3092724
OS 4.0158898 0.3080331
OS 4.0162543 0.3067209
OS 4.0166917 0.3054816
OS 4.0167646 0.3053358
OS 4.0169833 0.3049713
OS 4.0172749 0.3043881
OS 4.0177123 0.303732
OS 4.0182226 0.3029301
OS 4.0188787 0.3021282
OS 4.0196806 0.3013263
OS 4.0205554 0.3006702
OS 4.0207012 0.3005973
OS 4.0209928 0.3003786
OS 4.0215031 0.3001599
OS 4.0222321 0.2998683
OS 4.0231069 0.2995038
OS 4.0240546 0.2992851
OS 4.0251481 0.2990664
OS 4.0263874 0.2989935
OS 4.0269706 0.2989935
OS 4.0275538 0.2990664
OS 4.0283557 0.2992122
OS 4.0293034 0.2994309
OS 4.0302511 0.2997225
OS 4.0312717 0.300087
OS 4.0322194 0.3006702
OS 4.0323652 0.3007431
OS 4.0326568 0.3009618
OS 4.0330942 0.3013992
OS 4.0336045 0.3019095
OS 4.0342606 0.3025656
OS 4.0349167 0.3034404
OS 4.0354999 0.3043881
OS 4.0360831 0.3054816
OS 4.0360831 0.3055545
OS 4.036156 0.3056274
OS 4.0363018 0.3060648
OS 4.0365205 0.3067209
OS 4.0368121 0.3075957
OS 4.0370308 0.3086892
OS 4.0372495 0.3100014
OS 4.0373953 0.3113865
OS 4.0374682 0.3129174
OS 4.0374682 0.3129903
OS 4.0374682 0.3131361
OS 4.0374682 0.3133548
OS 4.0374682 0.3136464
OS 4.0373953 0.3144483
OS 4.0373224 0.3154689
OS 4.0371037 0.3166353
OS 4.036885 0.3178746
OS 4.0365205 0.3191139
OS 4.0360831 0.3203532
OS 4.0360831 0.3204261
OS 4.0360102 0.320499
OS 4.0358644 0.3208635
OS 4.0354999 0.3214467
OS 4.0350625 0.3221757
OS 4.0345522 0.3229776
OS 4.0338961 0.3237795
OS 4.0330942 0.3245814
OS 4.0322194 0.3252375
OS 4.0320736 0.3253104
OS 4.031782 0.3255291
OS 4.0312717 0.3257478
OS 4.0305427 0.3261123
OS 4.0297408 0.3264039
OS 4.0287202 0.3266226
OS 4.0276267 0.3268413
OS 4.0263874 0.3269142
OE
SE
S P 0
OB 4.1343645 1.8860418 I
OS 4.1349477 1.8859689
OS 4.1351664 1.8858231
OS 4.1353851 1.8856773
OS 4.135458 1.8856044
OS 4.1356767 1.8853128
OS 4.1358225 1.8848754
OS 4.1358954 1.8841464
OS 4.1358954 1.8546948
OS 4.1534643 1.8546948
OS 4.1539017 1.8546219
OS 4.1543391 1.8544761
OS 4.1547765 1.8541845
OS 4.1548494 1.8541116
OS 4.1549952 1.85382
OS 4.155141 1.8532368
OS 4.1552139 1.8525078
OS 4.1552139 1.8524349
OS 4.1552139 1.8522891
OS 4.155141 1.8518517
OS 4.1550681 1.8513414
OS 4.1547765 1.8508311
OS 4.1547036 1.8507582
OS 4.154412 1.8506124
OS 4.1539746 1.8504666
OS 4.1533185 1.8503937
OS 4.1331981 1.8503937
OS 4.1327607 1.8504666
OS 4.1322504 1.8506124
OS 4.131813 1.8508311
OS 4.1317401 1.850904
OS 4.1316672 1.8511956
OS 4.1315214 1.851633
OS 4.1314485 1.852362
OS 4.1314485 1.8841464
OS 4.1314485 1.8842193
OS 4.1314485 1.8842922
OS 4.1315214 1.8847296
OS 4.1316672 1.8852399
OS 4.1318859 1.8856773
OS 4.1319588 1.8857502
OS 4.1323233 1.885896
OS 4.1328336 1.8860418
OS 4.1336355 1.8861147
OS 4.1339271 1.8861147
OS 4.1343645 1.8860418
OE
OB 4.5140277 1.8863334 I
OS 4.514538 1.8861876
OS 4.5150483 1.885896
OS 4.5154128 1.8855315
OS 4.5157044 1.8849483
OS 4.5158502 1.8841464
OS 4.5158502 1.8636615
OS 4.5208074 1.8636615
OS 4.5212448 1.8635886
OS 4.5216822 1.8634428
OS 4.5221196 1.8631512
OS 4.5221925 1.8630783
OS 4.5223383 1.8627867
OS 4.5224841 1.8622764
OS 4.522557 1.8615474
OS 4.522557 1.8614745
OS 4.522557 1.8613287
OS 4.5224841 1.8608913
OS 4.5224112 1.860381
OS 4.5221196 1.8598707
OS 4.5220467 1.8597978
OS 4.5217551 1.859652
OS 4.5213177 1.8594333
OS 4.5206616 1.8593604
OS 4.5158502 1.8593604
OS 4.5158502 1.8519975
OS 4.5158502 1.8519246
OS 4.5158502 1.8518517
OS 4.5157773 1.8514143
OS 4.5156315 1.8509769
OS 4.5153399 1.8505395
OS 4.515267 1.8504666
OS 4.5149025 1.8503208
OS 4.5143922 1.850175
OS 4.5135903 1.8501021
OS 4.5133716 1.8501021
OS 4.5129342 1.850175
OS 4.512351 1.8503208
OS 4.5118407 1.8505395
OS 4.5117678 1.8506124
OS 4.511622 1.850904
OS 4.5114033 1.8513414
OS 4.5113304 1.8519975
OS 4.5113304 1.8593604
OS 4.4969691 1.8593604
OS 4.4965317 1.8594333
OS 4.4960214 1.8595791
OS 4.495584 1.8598707
OS 4.4955111 1.8600165
OS 4.4953653 1.8603081
OS 4.4952195 1.8608913
OS 4.4951466 1.8616203
OS 4.4951466 1.8616932
OS 4.4951466 1.8617661
OS 4.4952195 1.8621306
OS 4.4952924 1.8626409
OS 4.4955111 1.8630783
OS 4.5099453 1.8846567
OS 4.5099453 1.8847296
OS 4.5100911 1.8848025
OS 4.5103827 1.885167
OS 4.5108201 1.8856773
OS 4.5113304 1.8860418
OS 4.5114033 1.8860418
OS 4.5114762 1.8861147
OS 4.5118407 1.8862605
OS 4.5124968 1.8864063
OS 4.5132258 1.8864792
OS 4.5136632 1.8864792
OS 4.5140277 1.8863334
OE
OB 4.2529728 1.8864063 I
OS 4.2537747 1.8863334
OS 4.2547224 1.8861876
OS 4.255743 1.8859689
OS 4.2567636 1.8856773
OS 4.2577842 1.8852399
OS 4.25793 1.885167
OS 4.2582216 1.8850212
OS 4.258659 1.8847296
OS 4.2592422 1.8842922
OS 4.2598983 1.8837819
OS 4.2605544 1.8831987
OS 4.2612105 1.8824697
OS 4.2617937 1.8815949
OS 4.2618666 1.881522
OS 4.2620124 1.8811575
OS 4.2622311 1.8807201
OS 4.2625227 1.8799911
OS 4.2627414 1.8791892
OS 4.2629601 1.8782415
OS 4.2631059 1.877148
OS 4.2631788 1.8759816
OS 4.2631788 1.8758358
OS 4.2631788 1.8754713
OS 4.2631059 1.8748881
OS 4.263033 1.8741591
OS 4.2628143 1.8732843
OS 4.2625956 1.8723366
OS 4.2622311 1.8713889
OS 4.2617208 1.8703683
OS 4.2616479 1.8702225
OS 4.2614292 1.8699309
OS 4.2610647 1.8694206
OS 4.2606273 1.8686916
OS 4.2599712 1.8678168
OS 4.2591693 1.8668691
OS 4.2582216 1.8657756
OS 4.2571281 1.8646092
OS 4.2472866 1.8546948
OS 4.2627414 1.8546948
OS 4.2631788 1.8546219
OS 4.2636162 1.8544761
OS 4.2640536 1.8541845
OS 4.2641265 1.8541116
OS 4.2642723 1.85382
OS 4.2644181 1.8532368
OS 4.264491 1.8525078
OS 4.264491 1.8524349
OS 4.264491 1.8522891
OS 4.2644181 1.8518517
OS 4.2643452 1.8513414
OS 4.2640536 1.8508311
OS 4.2639807 1.8507582
OS 4.2636891 1.8506124
OS 4.2632517 1.8504666
OS 4.2625956 1.8503937
OS 4.2417462 1.8503937
OS 4.2413088 1.8504666
OS 4.2408714 1.8506124
OS 4.240434 1.8508311
OS 4.2403611 1.850904
OS 4.2402153 1.8511956
OS 4.2400695 1.851633
OS 4.2399966 1.852362
OS 4.2399966 1.8524349
OS 4.2399966 1.8525807
OS 4.2400695 1.8530181
OS 4.2402153 1.8535284
OS 4.240434 1.8539658
OS 4.2536289 1.8673065
OS 4.2537747 1.8674523
OS 4.2540663 1.8677439
OS 4.2545766 1.8682542
OS 4.2550869 1.8689103
OS 4.255743 1.8696393
OS 4.2563991 1.8704412
OS 4.2569094 1.8712431
OS 4.2574197 1.8719721
OS 4.2574926 1.872045
OS 4.2576384 1.8723366
OS 4.2577842 1.8727011
OS 4.2580029 1.8732114
OS 4.2582216 1.8737946
OS 4.2584403 1.8744507
OS 4.2585132 1.8751797
OS 4.2585861 1.8759816
OS 4.2585861 1.8761274
OS 4.2585861 1.876419
OS 4.2585132 1.8770022
OS 4.2583674 1.8775854
OS 4.2581487 1.8783144
OS 4.2577842 1.8790434
OS 4.2573468 1.8797724
OS 4.2567636 1.8804285
OS 4.2566907 1.8805014
OS 4.256472 1.8806472
OS 4.2560346 1.8809388
OS 4.2555243 1.8812304
OS 4.2547953 1.881522
OS 4.2539205 1.8818136
OS 4.2529728 1.8819594
OS 4.2518064 1.8820323
OS 4.2510774 1.8820323
OS 4.2505671 1.8819594
OS 4.249911 1.8818865
OS 4.2492549 1.8817407
OS 4.2476511 1.8813033
OS 4.2475782 1.8813033
OS 4.2472866 1.8811575
OS 4.2469221 1.8810117
OS 4.2463389 1.880793
OS 4.2457557 1.8805014
OS 4.2450996 1.8801369
OS 4.2437145 1.8792621
OS 4.2436416 1.8791892
OS 4.2434229 1.8791163
OS 4.2430584 1.8789705
OS 4.2426939 1.8788976
OS 4.2425481 1.8788976
OS 4.2421107 1.8790434
OS 4.2418191 1.8791892
OS 4.2415275 1.8794079
OS 4.2412359 1.8796995
OS 4.2409443 1.8801369
OS 4.2409443 1.8802098
OS 4.2408714 1.8802827
OS 4.2407256 1.8806472
OS 4.2405069 1.8810846
OS 4.240434 1.8815949
OS 4.240434 1.8816678
OS 4.240434 1.8817407
OS 4.2405798 1.8821052
OS 4.2407985 1.8825426
OS 4.2410172 1.8828342
OS 4.2413088 1.8830529
OS 4.2413817 1.8831258
OS 4.2416733 1.8833445
OS 4.2421836 1.8836361
OS 4.2427668 1.8840006
OS 4.2435687 1.8843651
OS 4.2443706 1.8848025
OS 4.2453183 1.885167
OS 4.2463389 1.8855315
OS 4.2464847 1.8856044
OS 4.2468492 1.8856773
OS 4.2473595 1.8858231
OS 4.2480885 1.8860418
OS 4.2488904 1.8861876
OS 4.2497652 1.8863334
OS 4.2507858 1.8864063
OS 4.2517335 1.8864792
OS 4.2523167 1.8864792
OS 4.2529728 1.8864063
OE
OB 4.1791251 1.8857502 I
OS 4.1796354 1.8856773
OS 4.1807289 1.8855315
OS 4.1820411 1.8853128
OS 4.1833533 1.8848754
OS 4.1847384 1.8843651
OS 4.1861235 1.8836361
OS 4.1861964 1.8836361
OS 4.1862693 1.8835632
OS 4.1867067 1.8832716
OS 4.1873628 1.8827613
OS 4.1881647 1.8821052
OS 4.1890395 1.8812304
OS 4.1899872 1.8801369
OS 4.190862 1.8788976
OS 4.1916639 1.8775125
OS 4.1916639 1.8774396
OS 4.1917368 1.8773667
OS 4.1918826 1.8770751
OS 4.1919555 1.8767835
OS 4.1921013 1.876419
OS 4.19232 1.8759816
OS 4.1926845 1.8748152
OS 4.1929761 1.8734301
OS 4.1933406 1.8718263
OS 4.1935593 1.8700038
OS 4.1936322 1.8680355
OS 4.1936322 1.8679626
OS 4.1936322 1.8678168
OS 4.1936322 1.8675252
OS 4.1936322 1.8671607
OS 4.1935593 1.8666504
OS 4.1935593 1.8661401
OS 4.1934135 1.8648279
OS 4.1931219 1.8633699
OS 4.1928303 1.8617661
OS 4.19232 1.8601623
OS 4.1916639 1.8586314
OS 4.1916639 1.8585585
OS 4.191591 1.8584856
OS 4.1914452 1.8582669
OS 4.1912994 1.8579753
OS 4.190862 1.8572463
OS 4.1902059 1.8563715
OS 4.1894769 1.8553509
OS 4.1885292 1.8543303
OS 4.1873628 1.8533826
OS 4.1861235 1.8525078
OS 4.1860506 1.8525078
OS 4.1859777 1.8524349
OS 4.185759 1.8522891
OS 4.1855403 1.8522162
OS 4.1847384 1.8518517
OS 4.1837907 1.8514872
OS 4.1826243 1.8510498
OS 4.1812392 1.8507582
OS 4.1796354 1.8504666
OS 4.1779587 1.8503937
OS 4.1677527 1.8503937
OS 4.1673153 1.8504666
OS 4.1668779 1.8506124
OS 4.1664405 1.8508311
OS 4.1663676 1.850904
OS 4.1662218 1.8511956
OS 4.166076 1.851633
OS 4.1660031 1.852362
OS 4.1660031 1.8837819
OS 4.1660031 1.8838548
OS 4.1660031 1.8839277
OS 4.166076 1.8843651
OS 4.1662218 1.8848754
OS 4.1664405 1.8853128
OS 4.1665134 1.8853857
OS 4.166805 1.8856044
OS 4.1672424 1.8857502
OS 4.1678985 1.8858231
OS 4.1787606 1.8858231
OS 4.1791251 1.8857502
OE
OB 4.4370453 1.8592146 I
OS 4.437993 1.8591417
OS 4.4385033 1.8589959
OS 4.4388678 1.8588501
OS 4.4389407 1.8588501
OS 4.4390136 1.8587772
OS 4.4393781 1.8585585
OS 4.4396697 1.8581211
OS 4.4397426 1.8578295
OS 4.4398155 1.857465
OS 4.4398155 1.8519246
OS 4.4398155 1.8518517
OS 4.4398155 1.8517788
OS 4.4396697 1.8513414
OS 4.439451 1.850904
OS 4.4391594 1.8506853
OS 4.4388678 1.8504666
OS 4.4387949 1.8504666
OS 4.438722 1.8503937
OS 4.4385033 1.8503208
OS 4.4381388 1.8503208
OS 4.4377743 1.8502479
OS 4.4371911 1.850175
OS 4.436535 1.8501021
OS 4.435077 1.8501021
OS 4.4346396 1.850175
OS 4.433619 1.8502479
OS 4.4331816 1.8503208
OS 4.4327442 1.8504666
OS 4.4326713 1.8504666
OS 4.4325984 1.8505395
OS 4.4323068 1.8508311
OS 4.4319423 1.8512685
OS 4.4318694 1.8515601
OS 4.4317965 1.8519246
OS 4.4317965 1.857465
OS 4.4317965 1.8575379
OS 4.4317965 1.8576108
OS 4.4319423 1.8580482
OS 4.4322339 1.8584856
OS 4.4324526 1.8587043
OS 4.4327442 1.8588501
OS 4.4328171 1.8588501
OS 4.4329629 1.858923
OS 4.4331816 1.8589959
OS 4.4334732 1.8590688
OS 4.4339106 1.8591417
OS 4.4344209 1.8592146
OS 4.435077 1.8592875
OS 4.436535 1.8592875
OS 4.4370453 1.8592146
OE
OB 4.6144839 1.8914364 I
OS 4.6145568 1.8914364
OS 4.6146297 1.8913635
OS 4.6150671 1.8910719
OS 4.6157961 1.8905616
OS 4.6166709 1.8899055
OS 4.6176915 1.8890307
OS 4.6188579 1.888083
OS 4.6200243 1.8869166
OS 4.6212636 1.8856044
OS 4.6213365 1.8855315
OS 4.6214094 1.8854586
OS 4.6215552 1.8852399
OS 4.6218468 1.8849483
OS 4.62243 1.8842193
OS 4.623159 1.8831258
OS 4.6240338 1.8818865
OS 4.6249086 1.8803556
OS 4.6257834 1.8786789
OS 4.6265853 1.8768564
OS 4.6265853 1.8767835
OS 4.6266582 1.8766377
OS 4.626804 1.8763461
OS 4.6268769 1.8759816
OS 4.6270956 1.8754713
OS 4.6272414 1.874961
OS 4.6273872 1.8743049
OS 4.6276059 1.8735759
OS 4.6279704 1.8718992
OS 4.6283349 1.8700038
OS 4.6285536 1.8679626
OS 4.6286265 1.8657756
OS 4.6286265 1.8657027
OS 4.6286265 1.865484
OS 4.6286265 1.8651924
OS 4.6286265 1.864755
OS 4.6285536 1.8642447
OS 4.6285536 1.8635886
OS 4.6284807 1.8629325
OS 4.6284078 1.8621306
OS 4.6281162 1.8604539
OS 4.6277517 1.8586314
OS 4.6272414 1.8566631
OS 4.6265853 1.8547677
OS 4.6265853 1.8546948
OS 4.6265124 1.854549
OS 4.6263666 1.8542574
OS 4.6262208 1.8539658
OS 4.6260021 1.8535284
OS 4.6257834 1.8530181
OS 4.6252002 1.8518517
OS 4.6243983 1.8504666
OS 4.6235235 1.8490815
OS 4.6225029 1.8475506
OS 4.6213365 1.8461655
OS 4.6213365 1.8460926
OS 4.6211907 1.8460197
OS 4.6207533 1.8455823
OS 4.6200972 1.8449262
OS 4.6192953 1.8440514
OS 4.6182747 1.8431766
OS 4.6171083 1.842156
OS 4.6157961 1.8412083
OS 4.6144839 1.8403335
OS 4.614411 1.8403335
OS 4.6142652 1.8402606
OS 4.6138278 1.8401877
OS 4.6137549 1.8401877
OS 4.6135362 1.8402606
OS 4.6132446 1.8403335
OS 4.612953 1.8405522
OS 4.6128801 1.8406251
OS 4.6126614 1.8407709
OS 4.6124427 1.8409896
OS 4.6121511 1.8413541
OS 4.6121511 1.841427
OS 4.6120782 1.8414999
OS 4.6119324 1.8418644
OS 4.6117137 1.8423747
OS 4.6116408 1.8429579
OS 4.6116408 1.8430308
OS 4.6117137 1.8433224
OS 4.6118595 1.843614
OS 4.6120782 1.8438327
OS 4.6121511 1.8439056
OS 4.6122969 1.8439785
OS 4.6125885 1.8441972
OS 4.612953 1.8444888
OS 4.6133904 1.8447804
OS 4.6139007 1.8452178
OS 4.6150671 1.8462384
OS 4.6164522 1.8474777
OS 4.6179102 1.8490086
OS 4.6192953 1.8507582
OS 4.6206804 1.8527265
OS 4.6207533 1.8527994
OS 4.6208262 1.8529452
OS 4.620972 1.8533097
OS 4.6212636 1.8536742
OS 4.6214823 1.8542574
OS 4.6217739 1.8548406
OS 4.6221384 1.8555696
OS 4.62243 1.8564444
OS 4.6227945 1.8573192
OS 4.6230861 1.8583398
OS 4.6233777 1.8593604
OS 4.6236693 1.8605268
OS 4.6240338 1.8630054
OS 4.6241067 1.8643905
OS 4.6241796 1.8657756
OS 4.6241796 1.8658485
OS 4.6241796 1.8661401
OS 4.6241796 1.8665046
OS 4.6241067 1.8670878
OS 4.6241067 1.8677439
OS 4.6240338 1.8684729
OS 4.623888 1.8693477
OS 4.6237422 1.8702954
OS 4.6233048 1.8723366
OS 4.6227216 1.8745965
OS 4.6218468 1.8767835
OS 4.6212636 1.877877
OS 4.6206804 1.8789705
OS 4.6206075 1.8790434
OS 4.6205346 1.8791892
OS 4.6203159 1.8794808
OS 4.6200243 1.8799182
OS 4.6197327 1.8803556
OS 4.6192953 1.8809388
OS 4.6182747 1.8821781
OS 4.6170354 1.8835632
OS 4.6155774 1.8850941
OS 4.6139007 1.8865521
OS 4.6120782 1.8879372
OS 4.6120053 1.8880101
OS 4.6118595 1.8881559
OS 4.6117137 1.8884475
OS 4.6116408 1.888812
OS 4.6116408 1.8889578
OS 4.6117137 1.8893223
OS 4.6118595 1.8898326
OS 4.6121511 1.8904158
OS 4.612224 1.8904887
OS 4.6123698 1.8907074
OS 4.6126614 1.890999
OS 4.612953 1.8912177
OS 4.6130259 1.8912906
OS 4.6132446 1.8914364
OS 4.6135362 1.8915093
OS 4.6138278 1.8915822
OS 4.6140465 1.8915822
OS 4.6144839 1.8914364
OE
OB 4.3680819 1.8915093 I
OS 4.3683735 1.8914364
OS 4.3686651 1.8912177
OS 4.368738 1.8911448
OS 4.3689567 1.890999
OS 4.3691754 1.8907803
OS 4.369467 1.8904158
OS 4.369467 1.8903429
OS 4.3695399 1.89027
OS 4.3697586 1.8899055
OS 4.3699044 1.8893952
OS 4.3699773 1.888812
OS 4.3699773 1.8887391
OS 4.3699044 1.8885204
OS 4.3698315 1.8882288
OS 4.3696128 1.8879372
OS 4.3695399 1.8878643
OS 4.3693941 1.8877914
OS 4.3691025 1.8875727
OS 4.368738 1.887354
OS 4.3683006 1.8869895
OS 4.3677903 1.8865521
OS 4.3666239 1.8855315
OS 4.3652388 1.8842193
OS 4.3637808 1.8826884
OS 4.3623228 1.8809388
OS 4.3609377 1.8789705
OS 4.3608648 1.8788976
OS 4.3607919 1.8787518
OS 4.3606461 1.8783873
OS 4.3604274 1.8780228
OS 4.3601358 1.8774396
OS 4.3598442 1.8767835
OS 4.3595526 1.8760545
OS 4.3591881 1.8752526
OS 4.3588965 1.8743049
OS 4.358532 1.8732843
OS 4.3582404 1.8722637
OS 4.3580217 1.8710973
OS 4.3575843 1.8685458
OS 4.3575114 1.8671607
OS 4.3574385 1.8657756
OS 4.3574385 1.8657027
OS 4.3574385 1.8654111
OS 4.3574385 1.8650466
OS 4.3575114 1.8645363
OS 4.3575114 1.8638802
OS 4.3576572 1.8630783
OS 4.3577301 1.8622035
OS 4.3578759 1.8613287
OS 4.3583133 1.8592875
OS 4.3588965 1.8571005
OS 4.3597713 1.8548406
OS 4.3602816 1.8537471
OS 4.3608648 1.8527265
OS 4.3609377 1.8526536
OS 4.3610106 1.8525078
OS 4.3612293 1.8522162
OS 4.3615209 1.8518517
OS 4.3618125 1.8513414
OS 4.3622499 1.8508311
OS 4.3632705 1.8495918
OS 4.3645098 1.8481338
OS 4.3660407 1.8466758
OS 4.3677174 1.8452178
OS 4.3696128 1.8438327
OS 4.3696857 1.8437598
OS 4.3698315 1.843614
OS 4.3699044 1.8433953
OS 4.3699773 1.8429579
OS 4.3699773 1.8428121
OS 4.3699044 1.8425205
OS 4.3697586 1.8420102
OS 4.369467 1.8413541
OS 4.3693941 1.8412812
OS 4.3692483 1.8410625
OS 4.3689567 1.8407709
OS 4.3686651 1.8405522
OS 4.3685922 1.8404793
OS 4.3684464 1.8404064
OS 4.3681548 1.8402606
OS 4.3677903 1.8401877
OS 4.3675716 1.8401877
OS 4.3671342 1.8403335
OS 4.3670613 1.8403335
OS 4.3669884 1.8404064
OS 4.3667697 1.8405522
OS 4.366551 1.8407709
OS 4.365822 1.8412083
OS 4.3649472 1.8418644
OS 4.3638537 1.8427392
OS 4.3626873 1.8436869
OS 4.3615209 1.8448533
OS 4.3602816 1.8461655
OS 4.3602816 1.8462384
OS 4.3601358 1.8463113
OS 4.35999 1.84653
OS 4.3597713 1.8468216
OS 4.3591881 1.8475506
OS 4.3584591 1.8486441
OS 4.3575843 1.8498834
OS 4.3567095 1.8513414
OS 4.3558347 1.8529452
OS 4.3550328 1.8547677
OS 4.3550328 1.8548406
OS 4.3549599 1.8549864
OS 4.3548141 1.855278
OS 4.3547412 1.8556425
OS 4.3545954 1.8561528
OS 4.3543767 1.8566631
OS 4.3542309 1.8573192
OS 4.3540122 1.8580482
OS 4.3536477 1.859652
OS 4.3532832 1.8615474
OS 4.3530645 1.8635886
OS 4.3529916 1.8657756
OS 4.3529916 1.8658485
OS 4.3529916 1.8660672
OS 4.3529916 1.8663588
OS 4.3529916 1.8667962
OS 4.3530645 1.8673065
OS 4.3531374 1.8679626
OS 4.3531374 1.8686187
OS 4.3532832 1.8694206
OS 4.3535019 1.8710973
OS 4.3538664 1.8729927
OS 4.3543767 1.8748881
OS 4.3550328 1.8768564
OS 4.3550328 1.8769293
OS 4.3551057 1.8770751
OS 4.3552515 1.8773667
OS 4.3553973 1.8777312
OS 4.355616 1.8781686
OS 4.3558347 1.8786789
OS 4.3564908 1.8798453
OS 4.3572198 1.8812304
OS 4.3580946 1.8826884
OS 4.3591152 1.8842193
OS 4.3602816 1.8856044
OS 4.3603545 1.8856773
OS 4.3604274 1.8857502
OS 4.3608648 1.8861876
OS 4.3615209 1.8868437
OS 4.3623957 1.8877185
OS 4.3634163 1.8886662
OS 4.3645827 1.8896139
OS 4.365822 1.8905616
OS 4.3671342 1.8914364
OS 4.3672071 1.8914364
OS 4.3673529 1.8915093
OS 4.3677903 1.8915822
OS 4.3678632 1.8915822
OS 4.3680819 1.8915093
OE
OB 4.1080476 1.8857502 I
OS 4.1089953 1.8856044
OS 4.1100888 1.8854586
OS 4.1112552 1.885167
OS 4.1124216 1.8848025
OS 4.113588 1.8842922
OS 4.1137338 1.8842193
OS 4.1140983 1.8840006
OS 4.1146086 1.883709
OS 4.1152647 1.8831987
OS 4.1159208 1.8826155
OS 4.1166498 1.8819594
OS 4.1173788 1.8810846
OS 4.117962 1.8801369
OS 4.1180349 1.8799911
OS 4.1181807 1.8796266
OS 4.1184723 1.8791163
OS 4.1187639 1.8783144
OS 4.1189826 1.8774396
OS 4.1192742 1.8763461
OS 4.11942 1.8751797
OS 4.1194929 1.8738675
OS 4.1194929 1.8737946
OS 4.1194929 1.8737217
OS 4.1194929 1.8732843
OS 4.11942 1.8726282
OS 4.1192742 1.8717534
OS 4.1191284 1.8708057
OS 4.1188368 1.8697851
OS 4.1184723 1.8686916
OS 4.117962 1.867671
OS 4.1178891 1.8675252
OS 4.1176704 1.8672336
OS 4.1173788 1.8667962
OS 4.1168685 1.866213
OS 4.1162853 1.8655569
OS 4.1154834 1.8648279
OS 4.1146086 1.8641718
OS 4.113588 1.8635886
OS 4.1134422 1.8635157
OS 4.1130777 1.8633699
OS 4.1124216 1.8631512
OS 4.1116197 1.8628596
OS 4.1105991 1.862568
OS 4.1094327 1.8623493
OS 4.1080476 1.8622035
OS 4.1065896 1.8621306
OS 4.0989351 1.8621306
OS 4.0989351 1.8519975
OS 4.0989351 1.8519246
OS 4.0989351 1.8518517
OS 4.0988622 1.8514143
OS 4.0987164 1.8509769
OS 4.0984248 1.8505395
OS 4.0983519 1.8504666
OS 4.0980603 1.8503208
OS 4.09755 1.850175
OS 4.0971855 1.8501021
OS 4.0964565 1.8501021
OS 4.0960191 1.850175
OS 4.0954359 1.8503208
OS 4.0949256 1.8505395
OS 4.0948527 1.8506124
OS 4.0947069 1.850904
OS 4.0945611 1.8513414
OS 4.0944882 1.8519975
OS 4.0944882 1.8837819
OS 4.0944882 1.8838548
OS 4.0944882 1.8839277
OS 4.0945611 1.8843651
OS 4.0947069 1.8848754
OS 4.0949256 1.8853128
OS 4.0949985 1.8853857
OS 4.0952901 1.8856044
OS 4.0957275 1.8857502
OS 4.0963836 1.8858231
OS 4.1072457 1.8858231
OS 4.1080476 1.8857502
OE
OB 4.2905163 1.8863334 I
OS 4.2913911 1.8861876
OS 4.2924117 1.885896
OS 4.2935052 1.8855315
OS 4.2946716 1.8849483
OS 4.2957651 1.8841464
OS 4.2959109 1.8840735
OS 4.2962754 1.883709
OS 4.2967857 1.8831987
OS 4.2974418 1.8824697
OS 4.2981708 1.8815949
OS 4.2988998 1.8805014
OS 4.2995559 1.8791892
OS 4.300212 1.8777312
OS 4.300212 1.8776583
OS 4.3002849 1.8775125
OS 4.3003578 1.8772938
OS 4.3004307 1.8770022
OS 4.3005765 1.8765648
OS 4.3007223 1.8761274
OS 4.3008681 1.8755442
OS 4.3010139 1.874961
OS 4.3013055 1.8735759
OS 4.3015971 1.8718992
OS 4.3017429 1.8700767
OS 4.3018158 1.8680355
OS 4.3018158 1.8679626
OS 4.3018158 1.8678168
OS 4.3018158 1.8675252
OS 4.3018158 1.8670878
OS 4.3017429 1.8666504
OS 4.3017429 1.8660672
OS 4.3015971 1.864755
OS 4.3014513 1.863297
OS 4.3011597 1.8616932
OS 4.3007223 1.8600165
OS 4.300212 1.8584127
OS 4.300212 1.8583398
OS 4.3001391 1.8582669
OS 4.3000662 1.8580482
OS 4.2999204 1.8577566
OS 4.2995559 1.8569547
OS 4.2991185 1.8560799
OS 4.2984624 1.8549864
OS 4.2976605 1.8539658
OS 4.2967857 1.8529452
OS 4.2957651 1.8519975
OS 4.2956193 1.8519246
OS 4.2952548 1.851633
OS 4.2946716 1.8512685
OS 4.2938697 1.850904
OS 4.292922 1.8504666
OS 4.2917556 1.8501021
OS 4.2905163 1.8498105
OS 4.2891312 1.8497376
OS 4.2887667 1.8497376
OS 4.2884751 1.8498105
OS 4.2877461 1.8498834
OS 4.2868713 1.8500292
OS 4.2858507 1.8503208
OS 4.2846843 1.8506853
OS 4.2835179 1.8512685
OS 4.2824244 1.8519975
OS 4.2822786 1.8520704
OS 4.281987 1.8524349
OS 4.2814767 1.8529452
OS 4.2808206 1.8536742
OS 4.2800916 1.854549
OS 4.2793626 1.8556425
OS 4.2786336 1.8569547
OS 4.2779775 1.8584127
OS 4.2779775 1.8584856
OS 4.2779046 1.8586314
OS 4.2778317 1.8588501
OS 4.2777588 1.8591417
OS 4.277613 1.8595791
OS 4.2774672 1.8600165
OS 4.2772485 1.8611829
OS 4.2769569 1.862568
OS 4.2766653 1.8642447
OS 4.2765195 1.8660672
OS 4.2764466 1.8680355
OS 4.2764466 1.8681084
OS 4.2764466 1.8682542
OS 4.2764466 1.8685458
OS 4.2764466 1.8689832
OS 4.2765195 1.8694206
OS 4.2765195 1.8700038
OS 4.2766653 1.871316
OS 4.2768111 1.8728469
OS 4.2771027 1.8744507
OS 4.2774672 1.8761274
OS 4.2779775 1.8777312
OS 4.2779775 1.8778041
OS 4.2780504 1.8779499
OS 4.2781233 1.8780957
OS 4.2782691 1.8783873
OS 4.2786336 1.8791892
OS 4.2791439 1.880064
OS 4.2798 1.8811575
OS 4.280529 1.8821781
OS 4.2814038 1.8831987
OS 4.2824244 1.8841464
OS 4.2825702 1.8842193
OS 4.2829347 1.8845109
OS 4.2835179 1.8848754
OS 4.2843927 1.8853128
OS 4.2853404 1.8857502
OS 4.2865068 1.8861147
OS 4.2877461 1.8864063
OS 4.2891312 1.8864792
OS 4.2897873 1.8864792
OS 4.2905163 1.8863334
OE
OB 4.3996476 1.8864063 I
OS 4.4004495 1.8863334
OS 4.4013972 1.8861876
OS 4.4024178 1.8859689
OS 4.4034384 1.8856773
OS 4.404459 1.8852399
OS 4.4046048 1.885167
OS 4.4048964 1.8850212
OS 4.4053338 1.8847296
OS 4.405917 1.8842922
OS 4.4065731 1.8837819
OS 4.4072292 1.8831987
OS 4.4078853 1.8824697
OS 4.4084685 1.8815949
OS 4.4085414 1.881522
OS 4.4086872 1.8811575
OS 4.4089059 1.8807201
OS 4.4091975 1.8799911
OS 4.4094162 1.8791892
OS 4.4096349 1.8782415
OS 4.4097807 1.877148
OS 4.4098536 1.8759816
OS 4.4098536 1.8758358
OS 4.4098536 1.8754713
OS 4.4097807 1.8748881
OS 4.4097078 1.8741591
OS 4.4094891 1.8732843
OS 4.4092704 1.8723366
OS 4.4089059 1.8713889
OS 4.4083956 1.8703683
OS 4.4083227 1.8702225
OS 4.408104 1.8699309
OS 4.4077395 1.8694206
OS 4.4073021 1.8686916
OS 4.406646 1.8678168
OS 4.4058441 1.8668691
OS 4.4048964 1.8657756
OS 4.4038029 1.8646092
OS 4.3939614 1.8546948
OS 4.4094162 1.8546948
OS 4.4098536 1.8546219
OS 4.410291 1.8544761
OS 4.4107284 1.8541845
OS 4.4108013 1.8541116
OS 4.4109471 1.85382
OS 4.4110929 1.8532368
OS 4.4111658 1.8525078
OS 4.4111658 1.8524349
OS 4.4111658 1.8522891
OS 4.4110929 1.8518517
OS 4.41102 1.8513414
OS 4.4107284 1.8508311
OS 4.4106555 1.8507582
OS 4.4103639 1.8506124
OS 4.4099265 1.8504666
OS 4.4092704 1.8503937
OS 4.388421 1.8503937
OS 4.3879836 1.8504666
OS 4.3875462 1.8506124
OS 4.3871088 1.8508311
OS 4.3870359 1.850904
OS 4.3868901 1.8511956
OS 4.3867443 1.851633
OS 4.3866714 1.852362
OS 4.3866714 1.8524349
OS 4.3866714 1.8525807
OS 4.3867443 1.8530181
OS 4.3868901 1.8535284
OS 4.3871088 1.8539658
OS 4.4003037 1.8673065
OS 4.4004495 1.8674523
OS 4.4007411 1.8677439
OS 4.4012514 1.8682542
OS 4.4017617 1.8689103
OS 4.4024178 1.8696393
OS 4.4030739 1.8704412
OS 4.4035842 1.8712431
OS 4.4040945 1.8719721
OS 4.4041674 1.872045
OS 4.4043132 1.8723366
OS 4.404459 1.8727011
OS 4.4046777 1.8732114
OS 4.4048964 1.8737946
OS 4.4051151 1.8744507
OS 4.405188 1.8751797
OS 4.4052609 1.8759816
OS 4.4052609 1.8761274
OS 4.4052609 1.876419
OS 4.405188 1.8770022
OS 4.4050422 1.8775854
OS 4.4048235 1.8783144
OS 4.404459 1.8790434
OS 4.4040216 1.8797724
OS 4.4034384 1.8804285
OS 4.4033655 1.8805014
OS 4.4031468 1.8806472
OS 4.4027094 1.8809388
OS 4.4021991 1.8812304
OS 4.4014701 1.881522
OS 4.4005953 1.8818136
OS 4.3996476 1.8819594
OS 4.3984812 1.8820323
OS 4.3977522 1.8820323
OS 4.3972419 1.8819594
OS 4.3965858 1.8818865
OS 4.3959297 1.8817407
OS 4.3943259 1.8813033
OS 4.394253 1.8813033
OS 4.3939614 1.8811575
OS 4.3935969 1.8810117
OS 4.3930137 1.880793
OS 4.3924305 1.8805014
OS 4.3917744 1.8801369
OS 4.3903893 1.8792621
OS 4.3903164 1.8791892
OS 4.3900977 1.8791163
OS 4.3897332 1.8789705
OS 4.3893687 1.8788976
OS 4.3892229 1.8788976
OS 4.3887855 1.8790434
OS 4.3884939 1.8791892
OS 4.3882023 1.8794079
OS 4.3879107 1.8796995
OS 4.3876191 1.8801369
OS 4.3876191 1.8802098
OS 4.3875462 1.8802827
OS 4.3874004 1.8806472
OS 4.3871817 1.8810846
OS 4.3871088 1.8815949
OS 4.3871088 1.8816678
OS 4.3871088 1.8817407
OS 4.3872546 1.8821052
OS 4.3874733 1.8825426
OS 4.387692 1.8828342
OS 4.3879836 1.8830529
OS 4.3880565 1.8831258
OS 4.3883481 1.8833445
OS 4.3888584 1.8836361
OS 4.3894416 1.8840006
OS 4.3902435 1.8843651
OS 4.3910454 1.8848025
OS 4.3919931 1.885167
OS 4.3930137 1.8855315
OS 4.3931595 1.8856044
OS 4.393524 1.8856773
OS 4.3940343 1.8858231
OS 4.3947633 1.8860418
OS 4.3955652 1.8861876
OS 4.39644 1.8863334
OS 4.3974606 1.8864063
OS 4.3984083 1.8864792
OS 4.3989915 1.8864792
OS 4.3996476 1.8864063
OE
OB 4.5550704 1.8785331 I
OS 4.5554349 1.8785331
OS 4.5564555 1.8782415
OS 4.5570387 1.8780228
OS 4.557549 1.8777312
OS 4.5576219 1.8776583
OS 4.5577677 1.8775854
OS 4.5580593 1.8773667
OS 4.5583509 1.8770751
OS 4.5587154 1.8767106
OS 4.5590799 1.8762003
OS 4.5594444 1.87569
OS 4.559736 1.8750339
OS 4.5598089 1.874961
OS 4.5598818 1.8747423
OS 4.5600276 1.8743049
OS 4.5601734 1.8737946
OS 4.5603192 1.8731385
OS 4.560465 1.8724095
OS 4.5606108 1.8715347
OS 4.5606108 1.870587
OS 4.5606108 1.8519975
OS 4.5606108 1.8519246
OS 4.5606108 1.8518517
OS 4.5605379 1.8514143
OS 4.5603921 1.8509769
OS 4.5601005 1.8505395
OS 4.5600276 1.8504666
OS 4.559736 1.8503208
OS 4.5591528 1.850175
OS 4.5584238 1.8501021
OS 4.5581322 1.8501021
OS 4.5576948 1.850175
OS 4.5571116 1.8503208
OS 4.5566013 1.8505395
OS 4.5565284 1.8506124
OS 4.5563826 1.850904
OS 4.5561639 1.8513414
OS 4.556091 1.8519975
OS 4.556091 1.8700767
OS 4.556091 1.8701496
OS 4.556091 1.8704412
OS 4.556091 1.8708057
OS 4.5560181 1.8712431
OS 4.5557994 1.8722637
OS 4.5556536 1.8727011
OS 4.5554349 1.8731385
OS 4.5554349 1.8732114
OS 4.5552891 1.8732843
OS 4.5549246 1.8736488
OS 4.554633 1.8738675
OS 4.5542685 1.8740133
OS 4.5537582 1.8740862
OS 4.5532479 1.8741591
OS 4.5530292 1.8741591
OS 4.5527376 1.8740862
OS 4.5523731 1.8740133
OS 4.5520086 1.8738675
OS 4.5515712 1.8735759
OS 4.5510609 1.8732843
OS 4.5506235 1.8728469
OS 4.5505506 1.872774
OS 4.5504048 1.8726282
OS 4.5501861 1.8723366
OS 4.5499674 1.8719721
OS 4.5496758 1.8714618
OS 4.5493113 1.8708057
OS 4.5490197 1.8700767
OS 4.5487281 1.8692748
OS 4.5487281 1.8692019
OS 4.5486552 1.8688374
OS 4.5485094 1.8684
OS 4.5484365 1.8677439
OS 4.5482907 1.866942
OS 4.5481449 1.8660672
OS 4.548072 1.8651195
OS 4.548072 1.864026
OS 4.548072 1.8519975
OS 4.548072 1.8519246
OS 4.548072 1.8518517
OS 4.5479991 1.8514143
OS 4.5478533 1.8509769
OS 4.5475617 1.8505395
OS 4.5474888 1.8504666
OS 4.5471972 1.8503208
OS 4.5466869 1.850175
OS 4.5463224 1.8501021
OS 4.5455934 1.8501021
OS 4.545156 1.850175
OS 4.5445728 1.8503208
OS 4.5440625 1.8505395
OS 4.5439896 1.8506124
OS 4.5438438 1.850904
OS 4.543698 1.8513414
OS 4.5436251 1.8519975
OS 4.5436251 1.8700767
OS 4.5436251 1.8701496
OS 4.5436251 1.8704412
OS 4.5436251 1.8708057
OS 4.5435522 1.8712431
OS 4.5433335 1.8722637
OS 4.5431148 1.8727011
OS 4.5428961 1.8731385
OS 4.5428961 1.8732114
OS 4.5427503 1.8732843
OS 4.5423858 1.8736488
OS 4.5417297 1.8740133
OS 4.5412923 1.8740862
OS 4.540782 1.8741591
OS 4.5405633 1.8741591
OS 4.5402717 1.8740862
OS 4.5399072 1.8740133
OS 4.5395427 1.8738675
OS 4.5391053 1.8735759
OS 4.538595 1.8732843
OS 4.5381576 1.8728469
OS 4.5380847 1.872774
OS 4.5379389 1.8726282
OS 4.5377202 1.8723366
OS 4.5375015 1.8719721
OS 4.5372099 1.8714618
OS 4.5368454 1.8708057
OS 4.5365538 1.8700767
OS 4.5362622 1.8692748
OS 4.5362622 1.8692019
OS 4.5361893 1.8688374
OS 4.5360435 1.8684
OS 4.5359706 1.8677439
OS 4.5358248 1.866942
OS 4.535679 1.8660672
OS 4.5356061 1.8651195
OS 4.5356061 1.864026
OS 4.5356061 1.8519975
OS 4.5356061 1.8519246
OS 4.5356061 1.8518517
OS 4.5355332 1.8514143
OS 4.5353874 1.8509769
OS 4.5350958 1.8505395
OS 4.5350229 1.8504666
OS 4.5346584 1.8503208
OS 4.5341481 1.850175
OS 4.5333462 1.8501021
OS 4.5330546 1.8501021
OS 4.5326172 1.850175
OS 4.5321069 1.8503208
OS 4.5315966 1.8505395
OS 4.5315237 1.8506124
OS 4.5313779 1.850904
OS 4.5311592 1.8513414
OS 4.5310863 1.8519975
OS 4.5310863 1.8763461
OS 4.5310863 1.876419
OS 4.5310863 1.8764919
OS 4.5311592 1.8769293
OS 4.5312321 1.8773667
OS 4.5314508 1.8778041
OS 4.5315237 1.877877
OS 4.5318153 1.8780228
OS 4.5322527 1.8781686
OS 4.5329817 1.8782415
OS 4.5332004 1.8782415
OS 4.5336378 1.8781686
OS 4.5341481 1.8780957
OS 4.5345126 1.8778041
OS 4.5345855 1.8777312
OS 4.5347313 1.8774396
OS 4.5348771 1.8770022
OS 4.53495 1.8763461
OS 4.53495 1.8729927
OS 4.5350229 1.8731385
OS 4.5351687 1.8734301
OS 4.5354603 1.8739404
OS 4.5358248 1.8745236
OS 4.5362622 1.8752526
OS 4.5367725 1.8759087
OS 4.5373557 1.8765648
OS 4.5380118 1.877148
OS 4.5380847 1.8772209
OS 4.5383034 1.8773667
OS 4.5386679 1.8775854
OS 4.5391782 1.877877
OS 4.5397614 1.8781686
OS 4.5404175 1.8783873
OS 4.5411465 1.8785331
OS 4.5419484 1.878606
OS 4.5423129 1.878606
OS 4.5426774 1.8785331
OS 4.5431877 1.8784602
OS 4.543698 1.8782415
OS 4.5442812 1.8780228
OS 4.5448644 1.8776583
OS 4.5454476 1.8772209
OS 4.5455205 1.877148
OS 4.5456663 1.8770022
OS 4.5459579 1.8766377
OS 4.5463224 1.8762003
OS 4.546614 1.8756171
OS 4.5469785 1.874961
OS 4.5472701 1.8741591
OS 4.5475617 1.8732114
OS 4.5475617 1.8732843
OS 4.5477075 1.8734301
OS 4.5478533 1.8737217
OS 4.548072 1.8740862
OS 4.5485823 1.8748881
OS 4.5493842 1.8759087
OS 4.5504048 1.8769293
OS 4.5515712 1.8777312
OS 4.5522273 1.8780957
OS 4.5528834 1.8783873
OS 4.5536124 1.8785331
OS 4.5544143 1.878606
OS 4.5547059 1.878606
OS 4.5550704 1.8785331
OE
OB 4.2277494 1.8697851 I
OS 4.2281868 1.8696393
OS 4.2286242 1.8693477
OS 4.2286971 1.8692748
OS 4.2288429 1.8689832
OS 4.2289887 1.8684729
OS 4.2290616 1.8677439
OS 4.2290616 1.867671
OS 4.2290616 1.8675252
OS 4.2289887 1.8670878
OS 4.2289158 1.8665775
OS 4.2286242 1.8660672
OS 4.2285513 1.8659943
OS 4.2282597 1.8658485
OS 4.2278223 1.8656298
OS 4.2271662 1.8655569
OS 4.2042756 1.8655569
OS 4.2038382 1.8656298
OS 4.2034008 1.8657756
OS 4.2029634 1.8660672
OS 4.2028905 1.8661401
OS 4.2027447 1.8665046
OS 4.2025989 1.8670149
OS 4.202526 1.8677439
OS 4.202526 1.8678168
OS 4.202526 1.8679626
OS 4.2025989 1.8684
OS 4.2027447 1.8689103
OS 4.2029634 1.8693477
OS 4.2030363 1.8694206
OS 4.2033279 1.8696393
OS 4.2037653 1.8697851
OS 4.2044214 1.869858
OS 4.227312 1.869858
OS 4.2277494 1.8697851
OE
OB 4.5917391 1.8785331 I
OS 4.5921036 1.8785331
OS 4.5931242 1.8782415
OS 4.5937074 1.8780228
OS 4.5942177 1.8777312
OS 4.5942906 1.8776583
OS 4.5944364 1.8775854
OS 4.594728 1.8773667
OS 4.5950196 1.8770751
OS 4.5953841 1.8767106
OS 4.5957486 1.8762003
OS 4.5961131 1.87569
OS 4.5964047 1.8750339
OS 4.5964776 1.874961
OS 4.5965505 1.8747423
OS 4.5966963 1.8743049
OS 4.5968421 1.8737946
OS 4.5969879 1.8731385
OS 4.5971337 1.8724095
OS 4.5972795 1.8715347
OS 4.5972795 1.870587
OS 4.5972795 1.8519975
OS 4.5972795 1.8519246
OS 4.5972795 1.8518517
OS 4.5972066 1.8514143
OS 4.5970608 1.8509769
OS 4.5967692 1.8505395
OS 4.5966963 1.8504666
OS 4.5964047 1.8503208
OS 4.5958215 1.850175
OS 4.5950925 1.8501021
OS 4.5948009 1.8501021
OS 4.5943635 1.850175
OS 4.5937803 1.8503208
OS 4.59327 1.8505395
OS 4.5931971 1.8506124
OS 4.5930513 1.850904
OS 4.5928326 1.8513414
OS 4.5927597 1.8519975
OS 4.5927597 1.8700767
OS 4.5927597 1.8701496
OS 4.5927597 1.8704412
OS 4.5927597 1.8708057
OS 4.5926868 1.8712431
OS 4.5924681 1.8722637
OS 4.5923223 1.8727011
OS 4.5921036 1.8731385
OS 4.5921036 1.8732114
OS 4.5919578 1.8732843
OS 4.5915933 1.8736488
OS 4.5913017 1.8738675
OS 4.5909372 1.8740133
OS 4.5904269 1.8740862
OS 4.5899166 1.8741591
OS 4.5896979 1.8741591
OS 4.5894063 1.8740862
OS 4.5890418 1.8740133
OS 4.5886773 1.8738675
OS 4.5882399 1.8735759
OS 4.5877296 1.8732843
OS 4.5872922 1.8728469
OS 4.5872193 1.872774
OS 4.5870735 1.8726282
OS 4.5868548 1.8723366
OS 4.5866361 1.8719721
OS 4.5863445 1.8714618
OS 4.58598 1.8708057
OS 4.5856884 1.8700767
OS 4.5853968 1.8692748
OS 4.5853968 1.8692019
OS 4.5853239 1.8688374
OS 4.5851781 1.8684
OS 4.5851052 1.8677439
OS 4.5849594 1.866942
OS 4.5848136 1.8660672
OS 4.5847407 1.8651195
OS 4.5847407 1.864026
OS 4.5847407 1.8519975
OS 4.5847407 1.8519246
OS 4.5847407 1.8518517
OS 4.5846678 1.8514143
OS 4.584522 1.8509769
OS 4.5842304 1.8505395
OS 4.5841575 1.8504666
OS 4.5838659 1.8503208
OS 4.5833556 1.850175
OS 4.5829911 1.8501021
OS 4.5822621 1.8501021
OS 4.5818247 1.850175
OS 4.5812415 1.8503208
OS 4.5807312 1.8505395
OS 4.5806583 1.8506124
OS 4.5805125 1.850904
OS 4.5803667 1.8513414
OS 4.5802938 1.8519975
OS 4.5802938 1.8700767
OS 4.5802938 1.8701496
OS 4.5802938 1.8704412
OS 4.5802938 1.8708057
OS 4.5802209 1.8712431
OS 4.5800022 1.8722637
OS 4.5797835 1.8727011
OS 4.5795648 1.8731385
OS 4.5795648 1.8732114
OS 4.579419 1.8732843
OS 4.5790545 1.8736488
OS 4.5783984 1.8740133
OS 4.577961 1.8740862
OS 4.5774507 1.8741591
OS 4.577232 1.8741591
OS 4.5769404 1.8740862
OS 4.5765759 1.8740133
OS 4.5762114 1.8738675
OS 4.575774 1.8735759
OS 4.5752637 1.8732843
OS 4.5748263 1.8728469
OS 4.5747534 1.872774
OS 4.5746076 1.8726282
OS 4.5743889 1.8723366
OS 4.5741702 1.8719721
OS 4.5738786 1.8714618
OS 4.5735141 1.8708057
OS 4.5732225 1.8700767
OS 4.5729309 1.8692748
OS 4.5729309 1.8692019
OS 4.572858 1.8688374
OS 4.5727122 1.8684
OS 4.5726393 1.8677439
OS 4.5724935 1.866942
OS 4.5723477 1.8660672
OS 4.5722748 1.8651195
OS 4.5722748 1.864026
OS 4.5722748 1.8519975
OS 4.5722748 1.8519246
OS 4.5722748 1.8518517
OS 4.5722019 1.8514143
OS 4.5720561 1.8509769
OS 4.5717645 1.8505395
OS 4.5716916 1.8504666
OS 4.5713271 1.8503208
OS 4.5708168 1.850175
OS 4.5700149 1.8501021
OS 4.5697233 1.8501021
OS 4.5692859 1.850175
OS 4.5687756 1.8503208
OS 4.5682653 1.8505395
OS 4.5681924 1.8506124
OS 4.5680466 1.850904
OS 4.5678279 1.8513414
OS 4.567755 1.8519975
OS 4.567755 1.8763461
OS 4.567755 1.876419
OS 4.567755 1.8764919
OS 4.5678279 1.8769293
OS 4.5679008 1.8773667
OS 4.5681195 1.8778041
OS 4.5681924 1.877877
OS 4.568484 1.8780228
OS 4.5689214 1.8781686
OS 4.5696504 1.8782415
OS 4.5698691 1.8782415
OS 4.5703065 1.8781686
OS 4.5708168 1.8780957
OS 4.5711813 1.8778041
OS 4.5712542 1.8777312
OS 4.5714 1.8774396
OS 4.5715458 1.8770022
OS 4.5716187 1.8763461
OS 4.5716187 1.8729927
OS 4.5716916 1.8731385
OS 4.5718374 1.8734301
OS 4.572129 1.8739404
OS 4.5724935 1.8745236
OS 4.5729309 1.8752526
OS 4.5734412 1.8759087
OS 4.5740244 1.8765648
OS 4.5746805 1.877148
OS 4.5747534 1.8772209
OS 4.5749721 1.8773667
OS 4.5753366 1.8775854
OS 4.5758469 1.877877
OS 4.5764301 1.8781686
OS 4.5770862 1.8783873
OS 4.5778152 1.8785331
OS 4.5786171 1.878606
OS 4.5789816 1.878606
OS 4.5793461 1.8785331
OS 4.5798564 1.8784602
OS 4.5803667 1.8782415
OS 4.5809499 1.8780228
OS 4.5815331 1.8776583
OS 4.5821163 1.8772209
OS 4.5821892 1.877148
OS 4.582335 1.8770022
OS 4.5826266 1.8766377
OS 4.5829911 1.8762003
OS 4.5832827 1.8756171
OS 4.5836472 1.874961
OS 4.5839388 1.8741591
OS 4.5842304 1.8732114
OS 4.5842304 1.8732843
OS 4.5843762 1.8734301
OS 4.584522 1.8737217
OS 4.5847407 1.8740862
OS 4.585251 1.8748881
OS 4.5860529 1.8759087
OS 4.5870735 1.8769293
OS 4.5882399 1.8777312
OS 4.588896 1.8780957
OS 4.5895521 1.8783873
OS 4.5902811 1.8785331
OS 4.591083 1.878606
OS 4.5913746 1.878606
OS 4.5917391 1.8785331
OE
OB 4.4811498 1.8857502 I
OS 4.4815872 1.8856044
OS 4.4820246 1.8853128
OS 4.4820975 1.8852399
OS 4.4822433 1.8849483
OS 4.4823891 1.8843651
OS 4.482462 1.8836361
OS 4.482462 1.8835632
OS 4.482462 1.8834174
OS 4.4823891 1.88298
OS 4.4823162 1.8824697
OS 4.4820246 1.8819594
OS 4.4819517 1.8818865
OS 4.4816601 1.8817407
OS 4.4812227 1.8815949
OS 4.4805666 1.881522
OS 4.4666427 1.881522
OS 4.4662782 1.8721908
OS 4.466424 1.8722637
OS 4.4667885 1.8724824
OS 4.4673717 1.8727011
OS 4.4681736 1.8730656
OS 4.4691942 1.8733572
OS 4.4702148 1.8735759
OS 4.4714541 1.8737946
OS 4.4726934 1.8738675
OS 4.4732766 1.8738675
OS 4.4739327 1.8737946
OS 4.4748075 1.8736488
OS 4.4757552 1.873503
OS 4.4768487 1.8732114
OS 4.4778693 1.8728469
OS 4.4788899 1.8723366
OS 4.4790357 1.8722637
OS 4.4793273 1.872045
OS 4.4797647 1.8716805
OS 4.4803479 1.8712431
OS 4.481004 1.8706599
OS 4.4816601 1.8699309
OS 4.4823162 1.8690561
OS 4.4828265 1.8681084
OS 4.4828994 1.8679626
OS 4.4830452 1.867671
OS 4.4832639 1.8670878
OS 4.4835555 1.8663588
OS 4.4837742 1.8654111
OS 4.4839929 1.8643905
OS 4.4841387 1.8631512
OS 4.4842116 1.8619119
OS 4.4842116 1.861839
OS 4.4842116 1.8617661
OS 4.4842116 1.8613287
OS 4.4841387 1.8606726
OS 4.4839929 1.8597978
OS 4.4838471 1.8588501
OS 4.4835555 1.8578295
OS 4.483191 1.856736
OS 4.4826807 1.8556425
OS 4.4826078 1.8554967
OS 4.4823891 1.8552051
OS 4.4820246 1.8546948
OS 4.4815872 1.8540387
OS 4.4809311 1.8533826
OS 4.4802021 1.8526536
OS 4.4793273 1.8519246
OS 4.4783067 1.8512685
OS 4.4781609 1.8511956
OS 4.4777964 1.8510498
OS 4.4772132 1.8507582
OS 4.4764113 1.8505395
OS 4.4754636 1.8502479
OS 4.4742972 1.8499563
OS 4.4730579 1.8498105
OS 4.4716728 1.8497376
OS 4.4711625 1.8497376
OS 4.4706522 1.8498105
OS 4.4699232 1.8498834
OS 4.4690484 1.8499563
OS 4.4680278 1.850175
OS 4.4670072 1.8503937
OS 4.4659137 1.8506853
OS 4.4657679 1.8507582
OS 4.4654034 1.8508311
OS 4.4648931 1.8510498
OS 4.4641641 1.8513414
OS 4.4633622 1.8517059
OS 4.4624874 1.8521433
OS 4.4606649 1.8532368
OS 4.4605191 1.8533826
OS 4.4602275 1.8537471
OS 4.4599359 1.8542574
OS 4.459863 1.854549
OS 4.4597901 1.8548406
OS 4.4597901 1.8549864
OS 4.459863 1.855278
OS 4.4600088 1.8557154
OS 4.4602275 1.8562257
OS 4.4603004 1.8562986
OS 4.4603733 1.8564444
OS 4.4607378 1.8568818
OS 4.461321 1.8572463
OS 4.4616126 1.8573921
OS 4.4619771 1.857465
OS 4.46205 1.857465
OS 4.4622687 1.8573921
OS 4.4625603 1.8573192
OS 4.4629977 1.8571005
OS 4.4630706 1.8570276
OS 4.4633622 1.8568818
OS 4.4637267 1.8565902
OS 4.464237 1.8562986
OS 4.4648202 1.8559341
OS 4.4655492 1.8555696
OS 4.467153 1.8549135
OS 4.4672259 1.8549135
OS 4.4675904 1.8547677
OS 4.4680278 1.8546948
OS 4.468611 1.854549
OS 4.4692671 1.8544032
OS 4.470069 1.8542574
OS 4.4708709 1.8541845
OS 4.4716728 1.8541116
OS 4.4721102 1.8541116
OS 4.4725476 1.8541845
OS 4.4731308 1.8542574
OS 4.4737869 1.8543303
OS 4.4745159 1.854549
OS 4.4752449 1.8547677
OS 4.475901 1.8550593
OS 4.4759739 1.8551322
OS 4.4761926 1.855278
OS 4.4765571 1.8554967
OS 4.4769216 1.8557883
OS 4.477359 1.8561528
OS 4.4778693 1.8566631
OS 4.4783067 1.8572463
OS 4.4786712 1.8578295
OS 4.4787441 1.8579024
OS 4.478817 1.8581211
OS 4.4789628 1.8584856
OS 4.4791815 1.8589959
OS 4.4793273 1.8595791
OS 4.4794731 1.8603081
OS 4.479546 1.8610371
OS 4.4796189 1.8619119
OS 4.4796189 1.8619848
OS 4.4796189 1.8622764
OS 4.479546 1.8627138
OS 4.479546 1.8632241
OS 4.4794002 1.8638073
OS 4.4792544 1.8644634
OS 4.4790357 1.8651195
OS 4.4787441 1.8657756
OS 4.4786712 1.8658485
OS 4.4785983 1.8660672
OS 4.4783796 1.8663588
OS 4.478088 1.8667962
OS 4.4777235 1.8672336
OS 4.4772861 1.867671
OS 4.4767758 1.8681084
OS 4.4761926 1.8684729
OS 4.4761197 1.8685458
OS 4.475901 1.8686187
OS 4.4755365 1.8687645
OS 4.4750991 1.8689832
OS 4.4745159 1.869129
OS 4.4738598 1.8692748
OS 4.4731308 1.8693477
OS 4.4723289 1.8694206
OS 4.4715999 1.8694206
OS 4.4710896 1.8693477
OS 4.4705064 1.8692748
OS 4.4699232 1.8692019
OS 4.468611 1.8689103
OS 4.4685381 1.8689103
OS 4.4683194 1.8688374
OS 4.4680278 1.8686916
OS 4.4676633 1.8685458
OS 4.4666427 1.8680355
OS 4.4655492 1.8673065
OS 4.4654763 1.8672336
OS 4.4651847 1.8671607
OS 4.4646744 1.8670878
OS 4.4640183 1.8670149
OS 4.4637996 1.8670149
OS 4.4633622 1.8670878
OS 4.462779 1.8672336
OS 4.4622687 1.8674523
OS 4.4621958 1.8675252
OS 4.46205 1.8678168
OS 4.4618313 1.8682542
OS 4.4617584 1.8689103
OS 4.4624145 1.8838548
OS 4.4624145 1.8839277
OS 4.4624145 1.8840006
OS 4.4624874 1.884438
OS 4.4626332 1.8848754
OS 4.4629248 1.8853128
OS 4.4629977 1.8853857
OS 4.4633622 1.8856044
OS 4.4638725 1.8857502
OS 4.4646015 1.8858231
OS 4.4807124 1.8858231
OS 4.4811498 1.8857502
OE
OB 4.1059335 1.881522 H
OS 4.0989351 1.881522
OS 4.0989351 1.8663588
OS 4.1066625 1.8663588
OS 4.1074644 1.8664317
OS 4.1084121 1.8665775
OS 4.1095056 1.8668691
OS 4.1105991 1.8671607
OS 4.1116197 1.867671
OS 4.1125674 1.8683271
OS 4.1126403 1.8684
OS 4.1129319 1.8686916
OS 4.1132964 1.869129
OS 4.1137338 1.8697851
OS 4.1141712 1.8705141
OS 4.1145357 1.8714618
OS 4.1148273 1.8726282
OS 4.1149002 1.8738675
OS 4.1149002 1.8739404
OS 4.1149002 1.8740133
OS 4.1149002 1.8744507
OS 4.1147544 1.8751068
OS 4.1146086 1.8759087
OS 4.114317 1.8768564
OS 4.1139525 1.8778041
OS 4.1133693 1.8786789
OS 4.1125674 1.8794808
OS 4.1124945 1.8795537
OS 4.11213 1.8797724
OS 4.1116197 1.8801369
OS 4.1108907 1.8805014
OS 4.109943 1.8808659
OS 4.1088495 1.8812304
OS 4.1074644 1.8814491
OS 4.1059335 1.881522
OE
OB 4.1773755 1.881522 H
OS 4.1705229 1.881522
OS 4.1705229 1.8546948
OS 4.1779587 1.8546948
OS 4.1786148 1.8547677
OS 4.1794896 1.8549135
OS 4.1804373 1.8550593
OS 4.1815308 1.855278
OS 4.1825514 1.8556425
OS 4.183572 1.8561528
OS 4.1837178 1.8562257
OS 4.1840094 1.8564444
OS 4.1844468 1.8568089
OS 4.18503 1.8573192
OS 4.1856861 1.8579024
OS 4.1863422 1.8587043
OS 4.1869983 1.859652
OS 4.1875815 1.8606726
OS 4.1876544 1.8608184
OS 4.1878002 1.8612558
OS 4.1880189 1.861839
OS 4.1883105 1.8627138
OS 4.1886021 1.8638073
OS 4.1888208 1.8650466
OS 4.1889666 1.8665046
OS 4.1890395 1.8680355
OS 4.1890395 1.8681084
OS 4.1890395 1.8682542
OS 4.1890395 1.8684729
OS 4.1890395 1.8687645
OS 4.1889666 1.8695664
OS 4.1888937 1.870587
OS 4.188675 1.8717534
OS 4.1884563 1.8729927
OS 4.1880918 1.874232
OS 4.1875815 1.8753984
OS 4.1875086 1.8755442
OS 4.1873628 1.8759087
OS 4.1869983 1.876419
OS 4.1865609 1.877148
OS 4.1859777 1.877877
OS 4.1853216 1.878606
OS 4.1845197 1.879335
OS 4.183572 1.8799911
OS 4.1834262 1.880064
OS 4.1831346 1.8802098
OS 4.1825514 1.8805014
OS 4.1818224 1.880793
OS 4.1808747 1.8810117
OS 4.1798541 1.8813033
OS 4.1786877 1.8814491
OS 4.1773755 1.881522
OE
OB 4.2967128 1.8734301 H
OS 4.2830805 1.858194
OS 4.2831534 1.8581211
OS 4.2832992 1.8578295
OS 4.2835179 1.857465
OS 4.2838095 1.8570276
OS 4.2846843 1.8560799
OS 4.2851217 1.8555696
OS 4.2857049 1.8551322
OS 4.2857778 1.8550593
OS 4.2859965 1.8549864
OS 4.2862881 1.8548406
OS 4.2867255 1.8546219
OS 4.2872358 1.8544032
OS 4.287819 1.8542574
OS 4.2884751 1.8541845
OS 4.2891312 1.8541116
OS 4.2894957 1.8541116
OS 4.2899331 1.8541845
OS 4.2905163 1.8543303
OS 4.2911724 1.8544761
OS 4.2919014 1.8547677
OS 4.2925575 1.8552051
OS 4.2932865 1.8557154
OS 4.2933594 1.8557883
OS 4.2935781 1.856007
OS 4.2939426 1.8564444
OS 4.2943071 1.8569547
OS 4.2948174 1.8576108
OS 4.2952548 1.8584856
OS 4.2956922 1.8594333
OS 4.2961296 1.8605268
OS 4.2961296 1.8605997
OS 4.2962025 1.8606726
OS 4.2962754 1.86111
OS 4.2964941 1.8617661
OS 4.2967128 1.8626409
OS 4.2968586 1.8638073
OS 4.2970773 1.8650466
OS 4.2971502 1.8665046
OS 4.2972231 1.8680355
OS 4.2972231 1.8681813
OS 4.2972231 1.8685458
OS 4.2972231 1.8690561
OS 4.2971502 1.8697851
OS 4.2970773 1.870587
OS 4.2970044 1.8715347
OS 4.2967128 1.8734301
OE
OB 4.511622 1.8799911 H
OS 4.5010515 1.8636615
OS 4.5113304 1.8636615
OS 4.511622 1.8799911
OE
OB 4.2891312 1.8820323 H
OS 4.2887667 1.8820323
OS 4.2883293 1.8819594
OS 4.2877461 1.8818136
OS 4.28709 1.8815949
OS 4.286361 1.8813033
OS 4.2857049 1.8809388
OS 4.2849759 1.8803556
OS 4.284903 1.8802827
OS 4.2846843 1.880064
OS 4.2843198 1.8796995
OS 4.2839553 1.8791892
OS 4.283445 1.8784602
OS 4.2830076 1.8776583
OS 4.2824973 1.8767106
OS 4.2820599 1.8755442
OS 4.281987 1.8753984
OS 4.2819141 1.874961
OS 4.2817683 1.8743049
OS 4.2815496 1.8734301
OS 4.2813309 1.8723366
OS 4.2811851 1.8710244
OS 4.2811122 1.8696393
OS 4.2810393 1.8680355
OS 4.2810393 1.8678897
OS 4.2810393 1.8675981
OS 4.2810393 1.8670149
OS 4.2811122 1.8663588
OS 4.2811851 1.8655569
OS 4.281258 1.8646092
OS 4.2815496 1.8627138
OS 4.2951819 1.8779499
OS 4.295109 1.8780228
OS 4.2949632 1.8782415
OS 4.2947445 1.878606
OS 4.2944529 1.8790434
OS 4.2940155 1.8795537
OS 4.2935781 1.880064
OS 4.2930678 1.8805014
OS 4.2924846 1.8809388
OS 4.2924117 1.8810117
OS 4.292193 1.8810846
OS 4.2919014 1.8813033
OS 4.291464 1.881522
OS 4.2910266 1.8816678
OS 4.2904434 1.8818865
OS 4.2897873 1.8819594
OS 4.2891312 1.8820323
OE
SE
S P 0
OB 4.4898998 1.3549102 I
OS 4.490483 1.3548373
OS 4.4909933 1.3545457
OS 4.4910662 1.3544728
OS 4.4912849 1.3541812
OS 4.4914307 1.3537438
OS 4.4915036 1.3530148
OS 4.4915036 1.3440481
OS 4.5038966 1.3440481
OS 4.504334 1.3439752
OS 4.5047714 1.3438294
OS 4.5052088 1.3435378
OS 4.5052817 1.3434649
OS 4.5054275 1.3431733
OS 4.5055733 1.342663
OS 4.5056462 1.341934
OS 4.5056462 1.3418611
OS 4.5056462 1.3417153
OS 4.5055733 1.3412779
OS 4.5055004 1.3407676
OS 4.5052088 1.3402573
OS 4.5051359 1.3401844
OS 4.5048443 1.3400386
OS 4.5044069 1.3398199
OS 4.5037508 1.339747
OS 4.4915036 1.339747
OS 4.4915036 1.3291036
OS 4.4915036 1.3289578
OS 4.4915036 1.3285933
OS 4.4915765 1.3279372
OS 4.4916494 1.3272082
OS 4.4917952 1.3264063
OS 4.4920139 1.3256044
OS 4.4923055 1.3248025
OS 4.49267 1.3241464
OS 4.4927429 1.3240735
OS 4.4928887 1.3239277
OS 4.4931803 1.3236361
OS 4.4936177 1.3233445
OS 4.4942009 1.3230529
OS 4.4949299 1.3227613
OS 4.4957318 1.3226155
OS 4.4967524 1.3225426
OS 4.4971169 1.3225426
OS 4.4974814 1.3226155
OS 4.4980646 1.3226155
OS 4.4986478 1.3227613
OS 4.4993768 1.3229071
OS 4.5001787 1.3230529
OS 4.5009806 1.3233445
OS 4.5010535 1.3234174
OS 4.5013451 1.3234903
OS 4.5017825 1.323709
OS 4.5023657 1.3239277
OS 4.5030218 1.3242193
OS 4.5037508 1.3245838
OS 4.5052817 1.3255315
OS 4.5053546 1.3256044
OS 4.5055004 1.3256773
OS 4.505792 1.3257502
OS 4.5061565 1.3258231
OS 4.5063023 1.3258231
OS 4.5067397 1.3256773
OS 4.5070313 1.3254586
OS 4.5073229 1.3252399
OS 4.5076145 1.3248754
OS 4.5079061 1.324438
OS 4.507979 1.3242922
OS 4.5081248 1.3240006
OS 4.5082706 1.3235632
OS 4.5083435 1.3231258
OS 4.5083435 1.3230529
OS 4.5083435 1.32298
OS 4.5081977 1.3225426
OS 4.5079061 1.3220323
OS 4.5076874 1.3218136
OS 4.5073229 1.321522
OS 4.50725 1.3214491
OS 4.5068855 1.3213033
OS 4.5064481 1.3210117
OS 4.505792 1.3206472
OS 4.5049901 1.3202827
OS 4.5041153 1.3199182
OS 4.5031676 1.3194808
OS 4.5020741 1.3191163
OS 4.5019283 1.3191163
OS 4.5015638 1.3189705
OS 4.5010535 1.3188247
OS 4.5003245 1.3186789
OS 4.4995226 1.3185331
OS 4.4986478 1.3183873
OS 4.4977001 1.3183144
OS 4.4967524 1.3182415
OS 4.4962421 1.3182415
OS 4.4959505 1.3183144
OS 4.4955131 1.3183144
OS 4.4950028 1.3183873
OS 4.4939093 1.318606
OS 4.4927429 1.3188976
OS 4.4915036 1.319335
OS 4.4903372 1.3199911
OS 4.4893166 1.3208659
OS 4.4892437 1.3210117
OS 4.4889521 1.3213762
OS 4.4885876 1.3219594
OS 4.4881502 1.3228342
OS 4.4877128 1.3239277
OS 4.4873483 1.3253128
OS 4.4870567 1.3269166
OS 4.4869838 1.3287391
OS 4.4869838 1.339747
OS 4.4807873 1.339747
OS 4.4803499 1.3398199
OS 4.4799125 1.3399657
OS 4.4794751 1.3402573
OS 4.4794022 1.3403302
OS 4.4792564 1.3406947
OS 4.4791106 1.341205
OS 4.4790377 1.341934
OS 4.4790377 1.3420069
OS 4.4790377 1.3421527
OS 4.4791106 1.3425901
OS 4.4792564 1.3431004
OS 4.4794751 1.3435378
OS 4.479548 1.3436107
OS 4.4798396 1.3438294
OS 4.480277 1.3439752
OS 4.4809331 1.3440481
OS 4.4869838 1.3440481
OS 4.4869838 1.3530148
OS 4.4869838 1.3530877
OS 4.4869838 1.3531606
OS 4.4870567 1.353598
OS 4.4872025 1.3541083
OS 4.4874941 1.3545457
OS 4.487567 1.3546186
OS 4.4879315 1.3547644
OS 4.4884418 1.3549102
OS 4.4892437 1.3549831
OS 4.4894624 1.3549831
OS 4.4898998 1.3549102
OE
OB 4.4223944 1.347037 I
OS 4.423415 1.3468912
OS 4.4245814 1.3466725
OS 4.4258207 1.3463809
OS 4.42706 1.3459435
OS 4.4282264 1.3453603
OS 4.4283722 1.3452874
OS 4.4287367 1.3450687
OS 4.429247 1.3446313
OS 4.429976 1.344121
OS 4.430705 1.343392
OS 4.4315069 1.3425901
OS 4.4322359 1.3416424
OS 4.432892 1.3405489
OS 4.4329649 1.3404031
OS 4.4331836 1.3400386
OS 4.4334023 1.3393825
OS 4.4337668 1.3385077
OS 4.4340584 1.3374871
OS 4.43435 1.3362478
OS 4.4346416 1.3348627
OS 4.4347874 1.3334047
OS 4.4347874 1.3333318
OS 4.4347874 1.3332589
OS 4.4347145 1.3328215
OS 4.4346416 1.3323841
OS 4.43435 1.3319467
OS 4.4342771 1.3318738
OS 4.4339855 1.3318009
OS 4.4335481 1.3316551
OS 4.432892 1.3315822
OS 4.4112407 1.3315822
OS 4.4112407 1.3315093
OS 4.4112407 1.3313635
OS 4.4113136 1.3311448
OS 4.4113136 1.3308532
OS 4.4114594 1.3300513
OS 4.4116052 1.3291036
OS 4.4119697 1.3280101
OS 4.4124071 1.3268437
OS 4.4129903 1.3257502
OS 4.4137193 1.3248025
OS 4.4138651 1.3247296
OS 4.4141567 1.324438
OS 4.414667 1.3240735
OS 4.415396 1.323709
OS 4.4163437 1.3232716
OS 4.4175101 1.3229071
OS 4.4188223 1.3226155
OS 4.4202803 1.3225426
OS 4.4207906 1.3225426
OS 4.4213738 1.3226155
OS 4.4221028 1.3226155
OS 4.4230505 1.3226884
OS 4.4239982 1.3228342
OS 4.4261123 1.3231987
OS 4.4262581 1.3231987
OS 4.4266226 1.3233445
OS 4.4271329 1.3234903
OS 4.427789 1.323709
OS 4.4285909 1.3240006
OS 4.4293928 1.3242922
OS 4.4301947 1.3246567
OS 4.4309966 1.3250941
OS 4.4310695 1.325167
OS 4.4312882 1.3252399
OS 4.4315798 1.3253128
OS 4.4319443 1.3253857
OS 4.4320172 1.3253857
OS 4.4323088 1.3253128
OS 4.4326004 1.3252399
OS 4.4329649 1.3249483
OS 4.4330378 1.3248754
OS 4.4332565 1.3246567
OS 4.4334752 1.3242193
OS 4.4336939 1.323709
OS 4.4337668 1.3236361
OS 4.4338397 1.3234174
OS 4.4339126 1.3230529
OS 4.4339126 1.3226155
OS 4.4339126 1.3225426
OS 4.4339126 1.3223968
OS 4.4337668 1.3219594
OS 4.433621 1.3216678
OS 4.4333294 1.3213762
OS 4.4330378 1.3210846
OS 4.4326004 1.320793
OS 4.4325275 1.3207201
OS 4.432163 1.3205743
OS 4.4316527 1.3203556
OS 4.4309966 1.3201369
OS 4.4301218 1.3198453
OS 4.4291741 1.3194808
OS 4.4280806 1.3191892
OS 4.4268413 1.3188976
OS 4.4266955 1.3188976
OS 4.4262581 1.3188247
OS 4.425602 1.3186789
OS 4.4248001 1.318606
OS 4.4237795 1.3184602
OS 4.422686 1.3183144
OS 4.4215196 1.3182415
OS 4.4195513 1.3182415
OS 4.4187494 1.3183144
OS 4.4177288 1.3184602
OS 4.4165624 1.3186789
OS 4.4153231 1.3189705
OS 4.4140109 1.319335
OS 4.4128445 1.3199182
OS 4.4126987 1.3199911
OS 4.4123342 1.3202098
OS 4.4118239 1.3206472
OS 4.4111678 1.3212304
OS 4.4104388 1.3218865
OS 4.4096369 1.3227613
OS 4.4089079 1.323709
OS 4.4082518 1.3248754
OS 4.4082518 1.3249483
OS 4.4081789 1.3250212
OS 4.4080331 1.3254586
OS 4.4077415 1.3261876
OS 4.4074499 1.3270624
OS 4.4071583 1.3282288
OS 4.4068667 1.329541
OS 4.4067209 1.3310719
OS 4.406648 1.3326757
OS 4.406648 1.3327486
OS 4.406648 1.3328944
OS 4.406648 1.3331131
OS 4.406648 1.3334047
OS 4.4067209 1.3342066
OS 4.4068667 1.3352272
OS 4.4070854 1.3363936
OS 4.4074499 1.3376329
OS 4.4078873 1.3389451
OS 4.4084705 1.3401844
OS 4.4084705 1.3402573
OS 4.4085434 1.3403302
OS 4.408835 1.3406947
OS 4.4091995 1.3413508
OS 4.4097827 1.3420798
OS 4.4105117 1.3428817
OS 4.4113865 1.3437565
OS 4.4123342 1.3445584
OS 4.4135006 1.3452874
OS 4.4135735 1.3452874
OS 4.4136464 1.3453603
OS 4.4140838 1.345579
OS 4.4147399 1.3458706
OS 4.4156147 1.3462351
OS 4.4167082 1.3465267
OS 4.4179475 1.3468183
OS 4.4193326 1.347037
OS 4.4208635 1.3471099
OS 4.4215925 1.3471099
OS 4.4223944 1.347037
OE
OB 4.3120238 1.347037 I
OS 4.3130444 1.3468912
OS 4.3141379 1.3466725
OS 4.3153772 1.346308
OS 4.3166165 1.3458706
OS 4.3178558 1.3452145
OS 4.3179287 1.3452145
OS 4.3180016 1.3451416
OS 4.3183661 1.34485
OS 4.3190222 1.3444855
OS 4.3197512 1.3439023
OS 4.3205531 1.3431733
OS 4.3214279 1.3422985
OS 4.3223027 1.3412779
OS 4.3230317 1.3401115
OS 4.3231046 1.3399657
OS 4.3233233 1.3395283
OS 4.3236149 1.3388722
OS 4.3239794 1.3379245
OS 4.3243439 1.336831
OS 4.3246355 1.3355917
OS 4.3248542 1.3342066
OS 4.3249271 1.3326757
OS 4.3249271 1.3326028
OS 4.3249271 1.332457
OS 4.3249271 1.3322383
OS 4.3249271 1.3319467
OS 4.3248542 1.3312177
OS 4.3247084 1.3301971
OS 4.3244897 1.3290307
OS 4.3241252 1.3277914
OS 4.3236878 1.3264792
OS 4.3230317 1.325167
OS 4.3229588 1.3250212
OS 4.3226672 1.3246567
OS 4.3222298 1.3240006
OS 4.3216466 1.3232716
OS 4.3209176 1.3224697
OS 4.3200428 1.3216678
OS 4.3190222 1.320793
OS 4.3178558 1.320064
OS 4.31771 1.3199911
OS 4.3172726 1.3197724
OS 4.3166165 1.3194808
OS 4.3157417 1.3191892
OS 4.3146482 1.3188247
OS 4.3134089 1.3185331
OS 4.3120238 1.3183144
OS 4.3105658 1.3182415
OS 4.3099097 1.3182415
OS 4.3091078 1.3183144
OS 4.3080872 1.3184602
OS 4.3069937 1.3186789
OS 4.3057544 1.3190434
OS 4.3044422 1.3194808
OS 4.3032029 1.320064
OS 4.3030571 1.3201369
OS 4.3026926 1.3204285
OS 4.3021094 1.320793
OS 4.3013804 1.3213762
OS 4.3005785 1.3221052
OS 4.2997037 1.32298
OS 4.2989018 1.3240006
OS 4.2980999 1.325167
OS 4.2980999 1.3252399
OS 4.298027 1.3253128
OS 4.2978083 1.3257502
OS 4.2975167 1.3264792
OS 4.2971522 1.327354
OS 4.2967877 1.3284475
OS 4.2964961 1.3297597
OS 4.2962774 1.3311448
OS 4.2962045 1.3326757
OS 4.2962045 1.3327486
OS 4.2962045 1.3328944
OS 4.2962045 1.3331131
OS 4.2962045 1.3334047
OS 4.2962774 1.3341337
OS 4.2964232 1.3351543
OS 4.2966419 1.3363207
OS 4.2970064 1.33756
OS 4.2974438 1.3388722
OS 4.2980999 1.3401115
OS 4.2980999 1.3401844
OS 4.2981728 1.3402573
OS 4.2984644 1.3406218
OS 4.2989018 1.3412779
OS 4.299485 1.3420069
OS 4.300214 1.3428088
OS 4.3010888 1.3436836
OS 4.3020365 1.3444855
OS 4.3032029 1.3452145
OS 4.3032758 1.3452145
OS 4.3033487 1.3452874
OS 4.3037861 1.3455061
OS 4.3044422 1.3457977
OS 4.3053899 1.3461622
OS 4.3064105 1.3465267
OS 4.3077227 1.3468183
OS 4.3091078 1.347037
OS 4.3105658 1.3471099
OS 4.3112219 1.3471099
OS 4.3120238 1.347037
OE
OB 4.532036 1.347037 I
OS 4.5330566 1.3468912
OS 4.5341501 1.3466725
OS 4.5353894 1.346308
OS 4.5366287 1.3458706
OS 4.537868 1.3452145
OS 4.5379409 1.3452145
OS 4.5380138 1.3451416
OS 4.5383783 1.34485
OS 4.5390344 1.3444855
OS 4.5397634 1.3439023
OS 4.5405653 1.3431733
OS 4.5414401 1.3422985
OS 4.5423149 1.3412779
OS 4.5430439 1.3401115
OS 4.5431168 1.3399657
OS 4.5433355 1.3395283
OS 4.5436271 1.3388722
OS 4.5439916 1.3379245
OS 4.5443561 1.336831
OS 4.5446477 1.3355917
OS 4.5448664 1.3342066
OS 4.5449393 1.3326757
OS 4.5449393 1.3326028
OS 4.5449393 1.332457
OS 4.5449393 1.3322383
OS 4.5449393 1.3319467
OS 4.5448664 1.3312177
OS 4.5447206 1.3301971
OS 4.5445019 1.3290307
OS 4.5441374 1.3277914
OS 4.5437 1.3264792
OS 4.5430439 1.325167
OS 4.542971 1.3250212
OS 4.5426794 1.3246567
OS 4.542242 1.3240006
OS 4.5416588 1.3232716
OS 4.5409298 1.3224697
OS 4.540055 1.3216678
OS 4.5390344 1.320793
OS 4.537868 1.320064
OS 4.5377222 1.3199911
OS 4.5372848 1.3197724
OS 4.5366287 1.3194808
OS 4.5357539 1.3191892
OS 4.5346604 1.3188247
OS 4.5334211 1.3185331
OS 4.532036 1.3183144
OS 4.530578 1.3182415
OS 4.5299219 1.3182415
OS 4.52912 1.3183144
OS 4.5280994 1.3184602
OS 4.5270059 1.3186789
OS 4.5257666 1.3190434
OS 4.5244544 1.3194808
OS 4.5232151 1.320064
OS 4.5230693 1.3201369
OS 4.5227048 1.3204285
OS 4.5221216 1.320793
OS 4.5213926 1.3213762
OS 4.5205907 1.3221052
OS 4.5197159 1.32298
OS 4.518914 1.3240006
OS 4.5181121 1.325167
OS 4.5181121 1.3252399
OS 4.5180392 1.3253128
OS 4.5178205 1.3257502
OS 4.5175289 1.3264792
OS 4.5171644 1.327354
OS 4.5167999 1.3284475
OS 4.5165083 1.3297597
OS 4.5162896 1.3311448
OS 4.5162167 1.3326757
OS 4.5162167 1.3327486
OS 4.5162167 1.3328944
OS 4.5162167 1.3331131
OS 4.5162167 1.3334047
OS 4.5162896 1.3341337
OS 4.5164354 1.3351543
OS 4.5166541 1.3363207
OS 4.5170186 1.33756
OS 4.517456 1.3388722
OS 4.5181121 1.3401115
OS 4.5181121 1.3401844
OS 4.518185 1.3402573
OS 4.5184766 1.3406218
OS 4.518914 1.3412779
OS 4.5194972 1.3420069
OS 4.5202262 1.3428088
OS 4.521101 1.3436836
OS 4.5220487 1.3444855
OS 4.5232151 1.3452145
OS 4.523288 1.3452145
OS 4.5233609 1.3452874
OS 4.5237983 1.3455061
OS 4.5244544 1.3457977
OS 4.5254021 1.3461622
OS 4.5264227 1.3465267
OS 4.5277349 1.3468183
OS 4.52912 1.347037
OS 4.530578 1.3471099
OS 4.5312341 1.3471099
OS 4.532036 1.347037
OE
OB 4.212005 1.3542541 I
OS 4.2124424 1.3541083
OS 4.2128798 1.3538167
OS 4.2129527 1.3537438
OS 4.2130985 1.3534522
OS 4.2132443 1.352869
OS 4.2133172 1.35214
OS 4.2133172 1.3520671
OS 4.2133172 1.3519213
OS 4.2132443 1.3514839
OS 4.2131714 1.3509736
OS 4.2128798 1.3504633
OS 4.2128069 1.3503904
OS 4.2125153 1.3502446
OS 4.2120779 1.3500988
OS 4.2114218 1.3500259
OS 4.1939987 1.3500259
OS 4.1939987 1.3380703
OS 4.2081413 1.3380703
OS 4.2085787 1.3379974
OS 4.2090161 1.3378516
OS 4.2093806 1.33756
OS 4.2094535 1.3374871
OS 4.2095993 1.3371955
OS 4.2097451 1.3366852
OS 4.209818 1.3359562
OS 4.209818 1.3358833
OS 4.209818 1.3357375
OS 4.2097451 1.3353001
OS 4.2096722 1.3347898
OS 4.2093806 1.3342795
OS 4.2093077 1.3342066
OS 4.209089 1.3340608
OS 4.2086516 1.3338421
OS 4.2079955 1.3337692
OS 4.1939987 1.3337692
OS 4.1939987 1.3205014
OS 4.1939987 1.3204285
OS 4.1939987 1.3203556
OS 4.1939258 1.3199182
OS 4.19378 1.3194808
OS 4.1934884 1.3190434
OS 4.1934155 1.3189705
OS 4.1931239 1.3188247
OS 4.1926136 1.3186789
OS 4.1922491 1.318606
OS 4.1915201 1.318606
OS 4.1910827 1.3186789
OS 4.1904995 1.3188247
OS 4.1899892 1.3190434
OS 4.1899163 1.3191163
OS 4.1897705 1.3194079
OS 4.1896247 1.3198453
OS 4.1895518 1.3205014
OS 4.1895518 1.3522858
OS 4.1895518 1.3523587
OS 4.1895518 1.3524316
OS 4.1896247 1.352869
OS 4.1897705 1.3533793
OS 4.1899892 1.3538167
OS 4.1900621 1.3538896
OS 4.1903537 1.3541083
OS 4.1907911 1.3542541
OS 4.1914472 1.354327
OS 4.2115676 1.354327
OS 4.212005 1.3542541
OE
OB 4.1388134 1.3545457 I
OS 4.1393237 1.3544728
OS 4.139834 1.3541812
OS 4.1399069 1.3541083
OS 4.1401256 1.3538167
OS 4.1402714 1.3533793
OS 4.1403443 1.3526503
OS 4.1403443 1.3312177
OS 4.1403443 1.3311448
OS 4.1403443 1.330999
OS 4.1403443 1.3307803
OS 4.1403443 1.3304887
OS 4.1402714 1.3297597
OS 4.1401256 1.3287391
OS 4.1399069 1.3276456
OS 4.1396153 1.3264063
OS 4.1392508 1.3252399
OS 4.1386676 1.3240735
OS 4.1385947 1.3239277
OS 4.138376 1.3235632
OS 4.1380115 1.3230529
OS 4.1375012 1.3224697
OS 4.1368451 1.3217407
OS 4.1360432 1.3210117
OS 4.1351684 1.3202827
OS 4.1340749 1.3196995
OS 4.1339291 1.3196266
OS 4.1335646 1.3194808
OS 4.1329814 1.3192621
OS 4.1321066 1.3189705
OS 4.1311589 1.3186789
OS 4.1299925 1.3184602
OS 4.1286803 1.3183144
OS 4.1272223 1.3182415
OS 4.1265662 1.3182415
OS 4.1258372 1.3183144
OS 4.1248895 1.3184602
OS 4.123796 1.318606
OS 4.1226296 1.3188247
OS 4.1214632 1.3191892
OS 4.1202968 1.3196995
OS 4.120151 1.3197724
OS 4.1197865 1.3199911
OS 4.1192762 1.3202827
OS 4.1186201 1.320793
OS 4.1178911 1.3213762
OS 4.1171621 1.3221781
OS 4.1163602 1.3230529
OS 4.1157041 1.3240735
OS 4.1156312 1.3242193
OS 4.1154854 1.3245838
OS 4.1151938 1.3252399
OS 4.1149022 1.3260418
OS 4.1146106 1.3271353
OS 4.114319 1.3283017
OS 4.1141732 1.3296868
OS 4.1141003 1.3312177
OS 4.1141003 1.3526503
OS 4.1141003 1.3527232
OS 4.1141003 1.3527961
OS 4.1141732 1.3532335
OS 4.114319 1.3537438
OS 4.1146106 1.3541812
OS 4.1146835 1.3542541
OS 4.115048 1.3543999
OS 4.1155583 1.3545457
OS 4.1163602 1.3546186
OS 4.1165789 1.3546186
OS 4.1170163 1.3545457
OS 4.1175995 1.3544728
OS 4.1181098 1.3541812
OS 4.1181827 1.3541083
OS 4.1184014 1.3538167
OS 4.1185472 1.3533793
OS 4.1186201 1.3526503
OS 4.1186201 1.3318009
OS 4.1186201 1.331728
OS 4.1186201 1.3315822
OS 4.1186201 1.3313635
OS 4.118693 1.3310719
OS 4.1187659 1.3301971
OS 4.1189117 1.3292494
OS 4.1191304 1.328083
OS 4.1195678 1.3269166
OS 4.1200781 1.3258231
OS 4.1208071 1.3248754
OS 4.12088 1.3248025
OS 4.1212445 1.3245109
OS 4.1217548 1.3241464
OS 4.1224838 1.3237819
OS 4.1233586 1.3233445
OS 4.1244521 1.32298
OS 4.1257643 1.3226884
OS 4.1272223 1.3226155
OS 4.1275868 1.3226155
OS 4.1278784 1.3226884
OS 4.1286803 1.3227613
OS 4.1295551 1.3229071
OS 4.1305757 1.3231987
OS 4.1316692 1.3235632
OS 4.1326898 1.3241464
OS 4.1335646 1.3248754
OS 4.1336375 1.3250212
OS 4.1339291 1.3253128
OS 4.1342936 1.3258231
OS 4.134731 1.326625
OS 4.1350955 1.3275727
OS 4.13546 1.328812
OS 4.1357516 1.3301971
OS 4.1358245 1.3318009
OS 4.1358245 1.3526503
OS 4.1358245 1.3527232
OS 4.1358245 1.3527961
OS 4.1358974 1.3532335
OS 4.1360432 1.3537438
OS 4.1363348 1.3541812
OS 4.1364077 1.3542541
OS 4.1367722 1.3543999
OS 4.1372825 1.3545457
OS 4.1380844 1.3546186
OS 4.138376 1.3546186
OS 4.1388134 1.3545457
OE
OB 4.3513169 1.347037 I
OS 4.3521188 1.3469641
OS 4.3531394 1.3468183
OS 4.3543058 1.3464538
OS 4.3554722 1.3460164
OS 4.3565657 1.3453603
OS 4.3575863 1.3444855
OS 4.3576592 1.3443397
OS 4.3579508 1.3440481
OS 4.3583882 1.3434649
OS 4.3588256 1.342663
OS 4.359263 1.3416424
OS 4.3597004 1.3404031
OS 4.359992 1.339018
OS 4.3600649 1.3374142
OS 4.3600649 1.3205014
OS 4.3600649 1.3204285
OS 4.3600649 1.3203556
OS 4.359992 1.3199182
OS 4.3598462 1.3194808
OS 4.3595546 1.3190434
OS 4.3594817 1.3189705
OS 4.3591901 1.3188247
OS 4.3586798 1.3186789
OS 4.3583153 1.318606
OS 4.3575863 1.318606
OS 4.3571489 1.3186789
OS 4.3565657 1.3188247
OS 4.3560554 1.3190434
OS 4.3559825 1.3191163
OS 4.3558367 1.3194079
OS 4.3556909 1.3198453
OS 4.355618 1.3205014
OS 4.355618 1.3369039
OS 4.355618 1.3370497
OS 4.355618 1.3373413
OS 4.3555451 1.3378516
OS 4.3554722 1.3384348
OS 4.3552535 1.3390909
OS 4.3550348 1.3398199
OS 4.3546703 1.3405489
OS 4.3542329 1.3411321
OS 4.35416 1.341205
OS 4.3540142 1.3413508
OS 4.3536497 1.3416424
OS 4.3532123 1.341934
OS 4.3526291 1.3421527
OS 4.351973 1.3424443
OS 4.3510982 1.3425901
OS 4.3501505 1.342663
OS 4.3497131 1.342663
OS 4.3492028 1.3425901
OS 4.3485467 1.3424443
OS 4.3478177 1.3422985
OS 4.3469429 1.3420069
OS 4.3460681 1.3415695
OS 4.3451204 1.3410592
OS 4.3450475 1.3409863
OS 4.344683 1.3407676
OS 4.3442456 1.3404031
OS 4.3436624 1.3398928
OS 4.3430063 1.3392367
OS 4.3423502 1.3385077
OS 4.3416941 1.3376329
OS 4.341038 1.3366123
OS 4.3409651 1.3364665
OS 4.3408193 1.336102
OS 4.3405277 1.3355917
OS 4.3402361 1.3347898
OS 4.3399445 1.333915
OS 4.3396529 1.3328944
OS 4.3395071 1.3318009
OS 4.3394342 1.3305616
OS 4.3394342 1.3205014
OS 4.3394342 1.3204285
OS 4.3394342 1.3203556
OS 4.3393613 1.3199182
OS 4.3392155 1.3194808
OS 4.3389239 1.3190434
OS 4.338851 1.3189705
OS 4.3384865 1.3188247
OS 4.3379762 1.3186789
OS 4.3371743 1.318606
OS 4.3369556 1.318606
OS 4.3365182 1.3186789
OS 4.335935 1.3188247
OS 4.3354247 1.3190434
OS 4.3353518 1.3191163
OS 4.335206 1.3194079
OS 4.3349873 1.3198453
OS 4.3349144 1.3205014
OS 4.3349144 1.34485
OS 4.3349144 1.3449229
OS 4.3349144 1.3449958
OS 4.3349873 1.3454332
OS 4.3351331 1.3458706
OS 4.3353518 1.346308
OS 4.3354247 1.3463809
OS 4.3357892 1.3465267
OS 4.3362995 1.3466725
OS 4.3370285 1.3467454
OS 4.3372472 1.3467454
OS 4.3376846 1.3466725
OS 4.3381949 1.3465996
OS 4.3386323 1.346308
OS 4.3387052 1.3462351
OS 4.3389239 1.3459435
OS 4.3390697 1.3455061
OS 4.3391426 1.34485
OS 4.3391426 1.3400386
OS 4.3392155 1.3401115
OS 4.3395071 1.340476
OS 4.3399445 1.3410592
OS 4.3405277 1.3417882
OS 4.3412567 1.3425901
OS 4.3421315 1.3434649
OS 4.3431521 1.3442668
OS 4.3442456 1.3450687
OS 4.3443185 1.3450687
OS 4.3443914 1.3451416
OS 4.3448288 1.3453603
OS 4.345412 1.3457248
OS 4.3462139 1.3460893
OS 4.3472345 1.3464538
OS 4.3482551 1.3468183
OS 4.3494215 1.347037
OS 4.3505879 1.3471099
OS 4.3510253 1.3471099
OS 4.3513169 1.347037
OE
OB 4.3879856 1.347037 I
OS 4.3887875 1.3469641
OS 4.3898081 1.3468183
OS 4.3909745 1.3464538
OS 4.3921409 1.3460164
OS 4.3932344 1.3453603
OS 4.394255 1.3444855
OS 4.3943279 1.3443397
OS 4.3946195 1.3440481
OS 4.3950569 1.3434649
OS 4.3954943 1.342663
OS 4.3959317 1.3416424
OS 4.3963691 1.3404031
OS 4.3966607 1.339018
OS 4.3967336 1.3374142
OS 4.3967336 1.3205014
OS 4.3967336 1.3204285
OS 4.3967336 1.3203556
OS 4.3966607 1.3199182
OS 4.3965149 1.3194808
OS 4.3962233 1.3190434
OS 4.3961504 1.3189705
OS 4.3958588 1.3188247
OS 4.3953485 1.3186789
OS 4.394984 1.318606
OS 4.394255 1.318606
OS 4.3938176 1.3186789
OS 4.3932344 1.3188247
OS 4.3927241 1.3190434
OS 4.3926512 1.3191163
OS 4.3925054 1.3194079
OS 4.3923596 1.3198453
OS 4.3922867 1.3205014
OS 4.3922867 1.3369039
OS 4.3922867 1.3370497
OS 4.3922867 1.3373413
OS 4.3922138 1.3378516
OS 4.3921409 1.3384348
OS 4.3919222 1.3390909
OS 4.3917035 1.3398199
OS 4.391339 1.3405489
OS 4.3909016 1.3411321
OS 4.3908287 1.341205
OS 4.3906829 1.3413508
OS 4.3903184 1.3416424
OS 4.389881 1.341934
OS 4.3892978 1.3421527
OS 4.3886417 1.3424443
OS 4.3877669 1.3425901
OS 4.3868192 1.342663
OS 4.3863818 1.342663
OS 4.3858715 1.3425901
OS 4.3852154 1.3424443
OS 4.3844864 1.3422985
OS 4.3836116 1.3420069
OS 4.3827368 1.3415695
OS 4.3817891 1.3410592
OS 4.3817162 1.3409863
OS 4.3813517 1.3407676
OS 4.3809143 1.3404031
OS 4.3803311 1.3398928
OS 4.379675 1.3392367
OS 4.3790189 1.3385077
OS 4.3783628 1.3376329
OS 4.3777067 1.3366123
OS 4.3776338 1.3364665
OS 4.377488 1.336102
OS 4.3771964 1.3355917
OS 4.3769048 1.3347898
OS 4.3766132 1.333915
OS 4.3763216 1.3328944
OS 4.3761758 1.3318009
OS 4.3761029 1.3305616
OS 4.3761029 1.3205014
OS 4.3761029 1.3204285
OS 4.3761029 1.3203556
OS 4.37603 1.3199182
OS 4.3758842 1.3194808
OS 4.3755926 1.3190434
OS 4.3755197 1.3189705
OS 4.3751552 1.3188247
OS 4.3746449 1.3186789
OS 4.373843 1.318606
OS 4.3736243 1.318606
OS 4.3731869 1.3186789
OS 4.3726037 1.3188247
OS 4.3720934 1.3190434
OS 4.3720205 1.3191163
OS 4.3718747 1.3194079
OS 4.371656 1.3198453
OS 4.3715831 1.3205014
OS 4.3715831 1.34485
OS 4.3715831 1.3449229
OS 4.3715831 1.3449958
OS 4.371656 1.3454332
OS 4.3718018 1.3458706
OS 4.3720205 1.346308
OS 4.3720934 1.3463809
OS 4.3724579 1.3465267
OS 4.3729682 1.3466725
OS 4.3736972 1.3467454
OS 4.3739159 1.3467454
OS 4.3743533 1.3466725
OS 4.3748636 1.3465996
OS 4.375301 1.346308
OS 4.3753739 1.3462351
OS 4.3755926 1.3459435
OS 4.3757384 1.3455061
OS 4.3758113 1.34485
OS 4.3758113 1.3400386
OS 4.3758842 1.3401115
OS 4.3761758 1.340476
OS 4.3766132 1.3410592
OS 4.3771964 1.3417882
OS 4.3779254 1.3425901
OS 4.3788002 1.3434649
OS 4.3798208 1.3442668
OS 4.3809143 1.3450687
OS 4.3809872 1.3450687
OS 4.3810601 1.3451416
OS 4.3814975 1.3453603
OS 4.3820807 1.3457248
OS 4.3828826 1.3460893
OS 4.3839032 1.3464538
OS 4.3849238 1.3468183
OS 4.3860902 1.347037
OS 4.3872566 1.3471099
OS 4.387694 1.3471099
OS 4.3879856 1.347037
OE
OB 4.2772505 1.3549102 I
OS 4.2780524 1.3548373
OS 4.2790001 1.3546915
OS 4.2810413 1.3542541
OS 4.2811871 1.3542541
OS 4.2815516 1.3541083
OS 4.2820619 1.3539625
OS 4.2827909 1.3536709
OS 4.2835928 1.3533793
OS 4.2845405 1.3529419
OS 4.2854882 1.3525045
OS 4.2865088 1.3519213
OS 4.2865817 1.3519213
OS 4.2866546 1.3517755
OS 4.287092 1.3514839
OS 4.2874565 1.3509736
OS 4.2875294 1.3506091
OS 4.2876023 1.3502446
OS 4.2876023 1.3501717
OS 4.2875294 1.3498801
OS 4.2874565 1.3494427
OS 4.2872378 1.3488595
OS 4.2872378 1.3487866
OS 4.2871649 1.3486408
OS 4.2868004 1.3482034
OS 4.2862901 1.347766
OS 4.2859985 1.3476202
OS 4.285634 1.3475473
OS 4.2855611 1.3475473
OS 4.2854153 1.3476202
OS 4.2850508 1.3476931
OS 4.2846863 1.3478389
OS 4.2846134 1.3478389
OS 4.2844676 1.3479847
OS 4.2842489 1.3480576
OS 4.2838844 1.3482763
OS 4.2835199 1.348495
OS 4.2830096 1.3487137
OS 4.2818432 1.349224
OS 4.2804581 1.3496614
OS 4.2788543 1.3500988
OS 4.2771776 1.3503904
OS 4.275428 1.3505362
OS 4.2748448 1.3505362
OS 4.2742616 1.3504633
OS 4.2734597 1.3503175
OS 4.2725849 1.3500988
OS 4.2716372 1.3498072
OS 4.2706895 1.3493698
OS 4.2697418 1.3487866
OS 4.2696689 1.3487137
OS 4.2693773 1.348495
OS 4.2689399 1.3480576
OS 4.2683567 1.3475473
OS 4.2677735 1.3468912
OS 4.2671174 1.3460164
OS 4.2665342 1.3450687
OS 4.265951 1.3439752
OS 4.2658781 1.3438294
OS 4.2657323 1.343392
OS 4.2655136 1.3427359
OS 4.2652949 1.3418611
OS 4.2650762 1.3407676
OS 4.2648575 1.3395283
OS 4.2647117 1.3381432
OS 4.2646388 1.3366123
OS 4.2646388 1.3365394
OS 4.2646388 1.3363936
OS 4.2646388 1.3361749
OS 4.2646388 1.3358833
OS 4.2647117 1.3350814
OS 4.2647846 1.3341337
OS 4.2649304 1.3329673
OS 4.265222 1.331728
OS 4.2655136 1.3304158
OS 4.265951 1.3291765
OS 4.2660239 1.3290307
OS 4.2662426 1.3286662
OS 4.2665342 1.328083
OS 4.2669716 1.3274269
OS 4.2674819 1.326625
OS 4.268138 1.3258231
OS 4.268867 1.3250212
OS 4.2697418 1.3242922
OS 4.2698876 1.3242193
OS 4.2701792 1.3240006
OS 4.2706895 1.3237819
OS 4.2713456 1.3234903
OS 4.2722204 1.3231258
OS 4.2731681 1.3229071
OS 4.2742616 1.3226884
OS 4.275428 1.3226155
OS 4.2758654 1.3226155
OS 4.2762299 1.3226884
OS 4.2766673 1.3226884
OS 4.2771776 1.3227613
OS 4.278344 1.32298
OS 4.279802 1.3232716
OS 4.2813329 1.3237819
OS 4.2830096 1.324438
OS 4.2846863 1.3253128
OS 4.2847592 1.3253857
OS 4.2850508 1.3255315
OS 4.2853424 1.3256044
OS 4.285634 1.3256773
OS 4.2857798 1.3256773
OS 4.2862172 1.3255315
OS 4.2865088 1.3253128
OS 4.2867275 1.3250941
OS 4.2870191 1.3247296
OS 4.2872378 1.3242922
OS 4.2873107 1.3241464
OS 4.2874565 1.3238548
OS 4.2875294 1.3233445
OS 4.2876023 1.3229071
OS 4.2876023 1.3228342
OS 4.2876023 1.3227613
OS 4.2874565 1.3223239
OS 4.2873107 1.3220323
OS 4.2871649 1.3217407
OS 4.2868733 1.321522
OS 4.2865088 1.3212304
OS 4.286363 1.3211575
OS 4.2860714 1.3210117
OS 4.2854882 1.3207201
OS 4.2848321 1.3203556
OS 4.2839573 1.3199911
OS 4.2830825 1.3196266
OS 4.2820619 1.3192621
OS 4.2810413 1.3189705
OS 4.2808955 1.3189705
OS 4.2806039 1.3188247
OS 4.2800207 1.3187518
OS 4.2793646 1.318606
OS 4.2784898 1.3184602
OS 4.2775421 1.3183873
OS 4.2765215 1.3182415
OS 4.2749906 1.3182415
OS 4.2746261 1.3183144
OS 4.2742616 1.3183144
OS 4.2738242 1.3183873
OS 4.2727307 1.3185331
OS 4.2714185 1.3188247
OS 4.2701063 1.3191892
OS 4.2687212 1.3197724
OS 4.2673361 1.3205014
OS 4.2672632 1.3205014
OS 4.2671903 1.3205743
OS 4.2667529 1.3209388
OS 4.2660968 1.3214491
OS 4.2653678 1.3221781
OS 4.264493 1.3230529
OS 4.2636182 1.3241464
OS 4.2627434 1.3254586
OS 4.2619415 1.3269166
OS 4.2619415 1.3269895
OS 4.2618686 1.3271353
OS 4.2617957 1.327354
OS 4.2616499 1.3276456
OS 4.2615041 1.328083
OS 4.2613583 1.3285204
OS 4.2609938 1.3296868
OS 4.2606293 1.3311448
OS 4.2603377 1.3328215
OS 4.260119 1.334644
OS 4.2600461 1.3366123
OS 4.2600461 1.3366852
OS 4.2600461 1.336831
OS 4.2600461 1.3371226
OS 4.2600461 1.33756
OS 4.260119 1.3379974
OS 4.260119 1.3385806
OS 4.2602648 1.3398928
OS 4.2604835 1.3413508
OS 4.260848 1.3429546
OS 4.2612854 1.3446313
OS 4.2619415 1.3462351
OS 4.2619415 1.346308
OS 4.2620144 1.3464538
OS 4.2621602 1.3465996
OS 4.262306 1.3468912
OS 4.2627434 1.3476931
OS 4.2633266 1.3485679
OS 4.2641285 1.3496614
OS 4.2650033 1.350682
OS 4.2660968 1.3517026
OS 4.2673361 1.3526503
OS 4.267409 1.3526503
OS 4.2674819 1.3527232
OS 4.2677006 1.352869
OS 4.2679922 1.3530148
OS 4.2687212 1.3533793
OS 4.2696689 1.3538167
OS 4.2708353 1.3542541
OS 4.2722204 1.3546186
OS 4.2737513 1.3549102
OS 4.275428 1.3549831
OS 4.2765215 1.3549831
OS 4.2772505 1.3549102
OE
OB 4.5771611 1.347037 I
OS 4.5777443 1.3469641
OS 4.5784004 1.3468183
OS 4.5798584 1.3464538
OS 4.5799313 1.3464538
OS 4.5800771 1.3463809
OS 4.5805874 1.3460893
OS 4.580879 1.3457977
OS 4.5810977 1.3455061
OS 4.5812435 1.3450687
OS 4.5813164 1.3445584
OS 4.5813164 1.3444855
OS 4.5813164 1.3442668
OS 4.5812435 1.3439752
OS 4.5811706 1.3436836
OS 4.5811706 1.3436107
OS 4.5810977 1.3435378
OS 4.5810248 1.3431004
OS 4.5808061 1.3425901
OS 4.5805145 1.3421527
OS 4.5804416 1.3420798
OS 4.5802958 1.341934
OS 4.5800042 1.3417153
OS 4.5796397 1.3416424
OS 4.579421 1.3416424
OS 4.5789836 1.3417882
OS 4.5789107 1.3417882
OS 4.578692 1.3418611
OS 4.5784004 1.3420069
OS 4.577963 1.3420798
OS 4.5774527 1.3422256
OS 4.5768695 1.3422985
OS 4.5757031 1.3423714
OS 4.5751199 1.3423714
OS 4.5744638 1.3422985
OS 4.573589 1.3420798
OS 4.5725684 1.3418611
OS 4.5714749 1.3414966
OS 4.5703814 1.3409863
OS 4.569215 1.3402573
OS 4.5690692 1.3401844
OS 4.5687047 1.3398928
OS 4.5681944 1.3393825
OS 4.5674654 1.3387264
OS 4.5667364 1.3379245
OS 4.5659345 1.3369768
OS 4.5651326 1.3358104
OS 4.5644036 1.3345711
OS 4.5644036 1.3344982
OS 4.5643307 1.3344253
OS 4.5642578 1.3342066
OS 4.564112 1.3339879
OS 4.5638204 1.3332589
OS 4.5635288 1.3323112
OS 4.5631643 1.3311448
OS 4.5628727 1.3298326
OS 4.562654 1.3284475
OS 4.5625811 1.3269166
OS 4.5625811 1.3205014
OS 4.5625811 1.3204285
OS 4.5625811 1.3203556
OS 4.5625082 1.3199182
OS 4.5623624 1.3194808
OS 4.5620708 1.3190434
OS 4.5619979 1.3189705
OS 4.5616334 1.3188247
OS 4.5611231 1.3186789
OS 4.5603212 1.318606
OS 4.5601025 1.318606
OS 4.5596651 1.3186789
OS 4.5590819 1.3188247
OS 4.5585716 1.3190434
OS 4.5584987 1.3191163
OS 4.5583529 1.3194079
OS 4.5581342 1.3198453
OS 4.5580613 1.3205014
OS 4.5580613 1.34485
OS 4.5580613 1.3449229
OS 4.5580613 1.3449958
OS 4.5581342 1.3454332
OS 4.55828 1.3458706
OS 4.5584987 1.346308
OS 4.5585716 1.3463809
OS 4.5589361 1.3465267
OS 4.5594464 1.3466725
OS 4.5601754 1.3467454
OS 4.5603941 1.3467454
OS 4.5608315 1.3466725
OS 4.5613418 1.3465996
OS 4.5617792 1.346308
OS 4.5618521 1.3462351
OS 4.5620708 1.3459435
OS 4.5622166 1.3455061
OS 4.5622895 1.34485
OS 4.5622895 1.3378516
OS 4.5624353 1.3379974
OS 4.5625811 1.3382161
OS 4.5627269 1.3385077
OS 4.5633101 1.3393096
OS 4.5640391 1.3402573
OS 4.5649139 1.3413508
OS 4.5659345 1.3425172
OS 4.5671009 1.3436107
OS 4.5684131 1.3446313
OS 4.568486 1.3446313
OS 4.5685589 1.3447042
OS 4.5687776 1.34485
OS 4.5690692 1.3449958
OS 4.5697253 1.3454332
OS 4.570673 1.3458706
OS 4.5718394 1.346308
OS 4.5730787 1.3467454
OS 4.5744638 1.347037
OS 4.5759218 1.3471099
OS 4.5766508 1.3471099
OS 4.5771611 1.347037
OE
OB 4.1754821 1.3545457 I
OS 4.1759924 1.3544728
OS 4.1765027 1.3541812
OS 4.1765756 1.3541083
OS 4.1767943 1.3538167
OS 4.1769401 1.3533793
OS 4.177013 1.3526503
OS 4.177013 1.3205014
OS 4.177013 1.3204285
OS 4.177013 1.3203556
OS 4.1769401 1.3199182
OS 4.1767943 1.3194808
OS 4.1765027 1.3190434
OS 4.1764298 1.3189705
OS 4.1761382 1.3188247
OS 4.175555 1.3186789
OS 4.174826 1.318606
OS 4.1745344 1.318606
OS 4.174097 1.3186789
OS 4.1735138 1.3188247
OS 4.1730035 1.3190434
OS 4.1729306 1.3191163
OS 4.1727848 1.3194079
OS 4.1725661 1.3198453
OS 4.1724932 1.3205014
OS 4.1724932 1.3350085
OS 4.1552888 1.3350085
OS 4.1552888 1.3205014
OS 4.1552888 1.3204285
OS 4.1552888 1.3203556
OS 4.1552159 1.3199182
OS 4.1550701 1.3194808
OS 4.1547785 1.3190434
OS 4.1547056 1.3189705
OS 4.1543411 1.3188247
OS 4.1538308 1.3186789
OS 4.1530289 1.318606
OS 4.1528102 1.318606
OS 4.1523728 1.3186789
OS 4.1517896 1.3188247
OS 4.1512793 1.3190434
OS 4.1512064 1.3191163
OS 4.1510606 1.3194079
OS 4.1508419 1.3198453
OS 4.150769 1.3205014
OS 4.150769 1.3526503
OS 4.150769 1.3527232
OS 4.150769 1.3527961
OS 4.1508419 1.3532335
OS 4.1509877 1.3537438
OS 4.1512793 1.3541812
OS 4.1513522 1.3542541
OS 4.1517167 1.3543999
OS 4.152227 1.3545457
OS 4.1530289 1.3546186
OS 4.1532476 1.3546186
OS 4.153685 1.3545457
OS 4.1542682 1.3544728
OS 4.1547785 1.3541812
OS 4.1548514 1.3541083
OS 4.1550701 1.3538167
OS 4.1552159 1.3533793
OS 4.1552888 1.3526503
OS 4.1552888 1.3393096
OS 4.1724932 1.3393096
OS 4.1724932 1.3526503
OS 4.1724932 1.3527232
OS 4.1724932 1.3527961
OS 4.1725661 1.3532335
OS 4.1727119 1.3537438
OS 4.1730035 1.3541812
OS 4.1730764 1.3542541
OS 4.1734409 1.3543999
OS 4.1739512 1.3545457
OS 4.1747531 1.3546186
OS 4.1750447 1.3546186
OS 4.1754821 1.3545457
OE
OB 4.4588444 1.347037 I
OS 4.4596463 1.347037
OS 4.460594 1.3468912
OS 4.4616146 1.3467454
OS 4.4627081 1.3465267
OS 4.4638016 1.3462351
OS 4.4639474 1.3462351
OS 4.4643119 1.3460893
OS 4.4648951 1.3458706
OS 4.4656241 1.3456519
OS 4.466426 1.3452874
OS 4.4673737 1.34485
OS 4.4683214 1.3444126
OS 4.4692691 1.3438294
OS 4.469342 1.3438294
OS 4.4694149 1.3436836
OS 4.4697794 1.343392
OS 4.4701439 1.3428817
OS 4.4702168 1.3425172
OS 4.4702897 1.3421527
OS 4.4702897 1.3420069
OS 4.4702168 1.3417153
OS 4.4701439 1.341205
OS 4.4698523 1.3406218
OS 4.4698523 1.3405489
OS 4.4697794 1.3404031
OS 4.4694149 1.3400386
OS 4.4689775 1.3396012
OS 4.4686859 1.3394554
OS 4.4683214 1.3393825
OS 4.4682485 1.3393825
OS 4.4679569 1.3394554
OS 4.4675924 1.3396012
OS 4.4672279 1.3398199
OS 4.467155 1.3398199
OS 4.4670092 1.3399657
OS 4.4667905 1.3401115
OS 4.4664989 1.3402573
OS 4.4660615 1.340476
OS 4.4656241 1.3406947
OS 4.4644577 1.3412779
OS 4.4630726 1.3417882
OS 4.4613959 1.3422256
OS 4.4596463 1.3425172
OS 4.457678 1.342663
OS 4.4571677 1.342663
OS 4.4566574 1.3425901
OS 4.4560013 1.3425172
OS 4.4551994 1.3423714
OS 4.4543246 1.3420798
OS 4.4535227 1.3417882
OS 4.4526479 1.3413508
OS 4.452575 1.3412779
OS 4.4522834 1.3411321
OS 4.4519189 1.3408405
OS 4.4514086 1.340476
OS 4.4508254 1.3399657
OS 4.4503151 1.3393825
OS 4.4497319 1.3386535
OS 4.4492216 1.3378516
OS 4.4491487 1.3377787
OS 4.4490029 1.3374871
OS 4.4488571 1.3369768
OS 4.4486384 1.3363936
OS 4.4483468 1.3355917
OS 4.448201 1.3347169
OS 4.4480552 1.3337692
OS 4.4479823 1.3326757
OS 4.4479823 1.3325299
OS 4.4479823 1.3321654
OS 4.4480552 1.3316551
OS 4.4481281 1.3309261
OS 4.4482739 1.3301242
OS 4.4484926 1.3292494
OS 4.4487842 1.3283017
OS 4.4492216 1.3274269
OS 4.4492945 1.327354
OS 4.4494403 1.3270624
OS 4.4497319 1.326625
OS 4.4500964 1.3261147
OS 4.4506067 1.3255315
OS 4.4511899 1.3249483
OS 4.451846 1.3243651
OS 4.4526479 1.3238548
OS 4.4527208 1.3237819
OS 4.4530124 1.3236361
OS 4.4535227 1.3234903
OS 4.4541059 1.3232716
OS 4.4548349 1.32298
OS 4.4557097 1.3228342
OS 4.4566574 1.3226884
OS 4.457678 1.3226155
OS 4.4581883 1.3226155
OS 4.4586986 1.3226884
OS 4.4593547 1.3226884
OS 4.4602295 1.3228342
OS 4.4611043 1.32298
OS 4.462052 1.3231258
OS 4.4629997 1.3234174
OS 4.4631455 1.3234903
OS 4.4634371 1.3235632
OS 4.4639474 1.3237819
OS 4.4646035 1.3240735
OS 4.4653325 1.324438
OS 4.4661344 1.3248754
OS 4.4669363 1.3253857
OS 4.4677382 1.3259689
OS 4.4678111 1.3260418
OS 4.4681027 1.3261876
OS 4.4684672 1.3263334
OS 4.4688317 1.3264063
OS 4.4689775 1.3264063
OS 4.4694149 1.3262605
OS 4.4696336 1.3261147
OS 4.4699252 1.325896
OS 4.4702168 1.3256044
OS 4.4704355 1.3252399
OS 4.4704355 1.325167
OS 4.4705084 1.3250941
OS 4.4707271 1.3247296
OS 4.4708729 1.3242193
OS 4.4709458 1.323709
OS 4.4709458 1.3236361
OS 4.4709458 1.3235632
OS 4.4708 1.3231258
OS 4.4705813 1.3225426
OS 4.4702897 1.3223239
OS 4.4699981 1.3220323
OS 4.4698523 1.3219594
OS 4.4695607 1.3217407
OS 4.4690504 1.3213762
OS 4.4683214 1.3210117
OS 4.4675195 1.3205743
OS 4.4664989 1.320064
OS 4.4654054 1.3196266
OS 4.464239 1.3191892
OS 4.4640932 1.3191163
OS 4.4636558 1.3190434
OS 4.4630726 1.3188976
OS 4.4621978 1.3187518
OS 4.4612501 1.3185331
OS 4.4601566 1.3183873
OS 4.4589173 1.3183144
OS 4.457678 1.3182415
OS 4.456949 1.3182415
OS 4.4561471 1.3183144
OS 4.4551265 1.3184602
OS 4.4539601 1.3186789
OS 4.4527208 1.3190434
OS 4.4514086 1.3194808
OS 4.4501693 1.320064
OS 4.4500235 1.3201369
OS 4.449659 1.3204285
OS 4.4490029 1.3208659
OS 4.4482739 1.3214491
OS 4.447472 1.3221781
OS 4.4466701 1.3230529
OS 4.4457953 1.3240735
OS 4.4450663 1.3252399
OS 4.4450663 1.3253128
OS 4.4449934 1.3253857
OS 4.4447747 1.3258231
OS 4.4444831 1.3264792
OS 4.4441915 1.3274269
OS 4.4438999 1.3285204
OS 4.4436083 1.3297597
OS 4.4433896 1.3311448
OS 4.4433167 1.3326757
OS 4.4433167 1.3327486
OS 4.4433167 1.3328944
OS 4.4433167 1.3330402
OS 4.4433167 1.3333318
OS 4.4433896 1.3341337
OS 4.4435354 1.3351543
OS 4.4437541 1.3362478
OS 4.4440457 1.3374871
OS 4.4444831 1.3387993
OS 4.4450663 1.3400386
OS 4.4450663 1.3401115
OS 4.4451392 1.3401844
OS 4.4454308 1.3405489
OS 4.4457953 1.341205
OS 4.4463785 1.341934
OS 4.4471075 1.3427359
OS 4.4479823 1.3436107
OS 4.4490029 1.3444855
OS 4.4501693 1.3452145
OS 4.4502422 1.3452145
OS 4.4503151 1.3452874
OS 4.4507525 1.3455061
OS 4.4514086 1.3457977
OS 4.4523563 1.3461622
OS 4.4534498 1.3465267
OS 4.4546891 1.3468183
OS 4.4561471 1.347037
OS 4.457678 1.3471099
OS 4.4582612 1.3471099
OS 4.4588444 1.347037
OE
OB 4.4208635 1.3428088 H
OS 4.4202803 1.3428088
OS 4.4195513 1.3427359
OS 4.4186765 1.3425901
OS 4.4177288 1.3423714
OS 4.4167082 1.3420069
OS 4.4156876 1.3415695
OS 4.4147399 1.3409134
OS 4.414667 1.3408405
OS 4.4143754 1.3405489
OS 4.413938 1.3401115
OS 4.4134277 1.3395283
OS 4.4129174 1.3387993
OS 4.4124071 1.3379245
OS 4.4118968 1.3369039
OS 4.4115323 1.3357375
OS 4.4299031 1.3357375
OS 4.4299031 1.3358104
OS 4.4299031 1.3358833
OS 4.4297573 1.3363207
OS 4.4296115 1.3369039
OS 4.4293199 1.3377058
OS 4.4289554 1.3385077
OS 4.4284451 1.3393825
OS 4.427789 1.3402573
OS 4.4269871 1.3409863
OS 4.4269142 1.3410592
OS 4.4265497 1.3412779
OS 4.4260394 1.3415695
OS 4.4253833 1.341934
OS 4.4245085 1.3422256
OS 4.4234879 1.3425172
OS 4.4222486 1.3427359
OS 4.4208635 1.3428088
OE
OB 4.530578 1.342663 H
OS 4.5300677 1.342663
OS 4.5295574 1.3425901
OS 4.5288284 1.3425172
OS 4.5280265 1.3423714
OS 4.5272246 1.3421527
OS 4.5263498 1.3418611
OS 4.525475 1.3414237
OS 4.5254021 1.3413508
OS 4.5251105 1.341205
OS 4.524746 1.3409134
OS 4.5242357 1.3405489
OS 4.5236525 1.3400386
OS 4.5231422 1.3393825
OS 4.522559 1.3386535
OS 4.5220487 1.3378516
OS 4.5219758 1.3377787
OS 4.52183 1.3374871
OS 4.5216842 1.3369768
OS 4.5214655 1.3363936
OS 4.5211739 1.3355917
OS 4.5210281 1.3347169
OS 4.5208823 1.3337692
OS 4.5208094 1.3326757
OS 4.5208094 1.3325299
OS 4.5208094 1.3321654
OS 4.5208823 1.3316551
OS 4.5209552 1.3309261
OS 4.521101 1.3301242
OS 4.5213197 1.3292494
OS 4.5216113 1.3283017
OS 4.5220487 1.3274269
OS 4.5221216 1.327354
OS 4.5222674 1.3270624
OS 4.522559 1.326625
OS 4.5229235 1.3261147
OS 4.5234338 1.3255315
OS 4.524017 1.3249483
OS 4.5246731 1.3243651
OS 4.525475 1.3238548
OS 4.5255479 1.3237819
OS 4.5258395 1.3236361
OS 4.5263498 1.3234903
OS 4.526933 1.3232716
OS 4.527662 1.32298
OS 4.5285368 1.3228342
OS 4.5295574 1.3226884
OS 4.530578 1.3226155
OS 4.5310883 1.3226155
OS 4.5315986 1.3226884
OS 4.5323276 1.3227613
OS 4.5331295 1.3229071
OS 4.5339314 1.3231258
OS 4.5348062 1.3234174
OS 4.535681 1.3238548
OS 4.5357539 1.3239277
OS 4.5360455 1.3240735
OS 4.53641 1.3243651
OS 4.5369203 1.3248025
OS 4.5375035 1.3253128
OS 4.5380867 1.325896
OS 4.538597 1.326625
OS 4.5391073 1.3274269
OS 4.5391802 1.3274998
OS 4.539326 1.3278643
OS 4.5394718 1.3283017
OS 4.5397634 1.3289578
OS 4.5399821 1.3297597
OS 4.5401279 1.3306345
OS 4.5402737 1.3315822
OS 4.5403466 1.3326757
OS 4.5403466 1.3328215
OS 4.5403466 1.333186
OS 4.5402737 1.3336963
OS 4.5402008 1.3344253
OS 4.540055 1.3352272
OS 4.5398363 1.336102
OS 4.5395447 1.3369768
OS 4.5391073 1.3378516
OS 4.5390344 1.3379245
OS 4.5388886 1.3382161
OS 4.538597 1.3386535
OS 4.5382325 1.3391638
OS 4.5377222 1.339747
OS 4.537139 1.3403302
OS 4.5364829 1.3409134
OS 4.535681 1.3414237
OS 4.5356081 1.3414966
OS 4.5353165 1.3416424
OS 4.5348062 1.3417882
OS 4.534223 1.3420798
OS 4.533494 1.3422985
OS 4.5326192 1.3424443
OS 4.5316715 1.3425901
OS 4.530578 1.342663
OE
OB 4.3105658 1.342663 H
OS 4.3100555 1.342663
OS 4.3095452 1.3425901
OS 4.3088162 1.3425172
OS 4.3080143 1.3423714
OS 4.3072124 1.3421527
OS 4.3063376 1.3418611
OS 4.3054628 1.3414237
OS 4.3053899 1.3413508
OS 4.3050983 1.341205
OS 4.3047338 1.3409134
OS 4.3042235 1.3405489
OS 4.3036403 1.3400386
OS 4.30313 1.3393825
OS 4.3025468 1.3386535
OS 4.3020365 1.3378516
OS 4.3019636 1.3377787
OS 4.3018178 1.3374871
OS 4.301672 1.3369768
OS 4.3014533 1.3363936
OS 4.3011617 1.3355917
OS 4.3010159 1.3347169
OS 4.3008701 1.3337692
OS 4.3007972 1.3326757
OS 4.3007972 1.3325299
OS 4.3007972 1.3321654
OS 4.3008701 1.3316551
OS 4.300943 1.3309261
OS 4.3010888 1.3301242
OS 4.3013075 1.3292494
OS 4.3015991 1.3283017
OS 4.3020365 1.3274269
OS 4.3021094 1.327354
OS 4.3022552 1.3270624
OS 4.3025468 1.326625
OS 4.3029113 1.3261147
OS 4.3034216 1.3255315
OS 4.3040048 1.3249483
OS 4.3046609 1.3243651
OS 4.3054628 1.3238548
OS 4.3055357 1.3237819
OS 4.3058273 1.3236361
OS 4.3063376 1.3234903
OS 4.3069208 1.3232716
OS 4.3076498 1.32298
OS 4.3085246 1.3228342
OS 4.3095452 1.3226884
OS 4.3105658 1.3226155
OS 4.3110761 1.3226155
OS 4.3115864 1.3226884
OS 4.3123154 1.3227613
OS 4.3131173 1.3229071
OS 4.3139192 1.3231258
OS 4.314794 1.3234174
OS 4.3156688 1.3238548
OS 4.3157417 1.3239277
OS 4.3160333 1.3240735
OS 4.3163978 1.3243651
OS 4.3169081 1.3248025
OS 4.3174913 1.3253128
OS 4.3180745 1.325896
OS 4.3185848 1.326625
OS 4.3190951 1.3274269
OS 4.319168 1.3274998
OS 4.3193138 1.3278643
OS 4.3194596 1.3283017
OS 4.3197512 1.3289578
OS 4.3199699 1.3297597
OS 4.3201157 1.3306345
OS 4.3202615 1.3315822
OS 4.3203344 1.3326757
OS 4.3203344 1.3328215
OS 4.3203344 1.333186
OS 4.3202615 1.3336963
OS 4.3201886 1.3344253
OS 4.3200428 1.3352272
OS 4.3198241 1.336102
OS 4.3195325 1.3369768
OS 4.3190951 1.3378516
OS 4.3190222 1.3379245
OS 4.3188764 1.3382161
OS 4.3185848 1.3386535
OS 4.3182203 1.3391638
OS 4.31771 1.339747
OS 4.3171268 1.3403302
OS 4.3164707 1.3409134
OS 4.3156688 1.3414237
OS 4.3155959 1.3414966
OS 4.3153043 1.3416424
OS 4.314794 1.3417882
OS 4.3142108 1.3420798
OS 4.3134818 1.3422985
OS 4.312607 1.3424443
OS 4.3116593 1.3425901
OS 4.3105658 1.342663
OE
SE
S P 0
OB 4.2534616 3.0865376 I
OS 4.2542635 3.0864647
OS 4.2552112 3.0863189
OS 4.2561589 3.0861002
OS 4.2571795 3.0858086
OS 4.2581272 3.0853712
OS 4.258273 3.0852983
OS 4.2585646 3.0851525
OS 4.259002 3.0848609
OS 4.2595123 3.0844964
OS 4.2600955 3.0839861
OS 4.2607516 3.0834029
OS 4.2613348 3.0826739
OS 4.2618451 3.081872
OS 4.261918 3.0817991
OS 4.2620638 3.0815075
OS 4.2622096 3.0809972
OS 4.2625012 3.080414
OS 4.2627199 3.079685
OS 4.2628657 3.0788102
OS 4.2630115 3.0778625
OS 4.2630844 3.076769
OS 4.2630844 3.0766961
OS 4.2630844 3.0764045
OS 4.2630115 3.0759671
OS 4.2629386 3.0753839
OS 4.2628657 3.0747278
OS 4.262647 3.0739988
OS 4.2624283 3.0733427
OS 4.2620638 3.0726137
OS 4.2619909 3.0725408
OS 4.2618451 3.0723221
OS 4.2616264 3.0720305
OS 4.2613348 3.0715931
OS 4.2608974 3.0711557
OS 4.2603871 3.0706454
OS 4.2598039 3.070208
OS 4.2591478 3.0697706
OS 4.2592936 3.0696977
OS 4.2595852 3.0695519
OS 4.2600955 3.0693332
OS 4.2607516 3.0689687
OS 4.2614806 3.0684584
OS 4.2622096 3.0679481
OS 4.2628657 3.067292
OS 4.2635218 3.0664901
OS 4.2635947 3.0664172
OS 4.2637405 3.0661256
OS 4.2640321 3.0656882
OS 4.2643237 3.0650321
OS 4.2645424 3.0642302
OS 4.264834 3.0633554
OS 4.2649798 3.0623348
OS 4.2650527 3.0611684
OS 4.2650527 3.0610226
OS 4.2650527 3.0606581
OS 4.2649798 3.0600749
OS 4.2649069 3.0593459
OS 4.2647611 3.0584711
OS 4.2644695 3.0575963
OS 4.2641779 3.0566486
OS 4.2637405 3.0557738
OS 4.2636676 3.0557009
OS 4.2635218 3.0554093
OS 4.2631573 3.0549719
OS 4.2627928 3.0545345
OS 4.2622096 3.0539513
OS 4.2615535 3.0533681
OS 4.2607516 3.0528578
OS 4.2598039 3.0523475
OS 4.2596581 3.0522746
OS 4.2593665 3.0522017
OS 4.2587833 3.051983
OS 4.2580543 3.0517643
OS 4.2571795 3.0515456
OS 4.256086 3.0513998
OS 4.2549196 3.051254
OS 4.2536074 3.0511811
OS 4.2408499 3.0511811
OS 4.2404125 3.051254
OS 4.2399751 3.0513998
OS 4.2395377 3.0516185
OS 4.2394648 3.0516914
OS 4.239319 3.051983
OS 4.2391732 3.0524204
OS 4.2391003 3.0531494
OS 4.2391003 3.0845693
OS 4.2391003 3.0846422
OS 4.2391003 3.0847151
OS 4.2391732 3.0851525
OS 4.239319 3.0856628
OS 4.2395377 3.0861002
OS 4.2396106 3.0861731
OS 4.2399022 3.0863918
OS 4.2403396 3.0865376
OS 4.2409957 3.0866105
OS 4.2528055 3.0866105
OS 4.2534616 3.0865376
OE
OB 4.5826051 3.060002 I
OS 4.5835528 3.0599291
OS 4.5840631 3.0597833
OS 4.5844276 3.0596375
OS 4.5845005 3.0596375
OS 4.5845734 3.0595646
OS 4.5849379 3.0593459
OS 4.5852295 3.0589085
OS 4.5853024 3.0586169
OS 4.5853753 3.0582524
OS 4.5853753 3.052712
OS 4.5853753 3.0526391
OS 4.5853753 3.0525662
OS 4.5852295 3.0521288
OS 4.5850108 3.0516914
OS 4.5847192 3.0514727
OS 4.5844276 3.051254
OS 4.5843547 3.051254
OS 4.5842818 3.0511811
OS 4.5840631 3.0511082
OS 4.5836986 3.0511082
OS 4.5833341 3.0510353
OS 4.5827509 3.0509624
OS 4.5820948 3.0508895
OS 4.5806368 3.0508895
OS 4.5801994 3.0509624
OS 4.5791788 3.0510353
OS 4.5787414 3.0511082
OS 4.578304 3.051254
OS 4.5782311 3.051254
OS 4.5781582 3.0513269
OS 4.5778666 3.0516185
OS 4.5775021 3.0520559
OS 4.5774292 3.0523475
OS 4.5773563 3.052712
OS 4.5773563 3.0582524
OS 4.5773563 3.0583253
OS 4.5773563 3.0583982
OS 4.5775021 3.0588356
OS 4.5777937 3.059273
OS 4.5780124 3.0594917
OS 4.578304 3.0596375
OS 4.5783769 3.0596375
OS 4.5785227 3.0597104
OS 4.5787414 3.0597833
OS 4.579033 3.0598562
OS 4.5794704 3.0599291
OS 4.5799807 3.060002
OS 4.5806368 3.0600749
OS 4.5820948 3.0600749
OS 4.5826051 3.060002
OE
OB 4.5466654 3.0872666 I
OS 4.5470299 3.0871937
OS 4.5473944 3.0869021
OS 4.5474673 3.0868292
OS 4.5476131 3.0866105
OS 4.5477589 3.0861731
OS 4.5478318 3.0856628
OS 4.5478318 3.0554822
OS 4.5556321 3.0554822
OS 4.5559966 3.0554093
OS 4.5565069 3.0552635
OS 4.5568714 3.0549719
OS 4.5569443 3.054899
OS 4.5570901 3.0546074
OS 4.5572359 3.0540242
OS 4.5573088 3.0532952
OS 4.5573088 3.0532223
OS 4.5573088 3.0530765
OS 4.5572359 3.0526391
OS 4.557163 3.0521288
OS 4.5568714 3.0516185
OS 4.5567985 3.0515456
OS 4.5565069 3.0513998
OS 4.5560695 3.051254
OS 4.5554863 3.0511811
OS 4.5351472 3.0511811
OS 4.5347098 3.051254
OS 4.5342724 3.0513998
OS 4.533835 3.0516185
OS 4.5337621 3.0516914
OS 4.5336892 3.0520559
OS 4.5335434 3.0525662
OS 4.5334705 3.0532952
OS 4.5334705 3.0533681
OS 4.5334705 3.0535139
OS 4.5335434 3.0539513
OS 4.5336163 3.0544616
OS 4.533835 3.0549719
OS 4.5339079 3.0550448
OS 4.5341995 3.0552635
OS 4.5346369 3.0554093
OS 4.535293 3.0554822
OS 4.5433849 3.0554822
OS 4.5433849 3.0808514
OS 4.5359491 3.0761858
OS 4.5358762 3.0761129
OS 4.5356575 3.07604
OS 4.5353659 3.0759671
OS 4.5350014 3.0758942
OS 4.5348556 3.0758942
OS 4.5344182 3.07604
OS 4.5341995 3.0761858
OS 4.5339079 3.0764045
OS 4.5336163 3.0766961
OS 4.5333247 3.0771335
OS 4.5332518 3.0772793
OS 4.5331789 3.0775709
OS 4.5330331 3.0780083
OS 4.5329602 3.0785186
OS 4.5329602 3.0785915
OS 4.5329602 3.0786644
OS 4.533106 3.0791018
OS 4.5333247 3.0796121
OS 4.5335434 3.0798308
OS 4.533835 3.0800495
OS 4.5451345 3.086975
OS 4.5452074 3.0870479
OS 4.545499 3.0871937
OS 4.5458635 3.0872666
OS 4.5463009 3.0873395
OS 4.5464467 3.0873395
OS 4.5466654 3.0872666
OE
OB 4.3618639 3.0871937 I
OS 4.3626658 3.0871208
OS 4.3636135 3.086975
OS 4.3646341 3.0867563
OS 4.3656547 3.0864647
OS 4.3666753 3.0860273
OS 4.3668211 3.0859544
OS 4.3671127 3.0858086
OS 4.3675501 3.085517
OS 4.3681333 3.0850796
OS 4.3687894 3.0845693
OS 4.3694455 3.0839861
OS 4.3701016 3.0832571
OS 4.3706848 3.0823823
OS 4.3707577 3.0823094
OS 4.3709035 3.0819449
OS 4.3711222 3.0815075
OS 4.3714138 3.0807785
OS 4.3716325 3.0799766
OS 4.3718512 3.0790289
OS 4.371997 3.0779354
OS 4.3720699 3.076769
OS 4.3720699 3.0766232
OS 4.3720699 3.0762587
OS 4.371997 3.0756755
OS 4.3719241 3.0749465
OS 4.3717054 3.0740717
OS 4.3714867 3.073124
OS 4.3711222 3.0721763
OS 4.3706119 3.0711557
OS 4.370539 3.0710099
OS 4.3703203 3.0707183
OS 4.3699558 3.070208
OS 4.3695184 3.069479
OS 4.3688623 3.0686042
OS 4.3680604 3.0676565
OS 4.3671127 3.066563
OS 4.3660192 3.0653966
OS 4.3561777 3.0554822
OS 4.3716325 3.0554822
OS 4.3720699 3.0554093
OS 4.3725073 3.0552635
OS 4.3729447 3.0549719
OS 4.3730176 3.054899
OS 4.3731634 3.0546074
OS 4.3733092 3.0540242
OS 4.3733821 3.0532952
OS 4.3733821 3.0532223
OS 4.3733821 3.0530765
OS 4.3733092 3.0526391
OS 4.3732363 3.0521288
OS 4.3729447 3.0516185
OS 4.3728718 3.0515456
OS 4.3725802 3.0513998
OS 4.3721428 3.051254
OS 4.3714867 3.0511811
OS 4.3506373 3.0511811
OS 4.3501999 3.051254
OS 4.3497625 3.0513998
OS 4.3493251 3.0516185
OS 4.3492522 3.0516914
OS 4.3491064 3.051983
OS 4.3489606 3.0524204
OS 4.3488877 3.0531494
OS 4.3488877 3.0532223
OS 4.3488877 3.0533681
OS 4.3489606 3.0538055
OS 4.3491064 3.0543158
OS 4.3493251 3.0547532
OS 4.36252 3.0680939
OS 4.3626658 3.0682397
OS 4.3629574 3.0685313
OS 4.3634677 3.0690416
OS 4.363978 3.0696977
OS 4.3646341 3.0704267
OS 4.3652902 3.0712286
OS 4.3658005 3.0720305
OS 4.3663108 3.0727595
OS 4.3663837 3.0728324
OS 4.3665295 3.073124
OS 4.3666753 3.0734885
OS 4.366894 3.0739988
OS 4.3671127 3.074582
OS 4.3673314 3.0752381
OS 4.3674043 3.0759671
OS 4.3674772 3.076769
OS 4.3674772 3.0769148
OS 4.3674772 3.0772064
OS 4.3674043 3.0777896
OS 4.3672585 3.0783728
OS 4.3670398 3.0791018
OS 4.3666753 3.0798308
OS 4.3662379 3.0805598
OS 4.3656547 3.0812159
OS 4.3655818 3.0812888
OS 4.3653631 3.0814346
OS 4.3649257 3.0817262
OS 4.3644154 3.0820178
OS 4.3636864 3.0823094
OS 4.3628116 3.082601
OS 4.3618639 3.0827468
OS 4.3606975 3.0828197
OS 4.3599685 3.0828197
OS 4.3594582 3.0827468
OS 4.3588021 3.0826739
OS 4.358146 3.0825281
OS 4.3565422 3.0820907
OS 4.3564693 3.0820907
OS 4.3561777 3.0819449
OS 4.3558132 3.0817991
OS 4.35523 3.0815804
OS 4.3546468 3.0812888
OS 4.3539907 3.0809243
OS 4.3526056 3.0800495
OS 4.3525327 3.0799766
OS 4.352314 3.0799037
OS 4.3519495 3.0797579
OS 4.351585 3.079685
OS 4.3514392 3.079685
OS 4.3510018 3.0798308
OS 4.3507102 3.0799766
OS 4.3504186 3.0801953
OS 4.350127 3.0804869
OS 4.3498354 3.0809243
OS 4.3498354 3.0809972
OS 4.3497625 3.0810701
OS 4.3496167 3.0814346
OS 4.349398 3.081872
OS 4.3493251 3.0823823
OS 4.3493251 3.0824552
OS 4.3493251 3.0825281
OS 4.3494709 3.0828926
OS 4.3496896 3.08333
OS 4.3499083 3.0836216
OS 4.3501999 3.0838403
OS 4.3502728 3.0839132
OS 4.3505644 3.0841319
OS 4.3510747 3.0844235
OS 4.3516579 3.084788
OS 4.3524598 3.0851525
OS 4.3532617 3.0855899
OS 4.3542094 3.0859544
OS 4.35523 3.0863189
OS 4.3553758 3.0863918
OS 4.3557403 3.0864647
OS 4.3562506 3.0866105
OS 4.3569796 3.0868292
OS 4.3577815 3.086975
OS 4.3586563 3.0871208
OS 4.3596769 3.0871937
OS 4.3606246 3.0872666
OS 4.3612078 3.0872666
OS 4.3618639 3.0871937
OE
OB 4.3254139 3.0871937 I
OS 4.3261429 3.0871208
OS 4.326799 3.0868292
OS 4.3268719 3.0868292
OS 4.3269448 3.0867563
OS 4.3272364 3.0864647
OS 4.3276009 3.0860273
OS 4.3279654 3.0852983
OS 4.3397752 3.0536597
OS 4.3397752 3.0535868
OS 4.3398481 3.0533681
OS 4.339921 3.0530765
OS 4.339921 3.052712
OS 4.339921 3.0526391
OS 4.3398481 3.0523475
OS 4.3397752 3.0520559
OS 4.3394836 3.0517643
OS 4.3394107 3.0516914
OS 4.339192 3.0515456
OS 4.3388275 3.0513998
OS 4.3382443 3.0511811
OS 4.3380985 3.0511082
OS 4.3378069 3.0510353
OS 4.3373695 3.0509624
OS 4.337005 3.0508895
OS 4.3369321 3.0508895
OS 4.3366405 3.0509624
OS 4.3363489 3.0510353
OS 4.3359844 3.0511811
OS 4.3359115 3.051254
OS 4.3357657 3.0513998
OS 4.3356199 3.0517643
OS 4.3354012 3.0522017
OS 4.3321207 3.0610226
OS 4.3171033 3.0610226
OS 4.3138228 3.0522017
OS 4.3137499 3.0520559
OS 4.313677 3.0518372
OS 4.3134583 3.0514727
OS 4.3131667 3.0511811
OS 4.3130938 3.0511082
OS 4.312948 3.0510353
OS 4.3125835 3.0509624
OS 4.312219 3.0508895
OS 4.3121461 3.0508895
OS 4.3119274 3.0509624
OS 4.3115629 3.0510353
OS 4.3110526 3.0511811
OS 4.3109068 3.051254
OS 4.3105423 3.0513269
OS 4.3101049 3.0515456
OS 4.3097404 3.0517643
OS 4.3096675 3.0518372
OS 4.3095217 3.0520559
OS 4.3093759 3.0523475
OS 4.309303 3.052712
OS 4.309303 3.0527849
OS 4.309303 3.0530036
OS 4.3093759 3.0532952
OS 4.3095217 3.0536597
OS 4.3212586 3.0852983
OS 4.3212586 3.0853712
OS 4.3213315 3.0854441
OS 4.3215502 3.0858815
OS 4.3219147 3.0863918
OS 4.322425 3.0868292
OS 4.3224979 3.0868292
OS 4.3225708 3.0869021
OS 4.3230082 3.0870479
OS 4.3236643 3.0871937
OS 4.324612 3.0872666
OS 4.3251223 3.0872666
OS 4.3254139 3.0871937
OE
OB 4.723375 3.0922238 I
OS 4.7234479 3.0922238
OS 4.7235208 3.0921509
OS 4.7239582 3.0918593
OS 4.7246872 3.091349
OS 4.725562 3.0906929
OS 4.7265826 3.0898181
OS 4.727749 3.0888704
OS 4.7289154 3.087704
OS 4.7301547 3.0863918
OS 4.7302276 3.0863189
OS 4.7303005 3.086246
OS 4.7304463 3.0860273
OS 4.7307379 3.0857357
OS 4.7313211 3.0850067
OS 4.7320501 3.0839132
OS 4.7329249 3.0826739
OS 4.7337997 3.081143
OS 4.7346745 3.0794663
OS 4.7354764 3.0776438
OS 4.7354764 3.0775709
OS 4.7355493 3.0774251
OS 4.7356951 3.0771335
OS 4.735768 3.076769
OS 4.7359867 3.0762587
OS 4.7361325 3.0757484
OS 4.7362783 3.0750923
OS 4.736497 3.0743633
OS 4.7368615 3.0726866
OS 4.737226 3.0707912
OS 4.7374447 3.06875
OS 4.7375176 3.066563
OS 4.7375176 3.0664901
OS 4.7375176 3.0662714
OS 4.7375176 3.0659798
OS 4.7375176 3.0655424
OS 4.7374447 3.0650321
OS 4.7374447 3.064376
OS 4.7373718 3.0637199
OS 4.7372989 3.062918
OS 4.7370073 3.0612413
OS 4.7366428 3.0594188
OS 4.7361325 3.0574505
OS 4.7354764 3.0555551
OS 4.7354764 3.0554822
OS 4.7354035 3.0553364
OS 4.7352577 3.0550448
OS 4.7351119 3.0547532
OS 4.7348932 3.0543158
OS 4.7346745 3.0538055
OS 4.7340913 3.0526391
OS 4.7332894 3.051254
OS 4.7324146 3.0498689
OS 4.731394 3.048338
OS 4.7302276 3.0469529
OS 4.7302276 3.04688
OS 4.7300818 3.0468071
OS 4.7296444 3.0463697
OS 4.7289883 3.0457136
OS 4.7281864 3.0448388
OS 4.7271658 3.043964
OS 4.7259994 3.0429434
OS 4.7246872 3.0419957
OS 4.723375 3.0411209
OS 4.7233021 3.0411209
OS 4.7231563 3.041048
OS 4.7227189 3.0409751
OS 4.722646 3.0409751
OS 4.7224273 3.041048
OS 4.7221357 3.0411209
OS 4.7218441 3.0413396
OS 4.7217712 3.0414125
OS 4.7215525 3.0415583
OS 4.7213338 3.041777
OS 4.7210422 3.0421415
OS 4.7210422 3.0422144
OS 4.7209693 3.0422873
OS 4.7208235 3.0426518
OS 4.7206048 3.0431621
OS 4.7205319 3.0437453
OS 4.7205319 3.0438182
OS 4.7206048 3.0441098
OS 4.7207506 3.0444014
OS 4.7209693 3.0446201
OS 4.7210422 3.044693
OS 4.721188 3.0447659
OS 4.7214796 3.0449846
OS 4.7218441 3.0452762
OS 4.7222815 3.0455678
OS 4.7227918 3.0460052
OS 4.7239582 3.0470258
OS 4.7253433 3.0482651
OS 4.7268013 3.049796
OS 4.7281864 3.0515456
OS 4.7295715 3.0535139
OS 4.7296444 3.0535868
OS 4.7297173 3.0537326
OS 4.7298631 3.0540971
OS 4.7301547 3.0544616
OS 4.7303734 3.0550448
OS 4.730665 3.055628
OS 4.7310295 3.056357
OS 4.7313211 3.0572318
OS 4.7316856 3.0581066
OS 4.7319772 3.0591272
OS 4.7322688 3.0601478
OS 4.7325604 3.0613142
OS 4.7329249 3.0637928
OS 4.7329978 3.0651779
OS 4.7330707 3.066563
OS 4.7330707 3.0666359
OS 4.7330707 3.0669275
OS 4.7330707 3.067292
OS 4.7329978 3.0678752
OS 4.7329978 3.0685313
OS 4.7329249 3.0692603
OS 4.7327791 3.0701351
OS 4.7326333 3.0710828
OS 4.7321959 3.073124
OS 4.7316127 3.0753839
OS 4.7307379 3.0775709
OS 4.7301547 3.0786644
OS 4.7295715 3.0797579
OS 4.7294986 3.0798308
OS 4.7294257 3.0799766
OS 4.729207 3.0802682
OS 4.7289154 3.0807056
OS 4.7286238 3.081143
OS 4.7281864 3.0817262
OS 4.7271658 3.0829655
OS 4.7259265 3.0843506
OS 4.7244685 3.0858815
OS 4.7227918 3.0873395
OS 4.7209693 3.0887246
OS 4.7208964 3.0887975
OS 4.7207506 3.0889433
OS 4.7206048 3.0892349
OS 4.7205319 3.0895994
OS 4.7205319 3.0897452
OS 4.7206048 3.0901097
OS 4.7207506 3.09062
OS 4.7210422 3.0912032
OS 4.7211151 3.0912761
OS 4.7212609 3.0914948
OS 4.7215525 3.0917864
OS 4.7218441 3.0920051
OS 4.721917 3.092078
OS 4.7221357 3.0922238
OS 4.7224273 3.0922967
OS 4.7227189 3.0923696
OS 4.7229376 3.0923696
OS 4.723375 3.0922238
OE
OB 4.5136417 3.0922967 I
OS 4.5139333 3.0922238
OS 4.5142249 3.0920051
OS 4.5142978 3.0919322
OS 4.5145165 3.0917864
OS 4.5147352 3.0915677
OS 4.5150268 3.0912032
OS 4.5150268 3.0911303
OS 4.5150997 3.0910574
OS 4.5153184 3.0906929
OS 4.5154642 3.0901826
OS 4.5155371 3.0895994
OS 4.5155371 3.0895265
OS 4.5154642 3.0893078
OS 4.5153913 3.0890162
OS 4.5151726 3.0887246
OS 4.5150997 3.0886517
OS 4.5149539 3.0885788
OS 4.5146623 3.0883601
OS 4.5142978 3.0881414
OS 4.5138604 3.0877769
OS 4.5133501 3.0873395
OS 4.5121837 3.0863189
OS 4.5107986 3.0850067
OS 4.5093406 3.0834758
OS 4.5078826 3.0817262
OS 4.5064975 3.0797579
OS 4.5064246 3.079685
OS 4.5063517 3.0795392
OS 4.5062059 3.0791747
OS 4.5059872 3.0788102
OS 4.5056956 3.078227
OS 4.505404 3.0775709
OS 4.5051124 3.0768419
OS 4.5047479 3.07604
OS 4.5044563 3.0750923
OS 4.5040918 3.0740717
OS 4.5038002 3.0730511
OS 4.5035815 3.0718847
OS 4.5031441 3.0693332
OS 4.5030712 3.0679481
OS 4.5029983 3.066563
OS 4.5029983 3.0664901
OS 4.5029983 3.0661985
OS 4.5029983 3.065834
OS 4.5030712 3.0653237
OS 4.5030712 3.0646676
OS 4.503217 3.0638657
OS 4.5032899 3.0629909
OS 4.5034357 3.0621161
OS 4.5038731 3.0600749
OS 4.5044563 3.0578879
OS 4.5053311 3.055628
OS 4.5058414 3.0545345
OS 4.5064246 3.0535139
OS 4.5064975 3.053441
OS 4.5065704 3.0532952
OS 4.5067891 3.0530036
OS 4.5070807 3.0526391
OS 4.5073723 3.0521288
OS 4.5078097 3.0516185
OS 4.5088303 3.0503792
OS 4.5100696 3.0489212
OS 4.5116005 3.0474632
OS 4.5132772 3.0460052
OS 4.5151726 3.0446201
OS 4.5152455 3.0445472
OS 4.5153913 3.0444014
OS 4.5154642 3.0441827
OS 4.5155371 3.0437453
OS 4.5155371 3.0435995
OS 4.5154642 3.0433079
OS 4.5153184 3.0427976
OS 4.5150268 3.0421415
OS 4.5149539 3.0420686
OS 4.5148081 3.0418499
OS 4.5145165 3.0415583
OS 4.5142249 3.0413396
OS 4.514152 3.0412667
OS 4.5140062 3.0411938
OS 4.5137146 3.041048
OS 4.5133501 3.0409751
OS 4.5131314 3.0409751
OS 4.512694 3.0411209
OS 4.5126211 3.0411209
OS 4.5125482 3.0411938
OS 4.5123295 3.0413396
OS 4.5121108 3.0415583
OS 4.5113818 3.0419957
OS 4.510507 3.0426518
OS 4.5094135 3.0435266
OS 4.5082471 3.0444743
OS 4.5070807 3.0456407
OS 4.5058414 3.0469529
OS 4.5058414 3.0470258
OS 4.5056956 3.0470987
OS 4.5055498 3.0473174
OS 4.5053311 3.047609
OS 4.5047479 3.048338
OS 4.5040189 3.0494315
OS 4.5031441 3.0506708
OS 4.5022693 3.0521288
OS 4.5013945 3.0537326
OS 4.5005926 3.0555551
OS 4.5005926 3.055628
OS 4.5005197 3.0557738
OS 4.5003739 3.0560654
OS 4.500301 3.0564299
OS 4.5001552 3.0569402
OS 4.4999365 3.0574505
OS 4.4997907 3.0581066
OS 4.499572 3.0588356
OS 4.4992075 3.0604394
OS 4.498843 3.0623348
OS 4.4986243 3.064376
OS 4.4985514 3.066563
OS 4.4985514 3.0666359
OS 4.4985514 3.0668546
OS 4.4985514 3.0671462
OS 4.4985514 3.0675836
OS 4.4986243 3.0680939
OS 4.4986972 3.06875
OS 4.4986972 3.0694061
OS 4.498843 3.070208
OS 4.4990617 3.0718847
OS 4.4994262 3.0737801
OS 4.4999365 3.0756755
OS 4.5005926 3.0776438
OS 4.5005926 3.0777167
OS 4.5006655 3.0778625
OS 4.5008113 3.0781541
OS 4.5009571 3.0785186
OS 4.5011758 3.078956
OS 4.5013945 3.0794663
OS 4.5020506 3.0806327
OS 4.5027796 3.0820178
OS 4.5036544 3.0834758
OS 4.504675 3.0850067
OS 4.5058414 3.0863918
OS 4.5059143 3.0864647
OS 4.5059872 3.0865376
OS 4.5064246 3.086975
OS 4.5070807 3.0876311
OS 4.5079555 3.0885059
OS 4.5089761 3.0894536
OS 4.5101425 3.0904013
OS 4.5113818 3.091349
OS 4.512694 3.0922238
OS 4.5127669 3.0922238
OS 4.5129127 3.0922967
OS 4.5133501 3.0923696
OS 4.513423 3.0923696
OS 4.5136417 3.0922967
OE
OB 4.6194196 3.0871208 I
OS 4.6202944 3.086975
OS 4.621315 3.0866834
OS 4.6224085 3.0863189
OS 4.6235749 3.0857357
OS 4.6246684 3.0849338
OS 4.6248142 3.0848609
OS 4.6251787 3.0844964
OS 4.625689 3.0839861
OS 4.6263451 3.0832571
OS 4.6270741 3.0823823
OS 4.6278031 3.0812888
OS 4.6284592 3.0799766
OS 4.6291153 3.0785186
OS 4.6291153 3.0784457
OS 4.6291882 3.0782999
OS 4.6292611 3.0780812
OS 4.629334 3.0777896
OS 4.6294798 3.0773522
OS 4.6296256 3.0769148
OS 4.6297714 3.0763316
OS 4.6299172 3.0757484
OS 4.6302088 3.0743633
OS 4.6305004 3.0726866
OS 4.6306462 3.0708641
OS 4.6307191 3.0688229
OS 4.6307191 3.06875
OS 4.6307191 3.0686042
OS 4.6307191 3.0683126
OS 4.6307191 3.0678752
OS 4.6306462 3.0674378
OS 4.6306462 3.0668546
OS 4.6305004 3.0655424
OS 4.6303546 3.0640844
OS 4.630063 3.0624806
OS 4.6296256 3.0608039
OS 4.6291153 3.0592001
OS 4.6291153 3.0591272
OS 4.6290424 3.0590543
OS 4.6289695 3.0588356
OS 4.6288237 3.058544
OS 4.6284592 3.0577421
OS 4.6280218 3.0568673
OS 4.6273657 3.0557738
OS 4.6265638 3.0547532
OS 4.625689 3.0537326
OS 4.6246684 3.0527849
OS 4.6245226 3.052712
OS 4.6241581 3.0524204
OS 4.6235749 3.0520559
OS 4.622773 3.0516914
OS 4.6218253 3.051254
OS 4.6206589 3.0508895
OS 4.6194196 3.0505979
OS 4.6180345 3.050525
OS 4.61767 3.050525
OS 4.6173784 3.0505979
OS 4.6166494 3.0506708
OS 4.6157746 3.0508166
OS 4.614754 3.0511082
OS 4.6135876 3.0514727
OS 4.6124212 3.0520559
OS 4.6113277 3.0527849
OS 4.6111819 3.0528578
OS 4.6108903 3.0532223
OS 4.61038 3.0537326
OS 4.6097239 3.0544616
OS 4.6089949 3.0553364
OS 4.6082659 3.0564299
OS 4.6075369 3.0577421
OS 4.6068808 3.0592001
OS 4.6068808 3.059273
OS 4.6068079 3.0594188
OS 4.606735 3.0596375
OS 4.6066621 3.0599291
OS 4.6065163 3.0603665
OS 4.6063705 3.0608039
OS 4.6061518 3.0619703
OS 4.6058602 3.0633554
OS 4.6055686 3.0650321
OS 4.6054228 3.0668546
OS 4.6053499 3.0688229
OS 4.6053499 3.0688958
OS 4.6053499 3.0690416
OS 4.6053499 3.0693332
OS 4.6053499 3.0697706
OS 4.6054228 3.070208
OS 4.6054228 3.0707912
OS 4.6055686 3.0721034
OS 4.6057144 3.0736343
OS 4.606006 3.0752381
OS 4.6063705 3.0769148
OS 4.6068808 3.0785186
OS 4.6068808 3.0785915
OS 4.6069537 3.0787373
OS 4.6070266 3.0788831
OS 4.6071724 3.0791747
OS 4.6075369 3.0799766
OS 4.6080472 3.0808514
OS 4.6087033 3.0819449
OS 4.6094323 3.0829655
OS 4.6103071 3.0839861
OS 4.6113277 3.0849338
OS 4.6114735 3.0850067
OS 4.611838 3.0852983
OS 4.6124212 3.0856628
OS 4.613296 3.0861002
OS 4.6142437 3.0865376
OS 4.6154101 3.0869021
OS 4.6166494 3.0871937
OS 4.6180345 3.0872666
OS 4.6186906 3.0872666
OS 4.6194196 3.0871208
OE
OB 4.444168 3.0871937 I
OS 4.4446054 3.0870479
OS 4.4449699 3.0866834
OS 4.4450428 3.0866105
OS 4.4452615 3.086246
OS 4.4453344 3.0859544
OS 4.4454073 3.0855899
OS 4.4454802 3.0851525
OS 4.4454802 3.0846422
OS 4.4454802 3.0845693
OS 4.4454802 3.0844964
OS 4.4454802 3.0841319
OS 4.4453344 3.0836945
OS 4.4451886 3.0832571
OS 4.4451157 3.0831842
OS 4.4449699 3.0831113
OS 4.4447512 3.0829655
OS 4.4443867 3.0828926
OS 4.4440222 3.0828926
OS 4.4436577 3.0828197
OS 4.4430745 3.0827468
OS 4.4424184 3.0826739
OS 4.4416165 3.0825281
OS 4.4408146 3.0823823
OS 4.4398669 3.0822365
OS 4.4378986 3.0816533
OS 4.4358574 3.0809243
OS 4.4338891 3.0799766
OS 4.4330143 3.0793934
OS 4.4321395 3.0787373
OS 4.4320666 3.0786644
OS 4.4319937 3.0785915
OS 4.431775 3.0783728
OS 4.4314834 3.0780812
OS 4.4311189 3.0777167
OS 4.4307544 3.0772793
OS 4.430317 3.0766961
OS 4.4299525 3.0761129
OS 4.4294422 3.0754568
OS 4.4290048 3.0747278
OS 4.4282029 3.0729782
OS 4.4274739 3.0710099
OS 4.4272552 3.0699164
OS 4.4270365 3.06875
OS 4.4271094 3.0688229
OS 4.4273281 3.0691145
OS 4.4276197 3.069479
OS 4.4280571 3.0699164
OS 4.4286403 3.0704267
OS 4.4292964 3.070937
OS 4.4300254 3.0714473
OS 4.4308273 3.0718847
OS 4.4309002 3.0719576
OS 4.4312647 3.0720305
OS 4.4317021 3.0722492
OS 4.4322853 3.0724679
OS 4.4330143 3.0726137
OS 4.4338891 3.0728324
OS 4.4347639 3.0729053
OS 4.4357116 3.0729782
OS 4.4362948 3.0729782
OS 4.436878 3.0729053
OS 4.4376799 3.0728324
OS 4.4386276 3.0726137
OS 4.4395753 3.072395
OS 4.4405959 3.0720305
OS 4.4416165 3.0715202
OS 4.4417623 3.0714473
OS 4.4420539 3.0713015
OS 4.4424913 3.070937
OS 4.4431474 3.0704996
OS 4.4438035 3.0699164
OS 4.4444596 3.0692603
OS 4.4451157 3.0684584
OS 4.4456989 3.0675836
OS 4.4457718 3.0674378
OS 4.4459176 3.0671462
OS 4.4462092 3.0666359
OS 4.4465008 3.0659069
OS 4.4467195 3.0650321
OS 4.4470111 3.0640115
OS 4.4471569 3.062918
OS 4.4472298 3.0616787
OS 4.4472298 3.0615329
OS 4.4472298 3.0611684
OS 4.4471569 3.0605123
OS 4.4470111 3.0597833
OS 4.4468653 3.0588356
OS 4.4465737 3.0578879
OS 4.4462092 3.0568673
OS 4.4456989 3.0559196
OS 4.445626 3.0557738
OS 4.4454073 3.0554822
OS 4.4451157 3.0550448
OS 4.4446054 3.0544616
OS 4.4440222 3.0538055
OS 4.4432932 3.0531494
OS 4.4424184 3.0524933
OS 4.4414707 3.0519101
OS 4.4413249 3.0518372
OS 4.4409604 3.0516914
OS 4.4403772 3.0514727
OS 4.4396482 3.051254
OS 4.4387005 3.0509624
OS 4.437607 3.0507437
OS 4.4363677 3.0505979
OS 4.4350555 3.050525
OS 4.4344723 3.050525
OS 4.4338891 3.0505979
OS 4.4330872 3.0507437
OS 4.4321395 3.0508895
OS 4.4311189 3.0511082
OS 4.4300983 3.0514727
OS 4.4290777 3.051983
OS 4.4289319 3.0520559
OS 4.4286403 3.0522746
OS 4.42813 3.0525662
OS 4.4275468 3.0530765
OS 4.4268178 3.0536597
OS 4.4260888 3.0543887
OS 4.4253598 3.0552635
OS 4.4247037 3.0562841
OS 4.4247037 3.056357
OS 4.4246308 3.0565028
OS 4.424485 3.0567215
OS 4.4243392 3.0570131
OS 4.4241934 3.0573776
OS 4.4239747 3.0578879
OS 4.423756 3.0583982
OS 4.4236102 3.0590543
OS 4.4231728 3.0605123
OS 4.4228083 3.062189
OS 4.4225167 3.0642302
OS 4.4224438 3.0664172
OS 4.4224438 3.0664901
OS 4.4224438 3.0666359
OS 4.4224438 3.0669275
OS 4.4224438 3.067292
OS 4.4225167 3.0677294
OS 4.4225896 3.0683126
OS 4.4227354 3.0695519
OS 4.4229541 3.0710828
OS 4.4233186 3.0727595
OS 4.4238289 3.0744362
OS 4.4245579 3.0761858
OS 4.4245579 3.0762587
OS 4.4246308 3.0764045
OS 4.4247766 3.0766232
OS 4.4249953 3.0769877
OS 4.4255056 3.0777896
OS 4.4262346 3.0788831
OS 4.4272552 3.0800495
OS 4.4284216 3.0813617
OS 4.4298796 3.082601
OS 4.4315563 3.0838403
OS 4.4316292 3.0839132
OS 4.431775 3.0839861
OS 4.4320666 3.0841319
OS 4.4324311 3.0843506
OS 4.4328685 3.0845693
OS 4.4334517 3.0848609
OS 4.4341078 3.0851525
OS 4.4349097 3.0854441
OS 4.4357116 3.0857357
OS 4.4366593 3.0860273
OS 4.4376799 3.0863189
OS 4.4387005 3.0866105
OS 4.4398669 3.0868292
OS 4.4411062 3.0870479
OS 4.4437306 3.0872666
OS 4.4438764 3.0872666
OS 4.444168 3.0871937
OE
OB 4.4066974 3.0865376 I
OS 4.4071348 3.0863918
OS 4.4075722 3.0861002
OS 4.4076451 3.0860273
OS 4.4077909 3.0857357
OS 4.4079367 3.0851525
OS 4.4080096 3.0844235
OS 4.4080096 3.0843506
OS 4.4080096 3.0842048
OS 4.4079367 3.0837674
OS 4.4078638 3.0832571
OS 4.4075722 3.0827468
OS 4.4074993 3.0826739
OS 4.4072077 3.0825281
OS 4.4067703 3.0823823
OS 4.4061142 3.0823094
OS 4.3921903 3.0823094
OS 4.3918258 3.0729782
OS 4.3919716 3.0730511
OS 4.3923361 3.0732698
OS 4.3929193 3.0734885
OS 4.3937212 3.073853
OS 4.3947418 3.0741446
OS 4.3957624 3.0743633
OS 4.3970017 3.074582
OS 4.398241 3.0746549
OS 4.3988242 3.0746549
OS 4.3994803 3.074582
OS 4.4003551 3.0744362
OS 4.4013028 3.0742904
OS 4.4023963 3.0739988
OS 4.4034169 3.0736343
OS 4.4044375 3.073124
OS 4.4045833 3.0730511
OS 4.4048749 3.0728324
OS 4.4053123 3.0724679
OS 4.4058955 3.0720305
OS 4.4065516 3.0714473
OS 4.4072077 3.0707183
OS 4.4078638 3.0698435
OS 4.4083741 3.0688958
OS 4.408447 3.06875
OS 4.4085928 3.0684584
OS 4.4088115 3.0678752
OS 4.4091031 3.0671462
OS 4.4093218 3.0661985
OS 4.4095405 3.0651779
OS 4.4096863 3.0639386
OS 4.4097592 3.0626993
OS 4.4097592 3.0626264
OS 4.4097592 3.0625535
OS 4.4097592 3.0621161
OS 4.4096863 3.06146
OS 4.4095405 3.0605852
OS 4.4093947 3.0596375
OS 4.4091031 3.0586169
OS 4.4087386 3.0575234
OS 4.4082283 3.0564299
OS 4.4081554 3.0562841
OS 4.4079367 3.0559925
OS 4.4075722 3.0554822
OS 4.4071348 3.0548261
OS 4.4064787 3.05417
OS 4.4057497 3.053441
OS 4.4048749 3.052712
OS 4.4038543 3.0520559
OS 4.4037085 3.051983
OS 4.403344 3.0518372
OS 4.4027608 3.0515456
OS 4.4019589 3.0513269
OS 4.4010112 3.0510353
OS 4.3998448 3.0507437
OS 4.3986055 3.0505979
OS 4.3972204 3.050525
OS 4.3967101 3.050525
OS 4.3961998 3.0505979
OS 4.3954708 3.0506708
OS 4.394596 3.0507437
OS 4.3935754 3.0509624
OS 4.3925548 3.0511811
OS 4.3914613 3.0514727
OS 4.3913155 3.0515456
OS 4.390951 3.0516185
OS 4.3904407 3.0518372
OS 4.3897117 3.0521288
OS 4.3889098 3.0524933
OS 4.388035 3.0529307
OS 4.3862125 3.0540242
OS 4.3860667 3.05417
OS 4.3857751 3.0545345
OS 4.3854835 3.0550448
OS 4.3854106 3.0553364
OS 4.3853377 3.055628
OS 4.3853377 3.0557738
OS 4.3854106 3.0560654
OS 4.3855564 3.0565028
OS 4.3857751 3.0570131
OS 4.385848 3.057086
OS 4.3859209 3.0572318
OS 4.3862854 3.0576692
OS 4.3868686 3.0580337
OS 4.3871602 3.0581795
OS 4.3875247 3.0582524
OS 4.3875976 3.0582524
OS 4.3878163 3.0581795
OS 4.3881079 3.0581066
OS 4.3885453 3.0578879
OS 4.3886182 3.057815
OS 4.3889098 3.0576692
OS 4.3892743 3.0573776
OS 4.3897846 3.057086
OS 4.3903678 3.0567215
OS 4.3910968 3.056357
OS 4.3927006 3.0557009
OS 4.3927735 3.0557009
OS 4.393138 3.0555551
OS 4.3935754 3.0554822
OS 4.3941586 3.0553364
OS 4.3948147 3.0551906
OS 4.3956166 3.0550448
OS 4.3964185 3.0549719
OS 4.3972204 3.054899
OS 4.3976578 3.054899
OS 4.3980952 3.0549719
OS 4.3986784 3.0550448
OS 4.3993345 3.0551177
OS 4.4000635 3.0553364
OS 4.4007925 3.0555551
OS 4.4014486 3.0558467
OS 4.4015215 3.0559196
OS 4.4017402 3.0560654
OS 4.4021047 3.0562841
OS 4.4024692 3.0565757
OS 4.4029066 3.0569402
OS 4.4034169 3.0574505
OS 4.4038543 3.0580337
OS 4.4042188 3.0586169
OS 4.4042917 3.0586898
OS 4.4043646 3.0589085
OS 4.4045104 3.059273
OS 4.4047291 3.0597833
OS 4.4048749 3.0603665
OS 4.4050207 3.0610955
OS 4.4050936 3.0618245
OS 4.4051665 3.0626993
OS 4.4051665 3.0627722
OS 4.4051665 3.0630638
OS 4.4050936 3.0635012
OS 4.4050936 3.0640115
OS 4.4049478 3.0645947
OS 4.404802 3.0652508
OS 4.4045833 3.0659069
OS 4.4042917 3.066563
OS 4.4042188 3.0666359
OS 4.4041459 3.0668546
OS 4.4039272 3.0671462
OS 4.4036356 3.0675836
OS 4.4032711 3.068021
OS 4.4028337 3.0684584
OS 4.4023234 3.0688958
OS 4.4017402 3.0692603
OS 4.4016673 3.0693332
OS 4.4014486 3.0694061
OS 4.4010841 3.0695519
OS 4.4006467 3.0697706
OS 4.4000635 3.0699164
OS 4.3994074 3.0700622
OS 4.3986784 3.0701351
OS 4.3978765 3.070208
OS 4.3971475 3.070208
OS 4.3966372 3.0701351
OS 4.396054 3.0700622
OS 4.3954708 3.0699893
OS 4.3941586 3.0696977
OS 4.3940857 3.0696977
OS 4.393867 3.0696248
OS 4.3935754 3.069479
OS 4.3932109 3.0693332
OS 4.3921903 3.0688229
OS 4.3910968 3.0680939
OS 4.3910239 3.068021
OS 4.3907323 3.0679481
OS 4.390222 3.0678752
OS 4.3895659 3.0678023
OS 4.3893472 3.0678023
OS 4.3889098 3.0678752
OS 4.3883266 3.068021
OS 4.3878163 3.0682397
OS 4.3877434 3.0683126
OS 4.3875976 3.0686042
OS 4.3873789 3.0690416
OS 4.387306 3.0696977
OS 4.3879621 3.0846422
OS 4.3879621 3.0847151
OS 4.3879621 3.084788
OS 4.388035 3.0852254
OS 4.3881808 3.0856628
OS 4.3884724 3.0861002
OS 4.3885453 3.0861731
OS 4.3889098 3.0863918
OS 4.3894201 3.0865376
OS 4.3901491 3.0866105
OS 4.40626 3.0866105
OS 4.4066974 3.0865376
OE
OB 4.6639615 3.0793205 I
OS 4.664326 3.0793205
OS 4.6653466 3.0790289
OS 4.6659298 3.0788102
OS 4.6664401 3.0785186
OS 4.666513 3.0784457
OS 4.6666588 3.0783728
OS 4.6669504 3.0781541
OS 4.667242 3.0778625
OS 4.6676065 3.077498
OS 4.667971 3.0769877
OS 4.6683355 3.0764774
OS 4.6686271 3.0758213
OS 4.6687 3.0757484
OS 4.6687729 3.0755297
OS 4.6689187 3.0750923
OS 4.6690645 3.074582
OS 4.6692103 3.0739259
OS 4.6693561 3.0731969
OS 4.6695019 3.0723221
OS 4.6695019 3.0713744
OS 4.6695019 3.0527849
OS 4.6695019 3.052712
OS 4.6695019 3.0526391
OS 4.669429 3.0522017
OS 4.6692832 3.0517643
OS 4.6689916 3.0513269
OS 4.6689187 3.051254
OS 4.6686271 3.0511082
OS 4.6680439 3.0509624
OS 4.6673149 3.0508895
OS 4.6670233 3.0508895
OS 4.6665859 3.0509624
OS 4.6660027 3.0511082
OS 4.6654924 3.0513269
OS 4.6654195 3.0513998
OS 4.6652737 3.0516914
OS 4.665055 3.0521288
OS 4.6649821 3.0527849
OS 4.6649821 3.0708641
OS 4.6649821 3.070937
OS 4.6649821 3.0712286
OS 4.6649821 3.0715931
OS 4.6649092 3.0720305
OS 4.6646905 3.0730511
OS 4.6645447 3.0734885
OS 4.664326 3.0739259
OS 4.664326 3.0739988
OS 4.6641802 3.0740717
OS 4.6638157 3.0744362
OS 4.6635241 3.0746549
OS 4.6631596 3.0748007
OS 4.6626493 3.0748736
OS 4.662139 3.0749465
OS 4.6619203 3.0749465
OS 4.6616287 3.0748736
OS 4.6612642 3.0748007
OS 4.6608997 3.0746549
OS 4.6604623 3.0743633
OS 4.659952 3.0740717
OS 4.6595146 3.0736343
OS 4.6594417 3.0735614
OS 4.6592959 3.0734156
OS 4.6590772 3.073124
OS 4.6588585 3.0727595
OS 4.6585669 3.0722492
OS 4.6582024 3.0715931
OS 4.6579108 3.0708641
OS 4.6576192 3.0700622
OS 4.6576192 3.0699893
OS 4.6575463 3.0696248
OS 4.6574005 3.0691874
OS 4.6573276 3.0685313
OS 4.6571818 3.0677294
OS 4.657036 3.0668546
OS 4.6569631 3.0659069
OS 4.6569631 3.0648134
OS 4.6569631 3.0527849
OS 4.6569631 3.052712
OS 4.6569631 3.0526391
OS 4.6568902 3.0522017
OS 4.6567444 3.0517643
OS 4.6564528 3.0513269
OS 4.6563799 3.051254
OS 4.6560883 3.0511082
OS 4.655578 3.0509624
OS 4.6552135 3.0508895
OS 4.6544845 3.0508895
OS 4.6540471 3.0509624
OS 4.6534639 3.0511082
OS 4.6529536 3.0513269
OS 4.6528807 3.0513998
OS 4.6527349 3.0516914
OS 4.6525891 3.0521288
OS 4.6525162 3.0527849
OS 4.6525162 3.0708641
OS 4.6525162 3.070937
OS 4.6525162 3.0712286
OS 4.6525162 3.0715931
OS 4.6524433 3.0720305
OS 4.6522246 3.0730511
OS 4.6520059 3.0734885
OS 4.6517872 3.0739259
OS 4.6517872 3.0739988
OS 4.6516414 3.0740717
OS 4.6512769 3.0744362
OS 4.6506208 3.0748007
OS 4.6501834 3.0748736
OS 4.6496731 3.0749465
OS 4.6494544 3.0749465
OS 4.6491628 3.0748736
OS 4.6487983 3.0748007
OS 4.6484338 3.0746549
OS 4.6479964 3.0743633
OS 4.6474861 3.0740717
OS 4.6470487 3.0736343
OS 4.6469758 3.0735614
OS 4.64683 3.0734156
OS 4.6466113 3.073124
OS 4.6463926 3.0727595
OS 4.646101 3.0722492
OS 4.6457365 3.0715931
OS 4.6454449 3.0708641
OS 4.6451533 3.0700622
OS 4.6451533 3.0699893
OS 4.6450804 3.0696248
OS 4.6449346 3.0691874
OS 4.6448617 3.0685313
OS 4.6447159 3.0677294
OS 4.6445701 3.0668546
OS 4.6444972 3.0659069
OS 4.6444972 3.0648134
OS 4.6444972 3.0527849
OS 4.6444972 3.052712
OS 4.6444972 3.0526391
OS 4.6444243 3.0522017
OS 4.6442785 3.0517643
OS 4.6439869 3.0513269
OS 4.643914 3.051254
OS 4.6435495 3.0511082
OS 4.6430392 3.0509624
OS 4.6422373 3.0508895
OS 4.6419457 3.0508895
OS 4.6415083 3.0509624
OS 4.640998 3.0511082
OS 4.6404877 3.0513269
OS 4.6404148 3.0513998
OS 4.640269 3.0516914
OS 4.6400503 3.0521288
OS 4.6399774 3.0527849
OS 4.6399774 3.0771335
OS 4.6399774 3.0772064
OS 4.6399774 3.0772793
OS 4.6400503 3.0777167
OS 4.6401232 3.0781541
OS 4.6403419 3.0785915
OS 4.6404148 3.0786644
OS 4.6407064 3.0788102
OS 4.6411438 3.078956
OS 4.6418728 3.0790289
OS 4.6420915 3.0790289
OS 4.6425289 3.078956
OS 4.6430392 3.0788831
OS 4.6434037 3.0785915
OS 4.6434766 3.0785186
OS 4.6436224 3.078227
OS 4.6437682 3.0777896
OS 4.6438411 3.0771335
OS 4.6438411 3.0737801
OS 4.643914 3.0739259
OS 4.6440598 3.0742175
OS 4.6443514 3.0747278
OS 4.6447159 3.075311
OS 4.6451533 3.07604
OS 4.6456636 3.0766961
OS 4.6462468 3.0773522
OS 4.6469029 3.0779354
OS 4.6469758 3.0780083
OS 4.6471945 3.0781541
OS 4.647559 3.0783728
OS 4.6480693 3.0786644
OS 4.6486525 3.078956
OS 4.6493086 3.0791747
OS 4.6500376 3.0793205
OS 4.6508395 3.0793934
OS 4.651204 3.0793934
OS 4.6515685 3.0793205
OS 4.6520788 3.0792476
OS 4.6525891 3.0790289
OS 4.6531723 3.0788102
OS 4.6537555 3.0784457
OS 4.6543387 3.0780083
OS 4.6544116 3.0779354
OS 4.6545574 3.0777896
OS 4.654849 3.0774251
OS 4.6552135 3.0769877
OS 4.6555051 3.0764045
OS 4.6558696 3.0757484
OS 4.6561612 3.0749465
OS 4.6564528 3.0739988
OS 4.6564528 3.0740717
OS 4.6565986 3.0742175
OS 4.6567444 3.0745091
OS 4.6569631 3.0748736
OS 4.6574734 3.0756755
OS 4.6582753 3.0766961
OS 4.6592959 3.0777167
OS 4.6604623 3.0785186
OS 4.6611184 3.0788831
OS 4.6617745 3.0791747
OS 4.6625035 3.0793205
OS 4.6633054 3.0793934
OS 4.663597 3.0793934
OS 4.6639615 3.0793205
OE
OB 4.7006302 3.0793205 I
OS 4.7009947 3.0793205
OS 4.7020153 3.0790289
OS 4.7025985 3.0788102
OS 4.7031088 3.0785186
OS 4.7031817 3.0784457
OS 4.7033275 3.0783728
OS 4.7036191 3.0781541
OS 4.7039107 3.0778625
OS 4.7042752 3.077498
OS 4.7046397 3.0769877
OS 4.7050042 3.0764774
OS 4.7052958 3.0758213
OS 4.7053687 3.0757484
OS 4.7054416 3.0755297
OS 4.7055874 3.0750923
OS 4.7057332 3.074582
OS 4.705879 3.0739259
OS 4.7060248 3.0731969
OS 4.7061706 3.0723221
OS 4.7061706 3.0713744
OS 4.7061706 3.0527849
OS 4.7061706 3.052712
OS 4.7061706 3.0526391
OS 4.7060977 3.0522017
OS 4.7059519 3.0517643
OS 4.7056603 3.0513269
OS 4.7055874 3.051254
OS 4.7052958 3.0511082
OS 4.7047126 3.0509624
OS 4.7039836 3.0508895
OS 4.703692 3.0508895
OS 4.7032546 3.0509624
OS 4.7026714 3.0511082
OS 4.7021611 3.0513269
OS 4.7020882 3.0513998
OS 4.7019424 3.0516914
OS 4.7017237 3.0521288
OS 4.7016508 3.0527849
OS 4.7016508 3.0708641
OS 4.7016508 3.070937
OS 4.7016508 3.0712286
OS 4.7016508 3.0715931
OS 4.7015779 3.0720305
OS 4.7013592 3.0730511
OS 4.7012134 3.0734885
OS 4.7009947 3.0739259
OS 4.7009947 3.0739988
OS 4.7008489 3.0740717
OS 4.7004844 3.0744362
OS 4.7001928 3.0746549
OS 4.6998283 3.0748007
OS 4.699318 3.0748736
OS 4.6988077 3.0749465
OS 4.698589 3.0749465
OS 4.6982974 3.0748736
OS 4.6979329 3.0748007
OS 4.6975684 3.0746549
OS 4.697131 3.0743633
OS 4.6966207 3.0740717
OS 4.6961833 3.0736343
OS 4.6961104 3.0735614
OS 4.6959646 3.0734156
OS 4.6957459 3.073124
OS 4.6955272 3.0727595
OS 4.6952356 3.0722492
OS 4.6948711 3.0715931
OS 4.6945795 3.0708641
OS 4.6942879 3.0700622
OS 4.6942879 3.0699893
OS 4.694215 3.0696248
OS 4.6940692 3.0691874
OS 4.6939963 3.0685313
OS 4.6938505 3.0677294
OS 4.6937047 3.0668546
OS 4.6936318 3.0659069
OS 4.6936318 3.0648134
OS 4.6936318 3.0527849
OS 4.6936318 3.052712
OS 4.6936318 3.0526391
OS 4.6935589 3.0522017
OS 4.6934131 3.0517643
OS 4.6931215 3.0513269
OS 4.6930486 3.051254
OS 4.692757 3.0511082
OS 4.6922467 3.0509624
OS 4.6918822 3.0508895
OS 4.6911532 3.0508895
OS 4.6907158 3.0509624
OS 4.6901326 3.0511082
OS 4.6896223 3.0513269
OS 4.6895494 3.0513998
OS 4.6894036 3.0516914
OS 4.6892578 3.0521288
OS 4.6891849 3.0527849
OS 4.6891849 3.0708641
OS 4.6891849 3.070937
OS 4.6891849 3.0712286
OS 4.6891849 3.0715931
OS 4.689112 3.0720305
OS 4.6888933 3.0730511
OS 4.6886746 3.0734885
OS 4.6884559 3.0739259
OS 4.6884559 3.0739988
OS 4.6883101 3.0740717
OS 4.6879456 3.0744362
OS 4.6872895 3.0748007
OS 4.6868521 3.0748736
OS 4.6863418 3.0749465
OS 4.6861231 3.0749465
OS 4.6858315 3.0748736
OS 4.685467 3.0748007
OS 4.6851025 3.0746549
OS 4.6846651 3.0743633
OS 4.6841548 3.0740717
OS 4.6837174 3.0736343
OS 4.6836445 3.0735614
OS 4.6834987 3.0734156
OS 4.68328 3.073124
OS 4.6830613 3.0727595
OS 4.6827697 3.0722492
OS 4.6824052 3.0715931
OS 4.6821136 3.0708641
OS 4.681822 3.0700622
OS 4.681822 3.0699893
OS 4.6817491 3.0696248
OS 4.6816033 3.0691874
OS 4.6815304 3.0685313
OS 4.6813846 3.0677294
OS 4.6812388 3.0668546
OS 4.6811659 3.0659069
OS 4.6811659 3.0648134
OS 4.6811659 3.0527849
OS 4.6811659 3.052712
OS 4.6811659 3.0526391
OS 4.681093 3.0522017
OS 4.6809472 3.0517643
OS 4.6806556 3.0513269
OS 4.6805827 3.051254
OS 4.6802182 3.0511082
OS 4.6797079 3.0509624
OS 4.678906 3.0508895
OS 4.6786144 3.0508895
OS 4.678177 3.0509624
OS 4.6776667 3.0511082
OS 4.6771564 3.0513269
OS 4.6770835 3.0513998
OS 4.6769377 3.0516914
OS 4.676719 3.0521288
OS 4.6766461 3.0527849
OS 4.6766461 3.0771335
OS 4.6766461 3.0772064
OS 4.6766461 3.0772793
OS 4.676719 3.0777167
OS 4.6767919 3.0781541
OS 4.6770106 3.0785915
OS 4.6770835 3.0786644
OS 4.6773751 3.0788102
OS 4.6778125 3.078956
OS 4.6785415 3.0790289
OS 4.6787602 3.0790289
OS 4.6791976 3.078956
OS 4.6797079 3.0788831
OS 4.6800724 3.0785915
OS 4.6801453 3.0785186
OS 4.6802911 3.078227
OS 4.6804369 3.0777896
OS 4.6805098 3.0771335
OS 4.6805098 3.0737801
OS 4.6805827 3.0739259
OS 4.6807285 3.0742175
OS 4.6810201 3.0747278
OS 4.6813846 3.075311
OS 4.681822 3.07604
OS 4.6823323 3.0766961
OS 4.6829155 3.0773522
OS 4.6835716 3.0779354
OS 4.6836445 3.0780083
OS 4.6838632 3.0781541
OS 4.6842277 3.0783728
OS 4.684738 3.0786644
OS 4.6853212 3.078956
OS 4.6859773 3.0791747
OS 4.6867063 3.0793205
OS 4.6875082 3.0793934
OS 4.6878727 3.0793934
OS 4.6882372 3.0793205
OS 4.6887475 3.0792476
OS 4.6892578 3.0790289
OS 4.689841 3.0788102
OS 4.6904242 3.0784457
OS 4.6910074 3.0780083
OS 4.6910803 3.0779354
OS 4.6912261 3.0777896
OS 4.6915177 3.0774251
OS 4.6918822 3.0769877
OS 4.6921738 3.0764045
OS 4.6925383 3.0757484
OS 4.6928299 3.0749465
OS 4.6931215 3.0739988
OS 4.6931215 3.0740717
OS 4.6932673 3.0742175
OS 4.6934131 3.0745091
OS 4.6936318 3.0748736
OS 4.6941421 3.0756755
OS 4.694944 3.0766961
OS 4.6959646 3.0777167
OS 4.697131 3.0785186
OS 4.6977871 3.0788831
OS 4.6984432 3.0791747
OS 4.6991722 3.0793205
OS 4.6999741 3.0793934
OS 4.7002657 3.0793934
OS 4.7006302 3.0793205
OE
OB 4.2907864 3.0871937 I
OS 4.2916612 3.0871208
OS 4.2926818 3.086975
OS 4.2946501 3.0866105
OS 4.2947959 3.0866105
OS 4.2950875 3.0864647
OS 4.2956707 3.0863189
OS 4.2963268 3.0861002
OS 4.2971287 3.0858086
OS 4.2980035 3.0854441
OS 4.2999718 3.0845693
OS 4.3000447 3.0845693
OS 4.3001905 3.0844235
OS 4.300555 3.0841319
OS 4.3009924 3.0835487
OS 4.3010653 3.0831842
OS 4.3011382 3.0828197
OS 4.3011382 3.0827468
OS 4.3010653 3.0824552
OS 4.3009924 3.0820178
OS 4.3007737 3.0814346
OS 4.3007737 3.0813617
OS 4.3007008 3.0812159
OS 4.3003363 3.0807785
OS 4.2998989 3.0803411
OS 4.2996073 3.0801953
OS 4.2992428 3.0801224
OS 4.2991699 3.0801224
OS 4.2989512 3.0801953
OS 4.2985867 3.0802682
OS 4.2982222 3.080414
OS 4.2981493 3.080414
OS 4.2980035 3.0804869
OS 4.2977848 3.0806327
OS 4.2974932 3.0807785
OS 4.2970558 3.0809972
OS 4.2966184 3.081143
OS 4.295452 3.0816533
OS 4.2940669 3.0820907
OS 4.292536 3.0824552
OS 4.2907864 3.0827468
OS 4.288891 3.0828197
OS 4.2883807 3.0828197
OS 4.2877246 3.0827468
OS 4.2869956 3.082601
OS 4.2860479 3.0823823
OS 4.2851002 3.0820907
OS 4.2840796 3.0816533
OS 4.283059 3.0810701
OS 4.2829132 3.0809972
OS 4.2826216 3.0807785
OS 4.2821842 3.0803411
OS 4.281601 3.0798308
OS 4.2809449 3.0791747
OS 4.2802888 3.0782999
OS 4.2796327 3.0773522
OS 4.2790495 3.0762587
OS 4.2789766 3.0761129
OS 4.2788308 3.0756755
OS 4.2786121 3.0750194
OS 4.2783205 3.0741446
OS 4.2780289 3.0730511
OS 4.2778102 3.0718118
OS 4.2776644 3.0704267
OS 4.2775915 3.0688958
OS 4.2775915 3.0688229
OS 4.2775915 3.0686771
OS 4.2775915 3.0684584
OS 4.2775915 3.0681668
OS 4.2776644 3.0673649
OS 4.2777373 3.0664172
OS 4.2778831 3.0652508
OS 4.2781747 3.0640115
OS 4.2784663 3.0626993
OS 4.2789037 3.06146
OS 4.2789766 3.0613142
OS 4.2791953 3.0609497
OS 4.2794869 3.0603665
OS 4.2799243 3.0597104
OS 4.2804346 3.0589085
OS 4.2810907 3.0581066
OS 4.2818926 3.0573047
OS 4.2827674 3.0565757
OS 4.2829132 3.0565028
OS 4.2832048 3.0562841
OS 4.2837151 3.0560654
OS 4.2844441 3.0557738
OS 4.2853189 3.0554093
OS 4.2863395 3.0551906
OS 4.287433 3.0549719
OS 4.2885994 3.054899
OS 4.2894742 3.054899
OS 4.2899116 3.0549719
OS 4.2904948 3.0549719
OS 4.2916612 3.0551177
OS 4.2931192 3.0553364
OS 4.2945772 3.055628
OS 4.2961081 3.0559925
OS 4.2975661 3.0565757
OS 4.2975661 3.0645947
OS 4.2894013 3.0645947
OS 4.2889639 3.0646676
OS 4.2885265 3.0648134
OS 4.2880891 3.0650321
OS 4.2880162 3.065105
OS 4.2879433 3.0654695
OS 4.2877975 3.0659798
OS 4.2877246 3.0667088
OS 4.2877246 3.0667817
OS 4.2877246 3.0669275
OS 4.2877975 3.0673649
OS 4.2878704 3.0678752
OS 4.2880891 3.0683855
OS 4.288162 3.0684584
OS 4.2884536 3.0686771
OS 4.288891 3.0688229
OS 4.2895471 3.0688958
OS 4.3002634 3.0688958
OS 4.3007008 3.0688229
OS 4.3011382 3.0686771
OS 4.3015756 3.0683855
OS 4.3016485 3.0683126
OS 4.3017943 3.068021
OS 4.3019401 3.0675836
OS 4.302013 3.0668546
OS 4.302013 3.0554093
OS 4.302013 3.0553364
OS 4.302013 3.0551906
OS 4.3019401 3.054899
OS 4.3018672 3.0546074
OS 4.3017214 3.0542429
OS 4.3015756 3.0539513
OS 4.301284 3.0536597
OS 4.3009195 3.0533681
OS 4.3008466 3.0532952
OS 4.3004821 3.0531494
OS 4.2999718 3.0528578
OS 4.2993157 3.0525662
OS 4.2985138 3.0522746
OS 4.2975661 3.0519101
OS 4.2964726 3.0515456
OS 4.2953062 3.051254
OS 4.2951604 3.051254
OS 4.294723 3.0511082
OS 4.2941398 3.0510353
OS 4.293265 3.0508895
OS 4.2922444 3.0507437
OS 4.2911509 3.0506708
OS 4.2899116 3.050525
OS 4.288162 3.050525
OS 4.2877975 3.0505979
OS 4.287433 3.0505979
OS 4.2869227 3.0506708
OS 4.2858292 3.0508166
OS 4.284517 3.0511082
OS 4.2831319 3.0514727
OS 4.2817468 3.0520559
OS 4.2803617 3.0527849
OS 4.2802888 3.0527849
OS 4.2802159 3.0528578
OS 4.2797785 3.0532223
OS 4.2791224 3.0537326
OS 4.2783934 3.0544616
OS 4.2775186 3.0553364
OS 4.2765709 3.0564299
OS 4.2756961 3.0577421
OS 4.2748942 3.0592001
OS 4.2748942 3.059273
OS 4.2748213 3.0594188
OS 4.2747484 3.0596375
OS 4.2746026 3.0599291
OS 4.2744568 3.0603665
OS 4.274311 3.0608039
OS 4.2739465 3.0619703
OS 4.273582 3.0634283
OS 4.2732904 3.065105
OS 4.2730717 3.0669275
OS 4.2729988 3.0688958
OS 4.2729988 3.0689687
OS 4.2729988 3.0691145
OS 4.2729988 3.0694061
OS 4.2729988 3.0697706
OS 4.2730717 3.0702809
OS 4.2731446 3.0707912
OS 4.2732904 3.0721034
OS 4.2735091 3.0736343
OS 4.2738736 3.0752381
OS 4.2743839 3.0768419
OS 4.27504 3.0784457
OS 4.27504 3.0785186
OS 4.2751129 3.0786644
OS 4.2752587 3.0788831
OS 4.2754045 3.0791747
OS 4.2758419 3.0799037
OS 4.276498 3.0808514
OS 4.2772999 3.081872
OS 4.2782476 3.0829655
OS 4.279414 3.0839861
OS 4.2806533 3.0849338
OS 4.2807262 3.0849338
OS 4.2807991 3.0850067
OS 4.2810178 3.0851525
OS 4.2813094 3.0852983
OS 4.2820384 3.0856628
OS 4.283059 3.0861002
OS 4.2842983 3.0865376
OS 4.2856834 3.0869021
OS 4.2872143 3.0871937
OS 4.288891 3.0872666
OS 4.2900574 3.0872666
OS 4.2907864 3.0871937
OE
OB 4.2515662 3.0823094 H
OS 4.2436201 3.0823094
OS 4.2436201 3.0713015
OS 4.2521494 3.0713015
OS 4.2527326 3.0713744
OS 4.2535345 3.0714473
OS 4.2543364 3.071666
OS 4.2552112 3.0718847
OS 4.2560131 3.0722492
OS 4.2567421 3.0726866
OS 4.256815 3.0727595
OS 4.2570337 3.0729782
OS 4.2573253 3.0732698
OS 4.2576169 3.0737801
OS 4.2579085 3.0742904
OS 4.2582001 3.0750194
OS 4.2584188 3.0758213
OS 4.2584917 3.076769
OS 4.2584917 3.0768419
OS 4.2584917 3.0769877
OS 4.2584188 3.0772793
OS 4.2584188 3.0776438
OS 4.2581272 3.0785186
OS 4.2579085 3.0790289
OS 4.2576169 3.0795392
OS 4.2572524 3.0800495
OS 4.256815 3.0805598
OS 4.2562318 3.0809972
OS 4.2555757 3.0814346
OS 4.2547738 3.0817991
OS 4.2538261 3.0820907
OS 4.2528055 3.0822365
OS 4.2515662 3.0823094
OE
OB 4.3246849 3.0823094 H
OS 4.3245391 3.0823094
OS 4.3186342 3.0653237
OS 4.3305898 3.0653237
OS 4.3246849 3.0823094
OE
OB 4.6256161 3.0742175 H
OS 4.6119838 3.0589814
OS 4.6120567 3.0589085
OS 4.6122025 3.0586169
OS 4.6124212 3.0582524
OS 4.6127128 3.057815
OS 4.6135876 3.0568673
OS 4.614025 3.056357
OS 4.6146082 3.0559196
OS 4.6146811 3.0558467
OS 4.6148998 3.0557738
OS 4.6151914 3.055628
OS 4.6156288 3.0554093
OS 4.6161391 3.0551906
OS 4.6167223 3.0550448
OS 4.6173784 3.0549719
OS 4.6180345 3.054899
OS 4.618399 3.054899
OS 4.6188364 3.0549719
OS 4.6194196 3.0551177
OS 4.6200757 3.0552635
OS 4.6208047 3.0555551
OS 4.6214608 3.0559925
OS 4.6221898 3.0565028
OS 4.6222627 3.0565757
OS 4.6224814 3.0567944
OS 4.6228459 3.0572318
OS 4.6232104 3.0577421
OS 4.6237207 3.0583982
OS 4.6241581 3.059273
OS 4.6245955 3.0602207
OS 4.6250329 3.0613142
OS 4.6250329 3.0613871
OS 4.6251058 3.06146
OS 4.6251787 3.0618974
OS 4.6253974 3.0625535
OS 4.6256161 3.0634283
OS 4.6257619 3.0645947
OS 4.6259806 3.065834
OS 4.6260535 3.067292
OS 4.6261264 3.0688229
OS 4.6261264 3.0689687
OS 4.6261264 3.0693332
OS 4.6261264 3.0698435
OS 4.6260535 3.0705725
OS 4.6259806 3.0713744
OS 4.6259077 3.0723221
OS 4.6256161 3.0742175
OE
OB 4.4359303 3.0685313 H
OS 4.434691 3.0685313
OS 4.4342536 3.0684584
OS 4.4337433 3.0684584
OS 4.4331601 3.0683126
OS 4.432504 3.0681668
OS 4.431775 3.068021
OS 4.4311189 3.0677294
OS 4.431046 3.0677294
OS 4.4308273 3.0675836
OS 4.4305357 3.0673649
OS 4.4301712 3.0671462
OS 4.4292964 3.0664172
OS 4.4284216 3.0654695
OS 4.4283487 3.0653966
OS 4.4282758 3.0652508
OS 4.42813 3.0648863
OS 4.4279842 3.0645218
OS 4.4277655 3.0640115
OS 4.4276197 3.0634283
OS 4.4275468 3.0627722
OS 4.4274739 3.0621161
OS 4.4274739 3.0620432
OS 4.4274739 3.0617516
OS 4.4275468 3.0613871
OS 4.4276197 3.0608768
OS 4.4276926 3.0602936
OS 4.4279113 3.0597104
OS 4.42813 3.0590543
OS 4.4284216 3.0583982
OS 4.4284945 3.0583253
OS 4.4285674 3.0581066
OS 4.4287861 3.057815
OS 4.4290777 3.0574505
OS 4.4295151 3.057086
OS 4.4299525 3.0566486
OS 4.4304628 3.0562112
OS 4.431046 3.0558467
OS 4.4311189 3.0557738
OS 4.4313376 3.0557009
OS 4.4317021 3.0555551
OS 4.4322124 3.0554093
OS 4.4327956 3.0551906
OS 4.4334517 3.0550448
OS 4.4342536 3.0549719
OS 4.4350555 3.054899
OS 4.43542 3.054899
OS 4.4358574 3.0549719
OS 4.4363677 3.0549719
OS 4.4370238 3.0551177
OS 4.4376799 3.0552635
OS 4.438336 3.0554093
OS 4.4389921 3.0557009
OS 4.439065 3.0557738
OS 4.4392837 3.0558467
OS 4.4395753 3.0560654
OS 4.4400127 3.056357
OS 4.4408875 3.057086
OS 4.4413249 3.0575963
OS 4.4416894 3.0581066
OS 4.4417623 3.0581795
OS 4.4418352 3.0583982
OS 4.441981 3.0586898
OS 4.4421997 3.0591272
OS 4.4423455 3.0596375
OS 4.4424913 3.0602936
OS 4.4425642 3.0609497
OS 4.4426371 3.0616787
OS 4.4426371 3.0617516
OS 4.4426371 3.0620432
OS 4.4425642 3.0624077
OS 4.4424913 3.062918
OS 4.4422726 3.0640844
OS 4.441981 3.0646676
OS 4.4416894 3.0652508
OS 4.4416165 3.0653237
OS 4.4415436 3.0655424
OS 4.4413249 3.065834
OS 4.4410333 3.0661256
OS 4.4406688 3.066563
OS 4.4402314 3.0669275
OS 4.4396482 3.067292
OS 4.439065 3.0676565
OS 4.4389921 3.0677294
OS 4.4387734 3.0678023
OS 4.4384089 3.0679481
OS 4.4379715 3.0680939
OS 4.4373154 3.0682397
OS 4.4366593 3.0683855
OS 4.4359303 3.0685313
OE
OB 4.6180345 3.0828197 H
OS 4.61767 3.0828197
OS 4.6172326 3.0827468
OS 4.6166494 3.082601
OS 4.6159933 3.0823823
OS 4.6152643 3.0820907
OS 4.6146082 3.0817262
OS 4.6138792 3.081143
OS 4.6138063 3.0810701
OS 4.6135876 3.0808514
OS 4.6132231 3.0804869
OS 4.6128586 3.0799766
OS 4.6123483 3.0792476
OS 4.6119109 3.0784457
OS 4.6114006 3.077498
OS 4.6109632 3.0763316
OS 4.6108903 3.0761858
OS 4.6108174 3.0757484
OS 4.6106716 3.0750923
OS 4.6104529 3.0742175
OS 4.6102342 3.073124
OS 4.6100884 3.0718118
OS 4.6100155 3.0704267
OS 4.6099426 3.0688229
OS 4.6099426 3.0686771
OS 4.6099426 3.0683855
OS 4.6099426 3.0678023
OS 4.6100155 3.0671462
OS 4.6100884 3.0663443
OS 4.6101613 3.0653966
OS 4.6104529 3.0635012
OS 4.6240852 3.0787373
OS 4.6240123 3.0788102
OS 4.6238665 3.0790289
OS 4.6236478 3.0793934
OS 4.6233562 3.0798308
OS 4.6229188 3.0803411
OS 4.6224814 3.0808514
OS 4.6219711 3.0812888
OS 4.6213879 3.0817262
OS 4.621315 3.0817991
OS 4.6210963 3.081872
OS 4.6208047 3.0820907
OS 4.6203673 3.0823094
OS 4.6199299 3.0824552
OS 4.6193467 3.0826739
OS 4.6186906 3.0827468
OS 4.6180345 3.0828197
OE
OB 4.2528784 3.0670004 H
OS 4.2436201 3.0670004
OS 4.2436201 3.0554822
OS 4.2536074 3.0554822
OS 4.2542635 3.0555551
OS 4.2550654 3.055628
OS 4.2559402 3.0558467
OS 4.256815 3.0560654
OS 4.2576898 3.0564299
OS 4.2584917 3.0568673
OS 4.2585646 3.0569402
OS 4.2587833 3.0571589
OS 4.2591478 3.0574505
OS 4.2595123 3.0579608
OS 4.2598039 3.058544
OS 4.2601684 3.059273
OS 4.2603871 3.0601478
OS 4.26046 3.0611684
OS 4.26046 3.0613142
OS 4.26046 3.0616787
OS 4.2603871 3.062189
OS 4.2602413 3.0628451
OS 4.2600226 3.0635012
OS 4.2596581 3.0642302
OS 4.2592207 3.0649592
OS 4.2585646 3.0655424
OS 4.2584917 3.0656153
OS 4.2582001 3.0657611
OS 4.2577627 3.0659798
OS 4.2571795 3.0662714
OS 4.2563776 3.066563
OS 4.255357 3.0667817
OS 4.2541906 3.0669275
OS 4.2528784 3.0670004
OE
SE
S P 0
OB 5.0299395 0.3306321 I
OS 5.0303769 0.3304863
OS 5.0308143 0.3301947
OS 5.0308872 0.3301218
OS 5.031033 0.3298302
OS 5.0311788 0.329247
OS 5.0312517 0.328518
OS 5.0312517 0.3284451
OS 5.0312517 0.3282993
OS 5.0311788 0.3278619
OS 5.0311059 0.3273516
OS 5.0308143 0.3268413
OS 5.0307414 0.3267684
OS 5.0304498 0.3266226
OS 5.0300124 0.3264768
OS 5.0293563 0.3264039
OS 5.0187858 0.3264039
OS 5.0187858 0.2968794
OS 5.0187858 0.2968065
OS 5.0187858 0.2967336
OS 5.0187129 0.2962962
OS 5.0185671 0.2958588
OS 5.0182755 0.2954214
OS 5.0182026 0.2953485
OS 5.0178381 0.2952027
OS 5.0173278 0.2950569
OS 5.0165259 0.294984
OS 5.0163072 0.294984
OS 5.0158698 0.2950569
OS 5.0152866 0.2952027
OS 5.0147763 0.2954214
OS 5.0147034 0.2954943
OS 5.0145576 0.2957859
OS 5.0143389 0.2962233
OS 5.014266 0.2968794
OS 5.014266 0.3264039
OS 5.0035497 0.3264039
OS 5.0031123 0.3264768
OS 5.0026749 0.3266226
OS 5.0022375 0.3268413
OS 5.0021646 0.3269142
OS 5.0020188 0.3272787
OS 5.001873 0.327789
OS 5.0018001 0.328518
OS 5.0018001 0.3285909
OS 5.0018001 0.3287367
OS 5.001873 0.3291741
OS 5.0020188 0.3296844
OS 5.0022375 0.3301947
OS 5.0023104 0.3302676
OS 5.002602 0.3304863
OS 5.0030394 0.3306321
OS 5.0036955 0.330705
OS 5.0295021 0.330705
OS 5.0299395 0.3306321
OE
OB 4.8705801 0.3312882 I
OS 4.8713091 0.3312153
OS 4.8719652 0.3309237
OS 4.8720381 0.3309237
OS 4.872111 0.3308508
OS 4.8724026 0.3305592
OS 4.8727671 0.3301218
OS 4.8731316 0.3293928
OS 4.8849414 0.2977542
OS 4.8849414 0.2976813
OS 4.8850143 0.2974626
OS 4.8850872 0.297171
OS 4.8850872 0.2968065
OS 4.8850872 0.2967336
OS 4.8850143 0.296442
OS 4.8849414 0.2961504
OS 4.8846498 0.2958588
OS 4.8845769 0.2957859
OS 4.8843582 0.2956401
OS 4.8839937 0.2954943
OS 4.8834105 0.2952756
OS 4.8832647 0.2952027
OS 4.8829731 0.2951298
OS 4.8825357 0.2950569
OS 4.8821712 0.294984
OS 4.8820983 0.294984
OS 4.8818067 0.2950569
OS 4.8815151 0.2951298
OS 4.8811506 0.2952756
OS 4.8810777 0.2953485
OS 4.8809319 0.2954943
OS 4.8807861 0.2958588
OS 4.8805674 0.2962962
OS 4.8772869 0.3051171
OS 4.8622695 0.3051171
OS 4.858989 0.2962962
OS 4.8589161 0.2961504
OS 4.8588432 0.2959317
OS 4.8586245 0.2955672
OS 4.8583329 0.2952756
OS 4.85826 0.2952027
OS 4.8581142 0.2951298
OS 4.8577497 0.2950569
OS 4.8573852 0.294984
OS 4.8573123 0.294984
OS 4.8570936 0.2950569
OS 4.8567291 0.2951298
OS 4.8562188 0.2952756
OS 4.856073 0.2953485
OS 4.8557085 0.2954214
OS 4.8552711 0.2956401
OS 4.8549066 0.2958588
OS 4.8548337 0.2959317
OS 4.8546879 0.2961504
OS 4.8545421 0.296442
OS 4.8544692 0.2968065
OS 4.8544692 0.2968794
OS 4.8544692 0.2970981
OS 4.8545421 0.2973897
OS 4.8546879 0.2977542
OS 4.8664248 0.3293928
OS 4.8664248 0.3294657
OS 4.8664977 0.3295386
OS 4.8667164 0.329976
OS 4.8670809 0.3304863
OS 4.8675912 0.3309237
OS 4.8676641 0.3309237
OS 4.867737 0.3309966
OS 4.8681744 0.3311424
OS 4.8688305 0.3312882
OS 4.8697782 0.3313611
OS 4.8702885 0.3313611
OS 4.8705801 0.3312882
OE
OB 5.1270423 0.3312882 I
OS 5.1278442 0.3312153
OS 5.1287919 0.3310695
OS 5.1298125 0.3308508
OS 5.1308331 0.3305592
OS 5.1318537 0.3301218
OS 5.1319995 0.3300489
OS 5.1322911 0.3299031
OS 5.1327285 0.3296115
OS 5.1333117 0.3291741
OS 5.1339678 0.3286638
OS 5.1346239 0.3280806
OS 5.13528 0.3273516
OS 5.1358632 0.3264768
OS 5.1359361 0.3264039
OS 5.1360819 0.3260394
OS 5.1363006 0.325602
OS 5.1365922 0.324873
OS 5.1368109 0.3240711
OS 5.1370296 0.3231234
OS 5.1371754 0.3220299
OS 5.1372483 0.3208635
OS 5.1372483 0.3207177
OS 5.1372483 0.3203532
OS 5.1371754 0.31977
OS 5.1371025 0.319041
OS 5.1368838 0.3181662
OS 5.1366651 0.3172185
OS 5.1363006 0.3162708
OS 5.1357903 0.3152502
OS 5.1357174 0.3151044
OS 5.1354987 0.3148128
OS 5.1351342 0.3143025
OS 5.1346968 0.3135735
OS 5.1340407 0.3126987
OS 5.1332388 0.311751
OS 5.1322911 0.3106575
OS 5.1311976 0.3094911
OS 5.1213561 0.2995767
OS 5.1368109 0.2995767
OS 5.1372483 0.2995038
OS 5.1376857 0.299358
OS 5.1381231 0.2990664
OS 5.138196 0.2989935
OS 5.1383418 0.2987019
OS 5.1384876 0.2981187
OS 5.1385605 0.2973897
OS 5.1385605 0.2973168
OS 5.1385605 0.297171
OS 5.1384876 0.2967336
OS 5.1384147 0.2962233
OS 5.1381231 0.295713
OS 5.1380502 0.2956401
OS 5.1377586 0.2954943
OS 5.1373212 0.2953485
OS 5.1366651 0.2952756
OS 5.1158157 0.2952756
OS 5.1153783 0.2953485
OS 5.1149409 0.2954943
OS 5.1145035 0.295713
OS 5.1144306 0.2957859
OS 5.1142848 0.2960775
OS 5.114139 0.2965149
OS 5.1140661 0.2972439
OS 5.1140661 0.2973168
OS 5.1140661 0.2974626
OS 5.114139 0.2979
OS 5.1142848 0.2984103
OS 5.1145035 0.2988477
OS 5.1276984 0.3121884
OS 5.1278442 0.3123342
OS 5.1281358 0.3126258
OS 5.1286461 0.3131361
OS 5.1291564 0.3137922
OS 5.1298125 0.3145212
OS 5.1304686 0.3153231
OS 5.1309789 0.316125
OS 5.1314892 0.316854
OS 5.1315621 0.3169269
OS 5.1317079 0.3172185
OS 5.1318537 0.317583
OS 5.1320724 0.3180933
OS 5.1322911 0.3186765
OS 5.1325098 0.3193326
OS 5.1325827 0.3200616
OS 5.1326556 0.3208635
OS 5.1326556 0.3210093
OS 5.1326556 0.3213009
OS 5.1325827 0.3218841
OS 5.1324369 0.3224673
OS 5.1322182 0.3231963
OS 5.1318537 0.3239253
OS 5.1314163 0.3246543
OS 5.1308331 0.3253104
OS 5.1307602 0.3253833
OS 5.1305415 0.3255291
OS 5.1301041 0.3258207
OS 5.1295938 0.3261123
OS 5.1288648 0.3264039
OS 5.12799 0.3266955
OS 5.1270423 0.3268413
OS 5.1258759 0.3269142
OS 5.1251469 0.3269142
OS 5.1246366 0.3268413
OS 5.1239805 0.3267684
OS 5.1233244 0.3266226
OS 5.1217206 0.3261852
OS 5.1216477 0.3261852
OS 5.1213561 0.3260394
OS 5.1209916 0.3258936
OS 5.1204084 0.3256749
OS 5.1198252 0.3253833
OS 5.1191691 0.3250188
OS 5.117784 0.324144
OS 5.1177111 0.3240711
OS 5.1174924 0.3239982
OS 5.1171279 0.3238524
OS 5.1167634 0.3237795
OS 5.1166176 0.3237795
OS 5.1161802 0.3239253
OS 5.1158886 0.3240711
OS 5.115597 0.3242898
OS 5.1153054 0.3245814
OS 5.1150138 0.3250188
OS 5.1150138 0.3250917
OS 5.1149409 0.3251646
OS 5.1147951 0.3255291
OS 5.1145764 0.3259665
OS 5.1145035 0.3264768
OS 5.1145035 0.3265497
OS 5.1145035 0.3266226
OS 5.1146493 0.3269871
OS 5.114868 0.3274245
OS 5.1150867 0.3277161
OS 5.1153783 0.3279348
OS 5.1154512 0.3280077
OS 5.1157428 0.3282264
OS 5.1162531 0.328518
OS 5.1168363 0.3288825
OS 5.1176382 0.329247
OS 5.1184401 0.3296844
OS 5.1193878 0.3300489
OS 5.1204084 0.3304134
OS 5.1205542 0.3304863
OS 5.1209187 0.3305592
OS 5.121429 0.330705
OS 5.122158 0.3309237
OS 5.1229599 0.3310695
OS 5.1238347 0.3312153
OS 5.1248553 0.3312882
OS 5.125803 0.3313611
OS 5.1263862 0.3313611
OS 5.1270423 0.3312882
OE
OB 4.7965137 0.3306321 I
OS 4.797024 0.3305592
OS 4.7981175 0.3304134
OS 4.7994297 0.3301947
OS 4.8007419 0.3297573
OS 4.802127 0.329247
OS 4.8035121 0.328518
OS 4.803585 0.328518
OS 4.8036579 0.3284451
OS 4.8040953 0.3281535
OS 4.8047514 0.3276432
OS 4.8055533 0.3269871
OS 4.8064281 0.3261123
OS 4.8073758 0.3250188
OS 4.8082506 0.3237795
OS 4.8090525 0.3223944
OS 4.8090525 0.3223215
OS 4.8091254 0.3222486
OS 4.8092712 0.321957
OS 4.8093441 0.3216654
OS 4.8094899 0.3213009
OS 4.8097086 0.3208635
OS 4.8100731 0.3196971
OS 4.8103647 0.318312
OS 4.8107292 0.3167082
OS 4.8109479 0.3148857
OS 4.8110208 0.3129174
OS 4.8110208 0.3128445
OS 4.8110208 0.3126987
OS 4.8110208 0.3124071
OS 4.8110208 0.3120426
OS 4.8109479 0.3115323
OS 4.8109479 0.311022
OS 4.8108021 0.3097098
OS 4.8105105 0.3082518
OS 4.8102189 0.306648
OS 4.8097086 0.3050442
OS 4.8090525 0.3035133
OS 4.8090525 0.3034404
OS 4.8089796 0.3033675
OS 4.8088338 0.3031488
OS 4.808688 0.3028572
OS 4.8082506 0.3021282
OS 4.8075945 0.3012534
OS 4.8068655 0.3002328
OS 4.8059178 0.2992122
OS 4.8047514 0.2982645
OS 4.8035121 0.2973897
OS 4.8034392 0.2973897
OS 4.8033663 0.2973168
OS 4.8031476 0.297171
OS 4.8029289 0.2970981
OS 4.802127 0.2967336
OS 4.8011793 0.2963691
OS 4.8000129 0.2959317
OS 4.7986278 0.2956401
OS 4.797024 0.2953485
OS 4.7953473 0.2952756
OS 4.7851413 0.2952756
OS 4.7847039 0.2953485
OS 4.7842665 0.2954943
OS 4.7838291 0.295713
OS 4.7837562 0.2957859
OS 4.7836104 0.2960775
OS 4.7834646 0.2965149
OS 4.7833917 0.2972439
OS 4.7833917 0.3286638
OS 4.7833917 0.3287367
OS 4.7833917 0.3288096
OS 4.7834646 0.329247
OS 4.7836104 0.3297573
OS 4.7838291 0.3301947
OS 4.783902 0.3302676
OS 4.7841936 0.3304863
OS 4.784631 0.3306321
OS 4.7852871 0.330705
OS 4.7961492 0.330705
OS 4.7965137 0.3306321
OE
OB 5.2318725 0.3363183 I
OS 5.2319454 0.3363183
OS 5.2320183 0.3362454
OS 5.2324557 0.3359538
OS 5.2331847 0.3354435
OS 5.2340595 0.3347874
OS 5.2350801 0.3339126
OS 5.2362465 0.3329649
OS 5.2374129 0.3317985
OS 5.2386522 0.3304863
OS 5.2387251 0.3304134
OS 5.238798 0.3303405
OS 5.2389438 0.3301218
OS 5.2392354 0.3298302
OS 5.2398186 0.3291012
OS 5.2405476 0.3280077
OS 5.2414224 0.3267684
OS 5.2422972 0.3252375
OS 5.243172 0.3235608
OS 5.2439739 0.3217383
OS 5.2439739 0.3216654
OS 5.2440468 0.3215196
OS 5.2441926 0.321228
OS 5.2442655 0.3208635
OS 5.2444842 0.3203532
OS 5.24463 0.3198429
OS 5.2447758 0.3191868
OS 5.2449945 0.3184578
OS 5.245359 0.3167811
OS 5.2457235 0.3148857
OS 5.2459422 0.3128445
OS 5.2460151 0.3106575
OS 5.2460151 0.3105846
OS 5.2460151 0.3103659
OS 5.2460151 0.3100743
OS 5.2460151 0.3096369
OS 5.2459422 0.3091266
OS 5.2459422 0.3084705
OS 5.2458693 0.3078144
OS 5.2457964 0.3070125
OS 5.2455048 0.3053358
OS 5.2451403 0.3035133
OS 5.24463 0.301545
OS 5.2439739 0.2996496
OS 5.2439739 0.2995767
OS 5.243901 0.2994309
OS 5.2437552 0.2991393
OS 5.2436094 0.2988477
OS 5.2433907 0.2984103
OS 5.243172 0.2979
OS 5.2425888 0.2967336
OS 5.2417869 0.2953485
OS 5.2409121 0.2939634
OS 5.2398915 0.2924325
OS 5.2387251 0.2910474
OS 5.2387251 0.2909745
OS 5.2385793 0.2909016
OS 5.2381419 0.2904642
OS 5.2374858 0.2898081
OS 5.2366839 0.2889333
OS 5.2356633 0.2880585
OS 5.2344969 0.2870379
OS 5.2331847 0.2860902
OS 5.2318725 0.2852154
OS 5.2317996 0.2852154
OS 5.2316538 0.2851425
OS 5.2312164 0.2850696
OS 5.2311435 0.2850696
OS 5.2309248 0.2851425
OS 5.2306332 0.2852154
OS 5.2303416 0.2854341
OS 5.2302687 0.285507
OS 5.23005 0.2856528
OS 5.2298313 0.2858715
OS 5.2295397 0.286236
OS 5.2295397 0.2863089
OS 5.2294668 0.2863818
OS 5.229321 0.2867463
OS 5.2291023 0.2872566
OS 5.2290294 0.2878398
OS 5.2290294 0.2879127
OS 5.2291023 0.2882043
OS 5.2292481 0.2884959
OS 5.2294668 0.2887146
OS 5.2295397 0.2887875
OS 5.2296855 0.2888604
OS 5.2299771 0.2890791
OS 5.2303416 0.2893707
OS 5.230779 0.2896623
OS 5.2312893 0.2900997
OS 5.2324557 0.2911203
OS 5.2338408 0.2923596
OS 5.2352988 0.2938905
OS 5.2366839 0.2956401
OS 5.238069 0.2976084
OS 5.2381419 0.2976813
OS 5.2382148 0.2978271
OS 5.2383606 0.2981916
OS 5.2386522 0.2985561
OS 5.2388709 0.2991393
OS 5.2391625 0.2997225
OS 5.239527 0.3004515
OS 5.2398186 0.3013263
OS 5.2401831 0.3022011
OS 5.2404747 0.3032217
OS 5.2407663 0.3042423
OS 5.2410579 0.3054087
OS 5.2414224 0.3078873
OS 5.2414953 0.3092724
OS 5.2415682 0.3106575
OS 5.2415682 0.3107304
OS 5.2415682 0.311022
OS 5.2415682 0.3113865
OS 5.2414953 0.3119697
OS 5.2414953 0.3126258
OS 5.2414224 0.3133548
OS 5.2412766 0.3142296
OS 5.2411308 0.3151773
OS 5.2406934 0.3172185
OS 5.2401102 0.3194784
OS 5.2392354 0.3216654
OS 5.2386522 0.3227589
OS 5.238069 0.3238524
OS 5.2379961 0.3239253
OS 5.2379232 0.3240711
OS 5.2377045 0.3243627
OS 5.2374129 0.3248001
OS 5.2371213 0.3252375
OS 5.2366839 0.3258207
OS 5.2356633 0.32706
OS 5.234424 0.3284451
OS 5.232966 0.329976
OS 5.2312893 0.331434
OS 5.2294668 0.3328191
OS 5.2293939 0.332892
OS 5.2292481 0.3330378
OS 5.2291023 0.3333294
OS 5.2290294 0.3336939
OS 5.2290294 0.3338397
OS 5.2291023 0.3342042
OS 5.2292481 0.3347145
OS 5.2295397 0.3352977
OS 5.2296126 0.3353706
OS 5.2297584 0.3355893
OS 5.23005 0.3358809
OS 5.2303416 0.3360996
OS 5.2304145 0.3361725
OS 5.2306332 0.3363183
OS 5.2309248 0.3363912
OS 5.2312164 0.3364641
OS 5.2314351 0.3364641
OS 5.2318725 0.3363183
OE
OB 4.9854705 0.3363912 I
OS 4.9857621 0.3363183
OS 4.9860537 0.3360996
OS 4.9861266 0.3360267
OS 4.9863453 0.3358809
OS 4.986564 0.3356622
OS 4.9868556 0.3352977
OS 4.9868556 0.3352248
OS 4.9869285 0.3351519
OS 4.9871472 0.3347874
OS 4.987293 0.3342771
OS 4.9873659 0.3336939
OS 4.9873659 0.333621
OS 4.987293 0.3334023
OS 4.9872201 0.3331107
OS 4.9870014 0.3328191
OS 4.9869285 0.3327462
OS 4.9867827 0.3326733
OS 4.9864911 0.3324546
OS 4.9861266 0.3322359
OS 4.9856892 0.3318714
OS 4.9851789 0.331434
OS 4.9840125 0.3304134
OS 4.9826274 0.3291012
OS 4.9811694 0.3275703
OS 4.9797114 0.3258207
OS 4.9783263 0.3238524
OS 4.9782534 0.3237795
OS 4.9781805 0.3236337
OS 4.9780347 0.3232692
OS 4.977816 0.3229047
OS 4.9775244 0.3223215
OS 4.9772328 0.3216654
OS 4.9769412 0.3209364
OS 4.9765767 0.3201345
OS 4.9762851 0.3191868
OS 4.9759206 0.3181662
OS 4.975629 0.3171456
OS 4.9754103 0.3159792
OS 4.9749729 0.3134277
OS 4.9749 0.3120426
OS 4.9748271 0.3106575
OS 4.9748271 0.3105846
OS 4.9748271 0.310293
OS 4.9748271 0.3099285
OS 4.9749 0.3094182
OS 4.9749 0.3087621
OS 4.9750458 0.3079602
OS 4.9751187 0.3070854
OS 4.9752645 0.3062106
OS 4.9757019 0.3041694
OS 4.9762851 0.3019824
OS 4.9771599 0.2997225
OS 4.9776702 0.298629
OS 4.9782534 0.2976084
OS 4.9783263 0.2975355
OS 4.9783992 0.2973897
OS 4.9786179 0.2970981
OS 4.9789095 0.2967336
OS 4.9792011 0.2962233
OS 4.9796385 0.295713
OS 4.9806591 0.2944737
OS 4.9818984 0.2930157
OS 4.9834293 0.2915577
OS 4.985106 0.2900997
OS 4.9870014 0.2887146
OS 4.9870743 0.2886417
OS 4.9872201 0.2884959
OS 4.987293 0.2882772
OS 4.9873659 0.2878398
OS 4.9873659 0.287694
OS 4.987293 0.2874024
OS 4.9871472 0.2868921
OS 4.9868556 0.286236
OS 4.9867827 0.2861631
OS 4.9866369 0.2859444
OS 4.9863453 0.2856528
OS 4.9860537 0.2854341
OS 4.9859808 0.2853612
OS 4.985835 0.2852883
OS 4.9855434 0.2851425
OS 4.9851789 0.2850696
OS 4.9849602 0.2850696
OS 4.9845228 0.2852154
OS 4.9844499 0.2852154
OS 4.984377 0.2852883
OS 4.9841583 0.2854341
OS 4.9839396 0.2856528
OS 4.9832106 0.2860902
OS 4.9823358 0.2867463
OS 4.9812423 0.2876211
OS 4.9800759 0.2885688
OS 4.9789095 0.2897352
OS 4.9776702 0.2910474
OS 4.9776702 0.2911203
OS 4.9775244 0.2911932
OS 4.9773786 0.2914119
OS 4.9771599 0.2917035
OS 4.9765767 0.2924325
OS 4.9758477 0.293526
OS 4.9749729 0.2947653
OS 4.9740981 0.2962233
OS 4.9732233 0.2978271
OS 4.9724214 0.2996496
OS 4.9724214 0.2997225
OS 4.9723485 0.2998683
OS 4.9722027 0.3001599
OS 4.9721298 0.3005244
OS 4.971984 0.3010347
OS 4.9717653 0.301545
OS 4.9716195 0.3022011
OS 4.9714008 0.3029301
OS 4.9710363 0.3045339
OS 4.9706718 0.3064293
OS 4.9704531 0.3084705
OS 4.9703802 0.3106575
OS 4.9703802 0.3107304
OS 4.9703802 0.3109491
OS 4.9703802 0.3112407
OS 4.9703802 0.3116781
OS 4.9704531 0.3121884
OS 4.970526 0.3128445
OS 4.970526 0.3135006
OS 4.9706718 0.3143025
OS 4.9708905 0.3159792
OS 4.971255 0.3178746
OS 4.9717653 0.31977
OS 4.9724214 0.3217383
OS 4.9724214 0.3218112
OS 4.9724943 0.321957
OS 4.9726401 0.3222486
OS 4.9727859 0.3226131
OS 4.9730046 0.3230505
OS 4.9732233 0.3235608
OS 4.9738794 0.3247272
OS 4.9746084 0.3261123
OS 4.9754832 0.3275703
OS 4.9765038 0.3291012
OS 4.9776702 0.3304863
OS 4.9777431 0.3305592
OS 4.977816 0.3306321
OS 4.9782534 0.3310695
OS 4.9789095 0.3317256
OS 4.9797843 0.3326004
OS 4.9808049 0.3335481
OS 4.9819713 0.3344958
OS 4.9832106 0.3354435
OS 4.9845228 0.3363183
OS 4.9845957 0.3363183
OS 4.9847415 0.3363912
OS 4.9851789 0.3364641
OS 4.9852518 0.3364641
OS 4.9854705 0.3363912
OE
OB 4.8354423 0.3306321 I
OS 4.83639 0.3304863
OS 4.8374835 0.3303405
OS 4.8386499 0.3300489
OS 4.8398163 0.3296844
OS 4.8409827 0.3291741
OS 4.8411285 0.3291012
OS 4.841493 0.3288825
OS 4.8420033 0.3285909
OS 4.8426594 0.3280806
OS 4.8433155 0.3274974
OS 4.8440445 0.3268413
OS 4.8447735 0.3259665
OS 4.8453567 0.3250188
OS 4.8454296 0.324873
OS 4.8455754 0.3245085
OS 4.845867 0.3239982
OS 4.8461586 0.3231963
OS 4.8463773 0.3223215
OS 4.8466689 0.321228
OS 4.8468147 0.3200616
OS 4.8468876 0.3187494
OS 4.8468876 0.3186765
OS 4.8468876 0.3186036
OS 4.8468876 0.3181662
OS 4.8468147 0.3175101
OS 4.8466689 0.3166353
OS 4.8465231 0.3156876
OS 4.8462315 0.314667
OS 4.845867 0.3135735
OS 4.8453567 0.3125529
OS 4.8452838 0.3124071
OS 4.8450651 0.3121155
OS 4.8447735 0.3116781
OS 4.8442632 0.3110949
OS 4.84368 0.3104388
OS 4.8428781 0.3097098
OS 4.8420033 0.3090537
OS 4.8409827 0.3084705
OS 4.8408369 0.3083976
OS 4.8404724 0.3082518
OS 4.8398163 0.3080331
OS 4.8390144 0.3077415
OS 4.8379938 0.3074499
OS 4.8368274 0.3072312
OS 4.8354423 0.3070854
OS 4.8339843 0.3070125
OS 4.8263298 0.3070125
OS 4.8263298 0.2968794
OS 4.8263298 0.2968065
OS 4.8263298 0.2967336
OS 4.8262569 0.2962962
OS 4.8261111 0.2958588
OS 4.8258195 0.2954214
OS 4.8257466 0.2953485
OS 4.825455 0.2952027
OS 4.8249447 0.2950569
OS 4.8245802 0.294984
OS 4.8238512 0.294984
OS 4.8234138 0.2950569
OS 4.8228306 0.2952027
OS 4.8223203 0.2954214
OS 4.8222474 0.2954943
OS 4.8221016 0.2957859
OS 4.8219558 0.2962233
OS 4.8218829 0.2968794
OS 4.8218829 0.3286638
OS 4.8218829 0.3287367
OS 4.8218829 0.3288096
OS 4.8219558 0.329247
OS 4.8221016 0.3297573
OS 4.8223203 0.3301947
OS 4.8223932 0.3302676
OS 4.8226848 0.3304863
OS 4.8231222 0.3306321
OS 4.8237783 0.330705
OS 4.8346404 0.330705
OS 4.8354423 0.3306321
OE
OB 5.054361 0.3312882 I
OS 5.0548713 0.3312153
OS 5.0559648 0.3310695
OS 5.057277 0.3307779
OS 5.0585892 0.3304134
OS 5.0599743 0.3298302
OS 5.0613594 0.3290283
OS 5.0614323 0.3290283
OS 5.0615052 0.3289554
OS 5.0619426 0.3285909
OS 5.0625987 0.3280806
OS 5.0634006 0.3273516
OS 5.0642754 0.3264768
OS 5.0652231 0.3253104
OS 5.0660979 0.3240711
OS 5.0668998 0.3225402
OS 5.0668998 0.3224673
OS 5.0669727 0.3223215
OS 5.0671185 0.3221028
OS 5.0671914 0.3218112
OS 5.0673372 0.3214467
OS 5.0675559 0.3209364
OS 5.0679204 0.31977
OS 5.068212 0.3183849
OS 5.0685765 0.3167082
OS 5.0687952 0.3148857
OS 5.0688681 0.3129174
OS 5.0688681 0.3128445
OS 5.0688681 0.3126987
OS 5.0688681 0.3124071
OS 5.0688681 0.3119697
OS 5.0687952 0.3115323
OS 5.0687952 0.3109491
OS 5.0686494 0.3096369
OS 5.0683578 0.3081789
OS 5.0680662 0.3065751
OS 5.0675559 0.3048984
OS 5.0668998 0.3032946
OS 5.0668998 0.3032217
OS 5.0668269 0.3031488
OS 5.0666811 0.3029301
OS 5.0665353 0.3026385
OS 5.0660979 0.3018366
OS 5.0654418 0.3009618
OS 5.0647128 0.2998683
OS 5.0637651 0.2988477
OS 5.0625987 0.2978271
OS 5.0613594 0.2968794
OS 5.0612865 0.2968794
OS 5.0612136 0.2968065
OS 5.0609949 0.2966607
OS 5.0607762 0.2965149
OS 5.0599743 0.2961504
OS 5.0590266 0.2957859
OS 5.0578602 0.2953485
OS 5.0564751 0.294984
OS 5.0548713 0.2946924
OS 5.0531946 0.2946195
OS 5.0527572 0.2946195
OS 5.0523927 0.2946924
OS 5.0520282 0.2946924
OS 5.0515179 0.2947653
OS 5.0504244 0.2949111
OS 5.0491122 0.2952027
OS 5.0477271 0.2955672
OS 5.046342 0.2961504
OS 5.0449569 0.2968794
OS 5.044884 0.2968794
OS 5.0448111 0.2969523
OS 5.0443737 0.2973168
OS 5.0437176 0.2978271
OS 5.0429886 0.2985561
OS 5.0421138 0.2994309
OS 5.0411661 0.3005244
OS 5.0402913 0.3018366
OS 5.0394894 0.3032946
OS 5.0394894 0.3033675
OS 5.0394165 0.3035133
OS 5.0393436 0.303732
OS 5.0391978 0.3040236
OS 5.039052 0.304461
OS 5.0388333 0.3048984
OS 5.0385417 0.3060648
OS 5.0381772 0.3074499
OS 5.0378127 0.3091266
OS 5.037594 0.3109491
OS 5.0375211 0.3129174
OS 5.0375211 0.3129903
OS 5.0375211 0.3131361
OS 5.0375211 0.3134277
OS 5.0375211 0.3138651
OS 5.037594 0.3143025
OS 5.037594 0.3148857
OS 5.0377398 0.3161979
OS 5.0380314 0.3176559
OS 5.038323 0.3192597
OS 5.0388333 0.3209364
OS 5.0394894 0.3225402
OS 5.0394894 0.3226131
OS 5.0395623 0.3227589
OS 5.0397081 0.3229776
OS 5.0398539 0.3232692
OS 5.0402913 0.3239982
OS 5.0409474 0.3249459
OS 5.0416764 0.3259665
OS 5.0426241 0.32706
OS 5.0437176 0.3280806
OS 5.0449569 0.3290283
OS 5.0450298 0.3290283
OS 5.0451027 0.3291012
OS 5.0453214 0.329247
OS 5.045613 0.3293928
OS 5.046342 0.3297573
OS 5.0473626 0.3301947
OS 5.048529 0.3306321
OS 5.0499141 0.3309966
OS 5.0515179 0.3312882
OS 5.0531946 0.3313611
OS 5.0539965 0.3313611
OS 5.054361 0.3312882
OE
OB 5.1718758 0.3306321 I
OS 5.1723132 0.3304863
OS 5.1727506 0.3301947
OS 5.1728235 0.3301218
OS 5.1729693 0.3298302
OS 5.1731151 0.329247
OS 5.173188 0.328518
OS 5.173188 0.3284451
OS 5.173188 0.3282993
OS 5.1731151 0.3278619
OS 5.1730422 0.3273516
OS 5.1727506 0.3268413
OS 5.1726777 0.3267684
OS 5.1723861 0.3266226
OS 5.1719487 0.3264768
OS 5.1712926 0.3264039
OS 5.1573687 0.3264039
OS 5.1570042 0.3170727
OS 5.15715 0.3171456
OS 5.1575145 0.3173643
OS 5.1580977 0.317583
OS 5.1588996 0.3179475
OS 5.1599202 0.3182391
OS 5.1609408 0.3184578
OS 5.1621801 0.3186765
OS 5.1634194 0.3187494
OS 5.1640026 0.3187494
OS 5.1646587 0.3186765
OS 5.1655335 0.3185307
OS 5.1664812 0.3183849
OS 5.1675747 0.3180933
OS 5.1685953 0.3177288
OS 5.1696159 0.3172185
OS 5.1697617 0.3171456
OS 5.1700533 0.3169269
OS 5.1704907 0.3165624
OS 5.1710739 0.316125
OS 5.17173 0.3155418
OS 5.1723861 0.3148128
OS 5.1730422 0.313938
OS 5.1735525 0.3129903
OS 5.1736254 0.3128445
OS 5.1737712 0.3125529
OS 5.1739899 0.3119697
OS 5.1742815 0.3112407
OS 5.1745002 0.310293
OS 5.1747189 0.3092724
OS 5.1748647 0.3080331
OS 5.1749376 0.3067938
OS 5.1749376 0.3067209
OS 5.1749376 0.306648
OS 5.1749376 0.3062106
OS 5.1748647 0.3055545
OS 5.1747189 0.3046797
OS 5.1745731 0.303732
OS 5.1742815 0.3027114
OS 5.173917 0.3016179
OS 5.1734067 0.3005244
OS 5.1733338 0.3003786
OS 5.1731151 0.300087
OS 5.1727506 0.2995767
OS 5.1723132 0.2989206
OS 5.1716571 0.2982645
OS 5.1709281 0.2975355
OS 5.1700533 0.2968065
OS 5.1690327 0.2961504
OS 5.1688869 0.2960775
OS 5.1685224 0.2959317
OS 5.1679392 0.2956401
OS 5.1671373 0.2954214
OS 5.1661896 0.2951298
OS 5.1650232 0.2948382
OS 5.1637839 0.2946924
OS 5.1623988 0.2946195
OS 5.1618885 0.2946195
OS 5.1613782 0.2946924
OS 5.1606492 0.2947653
OS 5.1597744 0.2948382
OS 5.1587538 0.2950569
OS 5.1577332 0.2952756
OS 5.1566397 0.2955672
OS 5.1564939 0.2956401
OS 5.1561294 0.295713
OS 5.1556191 0.2959317
OS 5.1548901 0.2962233
OS 5.1540882 0.2965878
OS 5.1532134 0.2970252
OS 5.1513909 0.2981187
OS 5.1512451 0.2982645
OS 5.1509535 0.298629
OS 5.1506619 0.2991393
OS 5.150589 0.2994309
OS 5.1505161 0.2997225
OS 5.1505161 0.2998683
OS 5.150589 0.3001599
OS 5.1507348 0.3005973
OS 5.1509535 0.3011076
OS 5.1510264 0.3011805
OS 5.1510993 0.3013263
OS 5.1514638 0.3017637
OS 5.152047 0.3021282
OS 5.1523386 0.302274
OS 5.1527031 0.3023469
OS 5.152776 0.3023469
OS 5.1529947 0.302274
OS 5.1532863 0.3022011
OS 5.1537237 0.3019824
OS 5.1537966 0.3019095
OS 5.1540882 0.3017637
OS 5.1544527 0.3014721
OS 5.154963 0.3011805
OS 5.1555462 0.300816
OS 5.1562752 0.3004515
OS 5.157879 0.2997954
OS 5.1579519 0.2997954
OS 5.1583164 0.2996496
OS 5.1587538 0.2995767
OS 5.159337 0.2994309
OS 5.1599931 0.2992851
OS 5.160795 0.2991393
OS 5.1615969 0.2990664
OS 5.1623988 0.2989935
OS 5.1628362 0.2989935
OS 5.1632736 0.2990664
OS 5.1638568 0.2991393
OS 5.1645129 0.2992122
OS 5.1652419 0.2994309
OS 5.1659709 0.2996496
OS 5.166627 0.2999412
OS 5.1666999 0.3000141
OS 5.1669186 0.3001599
OS 5.1672831 0.3003786
OS 5.1676476 0.3006702
OS 5.168085 0.3010347
OS 5.1685953 0.301545
OS 5.1690327 0.3021282
OS 5.1693972 0.3027114
OS 5.1694701 0.3027843
OS 5.169543 0.303003
OS 5.1696888 0.3033675
OS 5.1699075 0.3038778
OS 5.1700533 0.304461
OS 5.1701991 0.30519
OS 5.170272 0.305919
OS 5.1703449 0.3067938
OS 5.1703449 0.3068667
OS 5.1703449 0.3071583
OS 5.170272 0.3075957
OS 5.170272 0.308106
OS 5.1701262 0.3086892
OS 5.1699804 0.3093453
OS 5.1697617 0.3100014
OS 5.1694701 0.3106575
OS 5.1693972 0.3107304
OS 5.1693243 0.3109491
OS 5.1691056 0.3112407
OS 5.168814 0.3116781
OS 5.1684495 0.3121155
OS 5.1680121 0.3125529
OS 5.1675018 0.3129903
OS 5.1669186 0.3133548
OS 5.1668457 0.3134277
OS 5.166627 0.3135006
OS 5.1662625 0.3136464
OS 5.1658251 0.3138651
OS 5.1652419 0.3140109
OS 5.1645858 0.3141567
OS 5.1638568 0.3142296
OS 5.1630549 0.3143025
OS 5.1623259 0.3143025
OS 5.1618156 0.3142296
OS 5.1612324 0.3141567
OS 5.1606492 0.3140838
OS 5.159337 0.3137922
OS 5.1592641 0.3137922
OS 5.1590454 0.3137193
OS 5.1587538 0.3135735
OS 5.1583893 0.3134277
OS 5.1573687 0.3129174
OS 5.1562752 0.3121884
OS 5.1562023 0.3121155
OS 5.1559107 0.3120426
OS 5.1554004 0.3119697
OS 5.1547443 0.3118968
OS 5.1545256 0.3118968
OS 5.1540882 0.3119697
OS 5.153505 0.3121155
OS 5.1529947 0.3123342
OS 5.1529218 0.3124071
OS 5.152776 0.3126987
OS 5.1525573 0.3131361
OS 5.1524844 0.3137922
OS 5.1531405 0.3287367
OS 5.1531405 0.3288096
OS 5.1531405 0.3288825
OS 5.1532134 0.3293199
OS 5.1533592 0.3297573
OS 5.1536508 0.3301947
OS 5.1537237 0.3302676
OS 5.1540882 0.3304863
OS 5.1545985 0.3306321
OS 5.1553275 0.330705
OS 5.1714384 0.330705
OS 5.1718758 0.3306321
OE
OB 5.1018189 0.314667 I
OS 5.1022563 0.3145212
OS 5.1026937 0.3142296
OS 5.1027666 0.3141567
OS 5.1029124 0.3138651
OS 5.1030582 0.3133548
OS 5.1031311 0.3126258
OS 5.1031311 0.3125529
OS 5.1031311 0.3124071
OS 5.1030582 0.3119697
OS 5.1029853 0.3114594
OS 5.1026937 0.3109491
OS 5.1026208 0.3108762
OS 5.1023292 0.3107304
OS 5.1018918 0.3105117
OS 5.1012357 0.3104388
OS 5.0783451 0.3104388
OS 5.0779077 0.3105117
OS 5.0774703 0.3106575
OS 5.0770329 0.3109491
OS 5.07696 0.311022
OS 5.0768142 0.3113865
OS 5.0766684 0.3118968
OS 5.0765955 0.3126258
OS 5.0765955 0.3126987
OS 5.0765955 0.3128445
OS 5.0766684 0.3132819
OS 5.0768142 0.3137922
OS 5.0770329 0.3142296
OS 5.0771058 0.3143025
OS 5.0773974 0.3145212
OS 5.0778348 0.314667
OS 5.0784909 0.3147399
OS 5.1013815 0.3147399
OS 5.1018189 0.314667
OE
OB 5.2003797 0.3312882 I
OS 5.2011816 0.3312153
OS 5.2021293 0.3310695
OS 5.2031499 0.3308508
OS 5.2041705 0.3305592
OS 5.2051911 0.3301218
OS 5.2053369 0.3300489
OS 5.2056285 0.3299031
OS 5.2060659 0.3296115
OS 5.2066491 0.3291741
OS 5.2073052 0.3286638
OS 5.2079613 0.3280806
OS 5.2086174 0.3273516
OS 5.2092006 0.3264768
OS 5.2092735 0.3264039
OS 5.2094193 0.3260394
OS 5.209638 0.325602
OS 5.2099296 0.324873
OS 5.2101483 0.3240711
OS 5.210367 0.3231234
OS 5.2105128 0.3220299
OS 5.2105857 0.3208635
OS 5.2105857 0.3207177
OS 5.2105857 0.3203532
OS 5.2105128 0.31977
OS 5.2104399 0.319041
OS 5.2102212 0.3181662
OS 5.2100025 0.3172185
OS 5.209638 0.3162708
OS 5.2091277 0.3152502
OS 5.2090548 0.3151044
OS 5.2088361 0.3148128
OS 5.2084716 0.3143025
OS 5.2080342 0.3135735
OS 5.2073781 0.3126987
OS 5.2065762 0.311751
OS 5.2056285 0.3106575
OS 5.204535 0.3094911
OS 5.1946935 0.2995767
OS 5.2101483 0.2995767
OS 5.2105857 0.2995038
OS 5.2110231 0.299358
OS 5.2114605 0.2990664
OS 5.2115334 0.2989935
OS 5.2116792 0.2987019
OS 5.211825 0.2981187
OS 5.2118979 0.2973897
OS 5.2118979 0.2973168
OS 5.2118979 0.297171
OS 5.211825 0.2967336
OS 5.2117521 0.2962233
OS 5.2114605 0.295713
OS 5.2113876 0.2956401
OS 5.211096 0.2954943
OS 5.2106586 0.2953485
OS 5.2100025 0.2952756
OS 5.1891531 0.2952756
OS 5.1887157 0.2953485
OS 5.1882783 0.2954943
OS 5.1878409 0.295713
OS 5.187768 0.2957859
OS 5.1876222 0.2960775
OS 5.1874764 0.2965149
OS 5.1874035 0.2972439
OS 5.1874035 0.2973168
OS 5.1874035 0.2974626
OS 5.1874764 0.2979
OS 5.1876222 0.2984103
OS 5.1878409 0.2988477
OS 5.2010358 0.3121884
OS 5.2011816 0.3123342
OS 5.2014732 0.3126258
OS 5.2019835 0.3131361
OS 5.2024938 0.3137922
OS 5.2031499 0.3145212
OS 5.203806 0.3153231
OS 5.2043163 0.316125
OS 5.2048266 0.316854
OS 5.2048995 0.3169269
OS 5.2050453 0.3172185
OS 5.2051911 0.317583
OS 5.2054098 0.3180933
OS 5.2056285 0.3186765
OS 5.2058472 0.3193326
OS 5.2059201 0.3200616
OS 5.205993 0.3208635
OS 5.205993 0.3210093
OS 5.205993 0.3213009
OS 5.2059201 0.3218841
OS 5.2057743 0.3224673
OS 5.2055556 0.3231963
OS 5.2051911 0.3239253
OS 5.2047537 0.3246543
OS 5.2041705 0.3253104
OS 5.2040976 0.3253833
OS 5.2038789 0.3255291
OS 5.2034415 0.3258207
OS 5.2029312 0.3261123
OS 5.2022022 0.3264039
OS 5.2013274 0.3266955
OS 5.2003797 0.3268413
OS 5.1992133 0.3269142
OS 5.1984843 0.3269142
OS 5.197974 0.3268413
OS 5.1973179 0.3267684
OS 5.1966618 0.3266226
OS 5.195058 0.3261852
OS 5.1949851 0.3261852
OS 5.1946935 0.3260394
OS 5.194329 0.3258936
OS 5.1937458 0.3256749
OS 5.1931626 0.3253833
OS 5.1925065 0.3250188
OS 5.1911214 0.324144
OS 5.1910485 0.3240711
OS 5.1908298 0.3239982
OS 5.1904653 0.3238524
OS 5.1901008 0.3237795
OS 5.189955 0.3237795
OS 5.1895176 0.3239253
OS 5.189226 0.3240711
OS 5.1889344 0.3242898
OS 5.1886428 0.3245814
OS 5.1883512 0.3250188
OS 5.1883512 0.3250917
OS 5.1882783 0.3251646
OS 5.1881325 0.3255291
OS 5.1879138 0.3259665
OS 5.1878409 0.3264768
OS 5.1878409 0.3265497
OS 5.1878409 0.3266226
OS 5.1879867 0.3269871
OS 5.1882054 0.3274245
OS 5.1884241 0.3277161
OS 5.1887157 0.3279348
OS 5.1887886 0.3280077
OS 5.1890802 0.3282264
OS 5.1895905 0.328518
OS 5.1901737 0.3288825
OS 5.1909756 0.329247
OS 5.1917775 0.3296844
OS 5.1927252 0.3300489
OS 5.1937458 0.3304134
OS 5.1938916 0.3304863
OS 5.1942561 0.3305592
OS 5.1947664 0.330705
OS 5.1954954 0.3309237
OS 5.1962973 0.3310695
OS 5.1971721 0.3312153
OS 5.1981927 0.3312882
OS 5.1991404 0.3313611
OS 5.1997236 0.3313611
OS 5.2003797 0.3312882
OE
OB 4.9178922 0.3312153 I
OS 4.9184754 0.3310695
OS 4.9191315 0.330705
OS 4.9192044 0.330705
OS 4.9193502 0.3305592
OS 4.9197147 0.3302676
OS 4.9201521 0.3297573
OS 4.920225 0.3294657
OS 4.9202979 0.3291741
OS 4.9202979 0.3291012
OS 4.920225 0.3288096
OS 4.9200063 0.3283722
OS 4.9196418 0.3279348
OS 4.9073946 0.3149586
OS 4.9203708 0.2979729
OS 4.9204437 0.2979
OS 4.9206624 0.2976084
OS 4.9208082 0.297171
OS 4.9208811 0.2968065
OS 4.9208811 0.2967336
OS 4.9208811 0.2966607
OS 4.9207353 0.2962962
OS 4.9205895 0.2960775
OS 4.9202979 0.2957859
OS 4.9200063 0.2955672
OS 4.9195689 0.2952756
OS 4.919496 0.2952756
OS 4.9194231 0.2952027
OS 4.9189857 0.2950569
OS 4.9184754 0.2948382
OS 4.9179651 0.2947653
OS 4.9178193 0.2947653
OS 4.9175277 0.2948382
OS 4.9170903 0.2950569
OS 4.9166529 0.2954214
OS 4.9042599 0.3116781
OS 4.899084 0.3061377
OS 4.899084 0.2968794
OS 4.899084 0.2968065
OS 4.899084 0.2967336
OS 4.8990111 0.2962962
OS 4.8988653 0.2958588
OS 4.8985737 0.2954214
OS 4.8985008 0.2953485
OS 4.8982092 0.2952027
OS 4.8976989 0.2950569
OS 4.8973344 0.294984
OS 4.8966054 0.294984
OS 4.896168 0.2950569
OS 4.8955848 0.2952027
OS 4.8950745 0.2954214
OS 4.8950016 0.2954943
OS 4.8948558 0.2957859
OS 4.89471 0.2962233
OS 4.8946371 0.2968794
OS 4.8946371 0.3290283
OS 4.8946371 0.3291012
OS 4.8946371 0.3291741
OS 4.89471 0.3296115
OS 4.8948558 0.3301218
OS 4.8950745 0.3305592
OS 4.8951474 0.3306321
OS 4.8955119 0.3307779
OS 4.8960222 0.3309237
OS 4.8968241 0.3309966
OS 4.8971157 0.3309966
OS 4.8975531 0.3309237
OS 4.8981363 0.3308508
OS 4.898355 0.330705
OS 4.8985737 0.3305592
OS 4.8986466 0.3304863
OS 4.8988653 0.3301947
OS 4.8990111 0.3297573
OS 4.899084 0.3290283
OS 4.899084 0.3126987
OS 4.9161426 0.3307779
OS 4.9162155 0.3308508
OS 4.9165071 0.3310695
OS 4.9168716 0.3312153
OS 4.917309 0.3312882
OS 4.9174548 0.3312882
OS 4.9178922 0.3312153
OE
OB 4.8333282 0.3264039 H
OS 4.8263298 0.3264039
OS 4.8263298 0.3112407
OS 4.8340572 0.3112407
OS 4.8348591 0.3113136
OS 4.8358068 0.3114594
OS 4.8369003 0.311751
OS 4.8379938 0.3120426
OS 4.8390144 0.3125529
OS 4.8399621 0.313209
OS 4.840035 0.3132819
OS 4.8403266 0.3135735
OS 4.8406911 0.3140109
OS 4.8411285 0.314667
OS 4.8415659 0.315396
OS 4.8419304 0.3163437
OS 4.842222 0.3175101
OS 4.8422949 0.3187494
OS 4.8422949 0.3188223
OS 4.8422949 0.3188952
OS 4.8422949 0.3193326
OS 4.8421491 0.3199887
OS 4.8420033 0.3207906
OS 4.8417117 0.3217383
OS 4.8413472 0.322686
OS 4.840764 0.3235608
OS 4.8399621 0.3243627
OS 4.8398892 0.3244356
OS 4.8395247 0.3246543
OS 4.8390144 0.3250188
OS 4.8382854 0.3253833
OS 4.8373377 0.3257478
OS 4.8362442 0.3261123
OS 4.8348591 0.326331
OS 4.8333282 0.3264039
OE
OB 5.0531946 0.3269142 H
OS 5.0526114 0.3269142
OS 5.0520282 0.3268413
OS 5.0512263 0.3266955
OS 5.0503515 0.3264768
OS 5.0493309 0.3261852
OS 5.0483832 0.3258207
OS 5.0473626 0.3252375
OS 5.0472897 0.3251646
OS 5.0469252 0.3249459
OS 5.0464878 0.3245085
OS 5.0459775 0.3239982
OS 5.0453214 0.3233421
OS 5.0446653 0.3224673
OS 5.0440821 0.3215196
OS 5.0434989 0.3203532
OS 5.043426 0.3202074
OS 5.0432802 0.31977
OS 5.0430615 0.3191139
OS 5.0428428 0.3182391
OS 5.0425512 0.3171456
OS 5.0423325 0.3159063
OS 5.0421867 0.3144483
OS 5.0421138 0.3129174
OS 5.0421138 0.3128445
OS 5.0421138 0.3126987
OS 5.0421138 0.31248
OS 5.0421138 0.3121884
OS 5.0421867 0.3113865
OS 5.0422596 0.3104388
OS 5.0424783 0.3092724
OS 5.042697 0.3080331
OS 5.0430615 0.3067209
OS 5.0434989 0.3054816
OS 5.0435718 0.3053358
OS 5.0437905 0.3049713
OS 5.0440821 0.3043881
OS 5.0445195 0.303732
OS 5.0450298 0.3029301
OS 5.0456859 0.3021282
OS 5.0464878 0.3013263
OS 5.0473626 0.3006702
OS 5.0475084 0.3005973
OS 5.0478 0.3003786
OS 5.0483103 0.3001599
OS 5.0490393 0.2998683
OS 5.0499141 0.2995038
OS 5.0508618 0.2992851
OS 5.0519553 0.2990664
OS 5.0531946 0.2989935
OS 5.0537778 0.2989935
OS 5.054361 0.2990664
OS 5.0551629 0.2992122
OS 5.0561106 0.2994309
OS 5.0570583 0.2997225
OS 5.0580789 0.300087
OS 5.0590266 0.3006702
OS 5.0591724 0.3007431
OS 5.059464 0.3009618
OS 5.0599014 0.3013992
OS 5.0604117 0.3019095
OS 5.0610678 0.3025656
OS 5.0617239 0.3034404
OS 5.0623071 0.3043881
OS 5.0628903 0.3054816
OS 5.0628903 0.3055545
OS 5.0629632 0.3056274
OS 5.063109 0.3060648
OS 5.0633277 0.3067209
OS 5.0636193 0.3075957
OS 5.063838 0.3086892
OS 5.0640567 0.3100014
OS 5.0642025 0.3113865
OS 5.0642754 0.3129174
OS 5.0642754 0.3129903
OS 5.0642754 0.3131361
OS 5.0642754 0.3133548
OS 5.0642754 0.3136464
OS 5.0642025 0.3144483
OS 5.0641296 0.3154689
OS 5.0639109 0.3166353
OS 5.0636922 0.3178746
OS 5.0633277 0.3191139
OS 5.0628903 0.3203532
OS 5.0628903 0.3204261
OS 5.0628174 0.320499
OS 5.0626716 0.3208635
OS 5.0623071 0.3214467
OS 5.0618697 0.3221757
OS 5.0613594 0.3229776
OS 5.0607033 0.3237795
OS 5.0599014 0.3245814
OS 5.0590266 0.3252375
OS 5.0588808 0.3253104
OS 5.0585892 0.3255291
OS 5.0580789 0.3257478
OS 5.0573499 0.3261123
OS 5.056548 0.3264039
OS 5.0555274 0.3266226
OS 5.0544339 0.3268413
OS 5.0531946 0.3269142
OE
OB 4.7947641 0.3264039 H
OS 4.7879115 0.3264039
OS 4.7879115 0.2995767
OS 4.7953473 0.2995767
OS 4.7960034 0.2996496
OS 4.7968782 0.2997954
OS 4.7978259 0.2999412
OS 4.7989194 0.3001599
OS 4.79994 0.3005244
OS 4.8009606 0.3010347
OS 4.8011064 0.3011076
OS 4.801398 0.3013263
OS 4.8018354 0.3016908
OS 4.8024186 0.3022011
OS 4.8030747 0.3027843
OS 4.8037308 0.3035862
OS 4.8043869 0.3045339
OS 4.8049701 0.3055545
OS 4.805043 0.3057003
OS 4.8051888 0.3061377
OS 4.8054075 0.3067209
OS 4.8056991 0.3075957
OS 4.8059907 0.3086892
OS 4.8062094 0.3099285
OS 4.8063552 0.3113865
OS 4.8064281 0.3129174
OS 4.8064281 0.3129903
OS 4.8064281 0.3131361
OS 4.8064281 0.3133548
OS 4.8064281 0.3136464
OS 4.8063552 0.3144483
OS 4.8062823 0.3154689
OS 4.8060636 0.3166353
OS 4.8058449 0.3178746
OS 4.8054804 0.3191139
OS 4.8049701 0.3202803
OS 4.8048972 0.3204261
OS 4.8047514 0.3207906
OS 4.8043869 0.3213009
OS 4.8039495 0.3220299
OS 4.8033663 0.3227589
OS 4.8027102 0.3234879
OS 4.8019083 0.3242169
OS 4.8009606 0.324873
OS 4.8008148 0.3249459
OS 4.8005232 0.3250917
OS 4.79994 0.3253833
OS 4.799211 0.3256749
OS 4.7982633 0.3258936
OS 4.7972427 0.3261852
OS 4.7960763 0.326331
OS 4.7947641 0.3264039
OE
OB 4.8698511 0.3264039 H
OS 4.8697053 0.3264039
OS 4.8638004 0.3094182
OS 4.875756 0.3094182
OS 4.8698511 0.3264039
OE
SE
S P 0
OB 5.5518278 3.0353565 I
OS 5.5527755 3.0352107
OS 5.553869 3.0350649
OS 5.5550354 3.0347733
OS 5.5562018 3.0344088
OS 5.5573682 3.0338985
OS 5.557514 3.0338256
OS 5.5578785 3.0336069
OS 5.5583888 3.0333153
OS 5.5590449 3.032805
OS 5.559701 3.0322218
OS 5.56043 3.0315657
OS 5.561159 3.0306909
OS 5.5617422 3.0297432
OS 5.5618151 3.0295974
OS 5.5619609 3.0292329
OS 5.5622525 3.0287226
OS 5.5625441 3.0279207
OS 5.5627628 3.0270459
OS 5.5630544 3.0259524
OS 5.5632002 3.024786
OS 5.5632731 3.0234738
OS 5.5632731 3.0234009
OS 5.5632731 3.023328
OS 5.5632731 3.0228906
OS 5.5632002 3.0222345
OS 5.5630544 3.0213597
OS 5.5629086 3.020412
OS 5.562617 3.0193914
OS 5.5622525 3.0182979
OS 5.5617422 3.0172773
OS 5.5616693 3.0171315
OS 5.5614506 3.0168399
OS 5.561159 3.0164025
OS 5.5606487 3.0158193
OS 5.5600655 3.0151632
OS 5.5592636 3.0144342
OS 5.5583888 3.0137781
OS 5.5573682 3.0131949
OS 5.5572224 3.013122
OS 5.5568579 3.0129762
OS 5.5562018 3.0127575
OS 5.5553999 3.0124659
OS 5.5543793 3.0121743
OS 5.5532129 3.0119556
OS 5.5518278 3.0118098
OS 5.5503698 3.0117369
OS 5.5427153 3.0117369
OS 5.5427153 3.0016038
OS 5.5427153 3.0015309
OS 5.5427153 3.001458
OS 5.5426424 3.0010206
OS 5.5424966 3.0005832
OS 5.542205 3.0001458
OS 5.5421321 3.0000729
OS 5.5418405 2.9999271
OS 5.5413302 2.9997813
OS 5.5409657 2.9997084
OS 5.5402367 2.9997084
OS 5.5397993 2.9997813
OS 5.5392161 2.9999271
OS 5.5387058 3.0001458
OS 5.5386329 3.0002187
OS 5.5384871 3.0005103
OS 5.5383413 3.0009477
OS 5.5382684 3.0016038
OS 5.5382684 3.0333882
OS 5.5382684 3.0334611
OS 5.5382684 3.033534
OS 5.5383413 3.0339714
OS 5.5384871 3.0344817
OS 5.5387058 3.0349191
OS 5.5387787 3.034992
OS 5.5390703 3.0352107
OS 5.5395077 3.0353565
OS 5.5401638 3.0354294
OS 5.5510259 3.0354294
OS 5.5518278 3.0353565
OE
OB 5.5243445 3.0353565 I
OS 5.5247819 3.0352107
OS 5.5252193 3.0349191
OS 5.5252922 3.0348462
OS 5.525438 3.0345546
OS 5.5255838 3.0339714
OS 5.5256567 3.0332424
OS 5.5256567 3.0331695
OS 5.5256567 3.0330237
OS 5.5255838 3.0325863
OS 5.5255109 3.032076
OS 5.5252193 3.0315657
OS 5.5251464 3.0314928
OS 5.5248548 3.031347
OS 5.5244174 3.0312012
OS 5.5237613 3.0311283
OS 5.5063382 3.0311283
OS 5.5063382 3.0191727
OS 5.5204808 3.0191727
OS 5.5209182 3.0190998
OS 5.5213556 3.018954
OS 5.5217201 3.0186624
OS 5.521793 3.0185895
OS 5.5219388 3.0182979
OS 5.5220846 3.0177876
OS 5.5221575 3.0170586
OS 5.5221575 3.0169857
OS 5.5221575 3.0168399
OS 5.5220846 3.0164025
OS 5.5220117 3.0158922
OS 5.5217201 3.0153819
OS 5.5216472 3.015309
OS 5.5214285 3.0151632
OS 5.5209911 3.0149445
OS 5.520335 3.0148716
OS 5.5063382 3.0148716
OS 5.5063382 3.0016038
OS 5.5063382 3.0015309
OS 5.5063382 3.001458
OS 5.5062653 3.0010206
OS 5.5061195 3.0005832
OS 5.5058279 3.0001458
OS 5.505755 3.0000729
OS 5.5054634 2.9999271
OS 5.5049531 2.9997813
OS 5.5045886 2.9997084
OS 5.5038596 2.9997084
OS 5.5034222 2.9997813
OS 5.502839 2.9999271
OS 5.5023287 3.0001458
OS 5.5022558 3.0002187
OS 5.50211 3.0005103
OS 5.5019642 3.0009477
OS 5.5018913 3.0016038
OS 5.5018913 3.0333882
OS 5.5018913 3.0334611
OS 5.5018913 3.033534
OS 5.5019642 3.0339714
OS 5.50211 3.0344817
OS 5.5023287 3.0349191
OS 5.5024016 3.034992
OS 5.5026932 3.0352107
OS 5.5031306 3.0353565
OS 5.5037867 3.0354294
OS 5.5239071 3.0354294
OS 5.5243445 3.0353565
OE
OB 5.8478018 3.0359397 I
OS 5.8483121 3.0357939
OS 5.8488224 3.0355023
OS 5.8491869 3.0351378
OS 5.8494785 3.0345546
OS 5.8496243 3.0337527
OS 5.8496243 3.0132678
OS 5.8545815 3.0132678
OS 5.8550189 3.0131949
OS 5.8554563 3.0130491
OS 5.8558937 3.0127575
OS 5.8559666 3.0126846
OS 5.8561124 3.012393
OS 5.8562582 3.0118827
OS 5.8563311 3.0111537
OS 5.8563311 3.0110808
OS 5.8563311 3.010935
OS 5.8562582 3.0104976
OS 5.8561853 3.0099873
OS 5.8558937 3.009477
OS 5.8558208 3.0094041
OS 5.8555292 3.0092583
OS 5.8550918 3.0090396
OS 5.8544357 3.0089667
OS 5.8496243 3.0089667
OS 5.8496243 3.0016038
OS 5.8496243 3.0015309
OS 5.8496243 3.001458
OS 5.8495514 3.0010206
OS 5.8494056 3.0005832
OS 5.849114 3.0001458
OS 5.8490411 3.0000729
OS 5.8486766 2.9999271
OS 5.8481663 2.9997813
OS 5.8473644 2.9997084
OS 5.8471457 2.9997084
OS 5.8467083 2.9997813
OS 5.8461251 2.9999271
OS 5.8456148 3.0001458
OS 5.8455419 3.0002187
OS 5.8453961 3.0005103
OS 5.8451774 3.0009477
OS 5.8451045 3.0016038
OS 5.8451045 3.0089667
OS 5.8307432 3.0089667
OS 5.8303058 3.0090396
OS 5.8297955 3.0091854
OS 5.8293581 3.009477
OS 5.8292852 3.0096228
OS 5.8291394 3.0099144
OS 5.8289936 3.0104976
OS 5.8289207 3.0112266
OS 5.8289207 3.0112995
OS 5.8289207 3.0113724
OS 5.8289936 3.0117369
OS 5.8290665 3.0122472
OS 5.8292852 3.0126846
OS 5.8437194 3.034263
OS 5.8437194 3.0343359
OS 5.8438652 3.0344088
OS 5.8441568 3.0347733
OS 5.8445942 3.0352836
OS 5.8451045 3.0356481
OS 5.8451774 3.0356481
OS 5.8452503 3.035721
OS 5.8456148 3.0358668
OS 5.8462709 3.0360126
OS 5.8469999 3.0360855
OS 5.8474373 3.0360855
OS 5.8478018 3.0359397
OE
OB 5.8074881 3.0088209 I
OS 5.8084358 3.008748
OS 5.8089461 3.0086022
OS 5.8093106 3.0084564
OS 5.8093835 3.0084564
OS 5.8094564 3.0083835
OS 5.8098209 3.0081648
OS 5.8101125 3.0077274
OS 5.8101854 3.0074358
OS 5.8102583 3.0070713
OS 5.8102583 3.0015309
OS 5.8102583 3.001458
OS 5.8102583 3.0013851
OS 5.8101125 3.0009477
OS 5.8098938 3.0005103
OS 5.8096022 3.0002916
OS 5.8093106 3.0000729
OS 5.8092377 3.0000729
OS 5.8091648 3
OS 5.8089461 2.9999271
OS 5.8085816 2.9999271
OS 5.8082171 2.9998542
OS 5.8076339 2.9997813
OS 5.8069778 2.9997084
OS 5.8055198 2.9997084
OS 5.8050824 2.9997813
OS 5.8040618 2.9998542
OS 5.8036244 2.9999271
OS 5.803187 3.0000729
OS 5.8031141 3.0000729
OS 5.8030412 3.0001458
OS 5.8027496 3.0004374
OS 5.8023851 3.0008748
OS 5.8023122 3.0011664
OS 5.8022393 3.0015309
OS 5.8022393 3.0070713
OS 5.8022393 3.0071442
OS 5.8022393 3.0072171
OS 5.8023851 3.0076545
OS 5.8026767 3.0080919
OS 5.8028954 3.0083106
OS 5.803187 3.0084564
OS 5.8032599 3.0084564
OS 5.8034057 3.0085293
OS 5.8036244 3.0086022
OS 5.803916 3.0086751
OS 5.8043534 3.008748
OS 5.8048637 3.0088209
OS 5.8055198 3.0088938
OS 5.8069778 3.0088938
OS 5.8074881 3.0088209
OE
OB 5.7709652 3.0359397 I
OS 5.77184 3.0357939
OS 5.7728606 3.0355023
OS 5.7739541 3.0351378
OS 5.7751205 3.0345546
OS 5.776214 3.0337527
OS 5.7763598 3.0336798
OS 5.7767243 3.0333153
OS 5.7772346 3.032805
OS 5.7778907 3.032076
OS 5.7786197 3.0312012
OS 5.7793487 3.0301077
OS 5.7800048 3.0287955
OS 5.7806609 3.0273375
OS 5.7806609 3.0272646
OS 5.7807338 3.0271188
OS 5.7808067 3.0269001
OS 5.7808796 3.0266085
OS 5.7810254 3.0261711
OS 5.7811712 3.0257337
OS 5.781317 3.0251505
OS 5.7814628 3.0245673
OS 5.7817544 3.0231822
OS 5.782046 3.0215055
OS 5.7821918 3.019683
OS 5.7822647 3.0176418
OS 5.7822647 3.0175689
OS 5.7822647 3.0174231
OS 5.7822647 3.0171315
OS 5.7822647 3.0166941
OS 5.7821918 3.0162567
OS 5.7821918 3.0156735
OS 5.782046 3.0143613
OS 5.7819002 3.0129033
OS 5.7816086 3.0112995
OS 5.7811712 3.0096228
OS 5.7806609 3.008019
OS 5.7806609 3.0079461
OS 5.780588 3.0078732
OS 5.7805151 3.0076545
OS 5.7803693 3.0073629
OS 5.7800048 3.006561
OS 5.7795674 3.0056862
OS 5.7789113 3.0045927
OS 5.7781094 3.0035721
OS 5.7772346 3.0025515
OS 5.776214 3.0016038
OS 5.7760682 3.0015309
OS 5.7757037 3.0012393
OS 5.7751205 3.0008748
OS 5.7743186 3.0005103
OS 5.7733709 3.0000729
OS 5.7722045 2.9997084
OS 5.7709652 2.9994168
OS 5.7695801 2.9993439
OS 5.7692156 2.9993439
OS 5.768924 2.9994168
OS 5.768195 2.9994897
OS 5.7673202 2.9996355
OS 5.7662996 2.9999271
OS 5.7651332 3.0002916
OS 5.7639668 3.0008748
OS 5.7628733 3.0016038
OS 5.7627275 3.0016767
OS 5.7624359 3.0020412
OS 5.7619256 3.0025515
OS 5.7612695 3.0032805
OS 5.7605405 3.0041553
OS 5.7598115 3.0052488
OS 5.7590825 3.006561
OS 5.7584264 3.008019
OS 5.7584264 3.0080919
OS 5.7583535 3.0082377
OS 5.7582806 3.0084564
OS 5.7582077 3.008748
OS 5.7580619 3.0091854
OS 5.7579161 3.0096228
OS 5.7576974 3.0107892
OS 5.7574058 3.0121743
OS 5.7571142 3.013851
OS 5.7569684 3.0156735
OS 5.7568955 3.0176418
OS 5.7568955 3.0177147
OS 5.7568955 3.0178605
OS 5.7568955 3.0181521
OS 5.7568955 3.0185895
OS 5.7569684 3.0190269
OS 5.7569684 3.0196101
OS 5.7571142 3.0209223
OS 5.75726 3.0224532
OS 5.7575516 3.024057
OS 5.7579161 3.0257337
OS 5.7584264 3.0273375
OS 5.7584264 3.0274104
OS 5.7584993 3.0275562
OS 5.7585722 3.027702
OS 5.758718 3.0279936
OS 5.7590825 3.0287955
OS 5.7595928 3.0296703
OS 5.7602489 3.0307638
OS 5.7609779 3.0317844
OS 5.7618527 3.032805
OS 5.7628733 3.0337527
OS 5.7630191 3.0338256
OS 5.7633836 3.0341172
OS 5.7639668 3.0344817
OS 5.7648416 3.0349191
OS 5.7657893 3.0353565
OS 5.7669557 3.035721
OS 5.768195 3.0360126
OS 5.7695801 3.0360855
OS 5.7702362 3.0360855
OS 5.7709652 3.0359397
OE
OB 5.948258 3.0410427 I
OS 5.9483309 3.0410427
OS 5.9484038 3.0409698
OS 5.9488412 3.0406782
OS 5.9495702 3.0401679
OS 5.950445 3.0395118
OS 5.9514656 3.038637
OS 5.952632 3.0376893
OS 5.9537984 3.0365229
OS 5.9550377 3.0352107
OS 5.9551106 3.0351378
OS 5.9551835 3.0350649
OS 5.9553293 3.0348462
OS 5.9556209 3.0345546
OS 5.9562041 3.0338256
OS 5.9569331 3.0327321
OS 5.9578079 3.0314928
OS 5.9586827 3.0299619
OS 5.9595575 3.0282852
OS 5.9603594 3.0264627
OS 5.9603594 3.0263898
OS 5.9604323 3.026244
OS 5.9605781 3.0259524
OS 5.960651 3.0255879
OS 5.9608697 3.0250776
OS 5.9610155 3.0245673
OS 5.9611613 3.0239112
OS 5.96138 3.0231822
OS 5.9617445 3.0215055
OS 5.962109 3.0196101
OS 5.9623277 3.0175689
OS 5.9624006 3.0153819
OS 5.9624006 3.015309
OS 5.9624006 3.0150903
OS 5.9624006 3.0147987
OS 5.9624006 3.0143613
OS 5.9623277 3.013851
OS 5.9623277 3.0131949
OS 5.9622548 3.0125388
OS 5.9621819 3.0117369
OS 5.9618903 3.0100602
OS 5.9615258 3.0082377
OS 5.9610155 3.0062694
OS 5.9603594 3.004374
OS 5.9603594 3.0043011
OS 5.9602865 3.0041553
OS 5.9601407 3.0038637
OS 5.9599949 3.0035721
OS 5.9597762 3.0031347
OS 5.9595575 3.0026244
OS 5.9589743 3.001458
OS 5.9581724 3.0000729
OS 5.9572976 2.9986878
OS 5.956277 2.9971569
OS 5.9551106 2.9957718
OS 5.9551106 2.9956989
OS 5.9549648 2.995626
OS 5.9545274 2.9951886
OS 5.9538713 2.9945325
OS 5.9530694 2.9936577
OS 5.9520488 2.9927829
OS 5.9508824 2.9917623
OS 5.9495702 2.9908146
OS 5.948258 2.9899398
OS 5.9481851 2.9899398
OS 5.9480393 2.9898669
OS 5.9476019 2.989794
OS 5.947529 2.989794
OS 5.9473103 2.9898669
OS 5.9470187 2.9899398
OS 5.9467271 2.9901585
OS 5.9466542 2.9902314
OS 5.9464355 2.9903772
OS 5.9462168 2.9905959
OS 5.9459252 2.9909604
OS 5.9459252 2.9910333
OS 5.9458523 2.9911062
OS 5.9457065 2.9914707
OS 5.9454878 2.991981
OS 5.9454149 2.9925642
OS 5.9454149 2.9926371
OS 5.9454878 2.9929287
OS 5.9456336 2.9932203
OS 5.9458523 2.993439
OS 5.9459252 2.9935119
OS 5.946071 2.9935848
OS 5.9463626 2.9938035
OS 5.9467271 2.9940951
OS 5.9471645 2.9943867
OS 5.9476748 2.9948241
OS 5.9488412 2.9958447
OS 5.9502263 2.997084
OS 5.9516843 2.9986149
OS 5.9530694 3.0003645
OS 5.9544545 3.0023328
OS 5.9545274 3.0024057
OS 5.9546003 3.0025515
OS 5.9547461 3.002916
OS 5.9550377 3.0032805
OS 5.9552564 3.0038637
OS 5.955548 3.0044469
OS 5.9559125 3.0051759
OS 5.9562041 3.0060507
OS 5.9565686 3.0069255
OS 5.9568602 3.0079461
OS 5.9571518 3.0089667
OS 5.9574434 3.0101331
OS 5.9578079 3.0126117
OS 5.9578808 3.0139968
OS 5.9579537 3.0153819
OS 5.9579537 3.0154548
OS 5.9579537 3.0157464
OS 5.9579537 3.0161109
OS 5.9578808 3.0166941
OS 5.9578808 3.0173502
OS 5.9578079 3.0180792
OS 5.9576621 3.018954
OS 5.9575163 3.0199017
OS 5.9570789 3.0219429
OS 5.9564957 3.0242028
OS 5.9556209 3.0263898
OS 5.9550377 3.0274833
OS 5.9544545 3.0285768
OS 5.9543816 3.0286497
OS 5.9543087 3.0287955
OS 5.95409 3.0290871
OS 5.9537984 3.0295245
OS 5.9535068 3.0299619
OS 5.9530694 3.0305451
OS 5.9520488 3.0317844
OS 5.9508095 3.0331695
OS 5.9493515 3.0347004
OS 5.9476748 3.0361584
OS 5.9458523 3.0375435
OS 5.9457794 3.0376164
OS 5.9456336 3.0377622
OS 5.9454878 3.0380538
OS 5.9454149 3.0384183
OS 5.9454149 3.0385641
OS 5.9454878 3.0389286
OS 5.9456336 3.0394389
OS 5.9459252 3.0400221
OS 5.9459981 3.040095
OS 5.9461439 3.0403137
OS 5.9464355 3.0406053
OS 5.9467271 3.040824
OS 5.9468 3.0408969
OS 5.9470187 3.0410427
OS 5.9473103 3.0411156
OS 5.9476019 3.0411885
OS 5.9478206 3.0411885
OS 5.948258 3.0410427
OE
OB 5.7385247 3.0411156 I
OS 5.7388163 3.0410427
OS 5.7391079 3.040824
OS 5.7391808 3.0407511
OS 5.7393995 3.0406053
OS 5.7396182 3.0403866
OS 5.7399098 3.0400221
OS 5.7399098 3.0399492
OS 5.7399827 3.0398763
OS 5.7402014 3.0395118
OS 5.7403472 3.0390015
OS 5.7404201 3.0384183
OS 5.7404201 3.0383454
OS 5.7403472 3.0381267
OS 5.7402743 3.0378351
OS 5.7400556 3.0375435
OS 5.7399827 3.0374706
OS 5.7398369 3.0373977
OS 5.7395453 3.037179
OS 5.7391808 3.0369603
OS 5.7387434 3.0365958
OS 5.7382331 3.0361584
OS 5.7370667 3.0351378
OS 5.7356816 3.0338256
OS 5.7342236 3.0322947
OS 5.7327656 3.0305451
OS 5.7313805 3.0285768
OS 5.7313076 3.0285039
OS 5.7312347 3.0283581
OS 5.7310889 3.0279936
OS 5.7308702 3.0276291
OS 5.7305786 3.0270459
OS 5.730287 3.0263898
OS 5.7299954 3.0256608
OS 5.7296309 3.0248589
OS 5.7293393 3.0239112
OS 5.7289748 3.0228906
OS 5.7286832 3.02187
OS 5.7284645 3.0207036
OS 5.7280271 3.0181521
OS 5.7279542 3.016767
OS 5.7278813 3.0153819
OS 5.7278813 3.015309
OS 5.7278813 3.0150174
OS 5.7278813 3.0146529
OS 5.7279542 3.0141426
OS 5.7279542 3.0134865
OS 5.7281 3.0126846
OS 5.7281729 3.0118098
OS 5.7283187 3.010935
OS 5.7287561 3.0088938
OS 5.7293393 3.0067068
OS 5.7302141 3.0044469
OS 5.7307244 3.0033534
OS 5.7313076 3.0023328
OS 5.7313805 3.0022599
OS 5.7314534 3.0021141
OS 5.7316721 3.0018225
OS 5.7319637 3.001458
OS 5.7322553 3.0009477
OS 5.7326927 3.0004374
OS 5.7337133 2.9991981
OS 5.7349526 2.9977401
OS 5.7364835 2.9962821
OS 5.7381602 2.9948241
OS 5.7400556 2.993439
OS 5.7401285 2.9933661
OS 5.7402743 2.9932203
OS 5.7403472 2.9930016
OS 5.7404201 2.9925642
OS 5.7404201 2.9924184
OS 5.7403472 2.9921268
OS 5.7402014 2.9916165
OS 5.7399098 2.9909604
OS 5.7398369 2.9908875
OS 5.7396911 2.9906688
OS 5.7393995 2.9903772
OS 5.7391079 2.9901585
OS 5.739035 2.9900856
OS 5.7388892 2.9900127
OS 5.7385976 2.9898669
OS 5.7382331 2.989794
OS 5.7380144 2.989794
OS 5.737577 2.9899398
OS 5.7375041 2.9899398
OS 5.7374312 2.9900127
OS 5.7372125 2.9901585
OS 5.7369938 2.9903772
OS 5.7362648 2.9908146
OS 5.73539 2.9914707
OS 5.7342965 2.9923455
OS 5.7331301 2.9932932
OS 5.7319637 2.9944596
OS 5.7307244 2.9957718
OS 5.7307244 2.9958447
OS 5.7305786 2.9959176
OS 5.7304328 2.9961363
OS 5.7302141 2.9964279
OS 5.7296309 2.9971569
OS 5.7289019 2.9982504
OS 5.7280271 2.9994897
OS 5.7271523 3.0009477
OS 5.7262775 3.0025515
OS 5.7254756 3.004374
OS 5.7254756 3.0044469
OS 5.7254027 3.0045927
OS 5.7252569 3.0048843
OS 5.725184 3.0052488
OS 5.7250382 3.0057591
OS 5.7248195 3.0062694
OS 5.7246737 3.0069255
OS 5.724455 3.0076545
OS 5.7240905 3.0092583
OS 5.723726 3.0111537
OS 5.7235073 3.0131949
OS 5.7234344 3.0153819
OS 5.7234344 3.0154548
OS 5.7234344 3.0156735
OS 5.7234344 3.0159651
OS 5.7234344 3.0164025
OS 5.7235073 3.0169128
OS 5.7235802 3.0175689
OS 5.7235802 3.018225
OS 5.723726 3.0190269
OS 5.7239447 3.0207036
OS 5.7243092 3.022599
OS 5.7248195 3.0244944
OS 5.7254756 3.0264627
OS 5.7254756 3.0265356
OS 5.7255485 3.0266814
OS 5.7256943 3.026973
OS 5.7258401 3.0273375
OS 5.7260588 3.0277749
OS 5.7262775 3.0282852
OS 5.7269336 3.0294516
OS 5.7276626 3.0308367
OS 5.7285374 3.0322947
OS 5.729558 3.0338256
OS 5.7307244 3.0352107
OS 5.7307973 3.0352836
OS 5.7308702 3.0353565
OS 5.7313076 3.0357939
OS 5.7319637 3.03645
OS 5.7328385 3.0373248
OS 5.7338591 3.0382725
OS 5.7350255 3.0392202
OS 5.7362648 3.0401679
OS 5.737577 3.0410427
OS 5.7376499 3.0410427
OS 5.7377957 3.0411156
OS 5.7382331 3.0411885
OS 5.738306 3.0411885
OS 5.7385247 3.0411156
OE
OB 5.669051 3.0360126 I
OS 5.6694884 3.0358668
OS 5.6698529 3.0355023
OS 5.6699258 3.0354294
OS 5.6701445 3.0350649
OS 5.6702174 3.0347733
OS 5.6702903 3.0344088
OS 5.6703632 3.0339714
OS 5.6703632 3.0334611
OS 5.6703632 3.0333882
OS 5.6703632 3.0333153
OS 5.6703632 3.0329508
OS 5.6702174 3.0325134
OS 5.6700716 3.032076
OS 5.6699987 3.0320031
OS 5.6698529 3.0319302
OS 5.6696342 3.0317844
OS 5.6692697 3.0317115
OS 5.6689052 3.0317115
OS 5.6685407 3.0316386
OS 5.6679575 3.0315657
OS 5.6673014 3.0314928
OS 5.6664995 3.031347
OS 5.6656976 3.0312012
OS 5.6647499 3.0310554
OS 5.6627816 3.0304722
OS 5.6607404 3.0297432
OS 5.6587721 3.0287955
OS 5.6578973 3.0282123
OS 5.6570225 3.0275562
OS 5.6569496 3.0274833
OS 5.6568767 3.0274104
OS 5.656658 3.0271917
OS 5.6563664 3.0269001
OS 5.6560019 3.0265356
OS 5.6556374 3.0260982
OS 5.6552 3.025515
OS 5.6548355 3.0249318
OS 5.6543252 3.0242757
OS 5.6538878 3.0235467
OS 5.6530859 3.0217971
OS 5.6523569 3.0198288
OS 5.6521382 3.0187353
OS 5.6519195 3.0175689
OS 5.6519924 3.0176418
OS 5.6522111 3.0179334
OS 5.6525027 3.0182979
OS 5.6529401 3.0187353
OS 5.6535233 3.0192456
OS 5.6541794 3.0197559
OS 5.6549084 3.0202662
OS 5.6557103 3.0207036
OS 5.6557832 3.0207765
OS 5.6561477 3.0208494
OS 5.6565851 3.0210681
OS 5.6571683 3.0212868
OS 5.6578973 3.0214326
OS 5.6587721 3.0216513
OS 5.6596469 3.0217242
OS 5.6605946 3.0217971
OS 5.6611778 3.0217971
OS 5.661761 3.0217242
OS 5.6625629 3.0216513
OS 5.6635106 3.0214326
OS 5.6644583 3.0212139
OS 5.6654789 3.0208494
OS 5.6664995 3.0203391
OS 5.6666453 3.0202662
OS 5.6669369 3.0201204
OS 5.6673743 3.0197559
OS 5.6680304 3.0193185
OS 5.6686865 3.0187353
OS 5.6693426 3.0180792
OS 5.6699987 3.0172773
OS 5.6705819 3.0164025
OS 5.6706548 3.0162567
OS 5.6708006 3.0159651
OS 5.6710922 3.0154548
OS 5.6713838 3.0147258
OS 5.6716025 3.013851
OS 5.6718941 3.0128304
OS 5.6720399 3.0117369
OS 5.6721128 3.0104976
OS 5.6721128 3.0103518
OS 5.6721128 3.0099873
OS 5.6720399 3.0093312
OS 5.6718941 3.0086022
OS 5.6717483 3.0076545
OS 5.6714567 3.0067068
OS 5.6710922 3.0056862
OS 5.6705819 3.0047385
OS 5.670509 3.0045927
OS 5.6702903 3.0043011
OS 5.6699987 3.0038637
OS 5.6694884 3.0032805
OS 5.6689052 3.0026244
OS 5.6681762 3.0019683
OS 5.6673014 3.0013122
OS 5.6663537 3.000729
OS 5.6662079 3.0006561
OS 5.6658434 3.0005103
OS 5.6652602 3.0002916
OS 5.6645312 3.0000729
OS 5.6635835 2.9997813
OS 5.66249 2.9995626
OS 5.6612507 2.9994168
OS 5.6599385 2.9993439
OS 5.6593553 2.9993439
OS 5.6587721 2.9994168
OS 5.6579702 2.9995626
OS 5.6570225 2.9997084
OS 5.6560019 2.9999271
OS 5.6549813 3.0002916
OS 5.6539607 3.0008019
OS 5.6538149 3.0008748
OS 5.6535233 3.0010935
OS 5.653013 3.0013851
OS 5.6524298 3.0018954
OS 5.6517008 3.0024786
OS 5.6509718 3.0032076
OS 5.6502428 3.0040824
OS 5.6495867 3.005103
OS 5.6495867 3.0051759
OS 5.6495138 3.0053217
OS 5.649368 3.0055404
OS 5.6492222 3.005832
OS 5.6490764 3.0061965
OS 5.6488577 3.0067068
OS 5.648639 3.0072171
OS 5.6484932 3.0078732
OS 5.6480558 3.0093312
OS 5.6476913 3.0110079
OS 5.6473997 3.0130491
OS 5.6473268 3.0152361
OS 5.6473268 3.015309
OS 5.6473268 3.0154548
OS 5.6473268 3.0157464
OS 5.6473268 3.0161109
OS 5.6473997 3.0165483
OS 5.6474726 3.0171315
OS 5.6476184 3.0183708
OS 5.6478371 3.0199017
OS 5.6482016 3.0215784
OS 5.6487119 3.0232551
OS 5.6494409 3.0250047
OS 5.6494409 3.0250776
OS 5.6495138 3.0252234
OS 5.6496596 3.0254421
OS 5.6498783 3.0258066
OS 5.6503886 3.0266085
OS 5.6511176 3.027702
OS 5.6521382 3.0288684
OS 5.6533046 3.0301806
OS 5.6547626 3.0314199
OS 5.6564393 3.0326592
OS 5.6565122 3.0327321
OS 5.656658 3.032805
OS 5.6569496 3.0329508
OS 5.6573141 3.0331695
OS 5.6577515 3.0333882
OS 5.6583347 3.0336798
OS 5.6589908 3.0339714
OS 5.6597927 3.034263
OS 5.6605946 3.0345546
OS 5.6615423 3.0348462
OS 5.6625629 3.0351378
OS 5.6635835 3.0354294
OS 5.6647499 3.0356481
OS 5.6659892 3.0358668
OS 5.6686136 3.0360855
OS 5.6687594 3.0360855
OS 5.669051 3.0360126
OE
OB 5.4773969 3.0360126 I
OS 5.4779072 3.0359397
OS 5.4790007 3.0357939
OS 5.4803129 3.0355023
OS 5.4816251 3.0351378
OS 5.4830102 3.0345546
OS 5.4843953 3.0337527
OS 5.4844682 3.0337527
OS 5.4845411 3.0336798
OS 5.4849785 3.0333153
OS 5.4856346 3.032805
OS 5.4864365 3.032076
OS 5.4873113 3.0312012
OS 5.488259 3.0300348
OS 5.4891338 3.0287955
OS 5.4899357 3.0272646
OS 5.4899357 3.0271917
OS 5.4900086 3.0270459
OS 5.4901544 3.0268272
OS 5.4902273 3.0265356
OS 5.4903731 3.0261711
OS 5.4905918 3.0256608
OS 5.4909563 3.0244944
OS 5.4912479 3.0231093
OS 5.4916124 3.0214326
OS 5.4918311 3.0196101
OS 5.491904 3.0176418
OS 5.491904 3.0175689
OS 5.491904 3.0174231
OS 5.491904 3.0171315
OS 5.491904 3.016767
OS 5.4918311 3.0163296
OS 5.4918311 3.0158193
OS 5.4916853 3.01458
OS 5.4914666 3.0131949
OS 5.491175 3.011664
OS 5.4907376 3.0100602
OS 5.4901544 3.0085293
OS 5.4901544 3.0084564
OS 5.4900815 3.0083835
OS 5.4900086 3.0081648
OS 5.4898628 3.0078732
OS 5.4894254 3.0071442
OS 5.4889151 3.0062694
OS 5.488259 3.0052488
OS 5.4873842 3.0042282
OS 5.4864365 3.0032076
OS 5.485343 3.0022599
OS 5.4878216 2.9983962
OS 5.4878945 2.9983233
OS 5.4880403 2.9980317
OS 5.4881861 2.9975943
OS 5.488259 2.9972298
OS 5.488259 2.9971569
OS 5.488259 2.997084
OS 5.4881132 2.9967195
OS 5.4879674 2.9964279
OS 5.4877487 2.9961363
OS 5.4874571 2.9958447
OS 5.4870197 2.9955531
OS 5.4869468 2.9955531
OS 5.4868739 2.9954802
OS 5.4865094 2.9953344
OS 5.4859991 2.9951157
OS 5.4854888 2.9950428
OS 5.485343 2.9950428
OS 5.4849785 2.9951886
OS 5.4845411 2.9954802
OS 5.4842495 2.9956989
OS 5.4840308 2.9959905
OS 5.4814064 3.0001458
OS 5.4813335 3.0001458
OS 5.480969 3
OS 5.4805316 2.9999271
OS 5.4798755 2.9997813
OS 5.4790736 2.9996355
OS 5.4781988 2.9994897
OS 5.4772511 2.9994168
OS 5.4762305 2.9993439
OS 5.4757931 2.9993439
OS 5.4754286 2.9994168
OS 5.4750641 2.9994168
OS 5.4745538 2.9994897
OS 5.4734603 2.9996355
OS 5.4721481 2.9999271
OS 5.470763 3.0002916
OS 5.4693779 3.0008748
OS 5.4679928 3.0016038
OS 5.4679199 3.0016038
OS 5.467847 3.0016767
OS 5.4674096 3.0020412
OS 5.4667535 3.0025515
OS 5.4660245 3.0032805
OS 5.4651497 3.0041553
OS 5.464202 3.0052488
OS 5.4633272 3.006561
OS 5.4625253 3.008019
OS 5.4625253 3.0080919
OS 5.4624524 3.0082377
OS 5.4623795 3.0084564
OS 5.4622337 3.008748
OS 5.4620879 3.0091854
OS 5.4618692 3.0096228
OS 5.4615776 3.0107892
OS 5.4612131 3.0121743
OS 5.4608486 3.013851
OS 5.4606299 3.0156735
OS 5.460557 3.0176418
OS 5.460557 3.0177147
OS 5.460557 3.0178605
OS 5.460557 3.0181521
OS 5.460557 3.0185895
OS 5.4606299 3.0190269
OS 5.4606299 3.0196101
OS 5.4607757 3.0209223
OS 5.4610673 3.0223803
OS 5.4613589 3.0239841
OS 5.4618692 3.0256608
OS 5.4625253 3.0272646
OS 5.4625253 3.0273375
OS 5.4625982 3.0274833
OS 5.462744 3.027702
OS 5.4628898 3.0279936
OS 5.4633272 3.0287226
OS 5.4639833 3.0296703
OS 5.4647123 3.0306909
OS 5.46566 3.0317844
OS 5.4667535 3.032805
OS 5.4679928 3.0337527
OS 5.4680657 3.0337527
OS 5.4681386 3.0338256
OS 5.4683573 3.0339714
OS 5.4686489 3.0341172
OS 5.4693779 3.0344817
OS 5.4703985 3.0349191
OS 5.4715649 3.0353565
OS 5.47295 3.035721
OS 5.4745538 3.0360126
OS 5.4762305 3.0360855
OS 5.4770324 3.0360855
OS 5.4773969 3.0360126
OE
OB 5.5867469 3.0360126 I
OS 5.5875488 3.0359397
OS 5.5884965 3.0357939
OS 5.5895171 3.0355752
OS 5.5905377 3.0352836
OS 5.5915583 3.0348462
OS 5.5917041 3.0347733
OS 5.5919957 3.0346275
OS 5.5924331 3.0343359
OS 5.5930163 3.0338985
OS 5.5936724 3.0333882
OS 5.5943285 3.032805
OS 5.5949846 3.032076
OS 5.5955678 3.0312012
OS 5.5956407 3.0311283
OS 5.5957865 3.0307638
OS 5.5960052 3.0303264
OS 5.5962968 3.0295974
OS 5.5965155 3.0287955
OS 5.5967342 3.0278478
OS 5.59688 3.0267543
OS 5.5969529 3.0255879
OS 5.5969529 3.0254421
OS 5.5969529 3.0250776
OS 5.59688 3.0244944
OS 5.5968071 3.0237654
OS 5.5965884 3.0228906
OS 5.5963697 3.0219429
OS 5.5960052 3.0209952
OS 5.5954949 3.0199746
OS 5.595422 3.0198288
OS 5.5952033 3.0195372
OS 5.5948388 3.0190269
OS 5.5944014 3.0182979
OS 5.5937453 3.0174231
OS 5.5929434 3.0164754
OS 5.5919957 3.0153819
OS 5.5909022 3.0142155
OS 5.5810607 3.0043011
OS 5.5965155 3.0043011
OS 5.5969529 3.0042282
OS 5.5973903 3.0040824
OS 5.5978277 3.0037908
OS 5.5979006 3.0037179
OS 5.5980464 3.0034263
OS 5.5981922 3.0028431
OS 5.5982651 3.0021141
OS 5.5982651 3.0020412
OS 5.5982651 3.0018954
OS 5.5981922 3.001458
OS 5.5981193 3.0009477
OS 5.5978277 3.0004374
OS 5.5977548 3.0003645
OS 5.5974632 3.0002187
OS 5.5970258 3.0000729
OS 5.5963697 3
OS 5.5755203 3
OS 5.5750829 3.0000729
OS 5.5746455 3.0002187
OS 5.5742081 3.0004374
OS 5.5741352 3.0005103
OS 5.5739894 3.0008019
OS 5.5738436 3.0012393
OS 5.5737707 3.0019683
OS 5.5737707 3.0020412
OS 5.5737707 3.002187
OS 5.5738436 3.0026244
OS 5.5739894 3.0031347
OS 5.5742081 3.0035721
OS 5.587403 3.0169128
OS 5.5875488 3.0170586
OS 5.5878404 3.0173502
OS 5.5883507 3.0178605
OS 5.588861 3.0185166
OS 5.5895171 3.0192456
OS 5.5901732 3.0200475
OS 5.5906835 3.0208494
OS 5.5911938 3.0215784
OS 5.5912667 3.0216513
OS 5.5914125 3.0219429
OS 5.5915583 3.0223074
OS 5.591777 3.0228177
OS 5.5919957 3.0234009
OS 5.5922144 3.024057
OS 5.5922873 3.024786
OS 5.5923602 3.0255879
OS 5.5923602 3.0257337
OS 5.5923602 3.0260253
OS 5.5922873 3.0266085
OS 5.5921415 3.0271917
OS 5.5919228 3.0279207
OS 5.5915583 3.0286497
OS 5.5911209 3.0293787
OS 5.5905377 3.0300348
OS 5.5904648 3.0301077
OS 5.5902461 3.0302535
OS 5.5898087 3.0305451
OS 5.5892984 3.0308367
OS 5.5885694 3.0311283
OS 5.5876946 3.0314199
OS 5.5867469 3.0315657
OS 5.5855805 3.0316386
OS 5.5848515 3.0316386
OS 5.5843412 3.0315657
OS 5.5836851 3.0314928
OS 5.583029 3.031347
OS 5.5814252 3.0309096
OS 5.5813523 3.0309096
OS 5.5810607 3.0307638
OS 5.5806962 3.030618
OS 5.580113 3.0303993
OS 5.5795298 3.0301077
OS 5.5788737 3.0297432
OS 5.5774886 3.0288684
OS 5.5774157 3.0287955
OS 5.577197 3.0287226
OS 5.5768325 3.0285768
OS 5.576468 3.0285039
OS 5.5763222 3.0285039
OS 5.5758848 3.0286497
OS 5.5755932 3.0287955
OS 5.5753016 3.0290142
OS 5.57501 3.0293058
OS 5.5747184 3.0297432
OS 5.5747184 3.0298161
OS 5.5746455 3.029889
OS 5.5744997 3.0302535
OS 5.574281 3.0306909
OS 5.5742081 3.0312012
OS 5.5742081 3.0312741
OS 5.5742081 3.031347
OS 5.5743539 3.0317115
OS 5.5745726 3.0321489
OS 5.5747913 3.0324405
OS 5.5750829 3.0326592
OS 5.5751558 3.0327321
OS 5.5754474 3.0329508
OS 5.5759577 3.0332424
OS 5.5765409 3.0336069
OS 5.5773428 3.0339714
OS 5.5781447 3.0344088
OS 5.5790924 3.0347733
OS 5.580113 3.0351378
OS 5.5802588 3.0352107
OS 5.5806233 3.0352836
OS 5.5811336 3.0354294
OS 5.5818626 3.0356481
OS 5.5826645 3.0357939
OS 5.5835393 3.0359397
OS 5.5845599 3.0360126
OS 5.5855076 3.0360855
OS 5.5860908 3.0360855
OS 5.5867469 3.0360126
OE
OB 5.8888445 3.0281394 I
OS 5.889209 3.0281394
OS 5.8902296 3.0278478
OS 5.8908128 3.0276291
OS 5.8913231 3.0273375
OS 5.891396 3.0272646
OS 5.8915418 3.0271917
OS 5.8918334 3.026973
OS 5.892125 3.0266814
OS 5.8924895 3.0263169
OS 5.892854 3.0258066
OS 5.8932185 3.0252963
OS 5.8935101 3.0246402
OS 5.893583 3.0245673
OS 5.8936559 3.0243486
OS 5.8938017 3.0239112
OS 5.8939475 3.0234009
OS 5.8940933 3.0227448
OS 5.8942391 3.0220158
OS 5.8943849 3.021141
OS 5.8943849 3.0201933
OS 5.8943849 3.0016038
OS 5.8943849 3.0015309
OS 5.8943849 3.001458
OS 5.894312 3.0010206
OS 5.8941662 3.0005832
OS 5.8938746 3.0001458
OS 5.8938017 3.0000729
OS 5.8935101 2.9999271
OS 5.8929269 2.9997813
OS 5.8921979 2.9997084
OS 5.8919063 2.9997084
OS 5.8914689 2.9997813
OS 5.8908857 2.9999271
OS 5.8903754 3.0001458
OS 5.8903025 3.0002187
OS 5.8901567 3.0005103
OS 5.889938 3.0009477
OS 5.8898651 3.0016038
OS 5.8898651 3.019683
OS 5.8898651 3.0197559
OS 5.8898651 3.0200475
OS 5.8898651 3.020412
OS 5.8897922 3.0208494
OS 5.8895735 3.02187
OS 5.8894277 3.0223074
OS 5.889209 3.0227448
OS 5.889209 3.0228177
OS 5.8890632 3.0228906
OS 5.8886987 3.0232551
OS 5.8884071 3.0234738
OS 5.8880426 3.0236196
OS 5.8875323 3.0236925
OS 5.887022 3.0237654
OS 5.8868033 3.0237654
OS 5.8865117 3.0236925
OS 5.8861472 3.0236196
OS 5.8857827 3.0234738
OS 5.8853453 3.0231822
OS 5.884835 3.0228906
OS 5.8843976 3.0224532
OS 5.8843247 3.0223803
OS 5.8841789 3.0222345
OS 5.8839602 3.0219429
OS 5.8837415 3.0215784
OS 5.8834499 3.0210681
OS 5.8830854 3.020412
OS 5.8827938 3.019683
OS 5.8825022 3.0188811
OS 5.8825022 3.0188082
OS 5.8824293 3.0184437
OS 5.8822835 3.0180063
OS 5.8822106 3.0173502
OS 5.8820648 3.0165483
OS 5.881919 3.0156735
OS 5.8818461 3.0147258
OS 5.8818461 3.0136323
OS 5.8818461 3.0016038
OS 5.8818461 3.0015309
OS 5.8818461 3.001458
OS 5.8817732 3.0010206
OS 5.8816274 3.0005832
OS 5.8813358 3.0001458
OS 5.8812629 3.0000729
OS 5.8809713 2.9999271
OS 5.880461 2.9997813
OS 5.8800965 2.9997084
OS 5.8793675 2.9997084
OS 5.8789301 2.9997813
OS 5.8783469 2.9999271
OS 5.8778366 3.0001458
OS 5.8777637 3.0002187
OS 5.8776179 3.0005103
OS 5.8774721 3.0009477
OS 5.8773992 3.0016038
OS 5.8773992 3.019683
OS 5.8773992 3.0197559
OS 5.8773992 3.0200475
OS 5.8773992 3.020412
OS 5.8773263 3.0208494
OS 5.8771076 3.02187
OS 5.8768889 3.0223074
OS 5.8766702 3.0227448
OS 5.8766702 3.0228177
OS 5.8765244 3.0228906
OS 5.8761599 3.0232551
OS 5.8755038 3.0236196
OS 5.8750664 3.0236925
OS 5.8745561 3.0237654
OS 5.8743374 3.0237654
OS 5.8740458 3.0236925
OS 5.8736813 3.0236196
OS 5.8733168 3.0234738
OS 5.8728794 3.0231822
OS 5.8723691 3.0228906
OS 5.8719317 3.0224532
OS 5.8718588 3.0223803
OS 5.871713 3.0222345
OS 5.8714943 3.0219429
OS 5.8712756 3.0215784
OS 5.870984 3.0210681
OS 5.8706195 3.020412
OS 5.8703279 3.019683
OS 5.8700363 3.0188811
OS 5.8700363 3.0188082
OS 5.8699634 3.0184437
OS 5.8698176 3.0180063
OS 5.8697447 3.0173502
OS 5.8695989 3.0165483
OS 5.8694531 3.0156735
OS 5.8693802 3.0147258
OS 5.8693802 3.0136323
OS 5.8693802 3.0016038
OS 5.8693802 3.0015309
OS 5.8693802 3.001458
OS 5.8693073 3.0010206
OS 5.8691615 3.0005832
OS 5.8688699 3.0001458
OS 5.868797 3.0000729
OS 5.8684325 2.9999271
OS 5.8679222 2.9997813
OS 5.8671203 2.9997084
OS 5.8668287 2.9997084
OS 5.8663913 2.9997813
OS 5.865881 2.9999271
OS 5.8653707 3.0001458
OS 5.8652978 3.0002187
OS 5.865152 3.0005103
OS 5.8649333 3.0009477
OS 5.8648604 3.0016038
OS 5.8648604 3.0259524
OS 5.8648604 3.0260253
OS 5.8648604 3.0260982
OS 5.8649333 3.0265356
OS 5.8650062 3.026973
OS 5.8652249 3.0274104
OS 5.8652978 3.0274833
OS 5.8655894 3.0276291
OS 5.8660268 3.0277749
OS 5.8667558 3.0278478
OS 5.8669745 3.0278478
OS 5.8674119 3.0277749
OS 5.8679222 3.027702
OS 5.8682867 3.0274104
OS 5.8683596 3.0273375
OS 5.8685054 3.0270459
OS 5.8686512 3.0266085
OS 5.8687241 3.0259524
OS 5.8687241 3.022599
OS 5.868797 3.0227448
OS 5.8689428 3.0230364
OS 5.8692344 3.0235467
OS 5.8695989 3.0241299
OS 5.8700363 3.0248589
OS 5.8705466 3.025515
OS 5.8711298 3.0261711
OS 5.8717859 3.0267543
OS 5.8718588 3.0268272
OS 5.8720775 3.026973
OS 5.872442 3.0271917
OS 5.8729523 3.0274833
OS 5.8735355 3.0277749
OS 5.8741916 3.0279936
OS 5.8749206 3.0281394
OS 5.8757225 3.0282123
OS 5.876087 3.0282123
OS 5.8764515 3.0281394
OS 5.8769618 3.0280665
OS 5.8774721 3.0278478
OS 5.8780553 3.0276291
OS 5.8786385 3.0272646
OS 5.8792217 3.0268272
OS 5.8792946 3.0267543
OS 5.8794404 3.0266085
OS 5.879732 3.026244
OS 5.8800965 3.0258066
OS 5.8803881 3.0252234
OS 5.8807526 3.0245673
OS 5.8810442 3.0237654
OS 5.8813358 3.0228177
OS 5.8813358 3.0228906
OS 5.8814816 3.0230364
OS 5.8816274 3.023328
OS 5.8818461 3.0236925
OS 5.8823564 3.0244944
OS 5.8831583 3.025515
OS 5.8841789 3.0265356
OS 5.8853453 3.0273375
OS 5.8860014 3.027702
OS 5.8866575 3.0279936
OS 5.8873865 3.0281394
OS 5.8881884 3.0282123
OS 5.88848 3.0282123
OS 5.8888445 3.0281394
OE
OB 5.9255132 3.0281394 I
OS 5.9258777 3.0281394
OS 5.9268983 3.0278478
OS 5.9274815 3.0276291
OS 5.9279918 3.0273375
OS 5.9280647 3.0272646
OS 5.9282105 3.0271917
OS 5.9285021 3.026973
OS 5.9287937 3.0266814
OS 5.9291582 3.0263169
OS 5.9295227 3.0258066
OS 5.9298872 3.0252963
OS 5.9301788 3.0246402
OS 5.9302517 3.0245673
OS 5.9303246 3.0243486
OS 5.9304704 3.0239112
OS 5.9306162 3.0234009
OS 5.930762 3.0227448
OS 5.9309078 3.0220158
OS 5.9310536 3.021141
OS 5.9310536 3.0201933
OS 5.9310536 3.0016038
OS 5.9310536 3.0015309
OS 5.9310536 3.001458
OS 5.9309807 3.0010206
OS 5.9308349 3.0005832
OS 5.9305433 3.0001458
OS 5.9304704 3.0000729
OS 5.9301788 2.9999271
OS 5.9295956 2.9997813
OS 5.9288666 2.9997084
OS 5.928575 2.9997084
OS 5.9281376 2.9997813
OS 5.9275544 2.9999271
OS 5.9270441 3.0001458
OS 5.9269712 3.0002187
OS 5.9268254 3.0005103
OS 5.9266067 3.0009477
OS 5.9265338 3.0016038
OS 5.9265338 3.019683
OS 5.9265338 3.0197559
OS 5.9265338 3.0200475
OS 5.9265338 3.020412
OS 5.9264609 3.0208494
OS 5.9262422 3.02187
OS 5.9260964 3.0223074
OS 5.9258777 3.0227448
OS 5.9258777 3.0228177
OS 5.9257319 3.0228906
OS 5.9253674 3.0232551
OS 5.9250758 3.0234738
OS 5.9247113 3.0236196
OS 5.924201 3.0236925
OS 5.9236907 3.0237654
OS 5.923472 3.0237654
OS 5.9231804 3.0236925
OS 5.9228159 3.0236196
OS 5.9224514 3.0234738
OS 5.922014 3.0231822
OS 5.9215037 3.0228906
OS 5.9210663 3.0224532
OS 5.9209934 3.0223803
OS 5.9208476 3.0222345
OS 5.9206289 3.0219429
OS 5.9204102 3.0215784
OS 5.9201186 3.0210681
OS 5.9197541 3.020412
OS 5.9194625 3.019683
OS 5.9191709 3.0188811
OS 5.9191709 3.0188082
OS 5.919098 3.0184437
OS 5.9189522 3.0180063
OS 5.9188793 3.0173502
OS 5.9187335 3.0165483
OS 5.9185877 3.0156735
OS 5.9185148 3.0147258
OS 5.9185148 3.0136323
OS 5.9185148 3.0016038
OS 5.9185148 3.0015309
OS 5.9185148 3.001458
OS 5.9184419 3.0010206
OS 5.9182961 3.0005832
OS 5.9180045 3.0001458
OS 5.9179316 3.0000729
OS 5.91764 2.9999271
OS 5.9171297 2.9997813
OS 5.9167652 2.9997084
OS 5.9160362 2.9997084
OS 5.9155988 2.9997813
OS 5.9150156 2.9999271
OS 5.9145053 3.0001458
OS 5.9144324 3.0002187
OS 5.9142866 3.0005103
OS 5.9141408 3.0009477
OS 5.9140679 3.0016038
OS 5.9140679 3.019683
OS 5.9140679 3.0197559
OS 5.9140679 3.0200475
OS 5.9140679 3.020412
OS 5.913995 3.0208494
OS 5.9137763 3.02187
OS 5.9135576 3.0223074
OS 5.9133389 3.0227448
OS 5.9133389 3.0228177
OS 5.9131931 3.0228906
OS 5.9128286 3.0232551
OS 5.9121725 3.0236196
OS 5.9117351 3.0236925
OS 5.9112248 3.0237654
OS 5.9110061 3.0237654
OS 5.9107145 3.0236925
OS 5.91035 3.0236196
OS 5.9099855 3.0234738
OS 5.9095481 3.0231822
OS 5.9090378 3.0228906
OS 5.9086004 3.0224532
OS 5.9085275 3.0223803
OS 5.9083817 3.0222345
OS 5.908163 3.0219429
OS 5.9079443 3.0215784
OS 5.9076527 3.0210681
OS 5.9072882 3.020412
OS 5.9069966 3.019683
OS 5.906705 3.0188811
OS 5.906705 3.0188082
OS 5.9066321 3.0184437
OS 5.9064863 3.0180063
OS 5.9064134 3.0173502
OS 5.9062676 3.0165483
OS 5.9061218 3.0156735
OS 5.9060489 3.0147258
OS 5.9060489 3.0136323
OS 5.9060489 3.0016038
OS 5.9060489 3.0015309
OS 5.9060489 3.001458
OS 5.905976 3.0010206
OS 5.9058302 3.0005832
OS 5.9055386 3.0001458
OS 5.9054657 3.0000729
OS 5.9051012 2.9999271
OS 5.9045909 2.9997813
OS 5.903789 2.9997084
OS 5.9034974 2.9997084
OS 5.90306 2.9997813
OS 5.9025497 2.9999271
OS 5.9020394 3.0001458
OS 5.9019665 3.0002187
OS 5.9018207 3.0005103
OS 5.901602 3.0009477
OS 5.9015291 3.0016038
OS 5.9015291 3.0259524
OS 5.9015291 3.0260253
OS 5.9015291 3.0260982
OS 5.901602 3.0265356
OS 5.9016749 3.026973
OS 5.9018936 3.0274104
OS 5.9019665 3.0274833
OS 5.9022581 3.0276291
OS 5.9026955 3.0277749
OS 5.9034245 3.0278478
OS 5.9036432 3.0278478
OS 5.9040806 3.0277749
OS 5.9045909 3.027702
OS 5.9049554 3.0274104
OS 5.9050283 3.0273375
OS 5.9051741 3.0270459
OS 5.9053199 3.0266085
OS 5.9053928 3.0259524
OS 5.9053928 3.022599
OS 5.9054657 3.0227448
OS 5.9056115 3.0230364
OS 5.9059031 3.0235467
OS 5.9062676 3.0241299
OS 5.906705 3.0248589
OS 5.9072153 3.025515
OS 5.9077985 3.0261711
OS 5.9084546 3.0267543
OS 5.9085275 3.0268272
OS 5.9087462 3.026973
OS 5.9091107 3.0271917
OS 5.909621 3.0274833
OS 5.9102042 3.0277749
OS 5.9108603 3.0279936
OS 5.9115893 3.0281394
OS 5.9123912 3.0282123
OS 5.9127557 3.0282123
OS 5.9131202 3.0281394
OS 5.9136305 3.0280665
OS 5.9141408 3.0278478
OS 5.914724 3.0276291
OS 5.9153072 3.0272646
OS 5.9158904 3.0268272
OS 5.9159633 3.0267543
OS 5.9161091 3.0266085
OS 5.9164007 3.026244
OS 5.9167652 3.0258066
OS 5.9170568 3.0252234
OS 5.9174213 3.0245673
OS 5.9177129 3.0237654
OS 5.9180045 3.0228177
OS 5.9180045 3.0228906
OS 5.9181503 3.0230364
OS 5.9182961 3.023328
OS 5.9185148 3.0236925
OS 5.9190251 3.0244944
OS 5.919827 3.025515
OS 5.9208476 3.0265356
OS 5.922014 3.0273375
OS 5.9226701 3.027702
OS 5.9233262 3.0279936
OS 5.9240552 3.0281394
OS 5.9248571 3.0282123
OS 5.9251487 3.0282123
OS 5.9255132 3.0281394
OE
OB 5.6315804 3.0353565 I
OS 5.6320178 3.0352107
OS 5.6324552 3.0349191
OS 5.6325281 3.0348462
OS 5.6326739 3.0345546
OS 5.6328197 3.0339714
OS 5.6328926 3.0332424
OS 5.6328926 3.0331695
OS 5.6328926 3.0330237
OS 5.6328197 3.0325863
OS 5.6327468 3.032076
OS 5.6324552 3.0315657
OS 5.6323823 3.0314928
OS 5.6320907 3.031347
OS 5.6316533 3.0312012
OS 5.6309972 3.0311283
OS 5.6170733 3.0311283
OS 5.6167088 3.0217971
OS 5.6168546 3.02187
OS 5.6172191 3.0220887
OS 5.6178023 3.0223074
OS 5.6186042 3.0226719
OS 5.6196248 3.0229635
OS 5.6206454 3.0231822
OS 5.6218847 3.0234009
OS 5.623124 3.0234738
OS 5.6237072 3.0234738
OS 5.6243633 3.0234009
OS 5.6252381 3.0232551
OS 5.6261858 3.0231093
OS 5.6272793 3.0228177
OS 5.6282999 3.0224532
OS 5.6293205 3.0219429
OS 5.6294663 3.02187
OS 5.6297579 3.0216513
OS 5.6301953 3.0212868
OS 5.6307785 3.0208494
OS 5.6314346 3.0202662
OS 5.6320907 3.0195372
OS 5.6327468 3.0186624
OS 5.6332571 3.0177147
OS 5.63333 3.0175689
OS 5.6334758 3.0172773
OS 5.6336945 3.0166941
OS 5.6339861 3.0159651
OS 5.6342048 3.0150174
OS 5.6344235 3.0139968
OS 5.6345693 3.0127575
OS 5.6346422 3.0115182
OS 5.6346422 3.0114453
OS 5.6346422 3.0113724
OS 5.6346422 3.010935
OS 5.6345693 3.0102789
OS 5.6344235 3.0094041
OS 5.6342777 3.0084564
OS 5.6339861 3.0074358
OS 5.6336216 3.0063423
OS 5.6331113 3.0052488
OS 5.6330384 3.005103
OS 5.6328197 3.0048114
OS 5.6324552 3.0043011
OS 5.6320178 3.003645
OS 5.6313617 3.0029889
OS 5.6306327 3.0022599
OS 5.6297579 3.0015309
OS 5.6287373 3.0008748
OS 5.6285915 3.0008019
OS 5.628227 3.0006561
OS 5.6276438 3.0003645
OS 5.6268419 3.0001458
OS 5.6258942 2.9998542
OS 5.6247278 2.9995626
OS 5.6234885 2.9994168
OS 5.6221034 2.9993439
OS 5.6215931 2.9993439
OS 5.6210828 2.9994168
OS 5.6203538 2.9994897
OS 5.619479 2.9995626
OS 5.6184584 2.9997813
OS 5.6174378 3
OS 5.6163443 3.0002916
OS 5.6161985 3.0003645
OS 5.615834 3.0004374
OS 5.6153237 3.0006561
OS 5.6145947 3.0009477
OS 5.6137928 3.0013122
OS 5.612918 3.0017496
OS 5.6110955 3.0028431
OS 5.6109497 3.0029889
OS 5.6106581 3.0033534
OS 5.6103665 3.0038637
OS 5.6102936 3.0041553
OS 5.6102207 3.0044469
OS 5.6102207 3.0045927
OS 5.6102936 3.0048843
OS 5.6104394 3.0053217
OS 5.6106581 3.005832
OS 5.610731 3.0059049
OS 5.6108039 3.0060507
OS 5.6111684 3.0064881
OS 5.6117516 3.0068526
OS 5.6120432 3.0069984
OS 5.6124077 3.0070713
OS 5.6124806 3.0070713
OS 5.6126993 3.0069984
OS 5.6129909 3.0069255
OS 5.6134283 3.0067068
OS 5.6135012 3.0066339
OS 5.6137928 3.0064881
OS 5.6141573 3.0061965
OS 5.6146676 3.0059049
OS 5.6152508 3.0055404
OS 5.6159798 3.0051759
OS 5.6175836 3.0045198
OS 5.6176565 3.0045198
OS 5.618021 3.004374
OS 5.6184584 3.0043011
OS 5.6190416 3.0041553
OS 5.6196977 3.0040095
OS 5.6204996 3.0038637
OS 5.6213015 3.0037908
OS 5.6221034 3.0037179
OS 5.6225408 3.0037179
OS 5.6229782 3.0037908
OS 5.6235614 3.0038637
OS 5.6242175 3.0039366
OS 5.6249465 3.0041553
OS 5.6256755 3.004374
OS 5.6263316 3.0046656
OS 5.6264045 3.0047385
OS 5.6266232 3.0048843
OS 5.6269877 3.005103
OS 5.6273522 3.0053946
OS 5.6277896 3.0057591
OS 5.6282999 3.0062694
OS 5.6287373 3.0068526
OS 5.6291018 3.0074358
OS 5.6291747 3.0075087
OS 5.6292476 3.0077274
OS 5.6293934 3.0080919
OS 5.6296121 3.0086022
OS 5.6297579 3.0091854
OS 5.6299037 3.0099144
OS 5.6299766 3.0106434
OS 5.6300495 3.0115182
OS 5.6300495 3.0115911
OS 5.6300495 3.0118827
OS 5.6299766 3.0123201
OS 5.6299766 3.0128304
OS 5.6298308 3.0134136
OS 5.629685 3.0140697
OS 5.6294663 3.0147258
OS 5.6291747 3.0153819
OS 5.6291018 3.0154548
OS 5.6290289 3.0156735
OS 5.6288102 3.0159651
OS 5.6285186 3.0164025
OS 5.6281541 3.0168399
OS 5.6277167 3.0172773
OS 5.6272064 3.0177147
OS 5.6266232 3.0180792
OS 5.6265503 3.0181521
OS 5.6263316 3.018225
OS 5.6259671 3.0183708
OS 5.6255297 3.0185895
OS 5.6249465 3.0187353
OS 5.6242904 3.0188811
OS 5.6235614 3.018954
OS 5.6227595 3.0190269
OS 5.6220305 3.0190269
OS 5.6215202 3.018954
OS 5.620937 3.0188811
OS 5.6203538 3.0188082
OS 5.6190416 3.0185166
OS 5.6189687 3.0185166
OS 5.61875 3.0184437
OS 5.6184584 3.0182979
OS 5.6180939 3.0181521
OS 5.6170733 3.0176418
OS 5.6159798 3.0169128
OS 5.6159069 3.0168399
OS 5.6156153 3.016767
OS 5.615105 3.0166941
OS 5.6144489 3.0166212
OS 5.6142302 3.0166212
OS 5.6137928 3.0166941
OS 5.6132096 3.0168399
OS 5.6126993 3.0170586
OS 5.6126264 3.0171315
OS 5.6124806 3.0174231
OS 5.6122619 3.0178605
OS 5.612189 3.0185166
OS 5.6128451 3.0334611
OS 5.6128451 3.033534
OS 5.6128451 3.0336069
OS 5.612918 3.0340443
OS 5.6130638 3.0344817
OS 5.6133554 3.0349191
OS 5.6134283 3.034992
OS 5.6137928 3.0352107
OS 5.6143031 3.0353565
OS 5.6150321 3.0354294
OS 5.631143 3.0354294
OS 5.6315804 3.0353565
OE
OB 5.8453961 3.0295974 H
OS 5.8348256 3.0132678
OS 5.8451045 3.0132678
OS 5.8453961 3.0295974
OE
OB 5.5497137 3.0311283 H
OS 5.5427153 3.0311283
OS 5.5427153 3.0159651
OS 5.5504427 3.0159651
OS 5.5512446 3.016038
OS 5.5521923 3.0161838
OS 5.5532858 3.0164754
OS 5.5543793 3.016767
OS 5.5553999 3.0172773
OS 5.5563476 3.0179334
OS 5.5564205 3.0180063
OS 5.5567121 3.0182979
OS 5.5570766 3.0187353
OS 5.557514 3.0193914
OS 5.5579514 3.0201204
OS 5.5583159 3.0210681
OS 5.5586075 3.0222345
OS 5.5586804 3.0234738
OS 5.5586804 3.0235467
OS 5.5586804 3.0236196
OS 5.5586804 3.024057
OS 5.5585346 3.0247131
OS 5.5583888 3.025515
OS 5.5580972 3.0264627
OS 5.5577327 3.0274104
OS 5.5571495 3.0282852
OS 5.5563476 3.0290871
OS 5.5562747 3.02916
OS 5.5559102 3.0293787
OS 5.5553999 3.0297432
OS 5.5546709 3.0301077
OS 5.5537232 3.0304722
OS 5.5526297 3.0308367
OS 5.5512446 3.0310554
OS 5.5497137 3.0311283
OE
OB 5.7771617 3.0230364 H
OS 5.7635294 3.0078003
OS 5.7636023 3.0077274
OS 5.7637481 3.0074358
OS 5.7639668 3.0070713
OS 5.7642584 3.0066339
OS 5.7651332 3.0056862
OS 5.7655706 3.0051759
OS 5.7661538 3.0047385
OS 5.7662267 3.0046656
OS 5.7664454 3.0045927
OS 5.766737 3.0044469
OS 5.7671744 3.0042282
OS 5.7676847 3.0040095
OS 5.7682679 3.0038637
OS 5.768924 3.0037908
OS 5.7695801 3.0037179
OS 5.7699446 3.0037179
OS 5.770382 3.0037908
OS 5.7709652 3.0039366
OS 5.7716213 3.0040824
OS 5.7723503 3.004374
OS 5.7730064 3.0048114
OS 5.7737354 3.0053217
OS 5.7738083 3.0053946
OS 5.774027 3.0056133
OS 5.7743915 3.0060507
OS 5.774756 3.006561
OS 5.7752663 3.0072171
OS 5.7757037 3.0080919
OS 5.7761411 3.0090396
OS 5.7765785 3.0101331
OS 5.7765785 3.010206
OS 5.7766514 3.0102789
OS 5.7767243 3.0107163
OS 5.776943 3.0113724
OS 5.7771617 3.0122472
OS 5.7773075 3.0134136
OS 5.7775262 3.0146529
OS 5.7775991 3.0161109
OS 5.777672 3.0176418
OS 5.777672 3.0177876
OS 5.777672 3.0181521
OS 5.777672 3.0186624
OS 5.7775991 3.0193914
OS 5.7775262 3.0201933
OS 5.7774533 3.021141
OS 5.7771617 3.0230364
OE
OB 5.6608133 3.0173502 H
OS 5.659574 3.0173502
OS 5.6591366 3.0172773
OS 5.6586263 3.0172773
OS 5.6580431 3.0171315
OS 5.657387 3.0169857
OS 5.656658 3.0168399
OS 5.6560019 3.0165483
OS 5.655929 3.0165483
OS 5.6557103 3.0164025
OS 5.6554187 3.0161838
OS 5.6550542 3.0159651
OS 5.6541794 3.0152361
OS 5.6533046 3.0142884
OS 5.6532317 3.0142155
OS 5.6531588 3.0140697
OS 5.653013 3.0137052
OS 5.6528672 3.0133407
OS 5.6526485 3.0128304
OS 5.6525027 3.0122472
OS 5.6524298 3.0115911
OS 5.6523569 3.010935
OS 5.6523569 3.0108621
OS 5.6523569 3.0105705
OS 5.6524298 3.010206
OS 5.6525027 3.0096957
OS 5.6525756 3.0091125
OS 5.6527943 3.0085293
OS 5.653013 3.0078732
OS 5.6533046 3.0072171
OS 5.6533775 3.0071442
OS 5.6534504 3.0069255
OS 5.6536691 3.0066339
OS 5.6539607 3.0062694
OS 5.6543981 3.0059049
OS 5.6548355 3.0054675
OS 5.6553458 3.0050301
OS 5.655929 3.0046656
OS 5.6560019 3.0045927
OS 5.6562206 3.0045198
OS 5.6565851 3.004374
OS 5.6570954 3.0042282
OS 5.6576786 3.0040095
OS 5.6583347 3.0038637
OS 5.6591366 3.0037908
OS 5.6599385 3.0037179
OS 5.660303 3.0037179
OS 5.6607404 3.0037908
OS 5.6612507 3.0037908
OS 5.6619068 3.0039366
OS 5.6625629 3.0040824
OS 5.663219 3.0042282
OS 5.6638751 3.0045198
OS 5.663948 3.0045927
OS 5.6641667 3.0046656
OS 5.6644583 3.0048843
OS 5.6648957 3.0051759
OS 5.6657705 3.0059049
OS 5.6662079 3.0064152
OS 5.6665724 3.0069255
OS 5.6666453 3.0069984
OS 5.6667182 3.0072171
OS 5.666864 3.0075087
OS 5.6670827 3.0079461
OS 5.6672285 3.0084564
OS 5.6673743 3.0091125
OS 5.6674472 3.0097686
OS 5.6675201 3.0104976
OS 5.6675201 3.0105705
OS 5.6675201 3.0108621
OS 5.6674472 3.0112266
OS 5.6673743 3.0117369
OS 5.6671556 3.0129033
OS 5.666864 3.0134865
OS 5.6665724 3.0140697
OS 5.6664995 3.0141426
OS 5.6664266 3.0143613
OS 5.6662079 3.0146529
OS 5.6659163 3.0149445
OS 5.6655518 3.0153819
OS 5.6651144 3.0157464
OS 5.6645312 3.0161109
OS 5.663948 3.0164754
OS 5.6638751 3.0165483
OS 5.6636564 3.0166212
OS 5.6632919 3.016767
OS 5.6628545 3.0169128
OS 5.6621984 3.0170586
OS 5.6615423 3.0172044
OS 5.6608133 3.0173502
OE
OB 5.7695801 3.0316386 H
OS 5.7692156 3.0316386
OS 5.7687782 3.0315657
OS 5.768195 3.0314199
OS 5.7675389 3.0312012
OS 5.7668099 3.0309096
OS 5.7661538 3.0305451
OS 5.7654248 3.0299619
OS 5.7653519 3.029889
OS 5.7651332 3.0296703
OS 5.7647687 3.0293058
OS 5.7644042 3.0287955
OS 5.7638939 3.0280665
OS 5.7634565 3.0272646
OS 5.7629462 3.0263169
OS 5.7625088 3.0251505
OS 5.7624359 3.0250047
OS 5.762363 3.0245673
OS 5.7622172 3.0239112
OS 5.7619985 3.0230364
OS 5.7617798 3.0219429
OS 5.761634 3.0206307
OS 5.7615611 3.0192456
OS 5.7614882 3.0176418
OS 5.7614882 3.017496
OS 5.7614882 3.0172044
OS 5.7614882 3.0166212
OS 5.7615611 3.0159651
OS 5.761634 3.0151632
OS 5.7617069 3.0142155
OS 5.7619985 3.0123201
OS 5.7756308 3.0275562
OS 5.7755579 3.0276291
OS 5.7754121 3.0278478
OS 5.7751934 3.0282123
OS 5.7749018 3.0286497
OS 5.7744644 3.02916
OS 5.774027 3.0296703
OS 5.7735167 3.0301077
OS 5.7729335 3.0305451
OS 5.7728606 3.030618
OS 5.7726419 3.0306909
OS 5.7723503 3.0309096
OS 5.7719129 3.0311283
OS 5.7714755 3.0312741
OS 5.7708923 3.0314928
OS 5.7702362 3.0315657
OS 5.7695801 3.0316386
OE
OB 5.4762305 3.0316386 H
OS 5.4756473 3.0316386
OS 5.4750641 3.0315657
OS 5.4742622 3.0314199
OS 5.4733874 3.0312012
OS 5.4723668 3.0309096
OS 5.4714191 3.0305451
OS 5.4703985 3.0299619
OS 5.4703256 3.029889
OS 5.4699611 3.0296703
OS 5.4695237 3.0292329
OS 5.4690134 3.0287226
OS 5.4683573 3.0280665
OS 5.4677012 3.0271917
OS 5.467118 3.026244
OS 5.4665348 3.0250776
OS 5.4664619 3.0249318
OS 5.4663161 3.0244944
OS 5.4660974 3.0238383
OS 5.4658787 3.0229635
OS 5.4655871 3.02187
OS 5.4653684 3.0206307
OS 5.4652226 3.0191727
OS 5.4651497 3.0176418
OS 5.4651497 3.0175689
OS 5.4651497 3.0174231
OS 5.4651497 3.0172044
OS 5.4651497 3.0169128
OS 5.4652226 3.0161109
OS 5.4652955 3.0151632
OS 5.4655142 3.0139968
OS 5.4657329 3.0127575
OS 5.4660974 3.0114453
OS 5.4665348 3.010206
OS 5.4666077 3.0100602
OS 5.4668264 3.0096957
OS 5.467118 3.0091125
OS 5.4675554 3.0084564
OS 5.4680657 3.0076545
OS 5.4687218 3.0068526
OS 5.4695237 3.0060507
OS 5.4703985 3.0053946
OS 5.4705443 3.0053217
OS 5.4708359 3.005103
OS 5.4713462 3.0048843
OS 5.4720752 3.0045927
OS 5.47295 3.0042282
OS 5.4738977 3.0040095
OS 5.4749912 3.0037908
OS 5.4762305 3.0037179
OS 5.4767408 3.0037179
OS 5.4771053 3.0037908
OS 5.4779801 3.0038637
OS 5.4788549 3.0040095
OS 5.4757202 3.0088938
OS 5.4757202 3.0089667
OS 5.4756473 3.0090396
OS 5.4755015 3.0093312
OS 5.4753557 3.0097686
OS 5.4752828 3.0101331
OS 5.4752828 3.010206
OS 5.4752828 3.0102789
OS 5.4754286 3.0106434
OS 5.4755744 3.0108621
OS 5.475866 3.0111537
OS 5.4761576 3.0115182
OS 5.476595 3.0118098
OS 5.4766679 3.0118098
OS 5.4767408 3.0118827
OS 5.4771053 3.0121014
OS 5.4775427 3.0123201
OS 5.478053 3.012393
OS 5.4781988 3.012393
OS 5.4785633 3.0122472
OS 5.4790007 3.0119556
OS 5.4792923 3.0117369
OS 5.479511 3.0113724
OS 5.4828644 3.0060507
OS 5.4829373 3.0061236
OS 5.4832289 3.0063423
OS 5.4835934 3.0067797
OS 5.4841037 3.00729
OS 5.484614 3.0079461
OS 5.4851243 3.0088209
OS 5.4857075 3.0096957
OS 5.4861449 3.0107892
OS 5.4862178 3.010935
OS 5.4863636 3.0112995
OS 5.4865094 3.0119556
OS 5.4867281 3.0127575
OS 5.4869468 3.0137781
OS 5.4871655 3.0149445
OS 5.4872384 3.0162567
OS 5.4873113 3.0176418
OS 5.4873113 3.0177147
OS 5.4873113 3.0178605
OS 5.4873113 3.0180792
OS 5.4873113 3.0183708
OS 5.4872384 3.0191727
OS 5.4871655 3.0201933
OS 5.4869468 3.0213597
OS 5.4867281 3.022599
OS 5.4863636 3.0238383
OS 5.4859262 3.0250776
OS 5.4859262 3.0251505
OS 5.4858533 3.0252234
OS 5.4857075 3.0255879
OS 5.485343 3.0261711
OS 5.4849056 3.0269001
OS 5.4843953 3.027702
OS 5.4837392 3.0285039
OS 5.4829373 3.0293058
OS 5.4820625 3.0299619
OS 5.4819167 3.0300348
OS 5.4816251 3.0302535
OS 5.4811148 3.0304722
OS 5.4803858 3.0308367
OS 5.4795839 3.0311283
OS 5.4785633 3.031347
OS 5.4774698 3.0315657
OS 5.4762305 3.0316386
OE
SE
S P 0
OB 5.7314242 1.5963801 I
OS 5.7323719 1.5962343
OS 5.7334654 1.5960885
OS 5.7346318 1.5957969
OS 5.7357982 1.5954324
OS 5.7369646 1.5949221
OS 5.7371104 1.5948492
OS 5.7374749 1.5946305
OS 5.7379852 1.5943389
OS 5.7386413 1.5938286
OS 5.7392974 1.5932454
OS 5.7400264 1.5925893
OS 5.7407554 1.5917145
OS 5.7413386 1.5907668
OS 5.7414115 1.590621
OS 5.7415573 1.5902565
OS 5.7418489 1.5897462
OS 5.7421405 1.5889443
OS 5.7423592 1.5880695
OS 5.7426508 1.586976
OS 5.7427966 1.5858096
OS 5.7428695 1.5844974
OS 5.7428695 1.5844245
OS 5.7428695 1.5843516
OS 5.7428695 1.5839142
OS 5.7427966 1.5832581
OS 5.7426508 1.5823833
OS 5.742505 1.5814356
OS 5.7422134 1.580415
OS 5.7418489 1.5793215
OS 5.7413386 1.5783009
OS 5.7412657 1.5781551
OS 5.741047 1.5778635
OS 5.7407554 1.5774261
OS 5.7402451 1.5768429
OS 5.7396619 1.5761868
OS 5.73886 1.5754578
OS 5.7379852 1.5748017
OS 5.7369646 1.5742185
OS 5.7368188 1.5741456
OS 5.7364543 1.5739998
OS 5.7357982 1.5737811
OS 5.7349963 1.5734895
OS 5.7339757 1.5731979
OS 5.7328093 1.5729792
OS 5.7314242 1.5728334
OS 5.7299662 1.5727605
OS 5.7223117 1.5727605
OS 5.7223117 1.5626274
OS 5.7223117 1.5625545
OS 5.7223117 1.5624816
OS 5.7222388 1.5620442
OS 5.722093 1.5616068
OS 5.7218014 1.5611694
OS 5.7217285 1.5610965
OS 5.7214369 1.5609507
OS 5.7209266 1.5608049
OS 5.7205621 1.560732
OS 5.7198331 1.560732
OS 5.7193957 1.5608049
OS 5.7188125 1.5609507
OS 5.7183022 1.5611694
OS 5.7182293 1.5612423
OS 5.7180835 1.5615339
OS 5.7179377 1.5619713
OS 5.7178648 1.5626274
OS 5.7178648 1.5944118
OS 5.7178648 1.5944847
OS 5.7178648 1.5945576
OS 5.7179377 1.594995
OS 5.7180835 1.5955053
OS 5.7183022 1.5959427
OS 5.7183751 1.5960156
OS 5.7186667 1.5962343
OS 5.7191041 1.5963801
OS 5.7197602 1.596453
OS 5.7306223 1.596453
OS 5.7314242 1.5963801
OE
OB 5.6932246 1.5970362 I
OS 5.6939536 1.5969633
OS 5.6946097 1.5966717
OS 5.6946826 1.5966717
OS 5.6947555 1.5965988
OS 5.6950471 1.5963072
OS 5.6954116 1.5958698
OS 5.6957761 1.5951408
OS 5.7075859 1.5635022
OS 5.7075859 1.5634293
OS 5.7076588 1.5632106
OS 5.7077317 1.562919
OS 5.7077317 1.5625545
OS 5.7077317 1.5624816
OS 5.7076588 1.56219
OS 5.7075859 1.5618984
OS 5.7072943 1.5616068
OS 5.7072214 1.5615339
OS 5.7070027 1.5613881
OS 5.7066382 1.5612423
OS 5.706055 1.5610236
OS 5.7059092 1.5609507
OS 5.7056176 1.5608778
OS 5.7051802 1.5608049
OS 5.7048157 1.560732
OS 5.7047428 1.560732
OS 5.7044512 1.5608049
OS 5.7041596 1.5608778
OS 5.7037951 1.5610236
OS 5.7037222 1.5610965
OS 5.7035764 1.5612423
OS 5.7034306 1.5616068
OS 5.7032119 1.5620442
OS 5.6999314 1.5708651
OS 5.684914 1.5708651
OS 5.6816335 1.5620442
OS 5.6815606 1.5618984
OS 5.6814877 1.5616797
OS 5.681269 1.5613152
OS 5.6809774 1.5610236
OS 5.6809045 1.5609507
OS 5.6807587 1.5608778
OS 5.6803942 1.5608049
OS 5.6800297 1.560732
OS 5.6799568 1.560732
OS 5.6797381 1.5608049
OS 5.6793736 1.5608778
OS 5.6788633 1.5610236
OS 5.6787175 1.5610965
OS 5.678353 1.5611694
OS 5.6779156 1.5613881
OS 5.6775511 1.5616068
OS 5.6774782 1.5616797
OS 5.6773324 1.5618984
OS 5.6771866 1.56219
OS 5.6771137 1.5625545
OS 5.6771137 1.5626274
OS 5.6771137 1.5628461
OS 5.6771866 1.5631377
OS 5.6773324 1.5635022
OS 5.6890693 1.5951408
OS 5.6890693 1.5952137
OS 5.6891422 1.5952866
OS 5.6893609 1.595724
OS 5.6897254 1.5962343
OS 5.6902357 1.5966717
OS 5.6903086 1.5966717
OS 5.6903815 1.5967446
OS 5.6908189 1.5968904
OS 5.691475 1.5970362
OS 5.6924227 1.5971091
OS 5.692933 1.5971091
OS 5.6932246 1.5970362
OE
OB 5.5743976 1.5966717 I
OS 5.5749808 1.5965988
OS 5.5751995 1.596453
OS 5.5754182 1.5963072
OS 5.5754911 1.5962343
OS 5.5757098 1.5959427
OS 5.5758556 1.5955053
OS 5.5759285 1.5947763
OS 5.5759285 1.5653247
OS 5.5934974 1.5653247
OS 5.5939348 1.5652518
OS 5.5943722 1.565106
OS 5.5948096 1.5648144
OS 5.5948825 1.5647415
OS 5.5950283 1.5644499
OS 5.5951741 1.5638667
OS 5.595247 1.5631377
OS 5.595247 1.5630648
OS 5.595247 1.562919
OS 5.5951741 1.5624816
OS 5.5951012 1.5619713
OS 5.5948096 1.561461
OS 5.5947367 1.5613881
OS 5.5944451 1.5612423
OS 5.5940077 1.5610965
OS 5.5933516 1.5610236
OS 5.5732312 1.5610236
OS 5.5727938 1.5610965
OS 5.5722835 1.5612423
OS 5.5718461 1.561461
OS 5.5717732 1.5615339
OS 5.5717003 1.5618255
OS 5.5715545 1.5622629
OS 5.5714816 1.5629919
OS 5.5714816 1.5947763
OS 5.5714816 1.5948492
OS 5.5714816 1.5949221
OS 5.5715545 1.5953595
OS 5.5717003 1.5958698
OS 5.571919 1.5963072
OS 5.5719919 1.5963801
OS 5.5723564 1.5965259
OS 5.5728667 1.5966717
OS 5.5736686 1.5967446
OS 5.5739602 1.5967446
OS 5.5743976 1.5966717
OE
OB 5.6307493 1.5966717 I
OS 5.6312596 1.5965988
OS 5.6317699 1.5963072
OS 5.6318428 1.5962343
OS 5.6320615 1.5959427
OS 5.6322073 1.5955053
OS 5.6322802 1.5947763
OS 5.6322802 1.5733437
OS 5.6322802 1.5732708
OS 5.6322802 1.573125
OS 5.6322802 1.5729063
OS 5.6322802 1.5726147
OS 5.6322073 1.5718857
OS 5.6320615 1.5708651
OS 5.6318428 1.5697716
OS 5.6315512 1.5685323
OS 5.6311867 1.5673659
OS 5.6306035 1.5661995
OS 5.6305306 1.5660537
OS 5.6303119 1.5656892
OS 5.6299474 1.5651789
OS 5.6294371 1.5645957
OS 5.628781 1.5638667
OS 5.6279791 1.5631377
OS 5.6271043 1.5624087
OS 5.6260108 1.5618255
OS 5.625865 1.5617526
OS 5.6255005 1.5616068
OS 5.6249173 1.5613881
OS 5.6240425 1.5610965
OS 5.6230948 1.5608049
OS 5.6219284 1.5605862
OS 5.6206162 1.5604404
OS 5.6191582 1.5603675
OS 5.6185021 1.5603675
OS 5.6177731 1.5604404
OS 5.6168254 1.5605862
OS 5.6157319 1.560732
OS 5.6145655 1.5609507
OS 5.6133991 1.5613152
OS 5.6122327 1.5618255
OS 5.6120869 1.5618984
OS 5.6117224 1.5621171
OS 5.6112121 1.5624087
OS 5.610556 1.562919
OS 5.609827 1.5635022
OS 5.609098 1.5643041
OS 5.6082961 1.5651789
OS 5.60764 1.5661995
OS 5.6075671 1.5663453
OS 5.6074213 1.5667098
OS 5.6071297 1.5673659
OS 5.6068381 1.5681678
OS 5.6065465 1.5692613
OS 5.6062549 1.5704277
OS 5.6061091 1.5718128
OS 5.6060362 1.5733437
OS 5.6060362 1.5947763
OS 5.6060362 1.5948492
OS 5.6060362 1.5949221
OS 5.6061091 1.5953595
OS 5.6062549 1.5958698
OS 5.6065465 1.5963072
OS 5.6066194 1.5963801
OS 5.6069839 1.5965259
OS 5.6074942 1.5966717
OS 5.6082961 1.5967446
OS 5.6085148 1.5967446
OS 5.6089522 1.5966717
OS 5.6095354 1.5965988
OS 5.6100457 1.5963072
OS 5.6101186 1.5962343
OS 5.6103373 1.5959427
OS 5.6104831 1.5955053
OS 5.610556 1.5947763
OS 5.610556 1.5739269
OS 5.610556 1.573854
OS 5.610556 1.5737082
OS 5.610556 1.5734895
OS 5.6106289 1.5731979
OS 5.6107018 1.5723231
OS 5.6108476 1.5713754
OS 5.6110663 1.570209
OS 5.6115037 1.5690426
OS 5.612014 1.5679491
OS 5.612743 1.5670014
OS 5.6128159 1.5669285
OS 5.6131804 1.5666369
OS 5.6136907 1.5662724
OS 5.6144197 1.5659079
OS 5.6152945 1.5654705
OS 5.616388 1.565106
OS 5.6177002 1.5648144
OS 5.6191582 1.5647415
OS 5.6195227 1.5647415
OS 5.6198143 1.5648144
OS 5.6206162 1.5648873
OS 5.621491 1.5650331
OS 5.6225116 1.5653247
OS 5.6236051 1.5656892
OS 5.6246257 1.5662724
OS 5.6255005 1.5670014
OS 5.6255734 1.5671472
OS 5.625865 1.5674388
OS 5.6262295 1.5679491
OS 5.6266669 1.568751
OS 5.6270314 1.5696987
OS 5.6273959 1.570938
OS 5.6276875 1.5723231
OS 5.6277604 1.5739269
OS 5.6277604 1.5947763
OS 5.6277604 1.5948492
OS 5.6277604 1.5949221
OS 5.6278333 1.5953595
OS 5.6279791 1.5958698
OS 5.6282707 1.5963072
OS 5.6283436 1.5963801
OS 5.6287081 1.5965259
OS 5.6292184 1.5966717
OS 5.6300203 1.5967446
OS 5.6303119 1.5967446
OS 5.6307493 1.5966717
OE
OB 5.6591803 1.5970362 I
OS 5.6599822 1.5969633
OS 5.6609299 1.5968175
OS 5.6629711 1.5963801
OS 5.6631169 1.5963801
OS 5.6634814 1.5962343
OS 5.6639917 1.5960885
OS 5.6647207 1.5957969
OS 5.6655226 1.5955053
OS 5.6664703 1.5950679
OS 5.667418 1.5946305
OS 5.6684386 1.5940473
OS 5.6685115 1.5940473
OS 5.6685844 1.5939015
OS 5.6690218 1.5936099
OS 5.6693863 1.5930996
OS 5.6694592 1.5927351
OS 5.6695321 1.5923706
OS 5.6695321 1.5922977
OS 5.6694592 1.5920061
OS 5.6693863 1.5915687
OS 5.6691676 1.5909855
OS 5.6691676 1.5909126
OS 5.6690947 1.5907668
OS 5.6687302 1.5903294
OS 5.6682199 1.589892
OS 5.6679283 1.5897462
OS 5.6675638 1.5896733
OS 5.6674909 1.5896733
OS 5.6673451 1.5897462
OS 5.6669806 1.5898191
OS 5.6666161 1.5899649
OS 5.6665432 1.5899649
OS 5.6663974 1.5901107
OS 5.6661787 1.5901836
OS 5.6658142 1.5904023
OS 5.6654497 1.590621
OS 5.6649394 1.5908397
OS 5.663773 1.59135
OS 5.6623879 1.5917874
OS 5.6607841 1.5922248
OS 5.6591074 1.5925164
OS 5.6573578 1.5926622
OS 5.6567746 1.5926622
OS 5.6561914 1.5925893
OS 5.6553895 1.5924435
OS 5.6545147 1.5922248
OS 5.653567 1.5919332
OS 5.6526193 1.5914958
OS 5.6516716 1.5909126
OS 5.6515987 1.5908397
OS 5.6513071 1.590621
OS 5.6508697 1.5901836
OS 5.6502865 1.5896733
OS 5.6497033 1.5890172
OS 5.6490472 1.5881424
OS 5.648464 1.5871947
OS 5.6478808 1.5861012
OS 5.6478079 1.5859554
OS 5.6476621 1.585518
OS 5.6474434 1.5848619
OS 5.6472247 1.5839871
OS 5.647006 1.5828936
OS 5.6467873 1.5816543
OS 5.6466415 1.5802692
OS 5.6465686 1.5787383
OS 5.6465686 1.5786654
OS 5.6465686 1.5785196
OS 5.6465686 1.5783009
OS 5.6465686 1.5780093
OS 5.6466415 1.5772074
OS 5.6467144 1.5762597
OS 5.6468602 1.5750933
OS 5.6471518 1.573854
OS 5.6474434 1.5725418
OS 5.6478808 1.5713025
OS 5.6479537 1.5711567
OS 5.6481724 1.5707922
OS 5.648464 1.570209
OS 5.6489014 1.5695529
OS 5.6494117 1.568751
OS 5.6500678 1.5679491
OS 5.6507968 1.5671472
OS 5.6516716 1.5664182
OS 5.6518174 1.5663453
OS 5.652109 1.5661266
OS 5.6526193 1.5659079
OS 5.6532754 1.5656163
OS 5.6541502 1.5652518
OS 5.6550979 1.5650331
OS 5.6561914 1.5648144
OS 5.6573578 1.5647415
OS 5.6577952 1.5647415
OS 5.6581597 1.5648144
OS 5.6585971 1.5648144
OS 5.6591074 1.5648873
OS 5.6602738 1.565106
OS 5.6617318 1.5653976
OS 5.6632627 1.5659079
OS 5.6649394 1.566564
OS 5.6666161 1.5674388
OS 5.666689 1.5675117
OS 5.6669806 1.5676575
OS 5.6672722 1.5677304
OS 5.6675638 1.5678033
OS 5.6677096 1.5678033
OS 5.668147 1.5676575
OS 5.6684386 1.5674388
OS 5.6686573 1.5672201
OS 5.6689489 1.5668556
OS 5.6691676 1.5664182
OS 5.6692405 1.5662724
OS 5.6693863 1.5659808
OS 5.6694592 1.5654705
OS 5.6695321 1.5650331
OS 5.6695321 1.5649602
OS 5.6695321 1.5648873
OS 5.6693863 1.5644499
OS 5.6692405 1.5641583
OS 5.6690947 1.5638667
OS 5.6688031 1.563648
OS 5.6684386 1.5633564
OS 5.6682928 1.5632835
OS 5.6680012 1.5631377
OS 5.667418 1.5628461
OS 5.6667619 1.5624816
OS 5.6658871 1.5621171
OS 5.6650123 1.5617526
OS 5.6639917 1.5613881
OS 5.6629711 1.5610965
OS 5.6628253 1.5610965
OS 5.6625337 1.5609507
OS 5.6619505 1.5608778
OS 5.6612944 1.560732
OS 5.6604196 1.5605862
OS 5.6594719 1.5605133
OS 5.6584513 1.5603675
OS 5.6569204 1.5603675
OS 5.6565559 1.5604404
OS 5.6561914 1.5604404
OS 5.655754 1.5605133
OS 5.6546605 1.5606591
OS 5.6533483 1.5609507
OS 5.6520361 1.5613152
OS 5.650651 1.5618984
OS 5.6492659 1.5626274
OS 5.649193 1.5626274
OS 5.6491201 1.5627003
OS 5.6486827 1.5630648
OS 5.6480266 1.5635751
OS 5.6472976 1.5643041
OS 5.6464228 1.5651789
OS 5.645548 1.5662724
OS 5.6446732 1.5675846
OS 5.6438713 1.5690426
OS 5.6438713 1.5691155
OS 5.6437984 1.5692613
OS 5.6437255 1.56948
OS 5.6435797 1.5697716
OS 5.6434339 1.570209
OS 5.6432881 1.5706464
OS 5.6429236 1.5718128
OS 5.6425591 1.5732708
OS 5.6422675 1.5749475
OS 5.6420488 1.57677
OS 5.6419759 1.5787383
OS 5.6419759 1.5788112
OS 5.6419759 1.578957
OS 5.6419759 1.5792486
OS 5.6419759 1.579686
OS 5.6420488 1.5801234
OS 5.6420488 1.5807066
OS 5.6421946 1.5820188
OS 5.6424133 1.5834768
OS 5.6427778 1.5850806
OS 5.6432152 1.5867573
OS 5.6438713 1.5883611
OS 5.6438713 1.588434
OS 5.6439442 1.5885798
OS 5.64409 1.5887256
OS 5.6442358 1.5890172
OS 5.6446732 1.5898191
OS 5.6452564 1.5906939
OS 5.6460583 1.5917874
OS 5.6469331 1.592808
OS 5.6480266 1.5938286
OS 5.6492659 1.5947763
OS 5.6493388 1.5947763
OS 5.6494117 1.5948492
OS 5.6496304 1.594995
OS 5.649922 1.5951408
OS 5.650651 1.5955053
OS 5.6515987 1.5959427
OS 5.6527651 1.5963801
OS 5.6541502 1.5967446
OS 5.6556811 1.5970362
OS 5.6573578 1.5971091
OS 5.6584513 1.5971091
OS 5.6591803 1.5970362
OE
OB 5.8791925 1.5970362 I
OS 5.8799944 1.5969633
OS 5.8809421 1.5968175
OS 5.8829833 1.5963801
OS 5.8831291 1.5963801
OS 5.8834936 1.5962343
OS 5.8840039 1.5960885
OS 5.8847329 1.5957969
OS 5.8855348 1.5955053
OS 5.8864825 1.5950679
OS 5.8874302 1.5946305
OS 5.8884508 1.5940473
OS 5.8885237 1.5940473
OS 5.8885966 1.5939015
OS 5.889034 1.5936099
OS 5.8893985 1.5930996
OS 5.8894714 1.5927351
OS 5.8895443 1.5923706
OS 5.8895443 1.5922977
OS 5.8894714 1.5920061
OS 5.8893985 1.5915687
OS 5.8891798 1.5909855
OS 5.8891798 1.5909126
OS 5.8891069 1.5907668
OS 5.8887424 1.5903294
OS 5.8882321 1.589892
OS 5.8879405 1.5897462
OS 5.887576 1.5896733
OS 5.8875031 1.5896733
OS 5.8873573 1.5897462
OS 5.8869928 1.5898191
OS 5.8866283 1.5899649
OS 5.8865554 1.5899649
OS 5.8864096 1.5901107
OS 5.8861909 1.5901836
OS 5.8858264 1.5904023
OS 5.8854619 1.590621
OS 5.8849516 1.5908397
OS 5.8837852 1.59135
OS 5.8824001 1.5917874
OS 5.8807963 1.5922248
OS 5.8791196 1.5925164
OS 5.87737 1.5926622
OS 5.8767868 1.5926622
OS 5.8762036 1.5925893
OS 5.8754017 1.5924435
OS 5.8745269 1.5922248
OS 5.8735792 1.5919332
OS 5.8726315 1.5914958
OS 5.8716838 1.5909126
OS 5.8716109 1.5908397
OS 5.8713193 1.590621
OS 5.8708819 1.5901836
OS 5.8702987 1.5896733
OS 5.8697155 1.5890172
OS 5.8690594 1.5881424
OS 5.8684762 1.5871947
OS 5.867893 1.5861012
OS 5.8678201 1.5859554
OS 5.8676743 1.585518
OS 5.8674556 1.5848619
OS 5.8672369 1.5839871
OS 5.8670182 1.5828936
OS 5.8667995 1.5816543
OS 5.8666537 1.5802692
OS 5.8665808 1.5787383
OS 5.8665808 1.5786654
OS 5.8665808 1.5785196
OS 5.8665808 1.5783009
OS 5.8665808 1.5780093
OS 5.8666537 1.5772074
OS 5.8667266 1.5762597
OS 5.8668724 1.5750933
OS 5.867164 1.573854
OS 5.8674556 1.5725418
OS 5.867893 1.5713025
OS 5.8679659 1.5711567
OS 5.8681846 1.5707922
OS 5.8684762 1.570209
OS 5.8689136 1.5695529
OS 5.8694239 1.568751
OS 5.87008 1.5679491
OS 5.870809 1.5671472
OS 5.8716838 1.5664182
OS 5.8718296 1.5663453
OS 5.8721212 1.5661266
OS 5.8726315 1.5659079
OS 5.8732876 1.5656163
OS 5.8741624 1.5652518
OS 5.8751101 1.5650331
OS 5.8762036 1.5648144
OS 5.87737 1.5647415
OS 5.8778074 1.5647415
OS 5.8781719 1.5648144
OS 5.8786093 1.5648144
OS 5.8791196 1.5648873
OS 5.880286 1.565106
OS 5.881744 1.5653976
OS 5.8832749 1.5659079
OS 5.8849516 1.566564
OS 5.8866283 1.5674388
OS 5.8867012 1.5675117
OS 5.8869928 1.5676575
OS 5.8872844 1.5677304
OS 5.887576 1.5678033
OS 5.8877218 1.5678033
OS 5.8881592 1.5676575
OS 5.8884508 1.5674388
OS 5.8886695 1.5672201
OS 5.8889611 1.5668556
OS 5.8891798 1.5664182
OS 5.8892527 1.5662724
OS 5.8893985 1.5659808
OS 5.8894714 1.5654705
OS 5.8895443 1.5650331
OS 5.8895443 1.5649602
OS 5.8895443 1.5648873
OS 5.8893985 1.5644499
OS 5.8892527 1.5641583
OS 5.8891069 1.5638667
OS 5.8888153 1.563648
OS 5.8884508 1.5633564
OS 5.888305 1.5632835
OS 5.8880134 1.5631377
OS 5.8874302 1.5628461
OS 5.8867741 1.5624816
OS 5.8858993 1.5621171
OS 5.8850245 1.5617526
OS 5.8840039 1.5613881
OS 5.8829833 1.5610965
OS 5.8828375 1.5610965
OS 5.8825459 1.5609507
OS 5.8819627 1.5608778
OS 5.8813066 1.560732
OS 5.8804318 1.5605862
OS 5.8794841 1.5605133
OS 5.8784635 1.5603675
OS 5.8769326 1.5603675
OS 5.8765681 1.5604404
OS 5.8762036 1.5604404
OS 5.8757662 1.5605133
OS 5.8746727 1.5606591
OS 5.8733605 1.5609507
OS 5.8720483 1.5613152
OS 5.8706632 1.5618984
OS 5.8692781 1.5626274
OS 5.8692052 1.5626274
OS 5.8691323 1.5627003
OS 5.8686949 1.5630648
OS 5.8680388 1.5635751
OS 5.8673098 1.5643041
OS 5.866435 1.5651789
OS 5.8655602 1.5662724
OS 5.8646854 1.5675846
OS 5.8638835 1.5690426
OS 5.8638835 1.5691155
OS 5.8638106 1.5692613
OS 5.8637377 1.56948
OS 5.8635919 1.5697716
OS 5.8634461 1.570209
OS 5.8633003 1.5706464
OS 5.8629358 1.5718128
OS 5.8625713 1.5732708
OS 5.8622797 1.5749475
OS 5.862061 1.57677
OS 5.8619881 1.5787383
OS 5.8619881 1.5788112
OS 5.8619881 1.578957
OS 5.8619881 1.5792486
OS 5.8619881 1.579686
OS 5.862061 1.5801234
OS 5.862061 1.5807066
OS 5.8622068 1.5820188
OS 5.8624255 1.5834768
OS 5.86279 1.5850806
OS 5.8632274 1.5867573
OS 5.8638835 1.5883611
OS 5.8638835 1.588434
OS 5.8639564 1.5885798
OS 5.8641022 1.5887256
OS 5.864248 1.5890172
OS 5.8646854 1.5898191
OS 5.8652686 1.5906939
OS 5.8660705 1.5917874
OS 5.8669453 1.592808
OS 5.8680388 1.5938286
OS 5.8692781 1.5947763
OS 5.869351 1.5947763
OS 5.8694239 1.5948492
OS 5.8696426 1.594995
OS 5.8699342 1.5951408
OS 5.8706632 1.5955053
OS 5.8716109 1.5959427
OS 5.8727773 1.5963801
OS 5.8741624 1.5967446
OS 5.8756933 1.5970362
OS 5.87737 1.5971091
OS 5.8784635 1.5971091
OS 5.8791925 1.5970362
OE
OB 5.8144573 1.580415 I
OS 5.8148947 1.5802692
OS 5.8153321 1.5799776
OS 5.815405 1.5799047
OS 5.8155508 1.5796131
OS 5.8156966 1.5791028
OS 5.8157695 1.5783738
OS 5.8157695 1.5783009
OS 5.8157695 1.5781551
OS 5.8156966 1.5777177
OS 5.8156237 1.5772074
OS 5.8153321 1.5766971
OS 5.8152592 1.5766242
OS 5.8149676 1.5764784
OS 5.8145302 1.5762597
OS 5.8138741 1.5761868
OS 5.7909835 1.5761868
OS 5.7905461 1.5762597
OS 5.7901087 1.5764055
OS 5.7896713 1.5766971
OS 5.7895984 1.57677
OS 5.7894526 1.5771345
OS 5.7893068 1.5776448
OS 5.7892339 1.5783738
OS 5.7892339 1.5784467
OS 5.7892339 1.5785925
OS 5.7893068 1.5790299
OS 5.7894526 1.5795402
OS 5.7896713 1.5799776
OS 5.7897442 1.5800505
OS 5.7900358 1.5802692
OS 5.7904732 1.580415
OS 5.7911293 1.5804879
OS 5.8140199 1.5804879
OS 5.8144573 1.580415
OE
OB 5.5465498 1.5970362 I
OS 5.5472788 1.5969633
OS 5.5479349 1.5966717
OS 5.5480078 1.5966717
OS 5.5480807 1.5965988
OS 5.5483723 1.5963072
OS 5.5487368 1.5958698
OS 5.5491013 1.5951408
OS 5.5609111 1.5635022
OS 5.5609111 1.5634293
OS 5.560984 1.5632106
OS 5.5610569 1.562919
OS 5.5610569 1.5625545
OS 5.5610569 1.5624816
OS 5.560984 1.56219
OS 5.5609111 1.5618984
OS 5.5606195 1.5616068
OS 5.5605466 1.5615339
OS 5.5603279 1.5613881
OS 5.5599634 1.5612423
OS 5.5593802 1.5610236
OS 5.5592344 1.5609507
OS 5.5589428 1.5608778
OS 5.5585054 1.5608049
OS 5.5581409 1.560732
OS 5.558068 1.560732
OS 5.5577764 1.5608049
OS 5.5574848 1.5608778
OS 5.5571203 1.5610236
OS 5.5570474 1.5610965
OS 5.5569016 1.5612423
OS 5.5567558 1.5616068
OS 5.5565371 1.5620442
OS 5.5532566 1.5708651
OS 5.5382392 1.5708651
OS 5.5349587 1.5620442
OS 5.5348858 1.5618984
OS 5.5348129 1.5616797
OS 5.5345942 1.5613152
OS 5.5343026 1.5610236
OS 5.5342297 1.5609507
OS 5.5340839 1.5608778
OS 5.5337194 1.5608049
OS 5.5333549 1.560732
OS 5.533282 1.560732
OS 5.5330633 1.5608049
OS 5.5326988 1.5608778
OS 5.5321885 1.5610236
OS 5.5320427 1.5610965
OS 5.5316782 1.5611694
OS 5.5312408 1.5613881
OS 5.5308763 1.5616068
OS 5.5308034 1.5616797
OS 5.5306576 1.5618984
OS 5.5305118 1.56219
OS 5.5304389 1.5625545
OS 5.5304389 1.5626274
OS 5.5304389 1.5628461
OS 5.5305118 1.5631377
OS 5.5306576 1.5635022
OS 5.5423945 1.5951408
OS 5.5423945 1.5952137
OS 5.5424674 1.5952866
OS 5.5426861 1.595724
OS 5.5430506 1.5962343
OS 5.5435609 1.5966717
OS 5.5436338 1.5966717
OS 5.5437067 1.5967446
OS 5.5441441 1.5968904
OS 5.5448002 1.5970362
OS 5.5457479 1.5971091
OS 5.5462582 1.5971091
OS 5.5465498 1.5970362
OE
OB 5.7293101 1.5921519 H
OS 5.7223117 1.5921519
OS 5.7223117 1.5769887
OS 5.7300391 1.5769887
OS 5.730841 1.5770616
OS 5.7317887 1.5772074
OS 5.7328822 1.577499
OS 5.7339757 1.5777906
OS 5.7349963 1.5783009
OS 5.735944 1.578957
OS 5.7360169 1.5790299
OS 5.7363085 1.5793215
OS 5.736673 1.5797589
OS 5.7371104 1.580415
OS 5.7375478 1.581144
OS 5.7379123 1.5820917
OS 5.7382039 1.5832581
OS 5.7382768 1.5844974
OS 5.7382768 1.5845703
OS 5.7382768 1.5846432
OS 5.7382768 1.5850806
OS 5.738131 1.5857367
OS 5.7379852 1.5865386
OS 5.7376936 1.5874863
OS 5.7373291 1.588434
OS 5.7367459 1.5893088
OS 5.735944 1.5901107
OS 5.7358711 1.5901836
OS 5.7355066 1.5904023
OS 5.7349963 1.5907668
OS 5.7342673 1.5911313
OS 5.7333196 1.5914958
OS 5.7322261 1.5918603
OS 5.730841 1.592079
OS 5.7293101 1.5921519
OE
OB 5.6924956 1.5921519 H
OS 5.6923498 1.5921519
OS 5.6864449 1.5751662
OS 5.6984005 1.5751662
OS 5.6924956 1.5921519
OE
OB 5.5458208 1.5921519 H
OS 5.545675 1.5921519
OS 5.5397701 1.5751662
OS 5.5517257 1.5751662
OS 5.5458208 1.5921519
OE
SE
