#Layer_Color=32768
#
#Feature symbol names
#
$0 r7.874
$1 r3.937
$2 r1.9685
$3 r19.685

#
#Feature attribute names
#

#
#Layer features
#
L 0 0 0 4.7244095 3 P 0
L 0 0 6.6929134 0 3 P 0
L 0 4.7244095 6.6929134 4.7244095 3 P 0
L 0.265748 2.1062993 0.265748 2.8543307 0 P 0
L 0.265748 2.1062993 0.9448819 2.1062993 0 P 0
L 0.265748 2.8543307 0.9448819 2.8543307 0 P 0
L 0.2755905 2.480315 0.3543307 2.480315 0 P 0
L 0.3149606 2.4409449 0.3149606 2.5196851 0 P 0
L 0.3267717 1.4055118 0.3267717 1.8257874 0 P 0
L 0.3267717 1.4055118 2.4291339 1.4055118 0 P 0
L 0.3267717 1.8257874 0.3267717 1.8267716 0 P 0
L 0.3267717 1.8267716 2.4291339 1.8267716 0 P 0
L 0.3435039 0.4261811 0.3435039 0.4399607 1 P 0
L 0.3435039 0.4261811 0.3651575 0.4261811 1 P 0
L 0.3435039 0.4399607 0.3651575 0.4399607 1 P 0
L 0.3435039 0.5049213 0.3435039 0.5187009 1 P 0
L 0.3435039 0.5049213 0.3651575 0.5049213 1 P 0
L 0.3435039 0.5187009 0.3651575 0.5187009 1 P 0
L 0.3435039 0.5836614 0.3435039 0.597441 1 P 0
L 0.3435039 0.5836614 0.3651575 0.5836614 1 P 0
L 0.3435039 0.597441 0.3651575 0.597441 1 P 0
L 0.3435039 0.6624016 0.3435039 0.6761812 1 P 0
L 0.3435039 0.6624016 0.3651575 0.6624016 1 P 0
L 0.3435039 0.6761812 0.3651575 0.6761812 1 P 0
L 0.3435039 0.7411417 0.3435039 0.7549213 1 P 0
L 0.3435039 0.7411417 0.3651575 0.7411417 1 P 0
L 0.3435039 0.7549213 0.3651575 0.7549213 1 P 0
L 0.3474409 0.894685 0.3474409 0.9163386 1 P 0
L 0.3474409 0.894685 0.3612205 0.894685 1 P 0
L 0.3474409 0.9163386 0.3612205 0.9163386 1 P 0
L 0.3474409 0.9635826 0.3474409 0.9852362 1 P 0
L 0.3474409 0.9635826 0.3612205 0.9635826 1 P 0
L 0.3474409 0.9852362 0.3612205 0.9852362 1 P 0
L 0.3474409 1.0364174 0.3474409 1.058071 1 P 0
L 0.3474409 1.0364174 0.3612205 1.0364174 1 P 0
L 0.3474409 1.058071 0.3612205 1.058071 1 P 0
L 0.3474409 1.1112204 0.3474409 1.132874 1 P 0
L 0.3474409 1.1112204 0.3612205 1.1112204 1 P 0
L 0.3474409 1.132874 0.3612205 1.132874 1 P 0
L 0.3612205 0.894685 0.3612205 0.9163386 1 P 0
L 0.3612205 0.9635826 0.3612205 0.9852362 1 P 0
L 0.3612205 1.0364174 0.3612205 1.058071 1 P 0
L 0.3612205 1.1112204 0.3612205 1.132874 1 P 0
L 0.3651575 0.4261811 0.3651575 0.4399607 1 P 0
L 0.3651575 0.5049213 0.3651575 0.5187009 1 P 0
L 0.3651575 0.5836614 0.3651575 0.597441 1 P 0
L 0.3651575 0.6624016 0.3651575 0.6761812 1 P 0
L 0.3651575 0.7411417 0.3651575 0.7549213 1 P 0
L 0.3730314 2.0009843 0.3730314 2.0541339 1 P 0
L 0.3730314 2.0009843 0.4753937 2.0009843 1 P 0
L 0.3730314 2.0541339 0.4753937 2.0541339 1 P 0
L 0.3848426 2.902559 0.3848426 2.9438976 1 P 0
L 0.3848426 2.902559 0.4616142 2.902559 1 P 0
L 0.3848426 2.9438976 0.4616142 2.9438976 1 P 0
L 0.4173228 2.0275591 0.4291338 2.0275591 1 P 0
L 0.4183071 2.9232283 0.4281497 2.9232283 1 P 0
L 0.4222441 0.4261811 0.4222441 0.4399607 1 P 0
L 0.4222441 0.4261811 0.4438977 0.4261811 1 P 0
L 0.4222441 0.4399607 0.4438977 0.4399607 1 P 0
L 0.4222441 0.5049213 0.4222441 0.5187009 1 P 0
L 0.4222441 0.5049213 0.4438977 0.5049213 1 P 0
L 0.4222441 0.5187009 0.4438977 0.5187009 1 P 0
L 0.4222441 0.5836614 0.4222441 0.597441 1 P 0
L 0.4222441 0.5836614 0.4438977 0.5836614 1 P 0
L 0.4222441 0.597441 0.4438977 0.597441 1 P 0
L 0.4222441 0.6624016 0.4222441 0.6761812 1 P 0
L 0.4222441 0.6624016 0.4438977 0.6624016 1 P 0
L 0.4222441 0.6761812 0.4438977 0.6761812 1 P 0
L 0.4222441 0.7411417 0.4222441 0.7549213 1 P 0
L 0.4222441 0.7411417 0.4438977 0.7411417 1 P 0
L 0.4222441 0.7549213 0.4438977 0.7549213 1 P 0
L 0.4232283 2.0216536 0.4232283 2.0334646 1 P 0
L 0.4232284 2.918307 0.4232284 2.9281496 1 P 0
L 0.4261811 0.894685 0.4261811 0.9163386 1 P 0
L 0.4261811 0.894685 0.4399607 0.894685 1 P 0
L 0.4261811 0.9163386 0.4399607 0.9163386 1 P 0
L 0.4261811 0.9635826 0.4261811 0.9852362 1 P 0
L 0.4261811 0.9635826 0.4399607 0.9635826 1 P 0
L 0.4261811 0.9852362 0.4399607 0.9852362 1 P 0
L 0.4261811 1.0364174 0.4261811 1.058071 1 P 0
L 0.4261811 1.0364174 0.4399607 1.0364174 1 P 0
L 0.4261811 1.058071 0.4399607 1.058071 1 P 0
L 0.4261811 1.1112204 0.4261811 1.132874 1 P 0
L 0.4261811 1.1112204 0.4399607 1.1112204 1 P 0
L 0.4261811 1.132874 0.4399607 1.132874 1 P 0
L 0.4330708 3.2283464 0.4330708 3.7007874 0 P 0
L 0.4330708 3.2283464 0.9055118 3.2283464 0 P 0
L 0.4330708 3.7007874 0.9055118 3.7007874 0 P 0
L 0.4399607 0.894685 0.4399607 0.9163386 1 P 0
L 0.4399607 0.9635826 0.4399607 0.9852362 1 P 0
L 0.4399607 1.0364174 0.4399607 1.058071 1 P 0
L 0.4399607 1.1112204 0.4399607 1.132874 1 P 0
L 0.4438977 0.4261811 0.4438977 0.4399607 1 P 0
L 0.4438977 0.5049213 0.4438977 0.5187009 1 P 0
L 0.4438977 0.5836614 0.4438977 0.597441 1 P 0
L 0.4438977 0.6624016 0.4438977 0.6761812 1 P 0
L 0.4438977 0.7411417 0.4438977 0.7549213 1 P 0
L 0.4616142 2.902559 0.4616142 2.9438976 1 P 0
L 0.4753937 2.0009843 0.4753937 2.0541339 1 P 0
L 0.5009842 0.4261811 0.5009842 0.4399607 1 P 0
L 0.5009842 0.4261811 0.5226378 0.4261811 1 P 0
L 0.5009842 0.4399607 0.5226378 0.4399607 1 P 0
L 0.5009842 0.5049213 0.5009842 0.5187009 1 P 0
L 0.5009842 0.5049213 0.5226378 0.5049213 1 P 0
L 0.5009842 0.5187009 0.5226378 0.5187009 1 P 0
L 0.5009842 0.5836614 0.5009842 0.597441 1 P 0
L 0.5009842 0.5836614 0.5226378 0.5836614 1 P 0
L 0.5009842 0.597441 0.5226378 0.597441 1 P 0
L 0.5009842 0.6624016 0.5009842 0.6761812 1 P 0
L 0.5009842 0.6624016 0.5226378 0.6624016 1 P 0
L 0.5009842 0.6761812 0.5226378 0.6761812 1 P 0
L 0.5009842 0.7411417 0.5009842 0.7549213 1 P 0
L 0.5009842 0.7411417 0.5226378 0.7411417 1 P 0
L 0.5009842 0.7549213 0.5226378 0.7549213 1 P 0
L 0.5049212 0.894685 0.5049212 0.9163386 1 P 0
L 0.5049212 0.894685 0.5187008 0.894685 1 P 0
L 0.5049212 0.9163386 0.5187008 0.9163386 1 P 0
L 0.5049212 0.9635826 0.5049212 0.9852362 1 P 0
L 0.5049212 0.9635826 0.5187008 0.9635826 1 P 0
L 0.5049212 0.9852362 0.5187008 0.9852362 1 P 0
L 0.5049212 1.0364174 0.5049212 1.058071 1 P 0
L 0.5049212 1.0364174 0.5187008 1.0364174 1 P 0
L 0.5049212 1.058071 0.5187008 1.058071 1 P 0
L 0.5049212 1.1112204 0.5049212 1.132874 1 P 0
L 0.5049212 1.1112204 0.5187008 1.1112204 1 P 0
L 0.5049212 1.132874 0.5187008 1.132874 1 P 0
L 0.5187008 0.894685 0.5187008 0.9163386 1 P 0
L 0.5187008 0.9635826 0.5187008 0.9852362 1 P 0
L 0.5187008 1.0364174 0.5187008 1.058071 1 P 0
L 0.5187008 1.1112204 0.5187008 1.132874 1 P 0
L 0.5226378 0.4261811 0.5226378 0.4399607 1 P 0
L 0.5226378 0.5049213 0.5226378 0.5187009 1 P 0
L 0.5226378 0.5836614 0.5226378 0.597441 1 P 0
L 0.5226378 0.6624016 0.5226378 0.6761812 1 P 0
L 0.5226378 0.7411417 0.5226378 0.7549213 1 P 0
L 0.562008 2.902559 0.562008 2.9438976 1 P 0
L 0.562008 2.902559 0.6387796 2.902559 1 P 0
L 0.562008 2.9438976 0.6387796 2.9438976 1 P 0
L 0.5718503 2.0009843 0.5718503 2.0541339 1 P 0
L 0.5718503 2.0009843 0.6742126 2.0009843 1 P 0
L 0.5718503 2.0541339 0.6742126 2.0541339 1 P 0
L 0.5797244 0.4261811 0.5797244 0.4399607 1 P 0
L 0.5797244 0.4261811 0.601378 0.4261811 1 P 0
L 0.5797244 0.4399607 0.601378 0.4399607 1 P 0
L 0.5797244 0.5049213 0.5797244 0.5187009 1 P 0
L 0.5797244 0.5049213 0.601378 0.5049213 1 P 0
L 0.5797244 0.5187009 0.601378 0.5187009 1 P 0
L 0.5797244 0.5836614 0.5797244 0.597441 1 P 0
L 0.5797244 0.5836614 0.601378 0.5836614 1 P 0
L 0.5797244 0.597441 0.601378 0.597441 1 P 0
L 0.5797244 0.6624016 0.5797244 0.6761812 1 P 0
L 0.5797244 0.6624016 0.601378 0.6624016 1 P 0
L 0.5797244 0.6761812 0.601378 0.6761812 1 P 0
L 0.5797244 0.7411417 0.5797244 0.7549213 1 P 0
L 0.5797244 0.7411417 0.601378 0.7411417 1 P 0
L 0.5797244 0.7549213 0.601378 0.7549213 1 P 0
L 0.5836614 0.894685 0.5836614 0.9163386 1 P 0
L 0.5836614 0.894685 0.597441 0.894685 1 P 0
L 0.5836614 0.9163386 0.597441 0.9163386 1 P 0
L 0.5836614 0.9635826 0.5836614 0.9852362 1 P 0
L 0.5836614 0.9635826 0.597441 0.9635826 1 P 0
L 0.5836614 0.9852362 0.597441 0.9852362 1 P 0
L 0.5836614 1.0364174 0.5836614 1.058071 1 P 0
L 0.5836614 1.0364174 0.597441 1.0364174 1 P 0
L 0.5836614 1.058071 0.597441 1.058071 1 P 0
L 0.5836614 1.1112204 0.5836614 1.132874 1 P 0
L 0.5836614 1.1112204 0.597441 1.1112204 1 P 0
L 0.5836614 1.132874 0.597441 1.132874 1 P 0
L 0.5885827 0.4251969 0.5885827 0.4527559 2 P 0
L 0.5885827 0.4251969 0.6062993 0.4251969 2 P 0
L 0.5885827 0.4527559 0.6062993 0.4527559 2 P 0
L 0.5885827 0.456693 0.5885827 0.484252 2 P 0
L 0.5885827 0.456693 0.6062993 0.456693 2 P 0
L 0.5885827 0.484252 0.6062993 0.484252 2 P 0
L 0.5885827 0.4881891 0.5885827 0.5157481 2 P 0
L 0.5885827 0.4881891 0.6062993 0.4881891 2 P 0
L 0.5885827 0.5157481 0.6062993 0.5157481 2 P 0
L 0.5885827 0.5196851 0.5885827 0.5472441 2 P 0
L 0.5885827 0.5196851 0.6062993 0.5196851 2 P 0
L 0.5885827 0.5472441 0.6062993 0.5472441 2 P 0
L 0.5885827 0.5511812 0.5885827 0.5787402 2 P 0
L 0.5885827 0.5511812 0.6062993 0.5511812 2 P 0
L 0.5885827 0.5787402 0.6062993 0.5787402 2 P 0
L 0.5885827 0.5826773 0.5885827 0.6102363 2 P 0
L 0.5885827 0.5826773 0.6062993 0.5826773 2 P 0
L 0.5885827 0.6102363 0.6062993 0.6102363 2 P 0
L 0.5885827 0.6141733 0.5885827 0.6417323 2 P 0
L 0.5885827 0.6141733 0.6062993 0.6141733 2 P 0
L 0.5885827 0.6417323 0.6062993 0.6417323 2 P 0
L 0.5885827 0.6456694 0.5885827 0.6732284 2 P 0
L 0.5885827 0.6456694 0.6062993 0.6456694 2 P 0
L 0.5885827 0.6732284 0.6062993 0.6732284 2 P 0
L 0.5885827 0.6771654 0.5885827 0.7047244 2 P 0
L 0.5885827 0.6771654 0.6062993 0.6771654 2 P 0
L 0.5885827 0.7047244 0.6062993 0.7047244 2 P 0
L 0.5885827 0.7086615 0.5885827 0.7362205 2 P 0
L 0.5885827 0.7086615 0.6062993 0.7086615 2 P 0
L 0.5885827 0.7362205 0.6062993 0.7362205 2 P 0
L 0.5885827 1.0423228 0.5885827 1.0698818 2 P 0
L 0.5885827 1.0423228 0.6062993 1.0423228 2 P 0
L 0.5885827 1.0698818 0.6062993 1.0698818 2 P 0
L 0.5885827 1.0738189 0.5885827 1.1013779 2 P 0
L 0.5885827 1.0738189 0.6062993 1.0738189 2 P 0
L 0.5885827 1.1013779 0.6062993 1.1013779 2 P 0
L 0.5885827 1.105315 0.5885827 1.132874 2 P 0
L 0.5885827 1.105315 0.6062993 1.105315 2 P 0
L 0.5885827 1.132874 0.6062993 1.132874 2 P 0
L 0.5885827 1.136811 0.5885827 1.16437 2 P 0
L 0.5885827 1.136811 0.6062993 1.136811 2 P 0
L 0.5885827 1.16437 0.6062993 1.16437 2 P 0
L 0.5885827 1.1683071 0.5885827 1.1958661 2 P 0
L 0.5885827 1.1683071 0.6062993 1.1683071 2 P 0
L 0.5885827 1.1958661 0.6062993 1.1958661 2 P 0
L 0.5885827 1.1998032 0.5885827 1.2273622 2 P 0
L 0.5885827 1.1998032 0.6062993 1.1998032 2 P 0
L 0.5885827 1.2273622 0.6062993 1.2273622 2 P 0
L 0.5885827 1.2312992 0.5885827 1.2588582 2 P 0
L 0.5885827 1.2312992 0.6062993 1.2312992 2 P 0
L 0.5885827 1.2588582 0.6062993 1.2588582 2 P 0
L 0.5885827 1.2627953 0.5885827 1.2903543 2 P 0
L 0.5885827 1.2627953 0.6062993 1.2627953 2 P 0
L 0.5885827 1.2903543 0.6062993 1.2903543 2 P 0
L 0.5885827 1.2942913 0.5885827 1.3218503 2 P 0
L 0.5885827 1.2942913 0.6062993 1.2942913 2 P 0
L 0.5885827 1.3218503 0.6062993 1.3218503 2 P 0
L 0.5885827 1.3257874 0.5885827 1.3533464 2 P 0
L 0.5885827 1.3257874 0.6062993 1.3257874 2 P 0
L 0.5885827 1.3533464 0.6062993 1.3533464 2 P 0
L 0.589567 0.752953 0.589567 0.7706696 2 P 0
L 0.589567 0.752953 0.617126 0.752953 2 P 0
L 0.589567 0.7706696 0.617126 0.7706696 2 P 0
L 0.589567 0.772638 0.589567 0.7903546 2 P 0
L 0.589567 0.772638 0.617126 0.772638 2 P 0
L 0.589567 0.7903546 0.617126 0.7903546 2 P 0
L 0.589567 0.792323 0.589567 0.8100396 2 P 0
L 0.589567 0.792323 0.617126 0.792323 2 P 0
L 0.589567 0.8100396 0.617126 0.8100396 2 P 0
L 0.589567 0.8120081 0.589567 0.8297247 2 P 0
L 0.589567 0.8120081 0.617126 0.8120081 2 P 0
L 0.589567 0.8297247 0.617126 0.8297247 2 P 0
L 0.5895671 0.8316931 0.5895671 0.8494097 2 P 0
L 0.5895671 0.8316931 0.6171261 0.8316931 2 P 0
L 0.5895671 0.8494097 0.6171261 0.8494097 2 P 0
L 0.5895671 0.8513781 0.5895671 0.8690947 2 P 0
L 0.5895671 0.8513781 0.6171261 0.8513781 2 P 0
L 0.5895671 0.8690947 0.6171261 0.8690947 2 P 0
L 0.5895671 0.8710631 0.5895671 0.8887797 2 P 0
L 0.5895671 0.8710631 0.6171261 0.8710631 2 P 0
L 0.5895671 0.8887797 0.6171261 0.8887797 2 P 0
L 0.5895671 0.8907482 0.5895671 0.9084648 2 P 0
L 0.5895671 0.8907482 0.6171261 0.8907482 2 P 0
L 0.5895671 0.9084648 0.6171261 0.9084648 2 P 0
L 0.5895671 0.9104332 0.5895671 0.9281498 2 P 0
L 0.5895671 0.9104332 0.6171261 0.9104332 2 P 0
L 0.5895671 0.9281498 0.6171261 0.9281498 2 P 0
L 0.5895671 0.9301183 0.5895671 0.9478349 2 P 0
L 0.5895671 0.9301183 0.6171261 0.9301183 2 P 0
L 0.5895671 0.9478349 0.6171261 0.9478349 2 P 0
L 0.5895671 0.9498033 0.5895671 0.9675199 2 P 0
L 0.5895671 0.9498033 0.6171261 0.9498033 2 P 0
L 0.5895671 0.9675199 0.6171261 0.9675199 2 P 0
L 0.5895671 0.9694883 0.5895671 0.9872049 2 P 0
L 0.5895671 0.9694883 0.6171261 0.9694883 2 P 0
L 0.5895671 0.9872049 0.6171261 0.9872049 2 P 0
L 0.5895671 0.9891734 0.5895671 1.00689 2 P 0
L 0.5895671 0.9891734 0.6171261 0.9891734 2 P 0
L 0.5895671 1.00689 0.6171261 1.00689 2 P 0
L 0.5895671 1.0088584 0.5895671 1.026575 2 P 0
L 0.5895671 1.0088584 0.6171261 1.0088584 2 P 0
L 0.5895671 1.026575 0.6171261 1.026575 2 P 0
L 0.5925197 0.4389764 0.6023623 0.4389764 2 P 0
L 0.5925197 0.4704725 0.6023623 0.4704725 2 P 0
L 0.5925197 0.5019686 0.6023623 0.5019686 2 P 0
L 0.5925197 0.5334646 0.6023623 0.5334646 2 P 0
L 0.5925197 0.5649607 0.6023623 0.5649607 2 P 0
L 0.5925197 0.5964568 0.6023623 0.5964568 2 P 0
L 0.5925197 0.6279528 0.6023623 0.6279528 2 P 0
L 0.5925197 0.6594489 0.6023623 0.6594489 2 P 0
L 0.5925197 0.6909449 0.6023623 0.6909449 2 P 0
L 0.5925197 0.722441 0.6023623 0.722441 2 P 0
L 0.5925197 1.0561023 0.6023623 1.0561023 2 P 0
L 0.5925197 1.0875984 0.6023623 1.0875984 2 P 0
L 0.5925197 1.1190945 0.6023623 1.1190945 2 P 0
L 0.5925197 1.1505905 0.6023623 1.1505905 2 P 0
L 0.5925197 1.1820866 0.6023623 1.1820866 2 P 0
L 0.5925197 1.2135827 0.6023623 1.2135827 2 P 0
L 0.5925197 1.2450787 0.6023623 1.2450787 2 P 0
L 0.5925197 1.2765748 0.6023623 1.2765748 2 P 0
L 0.5925197 1.3080708 0.6023623 1.3080708 2 P 0
L 0.5925197 1.3395669 0.6023623 1.3395669 2 P 0
L 0.5954725 2.9232283 0.6053151 2.9232283 1 P 0
L 0.597441 0.4330709 0.597441 0.4448819 2 P 0
L 0.597441 0.464567 0.597441 0.476378 2 P 0
L 0.597441 0.4960631 0.597441 0.5078741 2 P 0
L 0.597441 0.5275591 0.597441 0.5393701 2 P 0
L 0.597441 0.5590552 0.597441 0.5708662 2 P 0
L 0.597441 0.5905513 0.597441 0.6023623 2 P 0
L 0.597441 0.6220473 0.597441 0.6338583 2 P 0
L 0.597441 0.6535434 0.597441 0.6653544 2 P 0
L 0.597441 0.6850394 0.597441 0.6968504 2 P 0
L 0.597441 0.7165355 0.597441 0.7283465 2 P 0
L 0.597441 0.7618113 0.609252 0.7618113 2 P 0
L 0.597441 0.7814963 0.609252 0.7814963 2 P 0
L 0.597441 0.8011813 0.609252 0.8011813 2 P 0
L 0.597441 0.8208664 0.609252 0.8208664 2 P 0
L 0.597441 0.894685 0.597441 0.9163386 1 P 0
L 0.597441 0.9635826 0.597441 0.9852362 1 P 0
L 0.597441 1.0364174 0.597441 1.058071 1 P 0
L 0.597441 1.0501968 0.597441 1.0620078 2 P 0
L 0.597441 1.0816929 0.597441 1.0935039 2 P 0
L 0.597441 1.1112204 0.597441 1.132874 1 P 0
L 0.597441 1.113189 0.597441 1.125 2 P 0
L 0.597441 1.144685 0.597441 1.156496 2 P 0
L 0.597441 1.1761811 0.597441 1.1879921 2 P 0
L 0.597441 1.2076772 0.597441 1.2194882 2 P 0
L 0.597441 1.2391732 0.597441 1.2509842 2 P 0
L 0.597441 1.2706693 0.597441 1.2824803 2 P 0
L 0.597441 1.3021653 0.597441 1.3139763 2 P 0
L 0.597441 1.3336614 0.597441 1.3454724 2 P 0
L 0.5974411 0.8405514 0.6092521 0.8405514 2 P 0
L 0.5974411 0.8602364 0.6092521 0.8602364 2 P 0
L 0.5974411 0.8799214 0.6092521 0.8799214 2 P 0
L 0.5974411 0.8996065 0.6092521 0.8996065 2 P 0
L 0.5974411 0.9192915 0.6092521 0.9192915 2 P 0
L 0.5974411 0.9389766 0.6092521 0.9389766 2 P 0
L 0.5974411 0.9586616 0.6092521 0.9586616 2 P 0
L 0.5974411 0.9783466 0.6092521 0.9783466 2 P 0
L 0.5974411 0.9980317 0.6092521 0.9980317 2 P 0
L 0.5974411 1.0177167 0.6092521 1.0177167 2 P 0
L 0.6003938 2.918307 0.6003938 2.9281496 1 P 0
L 0.601378 0.4261811 0.601378 0.4399607 1 P 0
L 0.601378 0.5049213 0.601378 0.5187009 1 P 0
L 0.601378 0.5836614 0.601378 0.597441 1 P 0
L 0.601378 0.6624016 0.601378 0.6761812 1 P 0
L 0.601378 0.7411417 0.601378 0.7549213 1 P 0
L 0.6033465 0.75689 0.6033465 0.7667326 2 P 0
L 0.6033465 0.776575 0.6033465 0.7864176 2 P 0
L 0.6033465 0.79626 0.6033465 0.8061026 2 P 0
L 0.6033465 0.8159451 0.6033465 0.8257877 2 P 0
L 0.6033466 0.8356301 0.6033466 0.8454727 2 P 0
L 0.6033466 0.8553151 0.6033466 0.8651577 2 P 0
L 0.6033466 0.8750001 0.6033466 0.8848427 2 P 0
L 0.6033466 0.8946852 0.6033466 0.9045278 2 P 0
L 0.6033466 0.9143702 0.6033466 0.9242128 2 P 0
L 0.6033466 0.9340553 0.6033466 0.9438979 2 P 0
L 0.6033466 0.9537403 0.6033466 0.9635829 2 P 0
L 0.6033466 0.9734253 0.6033466 0.9832679 2 P 0
L 0.6033466 0.9931104 0.6033466 1.002953 2 P 0
L 0.6033466 1.0127954 0.6033466 1.022638 2 P 0
L 0.6062993 0.4251969 0.6062993 0.4527559 2 P 0
L 0.6062993 0.456693 0.6062993 0.484252 2 P 0
L 0.6062993 0.4881891 0.6062993 0.5157481 2 P 0
L 0.6062993 0.5196851 0.6062993 0.5472441 2 P 0
L 0.6062993 0.5511812 0.6062993 0.5787402 2 P 0
L 0.6062993 0.5826773 0.6062993 0.6102363 2 P 0
L 0.6062993 0.6141733 0.6062993 0.6417323 2 P 0
L 0.6062993 0.6456694 0.6062993 0.6732284 2 P 0
L 0.6062993 0.6771654 0.6062993 0.7047244 2 P 0
L 0.6062993 0.7086615 0.6062993 0.7362205 2 P 0
L 0.6062993 1.0423228 0.6062993 1.0698818 2 P 0
L 0.6062993 1.0738189 0.6062993 1.1013779 2 P 0
L 0.6062993 1.105315 0.6062993 1.132874 2 P 0
L 0.6062993 1.136811 0.6062993 1.16437 2 P 0
L 0.6062993 1.1683071 0.6062993 1.1958661 2 P 0
L 0.6062993 1.1998032 0.6062993 1.2273622 2 P 0
L 0.6062993 1.2312992 0.6062993 1.2588582 2 P 0
L 0.6062993 1.2627953 0.6062993 1.2903543 2 P 0
L 0.6062993 1.2942913 0.6062993 1.3218503 2 P 0
L 0.6062993 1.3257874 0.6062993 1.3533464 2 P 0
L 0.6082677 0.4251969 0.6082677 0.4527559 2 P 0
L 0.6082677 0.4251969 0.6259843 0.4251969 2 P 0
L 0.6082677 0.4527559 0.6259843 0.4527559 2 P 0
L 0.6082677 0.456693 0.6082677 0.484252 2 P 0
L 0.6082677 0.456693 0.6259843 0.456693 2 P 0
L 0.6082677 0.484252 0.6259843 0.484252 2 P 0
L 0.6082677 0.4881891 0.6082677 0.5157481 2 P 0
L 0.6082677 0.4881891 0.6259843 0.4881891 2 P 0
L 0.6082677 0.5157481 0.6259843 0.5157481 2 P 0
L 0.6082677 0.5196851 0.6082677 0.5472441 2 P 0
L 0.6082677 0.5196851 0.6259843 0.5196851 2 P 0
L 0.6082677 0.5472441 0.6259843 0.5472441 2 P 0
L 0.6082677 0.5511812 0.6082677 0.5787402 2 P 0
L 0.6082677 0.5511812 0.6259843 0.5511812 2 P 0
L 0.6082677 0.5787402 0.6259843 0.5787402 2 P 0
L 0.6082677 0.5826773 0.6082677 0.6102363 2 P 0
L 0.6082677 0.5826773 0.6259843 0.5826773 2 P 0
L 0.6082677 0.6102363 0.6259843 0.6102363 2 P 0
L 0.6082677 0.6141733 0.6082677 0.6417323 2 P 0
L 0.6082677 0.6141733 0.6259843 0.6141733 2 P 0
L 0.6082677 0.6417323 0.6259843 0.6417323 2 P 0
L 0.6082677 0.6456694 0.6082677 0.6732284 2 P 0
L 0.6082677 0.6456694 0.6259843 0.6456694 2 P 0
L 0.6082677 0.6732284 0.6259843 0.6732284 2 P 0
L 0.6082677 0.6771654 0.6082677 0.7047244 2 P 0
L 0.6082677 0.6771654 0.6259843 0.6771654 2 P 0
L 0.6082677 0.7047244 0.6259843 0.7047244 2 P 0
L 0.6082677 0.7086615 0.6082677 0.7362205 2 P 0
L 0.6082677 0.7086615 0.6259843 0.7086615 2 P 0
L 0.6082677 0.7362205 0.6259843 0.7362205 2 P 0
L 0.6082677 1.0423228 0.6082677 1.0698818 2 P 0
L 0.6082677 1.0423228 0.6259843 1.0423228 2 P 0
L 0.6082677 1.0698818 0.6259843 1.0698818 2 P 0
L 0.6082677 1.0738189 0.6082677 1.1013779 2 P 0
L 0.6082677 1.0738189 0.6259843 1.0738189 2 P 0
L 0.6082677 1.1013779 0.6259843 1.1013779 2 P 0
L 0.6082677 1.105315 0.6082677 1.132874 2 P 0
L 0.6082677 1.105315 0.6259843 1.105315 2 P 0
L 0.6082677 1.132874 0.6259843 1.132874 2 P 0
L 0.6082677 1.136811 0.6082677 1.16437 2 P 0
L 0.6082677 1.136811 0.6259843 1.136811 2 P 0
L 0.6082677 1.16437 0.6259843 1.16437 2 P 0
L 0.6082677 1.1683071 0.6082677 1.1958661 2 P 0
L 0.6082677 1.1683071 0.6259843 1.1683071 2 P 0
L 0.6082677 1.1958661 0.6259843 1.1958661 2 P 0
L 0.6082677 1.1998032 0.6082677 1.2273622 2 P 0
L 0.6082677 1.1998032 0.6259843 1.1998032 2 P 0
L 0.6082677 1.2273622 0.6259843 1.2273622 2 P 0
L 0.6082677 1.2312992 0.6082677 1.2588582 2 P 0
L 0.6082677 1.2312992 0.6259843 1.2312992 2 P 0
L 0.6082677 1.2588582 0.6259843 1.2588582 2 P 0
L 0.6082677 1.2627953 0.6082677 1.2903543 2 P 0
L 0.6082677 1.2627953 0.6259843 1.2627953 2 P 0
L 0.6082677 1.2903543 0.6259843 1.2903543 2 P 0
L 0.6082677 1.2942913 0.6082677 1.3218503 2 P 0
L 0.6082677 1.2942913 0.6259843 1.2942913 2 P 0
L 0.6082677 1.3218503 0.6259843 1.3218503 2 P 0
L 0.6082677 1.3257874 0.6082677 1.3533464 2 P 0
L 0.6082677 1.3257874 0.6259843 1.3257874 2 P 0
L 0.6082677 1.3533464 0.6259843 1.3533464 2 P 0
L 0.6122047 0.4389764 0.6220473 0.4389764 2 P 0
L 0.6122047 0.4704725 0.6220473 0.4704725 2 P 0
L 0.6122047 0.5019686 0.6220473 0.5019686 2 P 0
L 0.6122047 0.5334646 0.6220473 0.5334646 2 P 0
L 0.6122047 0.5649607 0.6220473 0.5649607 2 P 0
L 0.6122047 0.5964568 0.6220473 0.5964568 2 P 0
L 0.6122047 0.6279528 0.6220473 0.6279528 2 P 0
L 0.6122047 0.6594489 0.6220473 0.6594489 2 P 0
L 0.6122047 0.6909449 0.6220473 0.6909449 2 P 0
L 0.6122047 0.722441 0.6220473 0.722441 2 P 0
L 0.6122047 1.0561023 0.6220473 1.0561023 2 P 0
L 0.6122047 1.0875984 0.6220473 1.0875984 2 P 0
L 0.6122047 1.1190945 0.6220473 1.1190945 2 P 0
L 0.6122047 1.1505905 0.6220473 1.1505905 2 P 0
L 0.6122047 1.1820866 0.6220473 1.1820866 2 P 0
L 0.6122047 1.2135827 0.6220473 1.2135827 2 P 0
L 0.6122047 1.2450787 0.6220473 1.2450787 2 P 0
L 0.6122047 1.2765748 0.6220473 1.2765748 2 P 0
L 0.6122047 1.3080708 0.6220473 1.3080708 2 P 0
L 0.6122047 1.3395669 0.6220473 1.3395669 2 P 0
L 0.6161417 2.0275591 0.6279527 2.0275591 1 P 0
L 0.617126 0.4330709 0.617126 0.4448819 2 P 0
L 0.617126 0.464567 0.617126 0.476378 2 P 0
L 0.617126 0.4960631 0.617126 0.5078741 2 P 0
L 0.617126 0.5275591 0.617126 0.5393701 2 P 0
L 0.617126 0.5590552 0.617126 0.5708662 2 P 0
L 0.617126 0.5905513 0.617126 0.6023623 2 P 0
L 0.617126 0.6220473 0.617126 0.6338583 2 P 0
L 0.617126 0.6535434 0.617126 0.6653544 2 P 0
L 0.617126 0.6850394 0.617126 0.6968504 2 P 0
L 0.617126 0.7165355 0.617126 0.7283465 2 P 0
L 0.617126 0.752953 0.617126 0.7706696 2 P 0
L 0.617126 0.772638 0.617126 0.7903546 2 P 0
L 0.617126 0.792323 0.617126 0.8100396 2 P 0
L 0.617126 0.8120081 0.617126 0.8297247 2 P 0
L 0.617126 1.0501968 0.617126 1.0620078 2 P 0
L 0.617126 1.0816929 0.617126 1.0935039 2 P 0
L 0.617126 1.113189 0.617126 1.125 2 P 0
L 0.617126 1.144685 0.617126 1.156496 2 P 0
L 0.617126 1.1761811 0.617126 1.1879921 2 P 0
L 0.617126 1.2076772 0.617126 1.2194882 2 P 0
L 0.617126 1.2391732 0.617126 1.2509842 2 P 0
L 0.617126 1.2706693 0.617126 1.2824803 2 P 0
L 0.617126 1.3021653 0.617126 1.3139763 2 P 0
L 0.617126 1.3336614 0.617126 1.3454724 2 P 0
L 0.6171261 0.8316931 0.6171261 0.8494097 2 P 0
L 0.6171261 0.8513781 0.6171261 0.8690947 2 P 0
L 0.6171261 0.8710631 0.6171261 0.8887797 2 P 0
L 0.6171261 0.8907482 0.6171261 0.9084648 2 P 0
L 0.6171261 0.9104332 0.6171261 0.9281498 2 P 0
L 0.6171261 0.9301183 0.6171261 0.9478349 2 P 0
L 0.6171261 0.9498033 0.6171261 0.9675199 2 P 0
L 0.6171261 0.9694883 0.6171261 0.9872049 2 P 0
L 0.6171261 0.9891734 0.6171261 1.00689 2 P 0
L 0.6171261 1.0088584 0.6171261 1.026575 2 P 0
L 0.6210631 0.752953 0.6210631 0.7706696 2 P 0
L 0.6210631 0.752953 0.6486221 0.752953 2 P 0
L 0.6210631 0.7706696 0.6486221 0.7706696 2 P 0
L 0.6210631 0.772638 0.6210631 0.7903546 2 P 0
L 0.6210631 0.772638 0.6486221 0.772638 2 P 0
L 0.6210631 0.7903546 0.6486221 0.7903546 2 P 0
L 0.6210631 0.792323 0.6210631 0.8100396 2 P 0
L 0.6210631 0.792323 0.6486221 0.792323 2 P 0
L 0.6210631 0.8100396 0.6486221 0.8100396 2 P 0
L 0.6210631 0.8120081 0.6210631 0.8297247 2 P 0
L 0.6210631 0.8120081 0.6486221 0.8120081 2 P 0
L 0.6210631 0.8297247 0.6486221 0.8297247 2 P 0
L 0.6210632 0.8316931 0.6210632 0.8494097 2 P 0
L 0.6210632 0.8316931 0.6486222 0.8316931 2 P 0
L 0.6210632 0.8494097 0.6486222 0.8494097 2 P 0
L 0.6210632 0.8513781 0.6210632 0.8690947 2 P 0
L 0.6210632 0.8513781 0.6486222 0.8513781 2 P 0
L 0.6210632 0.8690947 0.6486222 0.8690947 2 P 0
L 0.6210632 0.8710631 0.6210632 0.8887797 2 P 0
L 0.6210632 0.8710631 0.6486222 0.8710631 2 P 0
L 0.6210632 0.8887797 0.6486222 0.8887797 2 P 0
L 0.6210632 0.8907482 0.6210632 0.9084648 2 P 0
L 0.6210632 0.8907482 0.6486222 0.8907482 2 P 0
L 0.6210632 0.9084648 0.6486222 0.9084648 2 P 0
L 0.6210632 0.9104332 0.6210632 0.9281498 2 P 0
L 0.6210632 0.9104332 0.6486222 0.9104332 2 P 0
L 0.6210632 0.9281498 0.6486222 0.9281498 2 P 0
L 0.6210632 0.9301183 0.6210632 0.9478349 2 P 0
L 0.6210632 0.9301183 0.6486222 0.9301183 2 P 0
L 0.6210632 0.9478349 0.6486222 0.9478349 2 P 0
L 0.6210632 0.9498033 0.6210632 0.9675199 2 P 0
L 0.6210632 0.9498033 0.6486222 0.9498033 2 P 0
L 0.6210632 0.9675199 0.6486222 0.9675199 2 P 0
L 0.6210632 0.9694883 0.6210632 0.9872049 2 P 0
L 0.6210632 0.9694883 0.6486222 0.9694883 2 P 0
L 0.6210632 0.9872049 0.6486222 0.9872049 2 P 0
L 0.6210632 0.9891734 0.6210632 1.00689 2 P 0
L 0.6210632 0.9891734 0.6486222 0.9891734 2 P 0
L 0.6210632 1.00689 0.6486222 1.00689 2 P 0
L 0.6210632 1.0088584 0.6210632 1.026575 2 P 0
L 0.6210632 1.0088584 0.6486222 1.0088584 2 P 0
L 0.6210632 1.026575 0.6486222 1.026575 2 P 0
L 0.6220472 2.0216536 0.6220472 2.0334646 1 P 0
L 0.6259843 0.4251969 0.6259843 0.4527559 2 P 0
L 0.6259843 0.456693 0.6259843 0.484252 2 P 0
L 0.6259843 0.4881891 0.6259843 0.5157481 2 P 0
L 0.6259843 0.5196851 0.6259843 0.5472441 2 P 0
L 0.6259843 0.5511812 0.6259843 0.5787402 2 P 0
L 0.6259843 0.5826773 0.6259843 0.6102363 2 P 0
L 0.6259843 0.6141733 0.6259843 0.6417323 2 P 0
L 0.6259843 0.6456694 0.6259843 0.6732284 2 P 0
L 0.6259843 0.6771654 0.6259843 0.7047244 2 P 0
L 0.6259843 0.7086615 0.6259843 0.7362205 2 P 0
L 0.6259843 1.0423228 0.6259843 1.0698818 2 P 0
L 0.6259843 1.0738189 0.6259843 1.1013779 2 P 0
L 0.6259843 1.105315 0.6259843 1.132874 2 P 0
L 0.6259843 1.136811 0.6259843 1.16437 2 P 0
L 0.6259843 1.1683071 0.6259843 1.1958661 2 P 0
L 0.6259843 1.1998032 0.6259843 1.2273622 2 P 0
L 0.6259843 1.2312992 0.6259843 1.2588582 2 P 0
L 0.6259843 1.2627953 0.6259843 1.2903543 2 P 0
L 0.6259843 1.2942913 0.6259843 1.3218503 2 P 0
L 0.6259843 1.3257874 0.6259843 1.3533464 2 P 0
L 0.6279527 0.4251969 0.6279527 0.4527559 2 P 0
L 0.6279527 0.4251969 0.6456693 0.4251969 2 P 0
L 0.6279527 0.4527559 0.6456693 0.4527559 2 P 0
L 0.6279527 0.456693 0.6279527 0.484252 2 P 0
L 0.6279527 0.456693 0.6456693 0.456693 2 P 0
L 0.6279527 0.484252 0.6456693 0.484252 2 P 0
L 0.6279527 0.4881891 0.6279527 0.5157481 2 P 0
L 0.6279527 0.4881891 0.6456693 0.4881891 2 P 0
L 0.6279527 0.5157481 0.6456693 0.5157481 2 P 0
L 0.6279527 0.5196851 0.6279527 0.5472441 2 P 0
L 0.6279527 0.5196851 0.6456693 0.5196851 2 P 0
L 0.6279527 0.5472441 0.6456693 0.5472441 2 P 0
L 0.6279527 0.5511812 0.6279527 0.5787402 2 P 0
L 0.6279527 0.5511812 0.6456693 0.5511812 2 P 0
L 0.6279527 0.5787402 0.6456693 0.5787402 2 P 0
L 0.6279527 0.5826773 0.6279527 0.6102363 2 P 0
L 0.6279527 0.5826773 0.6456693 0.5826773 2 P 0
L 0.6279527 0.6102363 0.6456693 0.6102363 2 P 0
L 0.6279527 0.6141733 0.6279527 0.6417323 2 P 0
L 0.6279527 0.6141733 0.6456693 0.6141733 2 P 0
L 0.6279527 0.6417323 0.6456693 0.6417323 2 P 0
L 0.6279527 0.6456694 0.6279527 0.6732284 2 P 0
L 0.6279527 0.6456694 0.6456693 0.6456694 2 P 0
L 0.6279527 0.6732284 0.6456693 0.6732284 2 P 0
L 0.6279527 0.6771654 0.6279527 0.7047244 2 P 0
L 0.6279527 0.6771654 0.6456693 0.6771654 2 P 0
L 0.6279527 0.7047244 0.6456693 0.7047244 2 P 0
L 0.6279527 0.7086615 0.6279527 0.7362205 2 P 0
L 0.6279527 0.7086615 0.6456693 0.7086615 2 P 0
L 0.6279527 0.7362205 0.6456693 0.7362205 2 P 0
L 0.6279527 1.0423228 0.6279527 1.0698818 2 P 0
L 0.6279527 1.0423228 0.6456693 1.0423228 2 P 0
L 0.6279527 1.0698818 0.6456693 1.0698818 2 P 0
L 0.6279527 1.0738189 0.6279527 1.1013779 2 P 0
L 0.6279527 1.0738189 0.6456693 1.0738189 2 P 0
L 0.6279527 1.1013779 0.6456693 1.1013779 2 P 0
L 0.6279527 1.105315 0.6279527 1.132874 2 P 0
L 0.6279527 1.105315 0.6456693 1.105315 2 P 0
L 0.6279527 1.132874 0.6456693 1.132874 2 P 0
L 0.6279527 1.136811 0.6279527 1.16437 2 P 0
L 0.6279527 1.136811 0.6456693 1.136811 2 P 0
L 0.6279527 1.16437 0.6456693 1.16437 2 P 0
L 0.6279527 1.1683071 0.6279527 1.1958661 2 P 0
L 0.6279527 1.1683071 0.6456693 1.1683071 2 P 0
L 0.6279527 1.1958661 0.6456693 1.1958661 2 P 0
L 0.6279527 1.1998032 0.6279527 1.2273622 2 P 0
L 0.6279527 1.1998032 0.6456693 1.1998032 2 P 0
L 0.6279527 1.2273622 0.6456693 1.2273622 2 P 0
L 0.6279527 1.2312992 0.6279527 1.2588582 2 P 0
L 0.6279527 1.2312992 0.6456693 1.2312992 2 P 0
L 0.6279527 1.2588582 0.6456693 1.2588582 2 P 0
L 0.6279527 1.2627953 0.6279527 1.2903543 2 P 0
L 0.6279527 1.2627953 0.6456693 1.2627953 2 P 0
L 0.6279527 1.2903543 0.6456693 1.2903543 2 P 0
L 0.6279527 1.2942913 0.6279527 1.3218503 2 P 0
L 0.6279527 1.2942913 0.6456693 1.2942913 2 P 0
L 0.6279527 1.3218503 0.6456693 1.3218503 2 P 0
L 0.6279527 1.3257874 0.6279527 1.3533464 2 P 0
L 0.6279527 1.3257874 0.6456693 1.3257874 2 P 0
L 0.6279527 1.3533464 0.6456693 1.3533464 2 P 0
L 0.6289371 0.7618113 0.6407481 0.7618113 2 P 0
L 0.6289371 0.7814963 0.6407481 0.7814963 2 P 0
L 0.6289371 0.8011813 0.6407481 0.8011813 2 P 0
L 0.6289371 0.8208664 0.6407481 0.8208664 2 P 0
L 0.6289372 0.8405514 0.6407482 0.8405514 2 P 0
L 0.6289372 0.8602364 0.6407482 0.8602364 2 P 0
L 0.6289372 0.8799214 0.6407482 0.8799214 2 P 0
L 0.6289372 0.8996065 0.6407482 0.8996065 2 P 0
L 0.6289372 0.9192915 0.6407482 0.9192915 2 P 0
L 0.6289372 0.9389766 0.6407482 0.9389766 2 P 0
L 0.6289372 0.9586616 0.6407482 0.9586616 2 P 0
L 0.6289372 0.9783466 0.6407482 0.9783466 2 P 0
L 0.6289372 0.9980317 0.6407482 0.9980317 2 P 0
L 0.6289372 1.0177167 0.6407482 1.0177167 2 P 0
L 0.6299212 3.4645669 0.7086614 3.4645669 0 P 0
L 0.6318897 0.4389764 0.6417323 0.4389764 2 P 0
L 0.6318897 0.4704725 0.6417323 0.4704725 2 P 0
L 0.6318897 0.5019686 0.6417323 0.5019686 2 P 0
L 0.6318897 0.5334646 0.6417323 0.5334646 2 P 0
L 0.6318897 0.5649607 0.6417323 0.5649607 2 P 0
L 0.6318897 0.5964568 0.6417323 0.5964568 2 P 0
L 0.6318897 0.6279528 0.6417323 0.6279528 2 P 0
L 0.6318897 0.6594489 0.6417323 0.6594489 2 P 0
L 0.6318897 0.6909449 0.6417323 0.6909449 2 P 0
L 0.6318897 0.722441 0.6417323 0.722441 2 P 0
L 0.6318897 1.0561023 0.6417323 1.0561023 2 P 0
L 0.6318897 1.0875984 0.6417323 1.0875984 2 P 0
L 0.6318897 1.1190945 0.6417323 1.1190945 2 P 0
L 0.6318897 1.1505905 0.6417323 1.1505905 2 P 0
L 0.6318897 1.1820866 0.6417323 1.1820866 2 P 0
L 0.6318897 1.2135827 0.6417323 1.2135827 2 P 0
L 0.6318897 1.2450787 0.6417323 1.2450787 2 P 0
L 0.6318897 1.2765748 0.6417323 1.2765748 2 P 0
L 0.6318897 1.3080708 0.6417323 1.3080708 2 P 0
L 0.6318897 1.3395669 0.6417323 1.3395669 2 P 0
L 0.6348426 0.75689 0.6348426 0.7667326 2 P 0
L 0.6348426 0.776575 0.6348426 0.7864176 2 P 0
L 0.6348426 0.79626 0.6348426 0.8061026 2 P 0
L 0.6348426 0.8159451 0.6348426 0.8257877 2 P 0
L 0.6348427 0.8356301 0.6348427 0.8454727 2 P 0
L 0.6348427 0.8553151 0.6348427 0.8651577 2 P 0
L 0.6348427 0.8750001 0.6348427 0.8848427 2 P 0
L 0.6348427 0.8946852 0.6348427 0.9045278 2 P 0
L 0.6348427 0.9143702 0.6348427 0.9242128 2 P 0
L 0.6348427 0.9340553 0.6348427 0.9438979 2 P 0
L 0.6348427 0.9537403 0.6348427 0.9635829 2 P 0
L 0.6348427 0.9734253 0.6348427 0.9832679 2 P 0
L 0.6348427 0.9931104 0.6348427 1.002953 2 P 0
L 0.6348427 1.0127954 0.6348427 1.022638 2 P 0
L 0.636811 0.4330709 0.636811 0.4448819 2 P 0
L 0.636811 0.464567 0.636811 0.476378 2 P 0
L 0.636811 0.4960631 0.636811 0.5078741 2 P 0
L 0.636811 0.5275591 0.636811 0.5393701 2 P 0
L 0.636811 0.5590552 0.636811 0.5708662 2 P 0
L 0.636811 0.5905513 0.636811 0.6023623 2 P 0
L 0.636811 0.6220473 0.636811 0.6338583 2 P 0
L 0.636811 0.6535434 0.636811 0.6653544 2 P 0
L 0.636811 0.6850394 0.636811 0.6968504 2 P 0
L 0.636811 0.7165355 0.636811 0.7283465 2 P 0
L 0.636811 1.0501968 0.636811 1.0620078 2 P 0
L 0.636811 1.0816929 0.636811 1.0935039 2 P 0
L 0.636811 1.113189 0.636811 1.125 2 P 0
L 0.636811 1.144685 0.636811 1.156496 2 P 0
L 0.636811 1.1761811 0.636811 1.1879921 2 P 0
L 0.636811 1.2076772 0.636811 1.2194882 2 P 0
L 0.636811 1.2391732 0.636811 1.2509842 2 P 0
L 0.636811 1.2706693 0.636811 1.2824803 2 P 0
L 0.636811 1.3021653 0.636811 1.3139763 2 P 0
L 0.636811 1.3336614 0.636811 1.3454724 2 P 0
L 0.6387796 2.902559 0.6387796 2.9438976 1 P 0
L 0.6456693 0.4251969 0.6456693 0.4527559 2 P 0
L 0.6456693 0.456693 0.6456693 0.484252 2 P 0
L 0.6456693 0.4881891 0.6456693 0.5157481 2 P 0
L 0.6456693 0.5196851 0.6456693 0.5472441 2 P 0
L 0.6456693 0.5511812 0.6456693 0.5787402 2 P 0
L 0.6456693 0.5826773 0.6456693 0.6102363 2 P 0
L 0.6456693 0.6141733 0.6456693 0.6417323 2 P 0
L 0.6456693 0.6456694 0.6456693 0.6732284 2 P 0
L 0.6456693 0.6771654 0.6456693 0.7047244 2 P 0
L 0.6456693 0.7086615 0.6456693 0.7362205 2 P 0
L 0.6456693 1.0423228 0.6456693 1.0698818 2 P 0
L 0.6456693 1.0738189 0.6456693 1.1013779 2 P 0
L 0.6456693 1.105315 0.6456693 1.132874 2 P 0
L 0.6456693 1.136811 0.6456693 1.16437 2 P 0
L 0.6456693 1.1683071 0.6456693 1.1958661 2 P 0
L 0.6456693 1.1998032 0.6456693 1.2273622 2 P 0
L 0.6456693 1.2312992 0.6456693 1.2588582 2 P 0
L 0.6456693 1.2627953 0.6456693 1.2903543 2 P 0
L 0.6456693 1.2942913 0.6456693 1.3218503 2 P 0
L 0.6456693 1.3257874 0.6456693 1.3533464 2 P 0
L 0.6476378 0.4251969 0.6476378 0.4527559 2 P 0
L 0.6476378 0.4251969 0.6653544 0.4251969 2 P 0
L 0.6476378 0.4527559 0.6653544 0.4527559 2 P 0
L 0.6476378 0.456693 0.6476378 0.484252 2 P 0
L 0.6476378 0.456693 0.6653544 0.456693 2 P 0
L 0.6476378 0.484252 0.6653544 0.484252 2 P 0
L 0.6476378 0.4881891 0.6476378 0.5157481 2 P 0
L 0.6476378 0.4881891 0.6653544 0.4881891 2 P 0
L 0.6476378 0.5157481 0.6653544 0.5157481 2 P 0
L 0.6476378 0.5196851 0.6476378 0.5472441 2 P 0
L 0.6476378 0.5196851 0.6653544 0.5196851 2 P 0
L 0.6476378 0.5472441 0.6653544 0.5472441 2 P 0
L 0.6476378 0.5511812 0.6476378 0.5787402 2 P 0
L 0.6476378 0.5511812 0.6653544 0.5511812 2 P 0
L 0.6476378 0.5787402 0.6653544 0.5787402 2 P 0
L 0.6476378 0.5826773 0.6476378 0.6102363 2 P 0
L 0.6476378 0.5826773 0.6653544 0.5826773 2 P 0
L 0.6476378 0.6102363 0.6653544 0.6102363 2 P 0
L 0.6476378 0.6141733 0.6476378 0.6417323 2 P 0
L 0.6476378 0.6141733 0.6653544 0.6141733 2 P 0
L 0.6476378 0.6417323 0.6653544 0.6417323 2 P 0
L 0.6476378 0.6456694 0.6476378 0.6732284 2 P 0
L 0.6476378 0.6456694 0.6653544 0.6456694 2 P 0
L 0.6476378 0.6732284 0.6653544 0.6732284 2 P 0
L 0.6476378 0.6771654 0.6476378 0.7047244 2 P 0
L 0.6476378 0.6771654 0.6653544 0.6771654 2 P 0
L 0.6476378 0.7047244 0.6653544 0.7047244 2 P 0
L 0.6476378 0.7086615 0.6476378 0.7362205 2 P 0
L 0.6476378 0.7086615 0.6653544 0.7086615 2 P 0
L 0.6476378 0.7362205 0.6653544 0.7362205 2 P 0
L 0.6476378 1.0423228 0.6476378 1.0698818 2 P 0
L 0.6476378 1.0423228 0.6653544 1.0423228 2 P 0
L 0.6476378 1.0698818 0.6653544 1.0698818 2 P 0
L 0.6476378 1.0738189 0.6476378 1.1013779 2 P 0
L 0.6476378 1.0738189 0.6653544 1.0738189 2 P 0
L 0.6476378 1.1013779 0.6653544 1.1013779 2 P 0
L 0.6476378 1.105315 0.6476378 1.132874 2 P 0
L 0.6476378 1.105315 0.6653544 1.105315 2 P 0
L 0.6476378 1.132874 0.6653544 1.132874 2 P 0
L 0.6476378 1.136811 0.6476378 1.16437 2 P 0
L 0.6476378 1.136811 0.6653544 1.136811 2 P 0
L 0.6476378 1.16437 0.6653544 1.16437 2 P 0
L 0.6476378 1.1683071 0.6476378 1.1958661 2 P 0
L 0.6476378 1.1683071 0.6653544 1.1683071 2 P 0
L 0.6476378 1.1958661 0.6653544 1.1958661 2 P 0
L 0.6476378 1.1998032 0.6476378 1.2273622 2 P 0
L 0.6476378 1.1998032 0.6653544 1.1998032 2 P 0
L 0.6476378 1.2273622 0.6653544 1.2273622 2 P 0
L 0.6476378 1.2312992 0.6476378 1.2588582 2 P 0
L 0.6476378 1.2312992 0.6653544 1.2312992 2 P 0
L 0.6476378 1.2588582 0.6653544 1.2588582 2 P 0
L 0.6476378 1.2627953 0.6476378 1.2903543 2 P 0
L 0.6476378 1.2627953 0.6653544 1.2627953 2 P 0
L 0.6476378 1.2903543 0.6653544 1.2903543 2 P 0
L 0.6476378 1.2942913 0.6476378 1.3218503 2 P 0
L 0.6476378 1.2942913 0.6653544 1.2942913 2 P 0
L 0.6476378 1.3218503 0.6653544 1.3218503 2 P 0
L 0.6476378 1.3257874 0.6476378 1.3533464 2 P 0
L 0.6476378 1.3257874 0.6653544 1.3257874 2 P 0
L 0.6476378 1.3533464 0.6653544 1.3533464 2 P 0
L 0.6486221 0.752953 0.6486221 0.7706696 2 P 0
L 0.6486221 0.772638 0.6486221 0.7903546 2 P 0
L 0.6486221 0.792323 0.6486221 0.8100396 2 P 0
L 0.6486221 0.8120081 0.6486221 0.8297247 2 P 0
L 0.6486222 0.8316931 0.6486222 0.8494097 2 P 0
L 0.6486222 0.8513781 0.6486222 0.8690947 2 P 0
L 0.6486222 0.8710631 0.6486222 0.8887797 2 P 0
L 0.6486222 0.8907482 0.6486222 0.9084648 2 P 0
L 0.6486222 0.9104332 0.6486222 0.9281498 2 P 0
L 0.6486222 0.9301183 0.6486222 0.9478349 2 P 0
L 0.6486222 0.9498033 0.6486222 0.9675199 2 P 0
L 0.6486222 0.9694883 0.6486222 0.9872049 2 P 0
L 0.6486222 0.9891734 0.6486222 1.00689 2 P 0
L 0.6486222 1.0088584 0.6486222 1.026575 2 P 0
L 0.6515748 0.4389764 0.6614174 0.4389764 2 P 0
L 0.6515748 0.4704725 0.6614174 0.4704725 2 P 0
L 0.6515748 0.5019686 0.6614174 0.5019686 2 P 0
L 0.6515748 0.5334646 0.6614174 0.5334646 2 P 0
L 0.6515748 0.5649607 0.6614174 0.5649607 2 P 0
L 0.6515748 0.5964568 0.6614174 0.5964568 2 P 0
L 0.6515748 0.6279528 0.6614174 0.6279528 2 P 0
L 0.6515748 0.6594489 0.6614174 0.6594489 2 P 0
L 0.6515748 0.6909449 0.6614174 0.6909449 2 P 0
L 0.6515748 0.722441 0.6614174 0.722441 2 P 0
L 0.6515748 1.0561023 0.6614174 1.0561023 2 P 0
L 0.6515748 1.0875984 0.6614174 1.0875984 2 P 0
L 0.6515748 1.1190945 0.6614174 1.1190945 2 P 0
L 0.6515748 1.1505905 0.6614174 1.1505905 2 P 0
L 0.6515748 1.1820866 0.6614174 1.1820866 2 P 0
L 0.6515748 1.2135827 0.6614174 1.2135827 2 P 0
L 0.6515748 1.2450787 0.6614174 1.2450787 2 P 0
L 0.6515748 1.2765748 0.6614174 1.2765748 2 P 0
L 0.6515748 1.3080708 0.6614174 1.3080708 2 P 0
L 0.6515748 1.3395669 0.6614174 1.3395669 2 P 0
L 0.6525591 0.752953 0.6525591 0.7706696 2 P 0
L 0.6525591 0.752953 0.6801181 0.752953 2 P 0
L 0.6525591 0.7706696 0.6801181 0.7706696 2 P 0
L 0.6525591 0.772638 0.6525591 0.7903546 2 P 0
L 0.6525591 0.772638 0.6801181 0.772638 2 P 0
L 0.6525591 0.7903546 0.6801181 0.7903546 2 P 0
L 0.6525591 0.792323 0.6525591 0.8100396 2 P 0
L 0.6525591 0.792323 0.6801181 0.792323 2 P 0
L 0.6525591 0.8100396 0.6801181 0.8100396 2 P 0
L 0.6525591 0.8120081 0.6525591 0.8297247 2 P 0
L 0.6525591 0.8120081 0.6801181 0.8120081 2 P 0
L 0.6525591 0.8297247 0.6801181 0.8297247 2 P 0
L 0.6525592 0.8316931 0.6525592 0.8494097 2 P 0
L 0.6525592 0.8316931 0.6801182 0.8316931 2 P 0
L 0.6525592 0.8494097 0.6801182 0.8494097 2 P 0
L 0.6525592 0.8513781 0.6525592 0.8690947 2 P 0
L 0.6525592 0.8513781 0.6801182 0.8513781 2 P 0
L 0.6525592 0.8690947 0.6801182 0.8690947 2 P 0
L 0.6525592 0.8710631 0.6525592 0.8887797 2 P 0
L 0.6525592 0.8710631 0.6801182 0.8710631 2 P 0
L 0.6525592 0.8887797 0.6801182 0.8887797 2 P 0
L 0.6525592 0.8907482 0.6525592 0.9084648 2 P 0
L 0.6525592 0.8907482 0.6801182 0.8907482 2 P 0
L 0.6525592 0.9084648 0.6801182 0.9084648 2 P 0
L 0.6525592 0.9104332 0.6525592 0.9281498 2 P 0
L 0.6525592 0.9104332 0.6801182 0.9104332 2 P 0
L 0.6525592 0.9281498 0.6801182 0.9281498 2 P 0
L 0.6525592 0.9301183 0.6525592 0.9478349 2 P 0
L 0.6525592 0.9301183 0.6801182 0.9301183 2 P 0
L 0.6525592 0.9478349 0.6801182 0.9478349 2 P 0
L 0.6525592 0.9498033 0.6525592 0.9675199 2 P 0
L 0.6525592 0.9498033 0.6801182 0.9498033 2 P 0
L 0.6525592 0.9675199 0.6801182 0.9675199 2 P 0
L 0.6525592 0.9694883 0.6525592 0.9872049 2 P 0
L 0.6525592 0.9694883 0.6801182 0.9694883 2 P 0
L 0.6525592 0.9872049 0.6801182 0.9872049 2 P 0
L 0.6525592 0.9891734 0.6525592 1.00689 2 P 0
L 0.6525592 0.9891734 0.6801182 0.9891734 2 P 0
L 0.6525592 1.00689 0.6801182 1.00689 2 P 0
L 0.6525592 1.0088584 0.6525592 1.026575 2 P 0
L 0.6525592 1.0088584 0.6801182 1.0088584 2 P 0
L 0.6525592 1.026575 0.6801182 1.026575 2 P 0
L 0.6564961 0.4330709 0.6564961 0.4448819 2 P 0
L 0.6564961 0.464567 0.6564961 0.476378 2 P 0
L 0.6564961 0.4960631 0.6564961 0.5078741 2 P 0
L 0.6564961 0.5275591 0.6564961 0.5393701 2 P 0
L 0.6564961 0.5590552 0.6564961 0.5708662 2 P 0
L 0.6564961 0.5905513 0.6564961 0.6023623 2 P 0
L 0.6564961 0.6220473 0.6564961 0.6338583 2 P 0
L 0.6564961 0.6535434 0.6564961 0.6653544 2 P 0
L 0.6564961 0.6850394 0.6564961 0.6968504 2 P 0
L 0.6564961 0.7165355 0.6564961 0.7283465 2 P 0
L 0.6564961 1.0501968 0.6564961 1.0620078 2 P 0
L 0.6564961 1.0816929 0.6564961 1.0935039 2 P 0
L 0.6564961 1.113189 0.6564961 1.125 2 P 0
L 0.6564961 1.144685 0.6564961 1.156496 2 P 0
L 0.6564961 1.1761811 0.6564961 1.1879921 2 P 0
L 0.6564961 1.2076772 0.6564961 1.2194882 2 P 0
L 0.6564961 1.2391732 0.6564961 1.2509842 2 P 0
L 0.6564961 1.2706693 0.6564961 1.2824803 2 P 0
L 0.6564961 1.3021653 0.6564961 1.3139763 2 P 0
L 0.6564961 1.3336614 0.6564961 1.3454724 2 P 0
L 0.6584645 0.4261811 0.6584645 0.4399607 1 P 0
L 0.6584645 0.4261811 0.6801181 0.4261811 1 P 0
L 0.6584645 0.4399607 0.6801181 0.4399607 1 P 0
L 0.6584645 0.5049213 0.6584645 0.5187009 1 P 0
L 0.6584645 0.5049213 0.6801181 0.5049213 1 P 0
L 0.6584645 0.5187009 0.6801181 0.5187009 1 P 0
L 0.6584645 0.5836614 0.6584645 0.597441 1 P 0
L 0.6584645 0.5836614 0.6801181 0.5836614 1 P 0
L 0.6584645 0.597441 0.6801181 0.597441 1 P 0
L 0.6584645 0.6624016 0.6584645 0.6761812 1 P 0
L 0.6584645 0.6624016 0.6801181 0.6624016 1 P 0
L 0.6584645 0.6761812 0.6801181 0.6761812 1 P 0
L 0.6584645 0.7411417 0.6584645 0.7549213 1 P 0
L 0.6584645 0.7411417 0.6801181 0.7411417 1 P 0
L 0.6584645 0.7549213 0.6801181 0.7549213 1 P 0
L 0.6604331 0.7618113 0.6722441 0.7618113 2 P 0
L 0.6604331 0.7814963 0.6722441 0.7814963 2 P 0
L 0.6604331 0.8011813 0.6722441 0.8011813 2 P 0
L 0.6604331 0.8208664 0.6722441 0.8208664 2 P 0
L 0.6604332 0.8405514 0.6722442 0.8405514 2 P 0
L 0.6604332 0.8602364 0.6722442 0.8602364 2 P 0
L 0.6604332 0.8799214 0.6722442 0.8799214 2 P 0
L 0.6604332 0.8996065 0.6722442 0.8996065 2 P 0
L 0.6604332 0.9192915 0.6722442 0.9192915 2 P 0
L 0.6604332 0.9389766 0.6722442 0.9389766 2 P 0
L 0.6604332 0.9586616 0.6722442 0.9586616 2 P 0
L 0.6604332 0.9783466 0.6722442 0.9783466 2 P 0
L 0.6604332 0.9980317 0.6722442 0.9980317 2 P 0
L 0.6604332 1.0177167 0.6722442 1.0177167 2 P 0
L 0.6624015 0.894685 0.6624015 0.9163386 1 P 0
L 0.6624015 0.894685 0.6761811 0.894685 1 P 0
L 0.6624015 0.9163386 0.6761811 0.9163386 1 P 0
L 0.6624015 0.9624015 0.6624015 0.9840551 1 P 0
L 0.6624015 0.9624015 0.6761811 0.9624015 1 P 0
L 0.6624015 0.9840551 0.6761811 0.9840551 1 P 0
L 0.6624015 1.0364174 0.6624015 1.058071 1 P 0
L 0.6624015 1.0364174 0.6761811 1.0364174 1 P 0
L 0.6624015 1.058071 0.6761811 1.058071 1 P 0
L 0.6624015 1.1112204 0.6624015 1.132874 1 P 0
L 0.6624015 1.1112204 0.6761811 1.1112204 1 P 0
L 0.6624015 1.132874 0.6761811 1.132874 1 P 0
L 0.6653544 0.4251969 0.6653544 0.4527559 2 P 0
L 0.6653544 0.456693 0.6653544 0.484252 2 P 0
L 0.6653544 0.4881891 0.6653544 0.5157481 2 P 0
L 0.6653544 0.5196851 0.6653544 0.5472441 2 P 0
L 0.6653544 0.5511812 0.6653544 0.5787402 2 P 0
L 0.6653544 0.5826773 0.6653544 0.6102363 2 P 0
L 0.6653544 0.6141733 0.6653544 0.6417323 2 P 0
L 0.6653544 0.6456694 0.6653544 0.6732284 2 P 0
L 0.6653544 0.6771654 0.6653544 0.7047244 2 P 0
L 0.6653544 0.7086615 0.6653544 0.7362205 2 P 0
L 0.6653544 1.0423228 0.6653544 1.0698818 2 P 0
L 0.6653544 1.0738189 0.6653544 1.1013779 2 P 0
L 0.6653544 1.105315 0.6653544 1.132874 2 P 0
L 0.6653544 1.136811 0.6653544 1.16437 2 P 0
L 0.6653544 1.1683071 0.6653544 1.1958661 2 P 0
L 0.6653544 1.1998032 0.6653544 1.2273622 2 P 0
L 0.6653544 1.2312992 0.6653544 1.2588582 2 P 0
L 0.6653544 1.2627953 0.6653544 1.2903543 2 P 0
L 0.6653544 1.2942913 0.6653544 1.3218503 2 P 0
L 0.6653544 1.3257874 0.6653544 1.3533464 2 P 0
L 0.6663386 0.75689 0.6663386 0.7667326 2 P 0
L 0.6663386 0.776575 0.6663386 0.7864176 2 P 0
L 0.6663386 0.79626 0.6663386 0.8061026 2 P 0
L 0.6663386 0.8159451 0.6663386 0.8257877 2 P 0
L 0.6663387 0.8356301 0.6663387 0.8454727 2 P 0
L 0.6663387 0.8553151 0.6663387 0.8651577 2 P 0
L 0.6663387 0.8750001 0.6663387 0.8848427 2 P 0
L 0.6663387 0.8946852 0.6663387 0.9045278 2 P 0
L 0.6663387 0.9143702 0.6663387 0.9242128 2 P 0
L 0.6663387 0.9340553 0.6663387 0.9438979 2 P 0
L 0.6663387 0.9537403 0.6663387 0.9635829 2 P 0
L 0.6663387 0.9734253 0.6663387 0.9832679 2 P 0
L 0.6663387 0.9931104 0.6663387 1.002953 2 P 0
L 0.6663387 1.0127954 0.6663387 1.022638 2 P 0
L 0.6673228 0.4251969 0.6673228 0.4527559 2 P 0
L 0.6673228 0.4251969 0.6850394 0.4251969 2 P 0
L 0.6673228 0.4527559 0.6850394 0.4527559 2 P 0
L 0.6673228 0.456693 0.6673228 0.484252 2 P 0
L 0.6673228 0.456693 0.6850394 0.456693 2 P 0
L 0.6673228 0.484252 0.6850394 0.484252 2 P 0
L 0.6673228 0.4881891 0.6673228 0.5157481 2 P 0
L 0.6673228 0.4881891 0.6850394 0.4881891 2 P 0
L 0.6673228 0.5157481 0.6850394 0.5157481 2 P 0
L 0.6673228 0.5196851 0.6673228 0.5472441 2 P 0
L 0.6673228 0.5196851 0.6850394 0.5196851 2 P 0
L 0.6673228 0.5472441 0.6850394 0.5472441 2 P 0
L 0.6673228 0.5511812 0.6673228 0.5787402 2 P 0
L 0.6673228 0.5511812 0.6850394 0.5511812 2 P 0
L 0.6673228 0.5787402 0.6850394 0.5787402 2 P 0
L 0.6673228 0.5826773 0.6673228 0.6102363 2 P 0
L 0.6673228 0.5826773 0.6850394 0.5826773 2 P 0
L 0.6673228 0.6102363 0.6850394 0.6102363 2 P 0
L 0.6673228 0.6141733 0.6673228 0.6417323 2 P 0
L 0.6673228 0.6141733 0.6850394 0.6141733 2 P 0
L 0.6673228 0.6417323 0.6850394 0.6417323 2 P 0
L 0.6673228 0.6456694 0.6673228 0.6732284 2 P 0
L 0.6673228 0.6456694 0.6850394 0.6456694 2 P 0
L 0.6673228 0.6732284 0.6850394 0.6732284 2 P 0
L 0.6673228 0.6771654 0.6673228 0.7047244 2 P 0
L 0.6673228 0.6771654 0.6850394 0.6771654 2 P 0
L 0.6673228 0.7047244 0.6850394 0.7047244 2 P 0
L 0.6673228 0.7086615 0.6673228 0.7362205 2 P 0
L 0.6673228 0.7086615 0.6850394 0.7086615 2 P 0
L 0.6673228 0.7362205 0.6850394 0.7362205 2 P 0
L 0.6673228 1.0423228 0.6673228 1.0698818 2 P 0
L 0.6673228 1.0423228 0.6850394 1.0423228 2 P 0
L 0.6673228 1.0698818 0.6850394 1.0698818 2 P 0
L 0.6673228 1.0738189 0.6673228 1.1013779 2 P 0
L 0.6673228 1.0738189 0.6850394 1.0738189 2 P 0
L 0.6673228 1.1013779 0.6850394 1.1013779 2 P 0
L 0.6673228 1.105315 0.6673228 1.132874 2 P 0
L 0.6673228 1.105315 0.6850394 1.105315 2 P 0
L 0.6673228 1.132874 0.6850394 1.132874 2 P 0
L 0.6673228 1.136811 0.6673228 1.16437 2 P 0
L 0.6673228 1.136811 0.6850394 1.136811 2 P 0
L 0.6673228 1.16437 0.6850394 1.16437 2 P 0
L 0.6673228 1.1683071 0.6673228 1.1958661 2 P 0
L 0.6673228 1.1683071 0.6850394 1.1683071 2 P 0
L 0.6673228 1.1958661 0.6850394 1.1958661 2 P 0
L 0.6673228 1.1998032 0.6673228 1.2273622 2 P 0
L 0.6673228 1.1998032 0.6850394 1.1998032 2 P 0
L 0.6673228 1.2273622 0.6850394 1.2273622 2 P 0
L 0.6673228 1.2312992 0.6673228 1.2588582 2 P 0
L 0.6673228 1.2312992 0.6850394 1.2312992 2 P 0
L 0.6673228 1.2588582 0.6850394 1.2588582 2 P 0
L 0.6673228 1.2627953 0.6673228 1.2903543 2 P 0
L 0.6673228 1.2627953 0.6850394 1.2627953 2 P 0
L 0.6673228 1.2903543 0.6850394 1.2903543 2 P 0
L 0.6673228 1.2942913 0.6673228 1.3218503 2 P 0
L 0.6673228 1.2942913 0.6850394 1.2942913 2 P 0
L 0.6673228 1.3218503 0.6850394 1.3218503 2 P 0
L 0.6673228 1.3257874 0.6673228 1.3533464 2 P 0
L 0.6673228 1.3257874 0.6850394 1.3257874 2 P 0
L 0.6673228 1.3533464 0.6850394 1.3533464 2 P 0
L 0.6692913 3.4251968 0.6692913 3.503937 0 P 0
L 0.6712598 0.4389764 0.6811024 0.4389764 2 P 0
L 0.6712598 0.4704725 0.6811024 0.4704725 2 P 0
L 0.6712598 0.5019686 0.6811024 0.5019686 2 P 0
L 0.6712598 0.5334646 0.6811024 0.5334646 2 P 0
L 0.6712598 0.5649607 0.6811024 0.5649607 2 P 0
L 0.6712598 0.5964568 0.6811024 0.5964568 2 P 0
L 0.6712598 0.6279528 0.6811024 0.6279528 2 P 0
L 0.6712598 0.6594489 0.6811024 0.6594489 2 P 0
L 0.6712598 0.6909449 0.6811024 0.6909449 2 P 0
L 0.6712598 0.722441 0.6811024 0.722441 2 P 0
L 0.6712598 1.0561023 0.6811024 1.0561023 2 P 0
L 0.6712598 1.0875984 0.6811024 1.0875984 2 P 0
L 0.6712598 1.1190945 0.6811024 1.1190945 2 P 0
L 0.6712598 1.1505905 0.6811024 1.1505905 2 P 0
L 0.6712598 1.1820866 0.6811024 1.1820866 2 P 0
L 0.6712598 1.2135827 0.6811024 1.2135827 2 P 0
L 0.6712598 1.2450787 0.6811024 1.2450787 2 P 0
L 0.6712598 1.2765748 0.6811024 1.2765748 2 P 0
L 0.6712598 1.3080708 0.6811024 1.3080708 2 P 0
L 0.6712598 1.3395669 0.6811024 1.3395669 2 P 0
L 0.6742126 2.0009843 0.6742126 2.0541339 1 P 0
L 0.6761811 0.4330709 0.6761811 0.4448819 2 P 0
L 0.6761811 0.464567 0.6761811 0.476378 2 P 0
L 0.6761811 0.4960631 0.6761811 0.5078741 2 P 0
L 0.6761811 0.5275591 0.6761811 0.5393701 2 P 0
L 0.6761811 0.5590552 0.6761811 0.5708662 2 P 0
L 0.6761811 0.5905513 0.6761811 0.6023623 2 P 0
L 0.6761811 0.6220473 0.6761811 0.6338583 2 P 0
L 0.6761811 0.6535434 0.6761811 0.6653544 2 P 0
L 0.6761811 0.6850394 0.6761811 0.6968504 2 P 0
L 0.6761811 0.7165355 0.6761811 0.7283465 2 P 0
L 0.6761811 0.894685 0.6761811 0.9163386 1 P 0
L 0.6761811 0.9624015 0.6761811 0.9840551 1 P 0
L 0.6761811 1.0364174 0.6761811 1.058071 1 P 0
L 0.6761811 1.0501968 0.6761811 1.0620078 2 P 0
L 0.6761811 1.0816929 0.6761811 1.0935039 2 P 0
L 0.6761811 1.1112204 0.6761811 1.132874 1 P 0
L 0.6761811 1.113189 0.6761811 1.125 2 P 0
L 0.6761811 1.144685 0.6761811 1.156496 2 P 0
L 0.6761811 1.1761811 0.6761811 1.1879921 2 P 0
L 0.6761811 1.2076772 0.6761811 1.2194882 2 P 0
L 0.6761811 1.2391732 0.6761811 1.2509842 2 P 0
L 0.6761811 1.2706693 0.6761811 1.2824803 2 P 0
L 0.6761811 1.3021653 0.6761811 1.3139763 2 P 0
L 0.6761811 1.3336614 0.6761811 1.3454724 2 P 0
L 0.6801181 0.4261811 0.6801181 0.4399607 1 P 0
L 0.6801181 0.5049213 0.6801181 0.5187009 1 P 0
L 0.6801181 0.5836614 0.6801181 0.597441 1 P 0
L 0.6801181 0.6624016 0.6801181 0.6761812 1 P 0
L 0.6801181 0.7411417 0.6801181 0.7549213 1 P 0
L 0.6801181 0.752953 0.6801181 0.7706696 2 P 0
L 0.6801181 0.772638 0.6801181 0.7903546 2 P 0
L 0.6801181 0.792323 0.6801181 0.8100396 2 P 0
L 0.6801181 0.8120081 0.6801181 0.8297247 2 P 0
L 0.6801182 0.8316931 0.6801182 0.8494097 2 P 0
L 0.6801182 0.8513781 0.6801182 0.8690947 2 P 0
L 0.6801182 0.8710631 0.6801182 0.8887797 2 P 0
L 0.6801182 0.8907482 0.6801182 0.9084648 2 P 0
L 0.6801182 0.9104332 0.6801182 0.9281498 2 P 0
L 0.6801182 0.9301183 0.6801182 0.9478349 2 P 0
L 0.6801182 0.9498033 0.6801182 0.9675199 2 P 0
L 0.6801182 0.9694883 0.6801182 0.9872049 2 P 0
L 0.6801182 0.9891734 0.6801182 1.00689 2 P 0
L 0.6801182 1.0088584 0.6801182 1.026575 2 P 0
L 0.6840552 0.752953 0.6840552 0.7706696 2 P 0
L 0.6840552 0.752953 0.7116142 0.752953 2 P 0
L 0.6840552 0.7706696 0.7116142 0.7706696 2 P 0
L 0.6840552 0.772638 0.6840552 0.7903546 2 P 0
L 0.6840552 0.772638 0.7116142 0.772638 2 P 0
L 0.6840552 0.7903546 0.7116142 0.7903546 2 P 0
L 0.6840552 0.792323 0.6840552 0.8100396 2 P 0
L 0.6840552 0.792323 0.7116142 0.792323 2 P 0
L 0.6840552 0.8100396 0.7116142 0.8100396 2 P 0
L 0.6840552 0.8120081 0.6840552 0.8297247 2 P 0
L 0.6840552 0.8120081 0.7116142 0.8120081 2 P 0
L 0.6840552 0.8297247 0.7116142 0.8297247 2 P 0
L 0.6840553 0.8316931 0.6840553 0.8494097 2 P 0
L 0.6840553 0.8316931 0.7116143 0.8316931 2 P 0
L 0.6840553 0.8494097 0.7116143 0.8494097 2 P 0
L 0.6840553 0.8513781 0.6840553 0.8690947 2 P 0
L 0.6840553 0.8513781 0.7116143 0.8513781 2 P 0
L 0.6840553 0.8690947 0.7116143 0.8690947 2 P 0
L 0.6840553 0.8710631 0.6840553 0.8887797 2 P 0
L 0.6840553 0.8710631 0.7116143 0.8710631 2 P 0
L 0.6840553 0.8887797 0.7116143 0.8887797 2 P 0
L 0.6840553 0.8907482 0.6840553 0.9084648 2 P 0
L 0.6840553 0.8907482 0.7116143 0.8907482 2 P 0
L 0.6840553 0.9084648 0.7116143 0.9084648 2 P 0
L 0.6840553 0.9104332 0.6840553 0.9281498 2 P 0
L 0.6840553 0.9104332 0.7116143 0.9104332 2 P 0
L 0.6840553 0.9281498 0.7116143 0.9281498 2 P 0
L 0.6840553 0.9301183 0.6840553 0.9478349 2 P 0
L 0.6840553 0.9301183 0.7116143 0.9301183 2 P 0
L 0.6840553 0.9478349 0.7116143 0.9478349 2 P 0
L 0.6840553 0.9498033 0.6840553 0.9675199 2 P 0
L 0.6840553 0.9498033 0.7116143 0.9498033 2 P 0
L 0.6840553 0.9675199 0.7116143 0.9675199 2 P 0
L 0.6840553 0.9694883 0.6840553 0.9872049 2 P 0
L 0.6840553 0.9694883 0.7116143 0.9694883 2 P 0
L 0.6840553 0.9872049 0.7116143 0.9872049 2 P 0
L 0.6840553 0.9891734 0.6840553 1.00689 2 P 0
L 0.6840553 0.9891734 0.7116143 0.9891734 2 P 0
L 0.6840553 1.00689 0.7116143 1.00689 2 P 0
L 0.6840553 1.0088584 0.6840553 1.026575 2 P 0
L 0.6840553 1.0088584 0.7116143 1.0088584 2 P 0
L 0.6840553 1.026575 0.7116143 1.026575 2 P 0
L 0.6850394 0.4251969 0.6850394 0.4527559 2 P 0
L 0.6850394 0.456693 0.6850394 0.484252 2 P 0
L 0.6850394 0.4881891 0.6850394 0.5157481 2 P 0
L 0.6850394 0.5196851 0.6850394 0.5472441 2 P 0
L 0.6850394 0.5511812 0.6850394 0.5787402 2 P 0
L 0.6850394 0.5826773 0.6850394 0.6102363 2 P 0
L 0.6850394 0.6141733 0.6850394 0.6417323 2 P 0
L 0.6850394 0.6456694 0.6850394 0.6732284 2 P 0
L 0.6850394 0.6771654 0.6850394 0.7047244 2 P 0
L 0.6850394 0.7086615 0.6850394 0.7362205 2 P 0
L 0.6850394 1.0423228 0.6850394 1.0698818 2 P 0
L 0.6850394 1.0738189 0.6850394 1.1013779 2 P 0
L 0.6850394 1.105315 0.6850394 1.132874 2 P 0
L 0.6850394 1.136811 0.6850394 1.16437 2 P 0
L 0.6850394 1.1683071 0.6850394 1.1958661 2 P 0
L 0.6850394 1.1998032 0.6850394 1.2273622 2 P 0
L 0.6850394 1.2312992 0.6850394 1.2588582 2 P 0
L 0.6850394 1.2627953 0.6850394 1.2903543 2 P 0
L 0.6850394 1.2942913 0.6850394 1.3218503 2 P 0
L 0.6850394 1.3257874 0.6850394 1.3533464 2 P 0
L 0.6870079 0.4251969 0.6870079 0.4527559 2 P 0
L 0.6870079 0.4251969 0.7047245 0.4251969 2 P 0
L 0.6870079 0.4527559 0.7047245 0.4527559 2 P 0
L 0.6870079 0.456693 0.6870079 0.484252 2 P 0
L 0.6870079 0.456693 0.7047245 0.456693 2 P 0
L 0.6870079 0.484252 0.7047245 0.484252 2 P 0
L 0.6870079 0.4881891 0.6870079 0.5157481 2 P 0
L 0.6870079 0.4881891 0.7047245 0.4881891 2 P 0
L 0.6870079 0.5157481 0.7047245 0.5157481 2 P 0
L 0.6870079 0.5196851 0.6870079 0.5472441 2 P 0
L 0.6870079 0.5196851 0.7047245 0.5196851 2 P 0
L 0.6870079 0.5472441 0.7047245 0.5472441 2 P 0
L 0.6870079 0.5511812 0.6870079 0.5787402 2 P 0
L 0.6870079 0.5511812 0.7047245 0.5511812 2 P 0
L 0.6870079 0.5787402 0.7047245 0.5787402 2 P 0
L 0.6870079 0.5826773 0.6870079 0.6102363 2 P 0
L 0.6870079 0.5826773 0.7047245 0.5826773 2 P 0
L 0.6870079 0.6102363 0.7047245 0.6102363 2 P 0
L 0.6870079 0.6141733 0.6870079 0.6417323 2 P 0
L 0.6870079 0.6141733 0.7047245 0.6141733 2 P 0
L 0.6870079 0.6417323 0.7047245 0.6417323 2 P 0
L 0.6870079 0.6456694 0.6870079 0.6732284 2 P 0
L 0.6870079 0.6456694 0.7047245 0.6456694 2 P 0
L 0.6870079 0.6732284 0.7047245 0.6732284 2 P 0
L 0.6870079 0.6771654 0.6870079 0.7047244 2 P 0
L 0.6870079 0.6771654 0.7047245 0.6771654 2 P 0
L 0.6870079 0.7047244 0.7047245 0.7047244 2 P 0
L 0.6870079 0.7086615 0.6870079 0.7362205 2 P 0
L 0.6870079 0.7086615 0.7047245 0.7086615 2 P 0
L 0.6870079 0.7362205 0.7047245 0.7362205 2 P 0
L 0.6870079 1.0423228 0.6870079 1.0698818 2 P 0
L 0.6870079 1.0423228 0.7047245 1.0423228 2 P 0
L 0.6870079 1.0698818 0.7047245 1.0698818 2 P 0
L 0.6870079 1.0738189 0.6870079 1.1013779 2 P 0
L 0.6870079 1.0738189 0.7047245 1.0738189 2 P 0
L 0.6870079 1.1013779 0.7047245 1.1013779 2 P 0
L 0.6870079 1.105315 0.6870079 1.132874 2 P 0
L 0.6870079 1.105315 0.7047245 1.105315 2 P 0
L 0.6870079 1.132874 0.7047245 1.132874 2 P 0
L 0.6870079 1.136811 0.6870079 1.16437 2 P 0
L 0.6870079 1.136811 0.7047245 1.136811 2 P 0
L 0.6870079 1.16437 0.7047245 1.16437 2 P 0
L 0.6870079 1.1683071 0.6870079 1.1958661 2 P 0
L 0.6870079 1.1683071 0.7047245 1.1683071 2 P 0
L 0.6870079 1.1958661 0.7047245 1.1958661 2 P 0
L 0.6870079 1.1998032 0.6870079 1.2273622 2 P 0
L 0.6870079 1.1998032 0.7047245 1.1998032 2 P 0
L 0.6870079 1.2273622 0.7047245 1.2273622 2 P 0
L 0.6870079 1.2312992 0.6870079 1.2588582 2 P 0
L 0.6870079 1.2312992 0.7047245 1.2312992 2 P 0
L 0.6870079 1.2588582 0.7047245 1.2588582 2 P 0
L 0.6870079 1.2627953 0.6870079 1.2903543 2 P 0
L 0.6870079 1.2627953 0.7047245 1.2627953 2 P 0
L 0.6870079 1.2903543 0.7047245 1.2903543 2 P 0
L 0.6870079 1.2942913 0.6870079 1.3218503 2 P 0
L 0.6870079 1.2942913 0.7047245 1.2942913 2 P 0
L 0.6870079 1.3218503 0.7047245 1.3218503 2 P 0
L 0.6870079 1.3257874 0.6870079 1.3533464 2 P 0
L 0.6870079 1.3257874 0.7047245 1.3257874 2 P 0
L 0.6870079 1.3533464 0.7047245 1.3533464 2 P 0
L 0.6909449 0.4389764 0.7007875 0.4389764 2 P 0
L 0.6909449 0.4704725 0.7007875 0.4704725 2 P 0
L 0.6909449 0.5019686 0.7007875 0.5019686 2 P 0
L 0.6909449 0.5334646 0.7007875 0.5334646 2 P 0
L 0.6909449 0.5649607 0.7007875 0.5649607 2 P 0
L 0.6909449 0.5964568 0.7007875 0.5964568 2 P 0
L 0.6909449 0.6279528 0.7007875 0.6279528 2 P 0
L 0.6909449 0.6594489 0.7007875 0.6594489 2 P 0
L 0.6909449 0.6909449 0.7007875 0.6909449 2 P 0
L 0.6909449 0.722441 0.7007875 0.722441 2 P 0
L 0.6909449 1.0561023 0.7007875 1.0561023 2 P 0
L 0.6909449 1.0875984 0.7007875 1.0875984 2 P 0
L 0.6909449 1.1190945 0.7007875 1.1190945 2 P 0
L 0.6909449 1.1505905 0.7007875 1.1505905 2 P 0
L 0.6909449 1.1820866 0.7007875 1.1820866 2 P 0
L 0.6909449 1.2135827 0.7007875 1.2135827 2 P 0
L 0.6909449 1.2450787 0.7007875 1.2450787 2 P 0
L 0.6909449 1.2765748 0.7007875 1.2765748 2 P 0
L 0.6909449 1.3080708 0.7007875 1.3080708 2 P 0
L 0.6909449 1.3395669 0.7007875 1.3395669 2 P 0
L 0.6919292 0.7618113 0.7037402 0.7618113 2 P 0
L 0.6919292 0.7814963 0.7037402 0.7814963 2 P 0
L 0.6919292 0.8011813 0.7037402 0.8011813 2 P 0
L 0.6919292 0.8208664 0.7037402 0.8208664 2 P 0
L 0.6919293 0.8405514 0.7037403 0.8405514 2 P 0
L 0.6919293 0.8602364 0.7037403 0.8602364 2 P 0
L 0.6919293 0.8799214 0.7037403 0.8799214 2 P 0
L 0.6919293 0.8996065 0.7037403 0.8996065 2 P 0
L 0.6919293 0.9192915 0.7037403 0.9192915 2 P 0
L 0.6919293 0.9389766 0.7037403 0.9389766 2 P 0
L 0.6919293 0.9586616 0.7037403 0.9586616 2 P 0
L 0.6919293 0.9783466 0.7037403 0.9783466 2 P 0
L 0.6919293 0.9980317 0.7037403 0.9980317 2 P 0
L 0.6919293 1.0177167 0.7037403 1.0177167 2 P 0
L 0.6958662 0.4330709 0.6958662 0.4448819 2 P 0
L 0.6958662 0.464567 0.6958662 0.476378 2 P 0
L 0.6958662 0.4960631 0.6958662 0.5078741 2 P 0
L 0.6958662 0.5275591 0.6958662 0.5393701 2 P 0
L 0.6958662 0.5590552 0.6958662 0.5708662 2 P 0
L 0.6958662 0.5905513 0.6958662 0.6023623 2 P 0
L 0.6958662 0.6220473 0.6958662 0.6338583 2 P 0
L 0.6958662 0.6535434 0.6958662 0.6653544 2 P 0
L 0.6958662 0.6850394 0.6958662 0.6968504 2 P 0
L 0.6958662 0.7165355 0.6958662 0.7283465 2 P 0
L 0.6958662 1.0501968 0.6958662 1.0620078 2 P 0
L 0.6958662 1.0816929 0.6958662 1.0935039 2 P 0
L 0.6958662 1.113189 0.6958662 1.125 2 P 0
L 0.6958662 1.144685 0.6958662 1.156496 2 P 0
L 0.6958662 1.1761811 0.6958662 1.1879921 2 P 0
L 0.6958662 1.2076772 0.6958662 1.2194882 2 P 0
L 0.6958662 1.2391732 0.6958662 1.2509842 2 P 0
L 0.6958662 1.2706693 0.6958662 1.2824803 2 P 0
L 0.6958662 1.3021653 0.6958662 1.3139763 2 P 0
L 0.6958662 1.3336614 0.6958662 1.3454724 2 P 0
L 0.6978347 0.75689 0.6978347 0.7667326 2 P 0
L 0.6978347 0.776575 0.6978347 0.7864176 2 P 0
L 0.6978347 0.79626 0.6978347 0.8061026 2 P 0
L 0.6978347 0.8159451 0.6978347 0.8257877 2 P 0
L 0.6978348 0.8356301 0.6978348 0.8454727 2 P 0
L 0.6978348 0.8553151 0.6978348 0.8651577 2 P 0
L 0.6978348 0.8750001 0.6978348 0.8848427 2 P 0
L 0.6978348 0.8946852 0.6978348 0.9045278 2 P 0
L 0.6978348 0.9143702 0.6978348 0.9242128 2 P 0
L 0.6978348 0.9340553 0.6978348 0.9438979 2 P 0
L 0.6978348 0.9537403 0.6978348 0.9635829 2 P 0
L 0.6978348 0.9734253 0.6978348 0.9832679 2 P 0
L 0.6978348 0.9931104 0.6978348 1.002953 2 P 0
L 0.6978348 1.0127954 0.6978348 1.022638 2 P 0
L 0.7047245 0.4251969 0.7047245 0.4527559 2 P 0
L 0.7047245 0.456693 0.7047245 0.484252 2 P 0
L 0.7047245 0.4881891 0.7047245 0.5157481 2 P 0
L 0.7047245 0.5196851 0.7047245 0.5472441 2 P 0
L 0.7047245 0.5511812 0.7047245 0.5787402 2 P 0
L 0.7047245 0.5826773 0.7047245 0.6102363 2 P 0
L 0.7047245 0.6141733 0.7047245 0.6417323 2 P 0
L 0.7047245 0.6456694 0.7047245 0.6732284 2 P 0
L 0.7047245 0.6771654 0.7047245 0.7047244 2 P 0
L 0.7047245 0.7086615 0.7047245 0.7362205 2 P 0
L 0.7047245 1.0423228 0.7047245 1.0698818 2 P 0
L 0.7047245 1.0738189 0.7047245 1.1013779 2 P 0
L 0.7047245 1.105315 0.7047245 1.132874 2 P 0
L 0.7047245 1.136811 0.7047245 1.16437 2 P 0
L 0.7047245 1.1683071 0.7047245 1.1958661 2 P 0
L 0.7047245 1.1998032 0.7047245 1.2273622 2 P 0
L 0.7047245 1.2312992 0.7047245 1.2588582 2 P 0
L 0.7047245 1.2627953 0.7047245 1.2903543 2 P 0
L 0.7047245 1.2942913 0.7047245 1.3218503 2 P 0
L 0.7047245 1.3257874 0.7047245 1.3533464 2 P 0
L 0.7066929 0.4251969 0.7066929 0.4527559 2 P 0
L 0.7066929 0.4251969 0.7244095 0.4251969 2 P 0
L 0.7066929 0.4527559 0.7244095 0.4527559 2 P 0
L 0.7066929 0.456693 0.7066929 0.484252 2 P 0
L 0.7066929 0.456693 0.7244095 0.456693 2 P 0
L 0.7066929 0.484252 0.7244095 0.484252 2 P 0
L 0.7066929 0.4881891 0.7066929 0.5157481 2 P 0
L 0.7066929 0.4881891 0.7244095 0.4881891 2 P 0
L 0.7066929 0.5157481 0.7244095 0.5157481 2 P 0
L 0.7066929 0.5196851 0.7066929 0.5472441 2 P 0
L 0.7066929 0.5196851 0.7244095 0.5196851 2 P 0
L 0.7066929 0.5472441 0.7244095 0.5472441 2 P 0
L 0.7066929 0.5511812 0.7066929 0.5787402 2 P 0
L 0.7066929 0.5511812 0.7244095 0.5511812 2 P 0
L 0.7066929 0.5787402 0.7244095 0.5787402 2 P 0
L 0.7066929 0.5826773 0.7066929 0.6102363 2 P 0
L 0.7066929 0.5826773 0.7244095 0.5826773 2 P 0
L 0.7066929 0.6102363 0.7244095 0.6102363 2 P 0
L 0.7066929 0.6141733 0.7066929 0.6417323 2 P 0
L 0.7066929 0.6141733 0.7244095 0.6141733 2 P 0
L 0.7066929 0.6417323 0.7244095 0.6417323 2 P 0
L 0.7066929 0.6456694 0.7066929 0.6732284 2 P 0
L 0.7066929 0.6456694 0.7244095 0.6456694 2 P 0
L 0.7066929 0.6732284 0.7244095 0.6732284 2 P 0
L 0.7066929 0.6771654 0.7066929 0.7047244 2 P 0
L 0.7066929 0.6771654 0.7244095 0.6771654 2 P 0
L 0.7066929 0.7047244 0.7244095 0.7047244 2 P 0
L 0.7066929 0.7086615 0.7066929 0.7362205 2 P 0
L 0.7066929 0.7086615 0.7244095 0.7086615 2 P 0
L 0.7066929 0.7362205 0.7244095 0.7362205 2 P 0
L 0.7066929 1.0423228 0.7066929 1.0698818 2 P 0
L 0.7066929 1.0423228 0.7244095 1.0423228 2 P 0
L 0.7066929 1.0698818 0.7244095 1.0698818 2 P 0
L 0.7066929 1.0738189 0.7066929 1.1013779 2 P 0
L 0.7066929 1.0738189 0.7244095 1.0738189 2 P 0
L 0.7066929 1.1013779 0.7244095 1.1013779 2 P 0
L 0.7066929 1.105315 0.7066929 1.132874 2 P 0
L 0.7066929 1.105315 0.7244095 1.105315 2 P 0
L 0.7066929 1.132874 0.7244095 1.132874 2 P 0
L 0.7066929 1.136811 0.7066929 1.16437 2 P 0
L 0.7066929 1.136811 0.7244095 1.136811 2 P 0
L 0.7066929 1.16437 0.7244095 1.16437 2 P 0
L 0.7066929 1.1683071 0.7066929 1.1958661 2 P 0
L 0.7066929 1.1683071 0.7244095 1.1683071 2 P 0
L 0.7066929 1.1958661 0.7244095 1.1958661 2 P 0
L 0.7066929 1.1998032 0.7066929 1.2273622 2 P 0
L 0.7066929 1.1998032 0.7244095 1.1998032 2 P 0
L 0.7066929 1.2273622 0.7244095 1.2273622 2 P 0
L 0.7066929 1.2312992 0.7066929 1.2588582 2 P 0
L 0.7066929 1.2312992 0.7244095 1.2312992 2 P 0
L 0.7066929 1.2588582 0.7244095 1.2588582 2 P 0
L 0.7066929 1.2627953 0.7066929 1.2903543 2 P 0
L 0.7066929 1.2627953 0.7244095 1.2627953 2 P 0
L 0.7066929 1.2903543 0.7244095 1.2903543 2 P 0
L 0.7066929 1.2942913 0.7066929 1.3218503 2 P 0
L 0.7066929 1.2942913 0.7244095 1.2942913 2 P 0
L 0.7066929 1.3218503 0.7244095 1.3218503 2 P 0
L 0.7066929 1.3257874 0.7066929 1.3533464 2 P 0
L 0.7066929 1.3257874 0.7244095 1.3257874 2 P 0
L 0.7066929 1.3533464 0.7244095 1.3533464 2 P 0
L 0.7106299 0.4389764 0.7204725 0.4389764 2 P 0
L 0.7106299 0.4704725 0.7204725 0.4704725 2 P 0
L 0.7106299 0.5019686 0.7204725 0.5019686 2 P 0
L 0.7106299 0.5334646 0.7204725 0.5334646 2 P 0
L 0.7106299 0.5649607 0.7204725 0.5649607 2 P 0
L 0.7106299 0.5964568 0.7204725 0.5964568 2 P 0
L 0.7106299 0.6279528 0.7204725 0.6279528 2 P 0
L 0.7106299 0.6594489 0.7204725 0.6594489 2 P 0
L 0.7106299 0.6909449 0.7204725 0.6909449 2 P 0
L 0.7106299 0.722441 0.7204725 0.722441 2 P 0
L 0.7106299 1.0561023 0.7204725 1.0561023 2 P 0
L 0.7106299 1.0875984 0.7204725 1.0875984 2 P 0
L 0.7106299 1.1190945 0.7204725 1.1190945 2 P 0
L 0.7106299 1.1505905 0.7204725 1.1505905 2 P 0
L 0.7106299 1.1820866 0.7204725 1.1820866 2 P 0
L 0.7106299 1.2135827 0.7204725 1.2135827 2 P 0
L 0.7106299 1.2450787 0.7204725 1.2450787 2 P 0
L 0.7106299 1.2765748 0.7204725 1.2765748 2 P 0
L 0.7106299 1.3080708 0.7204725 1.3080708 2 P 0
L 0.7106299 1.3395669 0.7204725 1.3395669 2 P 0
L 0.7116142 0.752953 0.7116142 0.7706696 2 P 0
L 0.7116142 0.772638 0.7116142 0.7903546 2 P 0
L 0.7116142 0.792323 0.7116142 0.8100396 2 P 0
L 0.7116142 0.8120081 0.7116142 0.8297247 2 P 0
L 0.7116143 0.8316931 0.7116143 0.8494097 2 P 0
L 0.7116143 0.8513781 0.7116143 0.8690947 2 P 0
L 0.7116143 0.8710631 0.7116143 0.8887797 2 P 0
L 0.7116143 0.8907482 0.7116143 0.9084648 2 P 0
L 0.7116143 0.9104332 0.7116143 0.9281498 2 P 0
L 0.7116143 0.9301183 0.7116143 0.9478349 2 P 0
L 0.7116143 0.9498033 0.7116143 0.9675199 2 P 0
L 0.7116143 0.9694883 0.7116143 0.9872049 2 P 0
L 0.7116143 0.9891734 0.7116143 1.00689 2 P 0
L 0.7116143 1.0088584 0.7116143 1.026575 2 P 0
L 0.7155512 0.4330709 0.7155512 0.4448819 2 P 0
L 0.7155512 0.464567 0.7155512 0.476378 2 P 0
L 0.7155512 0.4960631 0.7155512 0.5078741 2 P 0
L 0.7155512 0.5275591 0.7155512 0.5393701 2 P 0
L 0.7155512 0.5590552 0.7155512 0.5708662 2 P 0
L 0.7155512 0.5905513 0.7155512 0.6023623 2 P 0
L 0.7155512 0.6220473 0.7155512 0.6338583 2 P 0
L 0.7155512 0.6535434 0.7155512 0.6653544 2 P 0
L 0.7155512 0.6850394 0.7155512 0.6968504 2 P 0
L 0.7155512 0.7165355 0.7155512 0.7283465 2 P 0
L 0.7155512 0.752953 0.7155512 0.7706696 2 P 0
L 0.7155512 0.752953 0.7431102 0.752953 2 P 0
L 0.7155512 0.7706696 0.7431102 0.7706696 2 P 0
L 0.7155512 0.772638 0.7155512 0.7903546 2 P 0
L 0.7155512 0.772638 0.7431102 0.772638 2 P 0
L 0.7155512 0.7903546 0.7431102 0.7903546 2 P 0
L 0.7155512 0.792323 0.7155512 0.8100396 2 P 0
L 0.7155512 0.792323 0.7431102 0.792323 2 P 0
L 0.7155512 0.8100396 0.7431102 0.8100396 2 P 0
L 0.7155512 0.8120081 0.7155512 0.8297247 2 P 0
L 0.7155512 0.8120081 0.7431102 0.8120081 2 P 0
L 0.7155512 0.8297247 0.7431102 0.8297247 2 P 0
L 0.7155512 1.0501968 0.7155512 1.0620078 2 P 0
L 0.7155512 1.0816929 0.7155512 1.0935039 2 P 0
L 0.7155512 1.113189 0.7155512 1.125 2 P 0
L 0.7155512 1.144685 0.7155512 1.156496 2 P 0
L 0.7155512 1.1761811 0.7155512 1.1879921 2 P 0
L 0.7155512 1.2076772 0.7155512 1.2194882 2 P 0
L 0.7155512 1.2391732 0.7155512 1.2509842 2 P 0
L 0.7155512 1.2706693 0.7155512 1.2824803 2 P 0
L 0.7155512 1.3021653 0.7155512 1.3139763 2 P 0
L 0.7155512 1.3336614 0.7155512 1.3454724 2 P 0
L 0.7155513 0.8316931 0.7155513 0.8494097 2 P 0
L 0.7155513 0.8316931 0.7431103 0.8316931 2 P 0
L 0.7155513 0.8494097 0.7431103 0.8494097 2 P 0
L 0.7155513 0.8513781 0.7155513 0.8690947 2 P 0
L 0.7155513 0.8513781 0.7431103 0.8513781 2 P 0
L 0.7155513 0.8690947 0.7431103 0.8690947 2 P 0
L 0.7155513 0.8710631 0.7155513 0.8887797 2 P 0
L 0.7155513 0.8710631 0.7431103 0.8710631 2 P 0
L 0.7155513 0.8887797 0.7431103 0.8887797 2 P 0
L 0.7155513 0.8907482 0.7155513 0.9084648 2 P 0
L 0.7155513 0.8907482 0.7431103 0.8907482 2 P 0
L 0.7155513 0.9084648 0.7431103 0.9084648 2 P 0
L 0.7155513 0.9104332 0.7155513 0.9281498 2 P 0
L 0.7155513 0.9104332 0.7431103 0.9104332 2 P 0
L 0.7155513 0.9281498 0.7431103 0.9281498 2 P 0
L 0.7155513 0.9301183 0.7155513 0.9478349 2 P 0
L 0.7155513 0.9301183 0.7431103 0.9301183 2 P 0
L 0.7155513 0.9478349 0.7431103 0.9478349 2 P 0
L 0.7155513 0.9498033 0.7155513 0.9675199 2 P 0
L 0.7155513 0.9498033 0.7431103 0.9498033 2 P 0
L 0.7155513 0.9675199 0.7431103 0.9675199 2 P 0
L 0.7155513 0.9694883 0.7155513 0.9872049 2 P 0
L 0.7155513 0.9694883 0.7431103 0.9694883 2 P 0
L 0.7155513 0.9872049 0.7431103 0.9872049 2 P 0
L 0.7155513 0.9891734 0.7155513 1.00689 2 P 0
L 0.7155513 0.9891734 0.7431103 0.9891734 2 P 0
L 0.7155513 1.00689 0.7431103 1.00689 2 P 0
L 0.7155513 1.0088584 0.7155513 1.026575 2 P 0
L 0.7155513 1.0088584 0.7431103 1.0088584 2 P 0
L 0.7155513 1.026575 0.7431103 1.026575 2 P 0
L 0.7234252 0.7618113 0.7352362 0.7618113 2 P 0
L 0.7234252 0.7814963 0.7352362 0.7814963 2 P 0
L 0.7234252 0.8011813 0.7352362 0.8011813 2 P 0
L 0.7234252 0.8208664 0.7352362 0.8208664 2 P 0
L 0.7234253 0.8405514 0.7352363 0.8405514 2 P 0
L 0.7234253 0.8602364 0.7352363 0.8602364 2 P 0
L 0.7234253 0.8799214 0.7352363 0.8799214 2 P 0
L 0.7234253 0.8996065 0.7352363 0.8996065 2 P 0
L 0.7234253 0.9192915 0.7352363 0.9192915 2 P 0
L 0.7234253 0.9389766 0.7352363 0.9389766 2 P 0
L 0.7234253 0.9586616 0.7352363 0.9586616 2 P 0
L 0.7234253 0.9783466 0.7352363 0.9783466 2 P 0
L 0.7234253 0.9980317 0.7352363 0.9980317 2 P 0
L 0.7234253 1.0177167 0.7352363 1.0177167 2 P 0
L 0.7244095 0.4251969 0.7244095 0.4527559 2 P 0
L 0.7244095 0.456693 0.7244095 0.484252 2 P 0
L 0.7244095 0.4881891 0.7244095 0.5157481 2 P 0
L 0.7244095 0.5196851 0.7244095 0.5472441 2 P 0
L 0.7244095 0.5511812 0.7244095 0.5787402 2 P 0
L 0.7244095 0.5826773 0.7244095 0.6102363 2 P 0
L 0.7244095 0.6141733 0.7244095 0.6417323 2 P 0
L 0.7244095 0.6456694 0.7244095 0.6732284 2 P 0
L 0.7244095 0.6771654 0.7244095 0.7047244 2 P 0
L 0.7244095 0.7086615 0.7244095 0.7362205 2 P 0
L 0.7244095 1.0423228 0.7244095 1.0698818 2 P 0
L 0.7244095 1.0738189 0.7244095 1.1013779 2 P 0
L 0.7244095 1.105315 0.7244095 1.132874 2 P 0
L 0.7244095 1.136811 0.7244095 1.16437 2 P 0
L 0.7244095 1.1683071 0.7244095 1.1958661 2 P 0
L 0.7244095 1.1998032 0.7244095 1.2273622 2 P 0
L 0.7244095 1.2312992 0.7244095 1.2588582 2 P 0
L 0.7244095 1.2627953 0.7244095 1.2903543 2 P 0
L 0.7244095 1.2942913 0.7244095 1.3218503 2 P 0
L 0.7244095 1.3257874 0.7244095 1.3533464 2 P 0
L 0.7263779 0.4251969 0.7263779 0.4527559 2 P 0
L 0.7263779 0.4251969 0.7440945 0.4251969 2 P 0
L 0.7263779 0.4527559 0.7440945 0.4527559 2 P 0
L 0.7263779 0.456693 0.7263779 0.484252 2 P 0
L 0.7263779 0.456693 0.7440945 0.456693 2 P 0
L 0.7263779 0.484252 0.7440945 0.484252 2 P 0
L 0.7263779 0.4881891 0.7263779 0.5157481 2 P 0
L 0.7263779 0.4881891 0.7440945 0.4881891 2 P 0
L 0.7263779 0.5157481 0.7440945 0.5157481 2 P 0
L 0.7263779 0.5196851 0.7263779 0.5472441 2 P 0
L 0.7263779 0.5196851 0.7440945 0.5196851 2 P 0
L 0.7263779 0.5472441 0.7440945 0.5472441 2 P 0
L 0.7263779 0.5511812 0.7263779 0.5787402 2 P 0
L 0.7263779 0.5511812 0.7440945 0.5511812 2 P 0
L 0.7263779 0.5787402 0.7440945 0.5787402 2 P 0
L 0.7263779 0.5826773 0.7263779 0.6102363 2 P 0
L 0.7263779 0.5826773 0.7440945 0.5826773 2 P 0
L 0.7263779 0.6102363 0.7440945 0.6102363 2 P 0
L 0.7263779 0.6141733 0.7263779 0.6417323 2 P 0
L 0.7263779 0.6141733 0.7440945 0.6141733 2 P 0
L 0.7263779 0.6417323 0.7440945 0.6417323 2 P 0
L 0.7263779 0.6456694 0.7263779 0.6732284 2 P 0
L 0.7263779 0.6456694 0.7440945 0.6456694 2 P 0
L 0.7263779 0.6732284 0.7440945 0.6732284 2 P 0
L 0.7263779 0.6771654 0.7263779 0.7047244 2 P 0
L 0.7263779 0.6771654 0.7440945 0.6771654 2 P 0
L 0.7263779 0.7047244 0.7440945 0.7047244 2 P 0
L 0.7263779 0.7086615 0.7263779 0.7362205 2 P 0
L 0.7263779 0.7086615 0.7440945 0.7086615 2 P 0
L 0.7263779 0.7362205 0.7440945 0.7362205 2 P 0
L 0.7263779 1.0423228 0.7263779 1.0698818 2 P 0
L 0.7263779 1.0423228 0.7440945 1.0423228 2 P 0
L 0.7263779 1.0698818 0.7440945 1.0698818 2 P 0
L 0.7263779 1.0738189 0.7263779 1.1013779 2 P 0
L 0.7263779 1.0738189 0.7440945 1.0738189 2 P 0
L 0.7263779 1.1013779 0.7440945 1.1013779 2 P 0
L 0.7263779 1.105315 0.7263779 1.132874 2 P 0
L 0.7263779 1.105315 0.7440945 1.105315 2 P 0
L 0.7263779 1.132874 0.7440945 1.132874 2 P 0
L 0.7263779 1.136811 0.7263779 1.16437 2 P 0
L 0.7263779 1.136811 0.7440945 1.136811 2 P 0
L 0.7263779 1.16437 0.7440945 1.16437 2 P 0
L 0.7263779 1.1683071 0.7263779 1.1958661 2 P 0
L 0.7263779 1.1683071 0.7440945 1.1683071 2 P 0
L 0.7263779 1.1958661 0.7440945 1.1958661 2 P 0
L 0.7263779 1.1998032 0.7263779 1.2273622 2 P 0
L 0.7263779 1.1998032 0.7440945 1.1998032 2 P 0
L 0.7263779 1.2273622 0.7440945 1.2273622 2 P 0
L 0.7263779 1.2312992 0.7263779 1.2588582 2 P 0
L 0.7263779 1.2312992 0.7440945 1.2312992 2 P 0
L 0.7263779 1.2588582 0.7440945 1.2588582 2 P 0
L 0.7263779 1.2627953 0.7263779 1.2903543 2 P 0
L 0.7263779 1.2627953 0.7440945 1.2627953 2 P 0
L 0.7263779 1.2903543 0.7440945 1.2903543 2 P 0
L 0.7263779 1.2942913 0.7263779 1.3218503 2 P 0
L 0.7263779 1.2942913 0.7440945 1.2942913 2 P 0
L 0.7263779 1.3218503 0.7440945 1.3218503 2 P 0
L 0.7263779 1.3257874 0.7263779 1.3533464 2 P 0
L 0.7263779 1.3257874 0.7440945 1.3257874 2 P 0
L 0.7263779 1.3533464 0.7440945 1.3533464 2 P 0
L 0.7293307 0.75689 0.7293307 0.7667326 2 P 0
L 0.7293307 0.776575 0.7293307 0.7864176 2 P 0
L 0.7293307 0.79626 0.7293307 0.8061026 2 P 0
L 0.7293307 0.8159451 0.7293307 0.8257877 2 P 0
L 0.7293308 0.8356301 0.7293308 0.8454727 2 P 0
L 0.7293308 0.8553151 0.7293308 0.8651577 2 P 0
L 0.7293308 0.8750001 0.7293308 0.8848427 2 P 0
L 0.7293308 0.8946852 0.7293308 0.9045278 2 P 0
L 0.7293308 0.9143702 0.7293308 0.9242128 2 P 0
L 0.7293308 0.9340553 0.7293308 0.9438979 2 P 0
L 0.7293308 0.9537403 0.7293308 0.9635829 2 P 0
L 0.7293308 0.9734253 0.7293308 0.9832679 2 P 0
L 0.7293308 0.9931104 0.7293308 1.002953 2 P 0
L 0.7293308 1.0127954 0.7293308 1.022638 2 P 0
L 0.7293308 2.902559 0.7293308 2.9438976 1 P 0
L 0.7293308 2.902559 0.8061024 2.902559 1 P 0
L 0.7293308 2.9438976 0.8061024 2.9438976 1 P 0
L 0.7303149 0.4389764 0.7401575 0.4389764 2 P 0
L 0.7303149 0.4704725 0.7401575 0.4704725 2 P 0
L 0.7303149 0.5019686 0.7401575 0.5019686 2 P 0
L 0.7303149 0.5334646 0.7401575 0.5334646 2 P 0
L 0.7303149 0.5649607 0.7401575 0.5649607 2 P 0
L 0.7303149 0.5964568 0.7401575 0.5964568 2 P 0
L 0.7303149 0.6279528 0.7401575 0.6279528 2 P 0
L 0.7303149 0.6594489 0.7401575 0.6594489 2 P 0
L 0.7303149 0.6909449 0.7401575 0.6909449 2 P 0
L 0.7303149 0.722441 0.7401575 0.722441 2 P 0
L 0.7303149 1.0561023 0.7401575 1.0561023 2 P 0
L 0.7303149 1.0875984 0.7401575 1.0875984 2 P 0
L 0.7303149 1.1190945 0.7401575 1.1190945 2 P 0
L 0.7303149 1.1505905 0.7401575 1.1505905 2 P 0
L 0.7303149 1.1820866 0.7401575 1.1820866 2 P 0
L 0.7303149 1.2135827 0.7401575 1.2135827 2 P 0
L 0.7303149 1.2450787 0.7401575 1.2450787 2 P 0
L 0.7303149 1.2765748 0.7401575 1.2765748 2 P 0
L 0.7303149 1.3080708 0.7401575 1.3080708 2 P 0
L 0.7303149 1.3395669 0.7401575 1.3395669 2 P 0
L 0.7352362 0.4330709 0.7352362 0.4448819 2 P 0
L 0.7352362 0.464567 0.7352362 0.476378 2 P 0
L 0.7352362 0.4960631 0.7352362 0.5078741 2 P 0
L 0.7352362 0.5275591 0.7352362 0.5393701 2 P 0
L 0.7352362 0.5590552 0.7352362 0.5708662 2 P 0
L 0.7352362 0.5905513 0.7352362 0.6023623 2 P 0
L 0.7352362 0.6220473 0.7352362 0.6338583 2 P 0
L 0.7352362 0.6535434 0.7352362 0.6653544 2 P 0
L 0.7352362 0.6850394 0.7352362 0.6968504 2 P 0
L 0.7352362 0.7165355 0.7352362 0.7283465 2 P 0
L 0.7352362 1.0501968 0.7352362 1.0620078 2 P 0
L 0.7352362 1.0816929 0.7352362 1.0935039 2 P 0
L 0.7352362 1.113189 0.7352362 1.125 2 P 0
L 0.7352362 1.144685 0.7352362 1.156496 2 P 0
L 0.7352362 1.1761811 0.7352362 1.1879921 2 P 0
L 0.7352362 1.2076772 0.7352362 1.2194882 2 P 0
L 0.7352362 1.2391732 0.7352362 1.2509842 2 P 0
L 0.7352362 1.2706693 0.7352362 1.2824803 2 P 0
L 0.7352362 1.3021653 0.7352362 1.3139763 2 P 0
L 0.7352362 1.3336614 0.7352362 1.3454724 2 P 0
L 0.7431102 0.752953 0.7431102 0.7706696 2 P 0
L 0.7431102 0.772638 0.7431102 0.7903546 2 P 0
L 0.7431102 0.792323 0.7431102 0.8100396 2 P 0
L 0.7431102 0.8120081 0.7431102 0.8297247 2 P 0
L 0.7431103 0.8316931 0.7431103 0.8494097 2 P 0
L 0.7431103 0.8513781 0.7431103 0.8690947 2 P 0
L 0.7431103 0.8710631 0.7431103 0.8887797 2 P 0
L 0.7431103 0.8907482 0.7431103 0.9084648 2 P 0
L 0.7431103 0.9104332 0.7431103 0.9281498 2 P 0
L 0.7431103 0.9301183 0.7431103 0.9478349 2 P 0
L 0.7431103 0.9498033 0.7431103 0.9675199 2 P 0
L 0.7431103 0.9694883 0.7431103 0.9872049 2 P 0
L 0.7431103 0.9891734 0.7431103 1.00689 2 P 0
L 0.7431103 1.0088584 0.7431103 1.026575 2 P 0
L 0.7440945 0.4251969 0.7440945 0.4527559 2 P 0
L 0.7440945 0.456693 0.7440945 0.484252 2 P 0
L 0.7440945 0.4881891 0.7440945 0.5157481 2 P 0
L 0.7440945 0.5196851 0.7440945 0.5472441 2 P 0
L 0.7440945 0.5511812 0.7440945 0.5787402 2 P 0
L 0.7440945 0.5826773 0.7440945 0.6102363 2 P 0
L 0.7440945 0.6141733 0.7440945 0.6417323 2 P 0
L 0.7440945 0.6456694 0.7440945 0.6732284 2 P 0
L 0.7440945 0.6771654 0.7440945 0.7047244 2 P 0
L 0.7440945 0.7086615 0.7440945 0.7362205 2 P 0
L 0.7440945 1.0423228 0.7440945 1.0698818 2 P 0
L 0.7440945 1.0738189 0.7440945 1.1013779 2 P 0
L 0.7440945 1.105315 0.7440945 1.132874 2 P 0
L 0.7440945 1.136811 0.7440945 1.16437 2 P 0
L 0.7440945 1.1683071 0.7440945 1.1958661 2 P 0
L 0.7440945 1.1998032 0.7440945 1.2273622 2 P 0
L 0.7440945 1.2312992 0.7440945 1.2588582 2 P 0
L 0.7440945 1.2627953 0.7440945 1.2903543 2 P 0
L 0.7440945 1.2942913 0.7440945 1.3218503 2 P 0
L 0.7440945 1.3257874 0.7440945 1.3533464 2 P 0
L 0.746063 0.4251969 0.746063 0.4527559 2 P 0
L 0.746063 0.4251969 0.7637796 0.4251969 2 P 0
L 0.746063 0.4527559 0.7637796 0.4527559 2 P 0
L 0.746063 0.456693 0.746063 0.484252 2 P 0
L 0.746063 0.456693 0.7637796 0.456693 2 P 0
L 0.746063 0.484252 0.7637796 0.484252 2 P 0
L 0.746063 0.4881891 0.746063 0.5157481 2 P 0
L 0.746063 0.4881891 0.7637796 0.4881891 2 P 0
L 0.746063 0.5157481 0.7637796 0.5157481 2 P 0
L 0.746063 0.5196851 0.746063 0.5472441 2 P 0
L 0.746063 0.5196851 0.7637796 0.5196851 2 P 0
L 0.746063 0.5472441 0.7637796 0.5472441 2 P 0
L 0.746063 0.5511812 0.746063 0.5787402 2 P 0
L 0.746063 0.5511812 0.7637796 0.5511812 2 P 0
L 0.746063 0.5787402 0.7637796 0.5787402 2 P 0
L 0.746063 0.5826773 0.746063 0.6102363 2 P 0
L 0.746063 0.5826773 0.7637796 0.5826773 2 P 0
L 0.746063 0.6102363 0.7637796 0.6102363 2 P 0
L 0.746063 0.6141733 0.746063 0.6417323 2 P 0
L 0.746063 0.6141733 0.7637796 0.6141733 2 P 0
L 0.746063 0.6417323 0.7637796 0.6417323 2 P 0
L 0.746063 0.6456694 0.746063 0.6732284 2 P 0
L 0.746063 0.6456694 0.7637796 0.6456694 2 P 0
L 0.746063 0.6732284 0.7637796 0.6732284 2 P 0
L 0.746063 0.6771654 0.746063 0.7047244 2 P 0
L 0.746063 0.6771654 0.7637796 0.6771654 2 P 0
L 0.746063 0.7047244 0.7637796 0.7047244 2 P 0
L 0.746063 0.7086615 0.746063 0.7362205 2 P 0
L 0.746063 0.7086615 0.7637796 0.7086615 2 P 0
L 0.746063 0.7362205 0.7637796 0.7362205 2 P 0
L 0.746063 1.0423228 0.746063 1.0698818 2 P 0
L 0.746063 1.0423228 0.7637796 1.0423228 2 P 0
L 0.746063 1.0698818 0.7637796 1.0698818 2 P 0
L 0.746063 1.0738189 0.746063 1.1013779 2 P 0
L 0.746063 1.0738189 0.7637796 1.0738189 2 P 0
L 0.746063 1.1013779 0.7637796 1.1013779 2 P 0
L 0.746063 1.105315 0.746063 1.132874 2 P 0
L 0.746063 1.105315 0.7637796 1.105315 2 P 0
L 0.746063 1.132874 0.7637796 1.132874 2 P 0
L 0.746063 1.136811 0.746063 1.16437 2 P 0
L 0.746063 1.136811 0.7637796 1.136811 2 P 0
L 0.746063 1.16437 0.7637796 1.16437 2 P 0
L 0.746063 1.1683071 0.746063 1.1958661 2 P 0
L 0.746063 1.1683071 0.7637796 1.1683071 2 P 0
L 0.746063 1.1958661 0.7637796 1.1958661 2 P 0
L 0.746063 1.1998032 0.746063 1.2273622 2 P 0
L 0.746063 1.1998032 0.7637796 1.1998032 2 P 0
L 0.746063 1.2273622 0.7637796 1.2273622 2 P 0
L 0.746063 1.2312992 0.746063 1.2588582 2 P 0
L 0.746063 1.2312992 0.7637796 1.2312992 2 P 0
L 0.746063 1.2588582 0.7637796 1.2588582 2 P 0
L 0.746063 1.2627953 0.746063 1.2903543 2 P 0
L 0.746063 1.2627953 0.7637796 1.2627953 2 P 0
L 0.746063 1.2903543 0.7637796 1.2903543 2 P 0
L 0.746063 1.2942913 0.746063 1.3218503 2 P 0
L 0.746063 1.2942913 0.7637796 1.2942913 2 P 0
L 0.746063 1.3218503 0.7637796 1.3218503 2 P 0
L 0.746063 1.3257874 0.746063 1.3533464 2 P 0
L 0.746063 1.3257874 0.7637796 1.3257874 2 P 0
L 0.746063 1.3533464 0.7637796 1.3533464 2 P 0
L 0.7470473 0.752953 0.7470473 0.7706696 2 P 0
L 0.7470473 0.752953 0.7746063 0.752953 2 P 0
L 0.7470473 0.7706696 0.7746063 0.7706696 2 P 0
L 0.7470473 0.772638 0.7470473 0.7903546 2 P 0
L 0.7470473 0.772638 0.7746063 0.772638 2 P 0
L 0.7470473 0.7903546 0.7746063 0.7903546 2 P 0
L 0.7470473 0.792323 0.7470473 0.8100396 2 P 0
L 0.7470473 0.792323 0.7746063 0.792323 2 P 0
L 0.7470473 0.8100396 0.7746063 0.8100396 2 P 0
L 0.7470473 0.8120081 0.7470473 0.8297247 2 P 0
L 0.7470473 0.8120081 0.7746063 0.8120081 2 P 0
L 0.7470473 0.8297247 0.7746063 0.8297247 2 P 0
L 0.7470474 0.8316931 0.7470474 0.8494097 2 P 0
L 0.7470474 0.8316931 0.7746064 0.8316931 2 P 0
L 0.7470474 0.8494097 0.7746064 0.8494097 2 P 0
L 0.7470474 0.8513781 0.7470474 0.8690947 2 P 0
L 0.7470474 0.8513781 0.7746064 0.8513781 2 P 0
L 0.7470474 0.8690947 0.7746064 0.8690947 2 P 0
L 0.7470474 0.8710631 0.7470474 0.8887797 2 P 0
L 0.7470474 0.8710631 0.7746064 0.8710631 2 P 0
L 0.7470474 0.8887797 0.7746064 0.8887797 2 P 0
L 0.7470474 0.8907482 0.7470474 0.9084648 2 P 0
L 0.7470474 0.8907482 0.7746064 0.8907482 2 P 0
L 0.7470474 0.9084648 0.7746064 0.9084648 2 P 0
L 0.7470474 0.9104332 0.7470474 0.9281498 2 P 0
L 0.7470474 0.9104332 0.7746064 0.9104332 2 P 0
L 0.7470474 0.9281498 0.7746064 0.9281498 2 P 0
L 0.7470474 0.9301183 0.7470474 0.9478349 2 P 0
L 0.7470474 0.9301183 0.7746064 0.9301183 2 P 0
L 0.7470474 0.9478349 0.7746064 0.9478349 2 P 0
L 0.7470474 0.9498033 0.7470474 0.9675199 2 P 0
L 0.7470474 0.9498033 0.7746064 0.9498033 2 P 0
L 0.7470474 0.9675199 0.7746064 0.9675199 2 P 0
L 0.7470474 0.9694883 0.7470474 0.9872049 2 P 0
L 0.7470474 0.9694883 0.7746064 0.9694883 2 P 0
L 0.7470474 0.9872049 0.7746064 0.9872049 2 P 0
L 0.7470474 0.9891734 0.7470474 1.00689 2 P 0
L 0.7470474 0.9891734 0.7746064 0.9891734 2 P 0
L 0.7470474 1.00689 0.7746064 1.00689 2 P 0
L 0.7470474 1.0088584 0.7470474 1.026575 2 P 0
L 0.7470474 1.0088584 0.7746064 1.0088584 2 P 0
L 0.7470474 1.026575 0.7746064 1.026575 2 P 0
L 0.75 0.4389764 0.7598426 0.4389764 2 P 0
L 0.75 0.4704725 0.7598426 0.4704725 2 P 0
L 0.75 0.5019686 0.7598426 0.5019686 2 P 0
L 0.75 0.5334646 0.7598426 0.5334646 2 P 0
L 0.75 0.5649607 0.7598426 0.5649607 2 P 0
L 0.75 0.5964568 0.7598426 0.5964568 2 P 0
L 0.75 0.6279528 0.7598426 0.6279528 2 P 0
L 0.75 0.6594489 0.7598426 0.6594489 2 P 0
L 0.75 0.6909449 0.7598426 0.6909449 2 P 0
L 0.75 0.722441 0.7598426 0.722441 2 P 0
L 0.75 1.0561023 0.7598426 1.0561023 2 P 0
L 0.75 1.0875984 0.7598426 1.0875984 2 P 0
L 0.75 1.1190945 0.7598426 1.1190945 2 P 0
L 0.75 1.1505905 0.7598426 1.1505905 2 P 0
L 0.75 1.1820866 0.7598426 1.1820866 2 P 0
L 0.75 1.2135827 0.7598426 1.2135827 2 P 0
L 0.75 1.2450787 0.7598426 1.2450787 2 P 0
L 0.75 1.2765748 0.7598426 1.2765748 2 P 0
L 0.75 1.3080708 0.7598426 1.3080708 2 P 0
L 0.75 1.3395669 0.7598426 1.3395669 2 P 0
L 0.7549213 0.4330709 0.7549213 0.4448819 2 P 0
L 0.7549213 0.464567 0.7549213 0.476378 2 P 0
L 0.7549213 0.4960631 0.7549213 0.5078741 2 P 0
L 0.7549213 0.5275591 0.7549213 0.5393701 2 P 0
L 0.7549213 0.5590552 0.7549213 0.5708662 2 P 0
L 0.7549213 0.5905513 0.7549213 0.6023623 2 P 0
L 0.7549213 0.6220473 0.7549213 0.6338583 2 P 0
L 0.7549213 0.6535434 0.7549213 0.6653544 2 P 0
L 0.7549213 0.6850394 0.7549213 0.6968504 2 P 0
L 0.7549213 0.7165355 0.7549213 0.7283465 2 P 0
L 0.7549213 0.7618113 0.7667323 0.7618113 2 P 0
L 0.7549213 0.7814963 0.7667323 0.7814963 2 P 0
L 0.7549213 0.8011813 0.7667323 0.8011813 2 P 0
L 0.7549213 0.8208664 0.7667323 0.8208664 2 P 0
L 0.7549213 1.0501968 0.7549213 1.0620078 2 P 0
L 0.7549213 1.0816929 0.7549213 1.0935039 2 P 0
L 0.7549213 1.113189 0.7549213 1.125 2 P 0
L 0.7549213 1.144685 0.7549213 1.156496 2 P 0
L 0.7549213 1.1761811 0.7549213 1.1879921 2 P 0
L 0.7549213 1.2076772 0.7549213 1.2194882 2 P 0
L 0.7549213 1.2391732 0.7549213 1.2509842 2 P 0
L 0.7549213 1.2706693 0.7549213 1.2824803 2 P 0
L 0.7549213 1.3021653 0.7549213 1.3139763 2 P 0
L 0.7549213 1.3336614 0.7549213 1.3454724 2 P 0
L 0.7549214 0.8405514 0.7667324 0.8405514 2 P 0
L 0.7549214 0.8602364 0.7667324 0.8602364 2 P 0
L 0.7549214 0.8799214 0.7667324 0.8799214 2 P 0
L 0.7549214 0.8996065 0.7667324 0.8996065 2 P 0
L 0.7549214 0.9192915 0.7667324 0.9192915 2 P 0
L 0.7549214 0.9389766 0.7667324 0.9389766 2 P 0
L 0.7549214 0.9586616 0.7667324 0.9586616 2 P 0
L 0.7549214 0.9783466 0.7667324 0.9783466 2 P 0
L 0.7549214 0.9980317 0.7667324 0.9980317 2 P 0
L 0.7549214 1.0177167 0.7667324 1.0177167 2 P 0
L 0.7608268 0.75689 0.7608268 0.7667326 2 P 0
L 0.7608268 0.776575 0.7608268 0.7864176 2 P 0
L 0.7608268 0.79626 0.7608268 0.8061026 2 P 0
L 0.7608268 0.8159451 0.7608268 0.8257877 2 P 0
L 0.7608269 0.8356301 0.7608269 0.8454727 2 P 0
L 0.7608269 0.8553151 0.7608269 0.8651577 2 P 0
L 0.7608269 0.8750001 0.7608269 0.8848427 2 P 0
L 0.7608269 0.8946852 0.7608269 0.9045278 2 P 0
L 0.7608269 0.9143702 0.7608269 0.9242128 2 P 0
L 0.7608269 0.9340553 0.7608269 0.9438979 2 P 0
L 0.7608269 0.9537403 0.7608269 0.9635829 2 P 0
L 0.7608269 0.9734253 0.7608269 0.9832679 2 P 0
L 0.7608269 0.9931104 0.7608269 1.002953 2 P 0
L 0.7608269 1.0127954 0.7608269 1.022638 2 P 0
L 0.7627953 2.9232283 0.7726379 2.9232283 1 P 0
L 0.7637796 0.4251969 0.7637796 0.4527559 2 P 0
L 0.7637796 0.456693 0.7637796 0.484252 2 P 0
L 0.7637796 0.4881891 0.7637796 0.5157481 2 P 0
L 0.7637796 0.5196851 0.7637796 0.5472441 2 P 0
L 0.7637796 0.5511812 0.7637796 0.5787402 2 P 0
L 0.7637796 0.5826773 0.7637796 0.6102363 2 P 0
L 0.7637796 0.6141733 0.7637796 0.6417323 2 P 0
L 0.7637796 0.6456694 0.7637796 0.6732284 2 P 0
L 0.7637796 0.6771654 0.7637796 0.7047244 2 P 0
L 0.7637796 0.7086615 0.7637796 0.7362205 2 P 0
L 0.7637796 1.0423228 0.7637796 1.0698818 2 P 0
L 0.7637796 1.0738189 0.7637796 1.1013779 2 P 0
L 0.7637796 1.105315 0.7637796 1.132874 2 P 0
L 0.7637796 1.136811 0.7637796 1.16437 2 P 0
L 0.7637796 1.1683071 0.7637796 1.1958661 2 P 0
L 0.7637796 1.1998032 0.7637796 1.2273622 2 P 0
L 0.7637796 1.2312992 0.7637796 1.2588582 2 P 0
L 0.7637796 1.2627953 0.7637796 1.2903543 2 P 0
L 0.7637796 1.2942913 0.7637796 1.3218503 2 P 0
L 0.7637796 1.3257874 0.7637796 1.3533464 2 P 0
L 0.765748 0.4251969 0.765748 0.4527559 2 P 0
L 0.765748 0.4251969 0.7834646 0.4251969 2 P 0
L 0.765748 0.4527559 0.7834646 0.4527559 2 P 0
L 0.765748 0.456693 0.765748 0.484252 2 P 0
L 0.765748 0.456693 0.7834646 0.456693 2 P 0
L 0.765748 0.484252 0.7834646 0.484252 2 P 0
L 0.765748 0.4881891 0.765748 0.5157481 2 P 0
L 0.765748 0.4881891 0.7834646 0.4881891 2 P 0
L 0.765748 0.5157481 0.7834646 0.5157481 2 P 0
L 0.765748 0.5196851 0.765748 0.5472441 2 P 0
L 0.765748 0.5196851 0.7834646 0.5196851 2 P 0
L 0.765748 0.5472441 0.7834646 0.5472441 2 P 0
L 0.765748 0.5511812 0.765748 0.5787402 2 P 0
L 0.765748 0.5511812 0.7834646 0.5511812 2 P 0
L 0.765748 0.5787402 0.7834646 0.5787402 2 P 0
L 0.765748 0.5826773 0.765748 0.6102363 2 P 0
L 0.765748 0.5826773 0.7834646 0.5826773 2 P 0
L 0.765748 0.6102363 0.7834646 0.6102363 2 P 0
L 0.765748 0.6141733 0.765748 0.6417323 2 P 0
L 0.765748 0.6141733 0.7834646 0.6141733 2 P 0
L 0.765748 0.6417323 0.7834646 0.6417323 2 P 0
L 0.765748 0.6456694 0.765748 0.6732284 2 P 0
L 0.765748 0.6456694 0.7834646 0.6456694 2 P 0
L 0.765748 0.6732284 0.7834646 0.6732284 2 P 0
L 0.765748 0.6771654 0.765748 0.7047244 2 P 0
L 0.765748 0.6771654 0.7834646 0.6771654 2 P 0
L 0.765748 0.7047244 0.7834646 0.7047244 2 P 0
L 0.765748 0.7086615 0.765748 0.7362205 2 P 0
L 0.765748 0.7086615 0.7834646 0.7086615 2 P 0
L 0.765748 0.7362205 0.7834646 0.7362205 2 P 0
L 0.765748 1.0423228 0.765748 1.0698818 2 P 0
L 0.765748 1.0423228 0.7834646 1.0423228 2 P 0
L 0.765748 1.0698818 0.7834646 1.0698818 2 P 0
L 0.765748 1.0738189 0.765748 1.1013779 2 P 0
L 0.765748 1.0738189 0.7834646 1.0738189 2 P 0
L 0.765748 1.1013779 0.7834646 1.1013779 2 P 0
L 0.765748 1.105315 0.765748 1.132874 2 P 0
L 0.765748 1.105315 0.7834646 1.105315 2 P 0
L 0.765748 1.132874 0.7834646 1.132874 2 P 0
L 0.765748 1.136811 0.765748 1.16437 2 P 0
L 0.765748 1.136811 0.7834646 1.136811 2 P 0
L 0.765748 1.16437 0.7834646 1.16437 2 P 0
L 0.765748 1.1683071 0.765748 1.1958661 2 P 0
L 0.765748 1.1683071 0.7834646 1.1683071 2 P 0
L 0.765748 1.1958661 0.7834646 1.1958661 2 P 0
L 0.765748 1.1998032 0.765748 1.2273622 2 P 0
L 0.765748 1.1998032 0.7834646 1.1998032 2 P 0
L 0.765748 1.2273622 0.7834646 1.2273622 2 P 0
L 0.765748 1.2312992 0.765748 1.2588582 2 P 0
L 0.765748 1.2312992 0.7834646 1.2312992 2 P 0
L 0.765748 1.2588582 0.7834646 1.2588582 2 P 0
L 0.765748 1.2627953 0.765748 1.2903543 2 P 0
L 0.765748 1.2627953 0.7834646 1.2627953 2 P 0
L 0.765748 1.2903543 0.7834646 1.2903543 2 P 0
L 0.765748 1.2942913 0.765748 1.3218503 2 P 0
L 0.765748 1.2942913 0.7834646 1.2942913 2 P 0
L 0.765748 1.3218503 0.7834646 1.3218503 2 P 0
L 0.765748 1.3257874 0.765748 1.3533464 2 P 0
L 0.765748 1.3257874 0.7834646 1.3257874 2 P 0
L 0.765748 1.3533464 0.7834646 1.3533464 2 P 0
L 0.7677166 2.918307 0.7677166 2.9281496 1 P 0
L 0.769685 0.4389764 0.7795276 0.4389764 2 P 0
L 0.769685 0.4704725 0.7795276 0.4704725 2 P 0
L 0.769685 0.5019686 0.7795276 0.5019686 2 P 0
L 0.769685 0.5334646 0.7795276 0.5334646 2 P 0
L 0.769685 0.5649607 0.7795276 0.5649607 2 P 0
L 0.769685 0.5964568 0.7795276 0.5964568 2 P 0
L 0.769685 0.6279528 0.7795276 0.6279528 2 P 0
L 0.769685 0.6594489 0.7795276 0.6594489 2 P 0
L 0.769685 0.6909449 0.7795276 0.6909449 2 P 0
L 0.769685 0.722441 0.7795276 0.722441 2 P 0
L 0.769685 1.0561023 0.7795276 1.0561023 2 P 0
L 0.769685 1.0875984 0.7795276 1.0875984 2 P 0
L 0.769685 1.1190945 0.7795276 1.1190945 2 P 0
L 0.769685 1.1505905 0.7795276 1.1505905 2 P 0
L 0.769685 1.1820866 0.7795276 1.1820866 2 P 0
L 0.769685 1.2135827 0.7795276 1.2135827 2 P 0
L 0.769685 1.2450787 0.7795276 1.2450787 2 P 0
L 0.769685 1.2765748 0.7795276 1.2765748 2 P 0
L 0.769685 1.3080708 0.7795276 1.3080708 2 P 0
L 0.769685 1.3395669 0.7795276 1.3395669 2 P 0
L 0.7746063 0.4330709 0.7746063 0.4448819 2 P 0
L 0.7746063 0.464567 0.7746063 0.476378 2 P 0
L 0.7746063 0.4960631 0.7746063 0.5078741 2 P 0
L 0.7746063 0.5275591 0.7746063 0.5393701 2 P 0
L 0.7746063 0.5590552 0.7746063 0.5708662 2 P 0
L 0.7746063 0.5905513 0.7746063 0.6023623 2 P 0
L 0.7746063 0.6220473 0.7746063 0.6338583 2 P 0
L 0.7746063 0.6535434 0.7746063 0.6653544 2 P 0
L 0.7746063 0.6850394 0.7746063 0.6968504 2 P 0
L 0.7746063 0.7165355 0.7746063 0.7283465 2 P 0
L 0.7746063 0.752953 0.7746063 0.7706696 2 P 0
L 0.7746063 0.772638 0.7746063 0.7903546 2 P 0
L 0.7746063 0.792323 0.7746063 0.8100396 2 P 0
L 0.7746063 0.8120081 0.7746063 0.8297247 2 P 0
L 0.7746063 1.0501968 0.7746063 1.0620078 2 P 0
L 0.7746063 1.0816929 0.7746063 1.0935039 2 P 0
L 0.7746063 1.113189 0.7746063 1.125 2 P 0
L 0.7746063 1.144685 0.7746063 1.156496 2 P 0
L 0.7746063 1.1761811 0.7746063 1.1879921 2 P 0
L 0.7746063 1.2076772 0.7746063 1.2194882 2 P 0
L 0.7746063 1.2391732 0.7746063 1.2509842 2 P 0
L 0.7746063 1.2706693 0.7746063 1.2824803 2 P 0
L 0.7746063 1.3021653 0.7746063 1.3139763 2 P 0
L 0.7746063 1.3336614 0.7746063 1.3454724 2 P 0
L 0.7746064 0.8316931 0.7746064 0.8494097 2 P 0
L 0.7746064 0.8513781 0.7746064 0.8690947 2 P 0
L 0.7746064 0.8710631 0.7746064 0.8887797 2 P 0
L 0.7746064 0.8907482 0.7746064 0.9084648 2 P 0
L 0.7746064 0.9104332 0.7746064 0.9281498 2 P 0
L 0.7746064 0.9301183 0.7746064 0.9478349 2 P 0
L 0.7746064 0.9498033 0.7746064 0.9675199 2 P 0
L 0.7746064 0.9694883 0.7746064 0.9872049 2 P 0
L 0.7746064 0.9891734 0.7746064 1.00689 2 P 0
L 0.7746064 1.0088584 0.7746064 1.026575 2 P 0
L 0.7765747 2.0009843 0.7765747 2.0541339 1 P 0
L 0.7765747 2.0009843 0.878937 2.0009843 1 P 0
L 0.7765747 2.0541339 0.878937 2.0541339 1 P 0
L 0.7785434 0.752953 0.7785434 0.7706696 2 P 0
L 0.7785434 0.752953 0.8061024 0.752953 2 P 0
L 0.7785434 0.7706696 0.8061024 0.7706696 2 P 0
L 0.7785434 0.772638 0.7785434 0.7903546 2 P 0
L 0.7785434 0.772638 0.8061024 0.772638 2 P 0
L 0.7785434 0.7903546 0.8061024 0.7903546 2 P 0
L 0.7785434 0.792323 0.7785434 0.8100396 2 P 0
L 0.7785434 0.792323 0.8061024 0.792323 2 P 0
L 0.7785434 0.8100396 0.8061024 0.8100396 2 P 0
L 0.7785434 0.8120081 0.7785434 0.8297247 2 P 0
L 0.7785434 0.8120081 0.8061024 0.8120081 2 P 0
L 0.7785434 0.8297247 0.8061024 0.8297247 2 P 0
L 0.7785435 0.8316931 0.7785435 0.8494097 2 P 0
L 0.7785435 0.8316931 0.8061025 0.8316931 2 P 0
L 0.7785435 0.8494097 0.8061025 0.8494097 2 P 0
L 0.7785435 0.8513781 0.7785435 0.8690947 2 P 0
L 0.7785435 0.8513781 0.8061025 0.8513781 2 P 0
L 0.7785435 0.8690947 0.8061025 0.8690947 2 P 0
L 0.7785435 0.8710631 0.7785435 0.8887797 2 P 0
L 0.7785435 0.8710631 0.8061025 0.8710631 2 P 0
L 0.7785435 0.8887797 0.8061025 0.8887797 2 P 0
L 0.7785435 0.8907482 0.7785435 0.9084648 2 P 0
L 0.7785435 0.8907482 0.8061025 0.8907482 2 P 0
L 0.7785435 0.9084648 0.8061025 0.9084648 2 P 0
L 0.7785435 0.9104332 0.7785435 0.9281498 2 P 0
L 0.7785435 0.9104332 0.8061025 0.9104332 2 P 0
L 0.7785435 0.9281498 0.8061025 0.9281498 2 P 0
L 0.7785435 0.9301183 0.7785435 0.9478349 2 P 0
L 0.7785435 0.9301183 0.8061025 0.9301183 2 P 0
L 0.7785435 0.9478349 0.8061025 0.9478349 2 P 0
L 0.7785435 0.9498033 0.7785435 0.9675199 2 P 0
L 0.7785435 0.9498033 0.8061025 0.9498033 2 P 0
L 0.7785435 0.9675199 0.8061025 0.9675199 2 P 0
L 0.7785435 0.9694883 0.7785435 0.9872049 2 P 0
L 0.7785435 0.9694883 0.8061025 0.9694883 2 P 0
L 0.7785435 0.9872049 0.8061025 0.9872049 2 P 0
L 0.7785435 0.9891734 0.7785435 1.00689 2 P 0
L 0.7785435 0.9891734 0.8061025 0.9891734 2 P 0
L 0.7785435 1.00689 0.8061025 1.00689 2 P 0
L 0.7785435 1.0088584 0.7785435 1.026575 2 P 0
L 0.7785435 1.0088584 0.8061025 1.0088584 2 P 0
L 0.7785435 1.026575 0.8061025 1.026575 2 P 0
L 0.7834646 0.4251969 0.7834646 0.4527559 2 P 0
L 0.7834646 0.456693 0.7834646 0.484252 2 P 0
L 0.7834646 0.4881891 0.7834646 0.5157481 2 P 0
L 0.7834646 0.5196851 0.7834646 0.5472441 2 P 0
L 0.7834646 0.5511812 0.7834646 0.5787402 2 P 0
L 0.7834646 0.5826773 0.7834646 0.6102363 2 P 0
L 0.7834646 0.6141733 0.7834646 0.6417323 2 P 0
L 0.7834646 0.6456694 0.7834646 0.6732284 2 P 0
L 0.7834646 0.6771654 0.7834646 0.7047244 2 P 0
L 0.7834646 0.7086615 0.7834646 0.7362205 2 P 0
L 0.7834646 1.0423228 0.7834646 1.0698818 2 P 0
L 0.7834646 1.0738189 0.7834646 1.1013779 2 P 0
L 0.7834646 1.105315 0.7834646 1.132874 2 P 0
L 0.7834646 1.136811 0.7834646 1.16437 2 P 0
L 0.7834646 1.1683071 0.7834646 1.1958661 2 P 0
L 0.7834646 1.1998032 0.7834646 1.2273622 2 P 0
L 0.7834646 1.2312992 0.7834646 1.2588582 2 P 0
L 0.7834646 1.2627953 0.7834646 1.2903543 2 P 0
L 0.7834646 1.2942913 0.7834646 1.3218503 2 P 0
L 0.7834646 1.3257874 0.7834646 1.3533464 2 P 0
L 0.7864174 0.7618113 0.7982284 0.7618113 2 P 0
L 0.7864174 0.7814963 0.7982284 0.7814963 2 P 0
L 0.7864174 0.8011813 0.7982284 0.8011813 2 P 0
L 0.7864174 0.8208664 0.7982284 0.8208664 2 P 0
L 0.7864175 0.8405514 0.7982285 0.8405514 2 P 0
L 0.7864175 0.8602364 0.7982285 0.8602364 2 P 0
L 0.7864175 0.8799214 0.7982285 0.8799214 2 P 0
L 0.7864175 0.8996065 0.7982285 0.8996065 2 P 0
L 0.7864175 0.9192915 0.7982285 0.9192915 2 P 0
L 0.7864175 0.9389766 0.7982285 0.9389766 2 P 0
L 0.7864175 0.9586616 0.7982285 0.9586616 2 P 0
L 0.7864175 0.9783466 0.7982285 0.9783466 2 P 0
L 0.7864175 0.9980317 0.7982285 0.9980317 2 P 0
L 0.7864175 1.0177167 0.7982285 1.0177167 2 P 0
L 0.7923229 0.75689 0.7923229 0.7667326 2 P 0
L 0.7923229 0.776575 0.7923229 0.7864176 2 P 0
L 0.7923229 0.79626 0.7923229 0.8061026 2 P 0
L 0.7923229 0.8159451 0.7923229 0.8257877 2 P 0
L 0.792323 0.8356301 0.792323 0.8454727 2 P 0
L 0.792323 0.8553151 0.792323 0.8651577 2 P 0
L 0.792323 0.8750001 0.792323 0.8848427 2 P 0
L 0.792323 0.8946852 0.792323 0.9045278 2 P 0
L 0.792323 0.9143702 0.792323 0.9242128 2 P 0
L 0.792323 0.9340553 0.792323 0.9438979 2 P 0
L 0.792323 0.9537403 0.792323 0.9635829 2 P 0
L 0.792323 0.9734253 0.792323 0.9832679 2 P 0
L 0.792323 0.9931104 0.792323 1.002953 2 P 0
L 0.792323 1.0127954 0.792323 1.022638 2 P 0
L 0.8001969 0.4251969 0.8001969 0.4527559 2 P 0
L 0.8001969 0.4251969 0.8179135 0.4251969 2 P 0
L 0.8001969 0.4527559 0.8179135 0.4527559 2 P 0
L 0.8001969 0.456693 0.8001969 0.484252 2 P 0
L 0.8001969 0.456693 0.8179135 0.456693 2 P 0
L 0.8001969 0.484252 0.8179135 0.484252 2 P 0
L 0.8001969 0.4881891 0.8001969 0.5157481 2 P 0
L 0.8001969 0.4881891 0.8179135 0.4881891 2 P 0
L 0.8001969 0.5157481 0.8179135 0.5157481 2 P 0
L 0.8001969 0.5196851 0.8001969 0.5472441 2 P 0
L 0.8001969 0.5196851 0.8179135 0.5196851 2 P 0
L 0.8001969 0.5472441 0.8179135 0.5472441 2 P 0
L 0.8001969 0.5511812 0.8001969 0.5787402 2 P 0
L 0.8001969 0.5511812 0.8179135 0.5511812 2 P 0
L 0.8001969 0.5787402 0.8179135 0.5787402 2 P 0
L 0.8001969 0.5826773 0.8001969 0.6102363 2 P 0
L 0.8001969 0.5826773 0.8179135 0.5826773 2 P 0
L 0.8001969 0.6102363 0.8179135 0.6102363 2 P 0
L 0.8001969 0.6141733 0.8001969 0.6417323 2 P 0
L 0.8001969 0.6141733 0.8179135 0.6141733 2 P 0
L 0.8001969 0.6417323 0.8179135 0.6417323 2 P 0
L 0.8001969 0.6456694 0.8001969 0.6732284 2 P 0
L 0.8001969 0.6456694 0.8179135 0.6456694 2 P 0
L 0.8001969 0.6732284 0.8179135 0.6732284 2 P 0
L 0.8001969 0.6771654 0.8001969 0.7047244 2 P 0
L 0.8001969 0.6771654 0.8179135 0.6771654 2 P 0
L 0.8001969 0.7047244 0.8179135 0.7047244 2 P 0
L 0.8001969 0.7086615 0.8001969 0.7362205 2 P 0
L 0.8001969 0.7086615 0.8179135 0.7086615 2 P 0
L 0.8001969 0.7362205 0.8179135 0.7362205 2 P 0
L 0.8001969 1.0423228 0.8001969 1.0698818 2 P 0
L 0.8001969 1.0423228 0.8179135 1.0423228 2 P 0
L 0.8001969 1.0698818 0.8179135 1.0698818 2 P 0
L 0.8001969 1.0738189 0.8001969 1.1013779 2 P 0
L 0.8001969 1.0738189 0.8179135 1.0738189 2 P 0
L 0.8001969 1.1013779 0.8179135 1.1013779 2 P 0
L 0.8001969 1.105315 0.8001969 1.132874 2 P 0
L 0.8001969 1.105315 0.8179135 1.105315 2 P 0
L 0.8001969 1.132874 0.8179135 1.132874 2 P 0
L 0.8001969 1.136811 0.8001969 1.16437 2 P 0
L 0.8001969 1.136811 0.8179135 1.136811 2 P 0
L 0.8001969 1.16437 0.8179135 1.16437 2 P 0
L 0.8001969 1.1683071 0.8001969 1.1958661 2 P 0
L 0.8001969 1.1683071 0.8179135 1.1683071 2 P 0
L 0.8001969 1.1958661 0.8179135 1.1958661 2 P 0
L 0.8001969 1.1998032 0.8001969 1.2273622 2 P 0
L 0.8001969 1.1998032 0.8179135 1.1998032 2 P 0
L 0.8001969 1.2273622 0.8179135 1.2273622 2 P 0
L 0.8001969 1.2312992 0.8001969 1.2588582 2 P 0
L 0.8001969 1.2312992 0.8179135 1.2312992 2 P 0
L 0.8001969 1.2588582 0.8179135 1.2588582 2 P 0
L 0.8001969 1.2627953 0.8001969 1.2903543 2 P 0
L 0.8001969 1.2627953 0.8179135 1.2627953 2 P 0
L 0.8001969 1.2903543 0.8179135 1.2903543 2 P 0
L 0.8001969 1.2942913 0.8001969 1.3218503 2 P 0
L 0.8001969 1.2942913 0.8179135 1.2942913 2 P 0
L 0.8001969 1.3218503 0.8179135 1.3218503 2 P 0
L 0.8001969 1.3257874 0.8001969 1.3533464 2 P 0
L 0.8001969 1.3257874 0.8179135 1.3257874 2 P 0
L 0.8001969 1.3533464 0.8179135 1.3533464 2 P 0
L 0.8041339 0.4389764 0.8139765 0.4389764 2 P 0
L 0.8041339 0.4704725 0.8139765 0.4704725 2 P 0
L 0.8041339 0.5019686 0.8139765 0.5019686 2 P 0
L 0.8041339 0.5334646 0.8139765 0.5334646 2 P 0
L 0.8041339 0.5649607 0.8139765 0.5649607 2 P 0
L 0.8041339 0.5964568 0.8139765 0.5964568 2 P 0
L 0.8041339 0.6279528 0.8139765 0.6279528 2 P 0
L 0.8041339 0.6594489 0.8139765 0.6594489 2 P 0
L 0.8041339 0.6909449 0.8139765 0.6909449 2 P 0
L 0.8041339 0.722441 0.8139765 0.722441 2 P 0
L 0.8041339 1.0561023 0.8139765 1.0561023 2 P 0
L 0.8041339 1.0875984 0.8139765 1.0875984 2 P 0
L 0.8041339 1.1190945 0.8139765 1.1190945 2 P 0
L 0.8041339 1.1505905 0.8139765 1.1505905 2 P 0
L 0.8041339 1.1820866 0.8139765 1.1820866 2 P 0
L 0.8041339 1.2135827 0.8139765 1.2135827 2 P 0
L 0.8041339 1.2450787 0.8139765 1.2450787 2 P 0
L 0.8041339 1.2765748 0.8139765 1.2765748 2 P 0
L 0.8041339 1.3080708 0.8139765 1.3080708 2 P 0
L 0.8041339 1.3395669 0.8139765 1.3395669 2 P 0
L 0.8061024 0.752953 0.8061024 0.7706696 2 P 0
L 0.8061024 0.772638 0.8061024 0.7903546 2 P 0
L 0.8061024 0.792323 0.8061024 0.8100396 2 P 0
L 0.8061024 0.8120081 0.8061024 0.8297247 2 P 0
L 0.8061024 2.902559 0.8061024 2.9438976 1 P 0
L 0.8061025 0.8316931 0.8061025 0.8494097 2 P 0
L 0.8061025 0.8513781 0.8061025 0.8690947 2 P 0
L 0.8061025 0.8710631 0.8061025 0.8887797 2 P 0
L 0.8061025 0.8907482 0.8061025 0.9084648 2 P 0
L 0.8061025 0.9104332 0.8061025 0.9281498 2 P 0
L 0.8061025 0.9301183 0.8061025 0.9478349 2 P 0
L 0.8061025 0.9498033 0.8061025 0.9675199 2 P 0
L 0.8061025 0.9694883 0.8061025 0.9872049 2 P 0
L 0.8061025 0.9891734 0.8061025 1.00689 2 P 0
L 0.8061025 1.0088584 0.8061025 1.026575 2 P 0
L 0.8090552 0.4330709 0.8090552 0.4448819 2 P 0
L 0.8090552 0.464567 0.8090552 0.476378 2 P 0
L 0.8090552 0.4960631 0.8090552 0.5078741 2 P 0
L 0.8090552 0.5275591 0.8090552 0.5393701 2 P 0
L 0.8090552 0.5590552 0.8090552 0.5708662 2 P 0
L 0.8090552 0.5905513 0.8090552 0.6023623 2 P 0
L 0.8090552 0.6220473 0.8090552 0.6338583 2 P 0
L 0.8090552 0.6535434 0.8090552 0.6653544 2 P 0
L 0.8090552 0.6850394 0.8090552 0.6968504 2 P 0
L 0.8090552 0.7165355 0.8090552 0.7283465 2 P 0
L 0.8090552 1.0501968 0.8090552 1.0620078 2 P 0
L 0.8090552 1.0816929 0.8090552 1.0935039 2 P 0
L 0.8090552 1.113189 0.8090552 1.125 2 P 0
L 0.8090552 1.144685 0.8090552 1.156496 2 P 0
L 0.8090552 1.1761811 0.8090552 1.1879921 2 P 0
L 0.8090552 1.2076772 0.8090552 1.2194882 2 P 0
L 0.8090552 1.2391732 0.8090552 1.2509842 2 P 0
L 0.8090552 1.2706693 0.8090552 1.2824803 2 P 0
L 0.8090552 1.3021653 0.8090552 1.3139763 2 P 0
L 0.8090552 1.3336614 0.8090552 1.3454724 2 P 0
L 0.8100394 0.752953 0.8100394 0.7706696 2 P 0
L 0.8100394 0.752953 0.8375984 0.752953 2 P 0
L 0.8100394 0.7706696 0.8375984 0.7706696 2 P 0
L 0.8100394 0.772638 0.8100394 0.7903546 2 P 0
L 0.8100394 0.772638 0.8375984 0.772638 2 P 0
L 0.8100394 0.7903546 0.8375984 0.7903546 2 P 0
L 0.8100394 0.792323 0.8100394 0.8100396 2 P 0
L 0.8100394 0.792323 0.8375984 0.792323 2 P 0
L 0.8100394 0.8100396 0.8375984 0.8100396 2 P 0
L 0.8100394 0.8120081 0.8100394 0.8297247 2 P 0
L 0.8100394 0.8120081 0.8375984 0.8120081 2 P 0
L 0.8100394 0.8297247 0.8375984 0.8297247 2 P 0
L 0.8100395 0.8316931 0.8100395 0.8494097 2 P 0
L 0.8100395 0.8316931 0.8375985 0.8316931 2 P 0
L 0.8100395 0.8494097 0.8375985 0.8494097 2 P 0
L 0.8100395 0.8513781 0.8100395 0.8690947 2 P 0
L 0.8100395 0.8513781 0.8375985 0.8513781 2 P 0
L 0.8100395 0.8690947 0.8375985 0.8690947 2 P 0
L 0.8100395 0.8710631 0.8100395 0.8887797 2 P 0
L 0.8100395 0.8710631 0.8375985 0.8710631 2 P 0
L 0.8100395 0.8887797 0.8375985 0.8887797 2 P 0
L 0.8100395 0.8907482 0.8100395 0.9084648 2 P 0
L 0.8100395 0.8907482 0.8375985 0.8907482 2 P 0
L 0.8100395 0.9084648 0.8375985 0.9084648 2 P 0
L 0.8100395 0.9104332 0.8100395 0.9281498 2 P 0
L 0.8100395 0.9104332 0.8375985 0.9104332 2 P 0
L 0.8100395 0.9281498 0.8375985 0.9281498 2 P 0
L 0.8100395 0.9301183 0.8100395 0.9478349 2 P 0
L 0.8100395 0.9301183 0.8375985 0.9301183 2 P 0
L 0.8100395 0.9478349 0.8375985 0.9478349 2 P 0
L 0.8100395 0.9498033 0.8100395 0.9675199 2 P 0
L 0.8100395 0.9498033 0.8375985 0.9498033 2 P 0
L 0.8100395 0.9675199 0.8375985 0.9675199 2 P 0
L 0.8100395 0.9694883 0.8100395 0.9872049 2 P 0
L 0.8100395 0.9694883 0.8375985 0.9694883 2 P 0
L 0.8100395 0.9872049 0.8375985 0.9872049 2 P 0
L 0.8100395 0.9891734 0.8100395 1.00689 2 P 0
L 0.8100395 0.9891734 0.8375985 0.9891734 2 P 0
L 0.8100395 1.00689 0.8375985 1.00689 2 P 0
L 0.8100395 1.0088584 0.8100395 1.026575 2 P 0
L 0.8100395 1.0088584 0.8375985 1.0088584 2 P 0
L 0.8100395 1.026575 0.8375985 1.026575 2 P 0
L 0.8179134 0.7618113 0.8297244 0.7618113 2 P 0
L 0.8179134 0.7814963 0.8297244 0.7814963 2 P 0
L 0.8179134 0.8011813 0.8297244 0.8011813 2 P 0
L 0.8179134 0.8208664 0.8297244 0.8208664 2 P 0
L 0.8179135 0.4251969 0.8179135 0.4527559 2 P 0
L 0.8179135 0.456693 0.8179135 0.484252 2 P 0
L 0.8179135 0.4881891 0.8179135 0.5157481 2 P 0
L 0.8179135 0.5196851 0.8179135 0.5472441 2 P 0
L 0.8179135 0.5511812 0.8179135 0.5787402 2 P 0
L 0.8179135 0.5826773 0.8179135 0.6102363 2 P 0
L 0.8179135 0.6141733 0.8179135 0.6417323 2 P 0
L 0.8179135 0.6456694 0.8179135 0.6732284 2 P 0
L 0.8179135 0.6771654 0.8179135 0.7047244 2 P 0
L 0.8179135 0.7086615 0.8179135 0.7362205 2 P 0
L 0.8179135 0.8405514 0.8297245 0.8405514 2 P 0
L 0.8179135 0.8602364 0.8297245 0.8602364 2 P 0
L 0.8179135 0.8799214 0.8297245 0.8799214 2 P 0
L 0.8179135 0.8996065 0.8297245 0.8996065 2 P 0
L 0.8179135 0.9192915 0.8297245 0.9192915 2 P 0
L 0.8179135 0.9389766 0.8297245 0.9389766 2 P 0
L 0.8179135 0.9586616 0.8297245 0.9586616 2 P 0
L 0.8179135 0.9783466 0.8297245 0.9783466 2 P 0
L 0.8179135 0.9980317 0.8297245 0.9980317 2 P 0
L 0.8179135 1.0177167 0.8297245 1.0177167 2 P 0
L 0.8179135 1.0423228 0.8179135 1.0698818 2 P 0
L 0.8179135 1.0738189 0.8179135 1.1013779 2 P 0
L 0.8179135 1.105315 0.8179135 1.132874 2 P 0
L 0.8179135 1.136811 0.8179135 1.16437 2 P 0
L 0.8179135 1.1683071 0.8179135 1.1958661 2 P 0
L 0.8179135 1.1998032 0.8179135 1.2273622 2 P 0
L 0.8179135 1.2312992 0.8179135 1.2588582 2 P 0
L 0.8179135 1.2627953 0.8179135 1.2903543 2 P 0
L 0.8179135 1.2942913 0.8179135 1.3218503 2 P 0
L 0.8179135 1.3257874 0.8179135 1.3533464 2 P 0
L 0.8198819 0.4251969 0.8198819 0.4527559 2 P 0
L 0.8198819 0.4251969 0.8375985 0.4251969 2 P 0
L 0.8198819 0.4527559 0.8375985 0.4527559 2 P 0
L 0.8198819 0.456693 0.8198819 0.484252 2 P 0
L 0.8198819 0.456693 0.8375985 0.456693 2 P 0
L 0.8198819 0.484252 0.8375985 0.484252 2 P 0
L 0.8198819 0.4881891 0.8198819 0.5157481 2 P 0
L 0.8198819 0.4881891 0.8375985 0.4881891 2 P 0
L 0.8198819 0.5157481 0.8375985 0.5157481 2 P 0
L 0.8198819 0.5196851 0.8198819 0.5472441 2 P 0
L 0.8198819 0.5196851 0.8375985 0.5196851 2 P 0
L 0.8198819 0.5472441 0.8375985 0.5472441 2 P 0
L 0.8198819 0.5511812 0.8198819 0.5787402 2 P 0
L 0.8198819 0.5511812 0.8375985 0.5511812 2 P 0
L 0.8198819 0.5787402 0.8375985 0.5787402 2 P 0
L 0.8198819 0.5826773 0.8198819 0.6102363 2 P 0
L 0.8198819 0.5826773 0.8375985 0.5826773 2 P 0
L 0.8198819 0.6102363 0.8375985 0.6102363 2 P 0
L 0.8198819 0.6141733 0.8198819 0.6417323 2 P 0
L 0.8198819 0.6141733 0.8375985 0.6141733 2 P 0
L 0.8198819 0.6417323 0.8375985 0.6417323 2 P 0
L 0.8198819 0.6456694 0.8198819 0.6732284 2 P 0
L 0.8198819 0.6456694 0.8375985 0.6456694 2 P 0
L 0.8198819 0.6732284 0.8375985 0.6732284 2 P 0
L 0.8198819 0.6771654 0.8198819 0.7047244 2 P 0
L 0.8198819 0.6771654 0.8375985 0.6771654 2 P 0
L 0.8198819 0.7047244 0.8375985 0.7047244 2 P 0
L 0.8198819 0.7086615 0.8198819 0.7362205 2 P 0
L 0.8198819 0.7086615 0.8375985 0.7086615 2 P 0
L 0.8198819 0.7362205 0.8375985 0.7362205 2 P 0
L 0.8198819 1.0423228 0.8198819 1.0698818 2 P 0
L 0.8198819 1.0423228 0.8375985 1.0423228 2 P 0
L 0.8198819 1.0698818 0.8375985 1.0698818 2 P 0
L 0.8198819 1.0738189 0.8198819 1.1013779 2 P 0
L 0.8198819 1.0738189 0.8375985 1.0738189 2 P 0
L 0.8198819 1.1013779 0.8375985 1.1013779 2 P 0
L 0.8198819 1.105315 0.8198819 1.132874 2 P 0
L 0.8198819 1.105315 0.8375985 1.105315 2 P 0
L 0.8198819 1.132874 0.8375985 1.132874 2 P 0
L 0.8198819 1.136811 0.8198819 1.16437 2 P 0
L 0.8198819 1.136811 0.8375985 1.136811 2 P 0
L 0.8198819 1.16437 0.8375985 1.16437 2 P 0
L 0.8198819 1.1683071 0.8198819 1.1958661 2 P 0
L 0.8198819 1.1683071 0.8375985 1.1683071 2 P 0
L 0.8198819 1.1958661 0.8375985 1.1958661 2 P 0
L 0.8198819 1.1998032 0.8198819 1.2273622 2 P 0
L 0.8198819 1.1998032 0.8375985 1.1998032 2 P 0
L 0.8198819 1.2273622 0.8375985 1.2273622 2 P 0
L 0.8198819 1.2312992 0.8198819 1.2588582 2 P 0
L 0.8198819 1.2312992 0.8375985 1.2312992 2 P 0
L 0.8198819 1.2588582 0.8375985 1.2588582 2 P 0
L 0.8198819 1.2627953 0.8198819 1.2903543 2 P 0
L 0.8198819 1.2627953 0.8375985 1.2627953 2 P 0
L 0.8198819 1.2903543 0.8375985 1.2903543 2 P 0
L 0.8198819 1.2942913 0.8198819 1.3218503 2 P 0
L 0.8198819 1.2942913 0.8375985 1.2942913 2 P 0
L 0.8198819 1.3218503 0.8375985 1.3218503 2 P 0
L 0.8198819 1.3257874 0.8198819 1.3533464 2 P 0
L 0.8198819 1.3257874 0.8375985 1.3257874 2 P 0
L 0.8198819 1.3533464 0.8375985 1.3533464 2 P 0
L 0.8208661 2.0275591 0.8326771 2.0275591 1 P 0
L 0.8238189 0.4389764 0.8336615 0.4389764 2 P 0
L 0.8238189 0.4704725 0.8336615 0.4704725 2 P 0
L 0.8238189 0.5019686 0.8336615 0.5019686 2 P 0
L 0.8238189 0.5334646 0.8336615 0.5334646 2 P 0
L 0.8238189 0.5649607 0.8336615 0.5649607 2 P 0
L 0.8238189 0.5964568 0.8336615 0.5964568 2 P 0
L 0.8238189 0.6279528 0.8336615 0.6279528 2 P 0
L 0.8238189 0.6594489 0.8336615 0.6594489 2 P 0
L 0.8238189 0.6909449 0.8336615 0.6909449 2 P 0
L 0.8238189 0.722441 0.8336615 0.722441 2 P 0
L 0.8238189 0.75689 0.8238189 0.7667326 2 P 0
L 0.8238189 0.776575 0.8238189 0.7864176 2 P 0
L 0.8238189 0.79626 0.8238189 0.8061026 2 P 0
L 0.8238189 0.8159451 0.8238189 0.8257877 2 P 0
L 0.8238189 1.0561023 0.8336615 1.0561023 2 P 0
L 0.8238189 1.0875984 0.8336615 1.0875984 2 P 0
L 0.8238189 1.1190945 0.8336615 1.1190945 2 P 0
L 0.8238189 1.1505905 0.8336615 1.1505905 2 P 0
L 0.8238189 1.1820866 0.8336615 1.1820866 2 P 0
L 0.8238189 1.2135827 0.8336615 1.2135827 2 P 0
L 0.8238189 1.2450787 0.8336615 1.2450787 2 P 0
L 0.8238189 1.2765748 0.8336615 1.2765748 2 P 0
L 0.8238189 1.3080708 0.8336615 1.3080708 2 P 0
L 0.8238189 1.3395669 0.8336615 1.3395669 2 P 0
L 0.823819 0.8356301 0.823819 0.8454727 2 P 0
L 0.823819 0.8553151 0.823819 0.8651577 2 P 0
L 0.823819 0.8750001 0.823819 0.8848427 2 P 0
L 0.823819 0.8946852 0.823819 0.9045278 2 P 0
L 0.823819 0.9143702 0.823819 0.9242128 2 P 0
L 0.823819 0.9340553 0.823819 0.9438979 2 P 0
L 0.823819 0.9537403 0.823819 0.9635829 2 P 0
L 0.823819 0.9734253 0.823819 0.9832679 2 P 0
L 0.823819 0.9931104 0.823819 1.002953 2 P 0
L 0.823819 1.0127954 0.823819 1.022638 2 P 0
L 0.8267716 2.0216536 0.8267716 2.0334646 1 P 0
L 0.8287402 0.4330709 0.8287402 0.4448819 2 P 0
L 0.8287402 0.464567 0.8287402 0.476378 2 P 0
L 0.8287402 0.4960631 0.8287402 0.5078741 2 P 0
L 0.8287402 0.5275591 0.8287402 0.5393701 2 P 0
L 0.8287402 0.5590552 0.8287402 0.5708662 2 P 0
L 0.8287402 0.5905513 0.8287402 0.6023623 2 P 0
L 0.8287402 0.6220473 0.8287402 0.6338583 2 P 0
L 0.8287402 0.6535434 0.8287402 0.6653544 2 P 0
L 0.8287402 0.6850394 0.8287402 0.6968504 2 P 0
L 0.8287402 0.7165355 0.8287402 0.7283465 2 P 0
L 0.8287402 1.0501968 0.8287402 1.0620078 2 P 0
L 0.8287402 1.0816929 0.8287402 1.0935039 2 P 0
L 0.8287402 1.113189 0.8287402 1.125 2 P 0
L 0.8287402 1.144685 0.8287402 1.156496 2 P 0
L 0.8287402 1.1761811 0.8287402 1.1879921 2 P 0
L 0.8287402 1.2076772 0.8287402 1.2194882 2 P 0
L 0.8287402 1.2391732 0.8287402 1.2509842 2 P 0
L 0.8287402 1.2706693 0.8287402 1.2824803 2 P 0
L 0.8287402 1.3021653 0.8287402 1.3139763 2 P 0
L 0.8287402 1.3336614 0.8287402 1.3454724 2 P 0
L 0.8375984 0.752953 0.8375984 0.7706696 2 P 0
L 0.8375984 0.772638 0.8375984 0.7903546 2 P 0
L 0.8375984 0.792323 0.8375984 0.8100396 2 P 0
L 0.8375984 0.8120081 0.8375984 0.8297247 2 P 0
L 0.8375985 0.4251969 0.8375985 0.4527559 2 P 0
L 0.8375985 0.456693 0.8375985 0.484252 2 P 0
L 0.8375985 0.4881891 0.8375985 0.5157481 2 P 0
L 0.8375985 0.5196851 0.8375985 0.5472441 2 P 0
L 0.8375985 0.5511812 0.8375985 0.5787402 2 P 0
L 0.8375985 0.5826773 0.8375985 0.6102363 2 P 0
L 0.8375985 0.6141733 0.8375985 0.6417323 2 P 0
L 0.8375985 0.6456694 0.8375985 0.6732284 2 P 0
L 0.8375985 0.6771654 0.8375985 0.7047244 2 P 0
L 0.8375985 0.7086615 0.8375985 0.7362205 2 P 0
L 0.8375985 0.8316931 0.8375985 0.8494097 2 P 0
L 0.8375985 0.8513781 0.8375985 0.8690947 2 P 0
L 0.8375985 0.8710631 0.8375985 0.8887797 2 P 0
L 0.8375985 0.8907482 0.8375985 0.9084648 2 P 0
L 0.8375985 0.9104332 0.8375985 0.9281498 2 P 0
L 0.8375985 0.9301183 0.8375985 0.9478349 2 P 0
L 0.8375985 0.9498033 0.8375985 0.9675199 2 P 0
L 0.8375985 0.9694883 0.8375985 0.9872049 2 P 0
L 0.8375985 0.9891734 0.8375985 1.00689 2 P 0
L 0.8375985 1.0088584 0.8375985 1.026575 2 P 0
L 0.8375985 1.0423228 0.8375985 1.0698818 2 P 0
L 0.8375985 1.0738189 0.8375985 1.1013779 2 P 0
L 0.8375985 1.105315 0.8375985 1.132874 2 P 0
L 0.8375985 1.136811 0.8375985 1.16437 2 P 0
L 0.8375985 1.1683071 0.8375985 1.1958661 2 P 0
L 0.8375985 1.1998032 0.8375985 1.2273622 2 P 0
L 0.8375985 1.2312992 0.8375985 1.2588582 2 P 0
L 0.8375985 1.2627953 0.8375985 1.2903543 2 P 0
L 0.8375985 1.2942913 0.8375985 1.3218503 2 P 0
L 0.8375985 1.3257874 0.8375985 1.3533464 2 P 0
L 0.8395669 0.4251969 0.8395669 0.4527559 2 P 0
L 0.8395669 0.4251969 0.8572835 0.4251969 2 P 0
L 0.8395669 0.4527559 0.8572835 0.4527559 2 P 0
L 0.8395669 0.456693 0.8395669 0.484252 2 P 0
L 0.8395669 0.456693 0.8572835 0.456693 2 P 0
L 0.8395669 0.484252 0.8572835 0.484252 2 P 0
L 0.8395669 0.4881891 0.8395669 0.5157481 2 P 0
L 0.8395669 0.4881891 0.8572835 0.4881891 2 P 0
L 0.8395669 0.5157481 0.8572835 0.5157481 2 P 0
L 0.8395669 0.5196851 0.8395669 0.5472441 2 P 0
L 0.8395669 0.5196851 0.8572835 0.5196851 2 P 0
L 0.8395669 0.5472441 0.8572835 0.5472441 2 P 0
L 0.8395669 0.5511812 0.8395669 0.5787402 2 P 0
L 0.8395669 0.5511812 0.8572835 0.5511812 2 P 0
L 0.8395669 0.5787402 0.8572835 0.5787402 2 P 0
L 0.8395669 0.5826773 0.8395669 0.6102363 2 P 0
L 0.8395669 0.5826773 0.8572835 0.5826773 2 P 0
L 0.8395669 0.6102363 0.8572835 0.6102363 2 P 0
L 0.8395669 0.6141733 0.8395669 0.6417323 2 P 0
L 0.8395669 0.6141733 0.8572835 0.6141733 2 P 0
L 0.8395669 0.6417323 0.8572835 0.6417323 2 P 0
L 0.8395669 0.6456694 0.8395669 0.6732284 2 P 0
L 0.8395669 0.6456694 0.8572835 0.6456694 2 P 0
L 0.8395669 0.6732284 0.8572835 0.6732284 2 P 0
L 0.8395669 0.6771654 0.8395669 0.7047244 2 P 0
L 0.8395669 0.6771654 0.8572835 0.6771654 2 P 0
L 0.8395669 0.7047244 0.8572835 0.7047244 2 P 0
L 0.8395669 0.7086615 0.8395669 0.7362205 2 P 0
L 0.8395669 0.7086615 0.8572835 0.7086615 2 P 0
L 0.8395669 0.7362205 0.8572835 0.7362205 2 P 0
L 0.8395669 1.0423228 0.8395669 1.0698818 2 P 0
L 0.8395669 1.0423228 0.8572835 1.0423228 2 P 0
L 0.8395669 1.0698818 0.8572835 1.0698818 2 P 0
L 0.8395669 1.0738189 0.8395669 1.1013779 2 P 0
L 0.8395669 1.0738189 0.8572835 1.0738189 2 P 0
L 0.8395669 1.1013779 0.8572835 1.1013779 2 P 0
L 0.8395669 1.105315 0.8395669 1.132874 2 P 0
L 0.8395669 1.105315 0.8572835 1.105315 2 P 0
L 0.8395669 1.132874 0.8572835 1.132874 2 P 0
L 0.8395669 1.136811 0.8395669 1.16437 2 P 0
L 0.8395669 1.136811 0.8572835 1.136811 2 P 0
L 0.8395669 1.16437 0.8572835 1.16437 2 P 0
L 0.8395669 1.1683071 0.8395669 1.1958661 2 P 0
L 0.8395669 1.1683071 0.8572835 1.1683071 2 P 0
L 0.8395669 1.1958661 0.8572835 1.1958661 2 P 0
L 0.8395669 1.1998032 0.8395669 1.2273622 2 P 0
L 0.8395669 1.1998032 0.8572835 1.1998032 2 P 0
L 0.8395669 1.2273622 0.8572835 1.2273622 2 P 0
L 0.8395669 1.2312992 0.8395669 1.2588582 2 P 0
L 0.8395669 1.2312992 0.8572835 1.2312992 2 P 0
L 0.8395669 1.2588582 0.8572835 1.2588582 2 P 0
L 0.8395669 1.2627953 0.8395669 1.2903543 2 P 0
L 0.8395669 1.2627953 0.8572835 1.2627953 2 P 0
L 0.8395669 1.2903543 0.8572835 1.2903543 2 P 0
L 0.8395669 1.2942913 0.8395669 1.3218503 2 P 0
L 0.8395669 1.2942913 0.8572835 1.2942913 2 P 0
L 0.8395669 1.3218503 0.8572835 1.3218503 2 P 0
L 0.8395669 1.3257874 0.8395669 1.3533464 2 P 0
L 0.8395669 1.3257874 0.8572835 1.3257874 2 P 0
L 0.8395669 1.3533464 0.8572835 1.3533464 2 P 0
L 0.8415355 0.752953 0.8415355 0.7706696 2 P 0
L 0.8415355 0.752953 0.8690945 0.752953 2 P 0
L 0.8415355 0.7706696 0.8690945 0.7706696 2 P 0
L 0.8415355 0.772638 0.8415355 0.7903546 2 P 0
L 0.8415355 0.772638 0.8690945 0.772638 2 P 0
L 0.8415355 0.7903546 0.8690945 0.7903546 2 P 0
L 0.8415355 0.792323 0.8415355 0.8100396 2 P 0
L 0.8415355 0.792323 0.8690945 0.792323 2 P 0
L 0.8415355 0.8100396 0.8690945 0.8100396 2 P 0
L 0.8415355 0.8120081 0.8415355 0.8297247 2 P 0
L 0.8415355 0.8120081 0.8690945 0.8120081 2 P 0
L 0.8415355 0.8297247 0.8690945 0.8297247 2 P 0
L 0.8415356 0.8316931 0.8415356 0.8494097 2 P 0
L 0.8415356 0.8316931 0.8690946 0.8316931 2 P 0
L 0.8415356 0.8494097 0.8690946 0.8494097 2 P 0
L 0.8415356 0.8513781 0.8415356 0.8690947 2 P 0
L 0.8415356 0.8513781 0.8690946 0.8513781 2 P 0
L 0.8415356 0.8690947 0.8690946 0.8690947 2 P 0
L 0.8415356 0.8710631 0.8415356 0.8887797 2 P 0
L 0.8415356 0.8710631 0.8690946 0.8710631 2 P 0
L 0.8415356 0.8887797 0.8690946 0.8887797 2 P 0
L 0.8415356 0.8907482 0.8415356 0.9084648 2 P 0
L 0.8415356 0.8907482 0.8690946 0.8907482 2 P 0
L 0.8415356 0.9084648 0.8690946 0.9084648 2 P 0
L 0.8415356 0.9104332 0.8415356 0.9281498 2 P 0
L 0.8415356 0.9104332 0.8690946 0.9104332 2 P 0
L 0.8415356 0.9281498 0.8690946 0.9281498 2 P 0
L 0.8415356 0.9301183 0.8415356 0.9478349 2 P 0
L 0.8415356 0.9301183 0.8690946 0.9301183 2 P 0
L 0.8415356 0.9478349 0.8690946 0.9478349 2 P 0
L 0.8415356 0.9498033 0.8415356 0.9675199 2 P 0
L 0.8415356 0.9498033 0.8690946 0.9498033 2 P 0
L 0.8415356 0.9675199 0.8690946 0.9675199 2 P 0
L 0.8415356 0.9694883 0.8415356 0.9872049 2 P 0
L 0.8415356 0.9694883 0.8690946 0.9694883 2 P 0
L 0.8415356 0.9872049 0.8690946 0.9872049 2 P 0
L 0.8415356 0.9891734 0.8415356 1.00689 2 P 0
L 0.8415356 0.9891734 0.8690946 0.9891734 2 P 0
L 0.8415356 1.00689 0.8690946 1.00689 2 P 0
L 0.8415356 1.0088584 0.8415356 1.026575 2 P 0
L 0.8415356 1.0088584 0.8690946 1.0088584 2 P 0
L 0.8415356 1.026575 0.8690946 1.026575 2 P 0
L 0.8435039 0.4389764 0.8533465 0.4389764 2 P 0
L 0.8435039 0.4704725 0.8533465 0.4704725 2 P 0
L 0.8435039 0.5019686 0.8533465 0.5019686 2 P 0
L 0.8435039 0.5334646 0.8533465 0.5334646 2 P 0
L 0.8435039 0.5649607 0.8533465 0.5649607 2 P 0
L 0.8435039 0.5964568 0.8533465 0.5964568 2 P 0
L 0.8435039 0.6279528 0.8533465 0.6279528 2 P 0
L 0.8435039 0.6594489 0.8533465 0.6594489 2 P 0
L 0.8435039 0.6909449 0.8533465 0.6909449 2 P 0
L 0.8435039 0.722441 0.8533465 0.722441 2 P 0
L 0.8435039 1.0561023 0.8533465 1.0561023 2 P 0
L 0.8435039 1.0875984 0.8533465 1.0875984 2 P 0
L 0.8435039 1.1190945 0.8533465 1.1190945 2 P 0
L 0.8435039 1.1505905 0.8533465 1.1505905 2 P 0
L 0.8435039 1.1820866 0.8533465 1.1820866 2 P 0
L 0.8435039 1.2135827 0.8533465 1.2135827 2 P 0
L 0.8435039 1.2450787 0.8533465 1.2450787 2 P 0
L 0.8435039 1.2765748 0.8533465 1.2765748 2 P 0
L 0.8435039 1.3080708 0.8533465 1.3080708 2 P 0
L 0.8435039 1.3395669 0.8533465 1.3395669 2 P 0
L 0.8484252 0.4330709 0.8484252 0.4448819 2 P 0
L 0.8484252 0.464567 0.8484252 0.476378 2 P 0
L 0.8484252 0.4960631 0.8484252 0.5078741 2 P 0
L 0.8484252 0.5275591 0.8484252 0.5393701 2 P 0
L 0.8484252 0.5590552 0.8484252 0.5708662 2 P 0
L 0.8484252 0.5905513 0.8484252 0.6023623 2 P 0
L 0.8484252 0.6220473 0.8484252 0.6338583 2 P 0
L 0.8484252 0.6535434 0.8484252 0.6653544 2 P 0
L 0.8484252 0.6850394 0.8484252 0.6968504 2 P 0
L 0.8484252 0.7165355 0.8484252 0.7283465 2 P 0
L 0.8484252 1.0501968 0.8484252 1.0620078 2 P 0
L 0.8484252 1.0816929 0.8484252 1.0935039 2 P 0
L 0.8484252 1.113189 0.8484252 1.125 2 P 0
L 0.8484252 1.144685 0.8484252 1.156496 2 P 0
L 0.8484252 1.1761811 0.8484252 1.1879921 2 P 0
L 0.8484252 1.2076772 0.8484252 1.2194882 2 P 0
L 0.8484252 1.2391732 0.8484252 1.2509842 2 P 0
L 0.8484252 1.2706693 0.8484252 1.2824803 2 P 0
L 0.8484252 1.3021653 0.8484252 1.3139763 2 P 0
L 0.8484252 1.3336614 0.8484252 1.3454724 2 P 0
L 0.8494095 0.7618113 0.8612205 0.7618113 2 P 0
L 0.8494095 0.7814963 0.8612205 0.7814963 2 P 0
L 0.8494095 0.8011813 0.8612205 0.8011813 2 P 0
L 0.8494095 0.8208664 0.8612205 0.8208664 2 P 0
L 0.8494096 0.8405514 0.8612206 0.8405514 2 P 0
L 0.8494096 0.8602364 0.8612206 0.8602364 2 P 0
L 0.8494096 0.8799214 0.8612206 0.8799214 2 P 0
L 0.8494096 0.8996065 0.8612206 0.8996065 2 P 0
L 0.8494096 0.9192915 0.8612206 0.9192915 2 P 0
L 0.8494096 0.9389766 0.8612206 0.9389766 2 P 0
L 0.8494096 0.9586616 0.8612206 0.9586616 2 P 0
L 0.8494096 0.9783466 0.8612206 0.9783466 2 P 0
L 0.8494096 0.9980317 0.8612206 0.9980317 2 P 0
L 0.8494096 1.0177167 0.8612206 1.0177167 2 P 0
L 0.8523622 0.4242126 0.8523622 0.4419292 2 P 0
L 0.8523622 0.4242126 0.8799212 0.4242126 2 P 0
L 0.8523622 0.4419292 0.8799212 0.4419292 2 P 0
L 0.8523622 0.5029528 0.8523622 0.5206694 2 P 0
L 0.8523622 0.5029528 0.8799212 0.5029528 2 P 0
L 0.8523622 0.5206694 0.8799212 0.5206694 2 P 0
L 0.8523622 0.5816929 0.8523622 0.5994095 2 P 0
L 0.8523622 0.5816929 0.8799212 0.5816929 2 P 0
L 0.8523622 0.5994095 0.8799212 0.5994095 2 P 0
L 0.8523622 0.6604331 0.8523622 0.6781497 2 P 0
L 0.8523622 0.6604331 0.8799212 0.6604331 2 P 0
L 0.8523622 0.6781497 0.8799212 0.6781497 2 P 0
L 0.8523622 0.7391733 0.8523622 0.7568899 2 P 0
L 0.8523622 0.7391733 0.8799212 0.7391733 2 P 0
L 0.8523622 0.7568899 0.8799212 0.7568899 2 P 0
L 0.855315 0.75689 0.855315 0.7667326 2 P 0
L 0.855315 0.776575 0.855315 0.7864176 2 P 0
L 0.855315 0.79626 0.855315 0.8061026 2 P 0
L 0.855315 0.8159451 0.855315 0.8257877 2 P 0
L 0.8553151 0.8356301 0.8553151 0.8454727 2 P 0
L 0.8553151 0.8553151 0.8553151 0.8651577 2 P 0
L 0.8553151 0.8750001 0.8553151 0.8848427 2 P 0
L 0.8553151 0.8946852 0.8553151 0.9045278 2 P 0
L 0.8553151 0.9143702 0.8553151 0.9242128 2 P 0
L 0.8553151 0.9340553 0.8553151 0.9438979 2 P 0
L 0.8553151 0.9537403 0.8553151 0.9635829 2 P 0
L 0.8553151 0.9734253 0.8553151 0.9832679 2 P 0
L 0.8553151 0.9931104 0.8553151 1.002953 2 P 0
L 0.8553151 1.0127954 0.8553151 1.022638 2 P 0
L 0.8572834 0.8917323 0.8572834 0.9192913 2 P 0
L 0.8572834 0.8917323 0.875 0.8917323 2 P 0
L 0.8572834 0.9192913 0.875 0.9192913 2 P 0
L 0.8572834 0.9625985 0.8572834 0.9901575 2 P 0
L 0.8572834 0.9625985 0.875 0.9625985 2 P 0
L 0.8572834 0.9901575 0.875 0.9901575 2 P 0
L 0.8572834 1.0374016 0.8572834 1.0649606 2 P 0
L 0.8572834 1.0374016 0.875 1.0374016 2 P 0
L 0.8572834 1.0649606 0.875 1.0649606 2 P 0
L 0.8572834 1.1082677 0.8572834 1.1358267 2 P 0
L 0.8572834 1.1082677 0.875 1.1082677 2 P 0
L 0.8572834 1.1358267 0.875 1.1358267 2 P 0
L 0.8572835 0.4251969 0.8572835 0.4527559 2 P 0
L 0.8572835 0.456693 0.8572835 0.484252 2 P 0
L 0.8572835 0.4881891 0.8572835 0.5157481 2 P 0
L 0.8572835 0.5196851 0.8572835 0.5472441 2 P 0
L 0.8572835 0.5511812 0.8572835 0.5787402 2 P 0
L 0.8572835 0.5826773 0.8572835 0.6102363 2 P 0
L 0.8572835 0.6141733 0.8572835 0.6417323 2 P 0
L 0.8572835 0.6456694 0.8572835 0.6732284 2 P 0
L 0.8572835 0.6771654 0.8572835 0.7047244 2 P 0
L 0.8572835 0.7086615 0.8572835 0.7362205 2 P 0
L 0.8572835 1.0423228 0.8572835 1.0698818 2 P 0
L 0.8572835 1.0738189 0.8572835 1.1013779 2 P 0
L 0.8572835 1.105315 0.8572835 1.132874 2 P 0
L 0.8572835 1.136811 0.8572835 1.16437 2 P 0
L 0.8572835 1.1683071 0.8572835 1.1958661 2 P 0
L 0.8572835 1.1998032 0.8572835 1.2273622 2 P 0
L 0.8572835 1.2312992 0.8572835 1.2588582 2 P 0
L 0.8572835 1.2627953 0.8572835 1.2903543 2 P 0
L 0.8572835 1.2942913 0.8572835 1.3218503 2 P 0
L 0.8572835 1.3257874 0.8572835 1.3533464 2 P 0
L 0.859252 0.4251969 0.859252 0.4527559 2 P 0
L 0.859252 0.4251969 0.8769686 0.4251969 2 P 0
L 0.859252 0.4527559 0.8769686 0.4527559 2 P 0
L 0.859252 0.456693 0.859252 0.484252 2 P 0
L 0.859252 0.456693 0.8769686 0.456693 2 P 0
L 0.859252 0.484252 0.8769686 0.484252 2 P 0
L 0.859252 0.4881891 0.859252 0.5157481 2 P 0
L 0.859252 0.4881891 0.8769686 0.4881891 2 P 0
L 0.859252 0.5157481 0.8769686 0.5157481 2 P 0
L 0.859252 0.5196851 0.859252 0.5472441 2 P 0
L 0.859252 0.5196851 0.8769686 0.5196851 2 P 0
L 0.859252 0.5472441 0.8769686 0.5472441 2 P 0
L 0.859252 0.5511812 0.859252 0.5787402 2 P 0
L 0.859252 0.5511812 0.8769686 0.5511812 2 P 0
L 0.859252 0.5787402 0.8769686 0.5787402 2 P 0
L 0.859252 0.5826773 0.859252 0.6102363 2 P 0
L 0.859252 0.5826773 0.8769686 0.5826773 2 P 0
L 0.859252 0.6102363 0.8769686 0.6102363 2 P 0
L 0.859252 0.6141733 0.859252 0.6417323 2 P 0
L 0.859252 0.6141733 0.8769686 0.6141733 2 P 0
L 0.859252 0.6417323 0.8769686 0.6417323 2 P 0
L 0.859252 0.6456694 0.859252 0.6732284 2 P 0
L 0.859252 0.6456694 0.8769686 0.6456694 2 P 0
L 0.859252 0.6732284 0.8769686 0.6732284 2 P 0
L 0.859252 0.6771654 0.859252 0.7047244 2 P 0
L 0.859252 0.6771654 0.8769686 0.6771654 2 P 0
L 0.859252 0.7047244 0.8769686 0.7047244 2 P 0
L 0.859252 0.7086615 0.859252 0.7362205 2 P 0
L 0.859252 0.7086615 0.8769686 0.7086615 2 P 0
L 0.859252 0.7362205 0.8769686 0.7362205 2 P 0
L 0.859252 1.0423228 0.859252 1.0698818 2 P 0
L 0.859252 1.0423228 0.8769686 1.0423228 2 P 0
L 0.859252 1.0698818 0.8769686 1.0698818 2 P 0
L 0.859252 1.0738189 0.859252 1.1013779 2 P 0
L 0.859252 1.0738189 0.8769686 1.0738189 2 P 0
L 0.859252 1.1013779 0.8769686 1.1013779 2 P 0
L 0.859252 1.105315 0.859252 1.132874 2 P 0
L 0.859252 1.105315 0.8769686 1.105315 2 P 0
L 0.859252 1.132874 0.8769686 1.132874 2 P 0
L 0.859252 1.136811 0.859252 1.16437 2 P 0
L 0.859252 1.136811 0.8769686 1.136811 2 P 0
L 0.859252 1.16437 0.8769686 1.16437 2 P 0
L 0.859252 1.1683071 0.859252 1.1958661 2 P 0
L 0.859252 1.1683071 0.8769686 1.1683071 2 P 0
L 0.859252 1.1958661 0.8769686 1.1958661 2 P 0
L 0.859252 1.1998032 0.859252 1.2273622 2 P 0
L 0.859252 1.1998032 0.8769686 1.1998032 2 P 0
L 0.859252 1.2273622 0.8769686 1.2273622 2 P 0
L 0.859252 1.2312992 0.859252 1.2588582 2 P 0
L 0.859252 1.2312992 0.8769686 1.2312992 2 P 0
L 0.859252 1.2588582 0.8769686 1.2588582 2 P 0
L 0.859252 1.2627953 0.859252 1.2903543 2 P 0
L 0.859252 1.2627953 0.8769686 1.2627953 2 P 0
L 0.859252 1.2903543 0.8769686 1.2903543 2 P 0
L 0.859252 1.2942913 0.859252 1.3218503 2 P 0
L 0.859252 1.2942913 0.8769686 1.2942913 2 P 0
L 0.859252 1.3218503 0.8769686 1.3218503 2 P 0
L 0.859252 1.3257874 0.859252 1.3533464 2 P 0
L 0.859252 1.3257874 0.8769686 1.3257874 2 P 0
L 0.859252 1.3533464 0.8769686 1.3533464 2 P 0
L 0.8602362 0.4330709 0.8720472 0.4330709 2 P 0
L 0.8602362 0.5118111 0.8720472 0.5118111 2 P 0
L 0.8602362 0.5905512 0.8720472 0.5905512 2 P 0
L 0.8602362 0.6692914 0.8720472 0.6692914 2 P 0
L 0.8602362 0.7480316 0.8720472 0.7480316 2 P 0
L 0.8612204 0.9055118 0.871063 0.9055118 2 P 0
L 0.8612204 0.976378 0.871063 0.976378 2 P 0
L 0.8612204 1.0511811 0.871063 1.0511811 2 P 0
L 0.8612204 1.1220472 0.871063 1.1220472 2 P 0
L 0.863189 0.4389764 0.8730316 0.4389764 2 P 0
L 0.863189 0.4704725 0.8730316 0.4704725 2 P 0
L 0.863189 0.5019686 0.8730316 0.5019686 2 P 0
L 0.863189 0.5334646 0.8730316 0.5334646 2 P 0
L 0.863189 0.5649607 0.8730316 0.5649607 2 P 0
L 0.863189 0.5964568 0.8730316 0.5964568 2 P 0
L 0.863189 0.6279528 0.8730316 0.6279528 2 P 0
L 0.863189 0.6594489 0.8730316 0.6594489 2 P 0
L 0.863189 0.6909449 0.8730316 0.6909449 2 P 0
L 0.863189 0.722441 0.8730316 0.722441 2 P 0
L 0.863189 1.0561023 0.8730316 1.0561023 2 P 0
L 0.863189 1.0875984 0.8730316 1.0875984 2 P 0
L 0.863189 1.1190945 0.8730316 1.1190945 2 P 0
L 0.863189 1.1505905 0.8730316 1.1505905 2 P 0
L 0.863189 1.1820866 0.8730316 1.1820866 2 P 0
L 0.863189 1.2135827 0.8730316 1.2135827 2 P 0
L 0.863189 1.2450787 0.8730316 1.2450787 2 P 0
L 0.863189 1.2765748 0.8730316 1.2765748 2 P 0
L 0.863189 1.3080708 0.8730316 1.3080708 2 P 0
L 0.863189 1.3395669 0.8730316 1.3395669 2 P 0
L 0.8661417 0.4281496 0.8661417 0.4379922 2 P 0
L 0.8661417 0.5068898 0.8661417 0.5167324 2 P 0
L 0.8661417 0.5856299 0.8661417 0.5954725 2 P 0
L 0.8661417 0.6643701 0.8661417 0.6742127 2 P 0
L 0.8661417 0.7431103 0.8661417 0.7529529 2 P 0
L 0.8661417 0.8996063 0.8661417 0.9114173 2 P 0
L 0.8661417 0.9704725 0.8661417 0.9822835 2 P 0
L 0.8661417 1.0452756 0.8661417 1.0570866 2 P 0
L 0.8661417 1.1161417 0.8661417 1.1279527 2 P 0
L 0.8681103 0.4330709 0.8681103 0.4448819 2 P 0
L 0.8681103 0.464567 0.8681103 0.476378 2 P 0
L 0.8681103 0.4960631 0.8681103 0.5078741 2 P 0
L 0.8681103 0.5275591 0.8681103 0.5393701 2 P 0
L 0.8681103 0.5590552 0.8681103 0.5708662 2 P 0
L 0.8681103 0.5905513 0.8681103 0.6023623 2 P 0
L 0.8681103 0.6220473 0.8681103 0.6338583 2 P 0
L 0.8681103 0.6535434 0.8681103 0.6653544 2 P 0
L 0.8681103 0.6850394 0.8681103 0.6968504 2 P 0
L 0.8681103 0.7165355 0.8681103 0.7283465 2 P 0
L 0.8681103 1.0501968 0.8681103 1.0620078 2 P 0
L 0.8681103 1.0816929 0.8681103 1.0935039 2 P 0
L 0.8681103 1.113189 0.8681103 1.125 2 P 0
L 0.8681103 1.144685 0.8681103 1.156496 2 P 0
L 0.8681103 1.1761811 0.8681103 1.1879921 2 P 0
L 0.8681103 1.2076772 0.8681103 1.2194882 2 P 0
L 0.8681103 1.2391732 0.8681103 1.2509842 2 P 0
L 0.8681103 1.2706693 0.8681103 1.2824803 2 P 0
L 0.8681103 1.3021653 0.8681103 1.3139763 2 P 0
L 0.8681103 1.3336614 0.8681103 1.3454724 2 P 0
L 0.8690945 0.752953 0.8690945 0.7706696 2 P 0
L 0.8690945 0.772638 0.8690945 0.7903546 2 P 0
L 0.8690945 0.792323 0.8690945 0.8100396 2 P 0
L 0.8690945 0.8120081 0.8690945 0.8297247 2 P 0
L 0.8690946 0.8316931 0.8690946 0.8494097 2 P 0
L 0.8690946 0.8513781 0.8690946 0.8690947 2 P 0
L 0.8690946 0.8710631 0.8690946 0.8887797 2 P 0
L 0.8690946 0.8907482 0.8690946 0.9084648 2 P 0
L 0.8690946 0.9104332 0.8690946 0.9281498 2 P 0
L 0.8690946 0.9301183 0.8690946 0.9478349 2 P 0
L 0.8690946 0.9498033 0.8690946 0.9675199 2 P 0
L 0.8690946 0.9694883 0.8690946 0.9872049 2 P 0
L 0.8690946 0.9891734 0.8690946 1.00689 2 P 0
L 0.8690946 1.0088584 0.8690946 1.026575 2 P 0
L 0.8730316 0.752953 0.8730316 0.7706696 2 P 0
L 0.8730316 0.752953 0.9005906 0.752953 2 P 0
L 0.8730316 0.7706696 0.9005906 0.7706696 2 P 0
L 0.8730316 0.772638 0.8730316 0.7903546 2 P 0
L 0.8730316 0.772638 0.9005906 0.772638 2 P 0
L 0.8730316 0.7903546 0.9005906 0.7903546 2 P 0
L 0.8730316 0.792323 0.8730316 0.8100396 2 P 0
L 0.8730316 0.792323 0.9005906 0.792323 2 P 0
L 0.8730316 0.8100396 0.9005906 0.8100396 2 P 0
L 0.8730316 0.8120081 0.8730316 0.8297247 2 P 0
L 0.8730316 0.8120081 0.9005906 0.8120081 2 P 0
L 0.8730316 0.8297247 0.9005906 0.8297247 2 P 0
L 0.8730317 0.8316931 0.8730317 0.8494097 2 P 0
L 0.8730317 0.8316931 0.9005907 0.8316931 2 P 0
L 0.8730317 0.8494097 0.9005907 0.8494097 2 P 0
L 0.8730317 0.8513781 0.8730317 0.8690947 2 P 0
L 0.8730317 0.8513781 0.9005907 0.8513781 2 P 0
L 0.8730317 0.8690947 0.9005907 0.8690947 2 P 0
L 0.8730317 0.8710631 0.8730317 0.8887797 2 P 0
L 0.8730317 0.8710631 0.9005907 0.8710631 2 P 0
L 0.8730317 0.8887797 0.9005907 0.8887797 2 P 0
L 0.8730317 0.8907482 0.8730317 0.9084648 2 P 0
L 0.8730317 0.8907482 0.9005907 0.8907482 2 P 0
L 0.8730317 0.9084648 0.9005907 0.9084648 2 P 0
L 0.8730317 0.9104332 0.8730317 0.9281498 2 P 0
L 0.8730317 0.9104332 0.9005907 0.9104332 2 P 0
L 0.8730317 0.9281498 0.9005907 0.9281498 2 P 0
L 0.8730317 0.9301183 0.8730317 0.9478349 2 P 0
L 0.8730317 0.9301183 0.9005907 0.9301183 2 P 0
L 0.8730317 0.9478349 0.9005907 0.9478349 2 P 0
L 0.8730317 0.9498033 0.8730317 0.9675199 2 P 0
L 0.8730317 0.9498033 0.9005907 0.9498033 2 P 0
L 0.8730317 0.9675199 0.9005907 0.9675199 2 P 0
L 0.8730317 0.9694883 0.8730317 0.9872049 2 P 0
L 0.8730317 0.9694883 0.9005907 0.9694883 2 P 0
L 0.8730317 0.9872049 0.9005907 0.9872049 2 P 0
L 0.8730317 0.9891734 0.8730317 1.00689 2 P 0
L 0.8730317 0.9891734 0.9005907 0.9891734 2 P 0
L 0.8730317 1.00689 0.9005907 1.00689 2 P 0
L 0.8730317 1.0088584 0.8730317 1.026575 2 P 0
L 0.8730317 1.0088584 0.9005907 1.0088584 2 P 0
L 0.8730317 1.026575 0.9005907 1.026575 2 P 0
L 0.875 0.8917323 0.875 0.9192913 2 P 0
L 0.875 0.9625985 0.875 0.9901575 2 P 0
L 0.875 1.0374016 0.875 1.0649606 2 P 0
L 0.875 1.1082677 0.875 1.1358267 2 P 0
L 0.8769686 0.4251969 0.8769686 0.4527559 2 P 0
L 0.8769686 0.456693 0.8769686 0.484252 2 P 0
L 0.8769686 0.4881891 0.8769686 0.5157481 2 P 0
L 0.8769686 0.5196851 0.8769686 0.5472441 2 P 0
L 0.8769686 0.5511812 0.8769686 0.5787402 2 P 0
L 0.8769686 0.5826773 0.8769686 0.6102363 2 P 0
L 0.8769686 0.6141733 0.8769686 0.6417323 2 P 0
L 0.8769686 0.6456694 0.8769686 0.6732284 2 P 0
L 0.8769686 0.6771654 0.8769686 0.7047244 2 P 0
L 0.8769686 0.7086615 0.8769686 0.7362205 2 P 0
L 0.8769686 1.0423228 0.8769686 1.0698818 2 P 0
L 0.8769686 1.0738189 0.8769686 1.1013779 2 P 0
L 0.8769686 1.105315 0.8769686 1.132874 2 P 0
L 0.8769686 1.136811 0.8769686 1.16437 2 P 0
L 0.8769686 1.1683071 0.8769686 1.1958661 2 P 0
L 0.8769686 1.1998032 0.8769686 1.2273622 2 P 0
L 0.8769686 1.2312992 0.8769686 1.2588582 2 P 0
L 0.8769686 1.2627953 0.8769686 1.2903543 2 P 0
L 0.8769686 1.2942913 0.8769686 1.3218503 2 P 0
L 0.8769686 1.3257874 0.8769686 1.3533464 2 P 0
L 0.878937 0.4251969 0.878937 0.4527559 2 P 0
L 0.878937 0.4251969 0.8966536 0.4251969 2 P 0
L 0.878937 0.4527559 0.8966536 0.4527559 2 P 0
L 0.878937 0.456693 0.878937 0.484252 2 P 0
L 0.878937 0.456693 0.8966536 0.456693 2 P 0
L 0.878937 0.484252 0.8966536 0.484252 2 P 0
L 0.878937 0.4881891 0.878937 0.5157481 2 P 0
L 0.878937 0.4881891 0.8966536 0.4881891 2 P 0
L 0.878937 0.5157481 0.8966536 0.5157481 2 P 0
L 0.878937 0.5196851 0.878937 0.5472441 2 P 0
L 0.878937 0.5196851 0.8966536 0.5196851 2 P 0
L 0.878937 0.5472441 0.8966536 0.5472441 2 P 0
L 0.878937 0.5511812 0.878937 0.5787402 2 P 0
L 0.878937 0.5511812 0.8966536 0.5511812 2 P 0
L 0.878937 0.5787402 0.8966536 0.5787402 2 P 0
L 0.878937 0.5826773 0.878937 0.6102363 2 P 0
L 0.878937 0.5826773 0.8966536 0.5826773 2 P 0
L 0.878937 0.6102363 0.8966536 0.6102363 2 P 0
L 0.878937 0.6141733 0.878937 0.6417323 2 P 0
L 0.878937 0.6141733 0.8966536 0.6141733 2 P 0
L 0.878937 0.6417323 0.8966536 0.6417323 2 P 0
L 0.878937 0.6456694 0.878937 0.6732284 2 P 0
L 0.878937 0.6456694 0.8966536 0.6456694 2 P 0
L 0.878937 0.6732284 0.8966536 0.6732284 2 P 0
L 0.878937 0.6771654 0.878937 0.7047244 2 P 0
L 0.878937 0.6771654 0.8966536 0.6771654 2 P 0
L 0.878937 0.7047244 0.8966536 0.7047244 2 P 0
L 0.878937 0.7086615 0.878937 0.7362205 2 P 0
L 0.878937 0.7086615 0.8966536 0.7086615 2 P 0
L 0.878937 0.7362205 0.8966536 0.7362205 2 P 0
L 0.878937 1.0423228 0.878937 1.0698818 2 P 0
L 0.878937 1.0423228 0.8966536 1.0423228 2 P 0
L 0.878937 1.0698818 0.8966536 1.0698818 2 P 0
L 0.878937 1.0738189 0.878937 1.1013779 2 P 0
L 0.878937 1.0738189 0.8966536 1.0738189 2 P 0
L 0.878937 1.1013779 0.8966536 1.1013779 2 P 0
L 0.878937 1.105315 0.878937 1.132874 2 P 0
L 0.878937 1.105315 0.8966536 1.105315 2 P 0
L 0.878937 1.132874 0.8966536 1.132874 2 P 0
L 0.878937 1.136811 0.878937 1.16437 2 P 0
L 0.878937 1.136811 0.8966536 1.136811 2 P 0
L 0.878937 1.16437 0.8966536 1.16437 2 P 0
L 0.878937 1.1683071 0.878937 1.1958661 2 P 0
L 0.878937 1.1683071 0.8966536 1.1683071 2 P 0
L 0.878937 1.1958661 0.8966536 1.1958661 2 P 0
L 0.878937 1.1998032 0.878937 1.2273622 2 P 0
L 0.878937 1.1998032 0.8966536 1.1998032 2 P 0
L 0.878937 1.2273622 0.8966536 1.2273622 2 P 0
L 0.878937 1.2312992 0.878937 1.2588582 2 P 0
L 0.878937 1.2312992 0.8966536 1.2312992 2 P 0
L 0.878937 1.2588582 0.8966536 1.2588582 2 P 0
L 0.878937 1.2627953 0.878937 1.2903543 2 P 0
L 0.878937 1.2627953 0.8966536 1.2627953 2 P 0
L 0.878937 1.2903543 0.8966536 1.2903543 2 P 0
L 0.878937 1.2942913 0.878937 1.3218503 2 P 0
L 0.878937 1.2942913 0.8966536 1.2942913 2 P 0
L 0.878937 1.3218503 0.8966536 1.3218503 2 P 0
L 0.878937 1.3257874 0.878937 1.3533464 2 P 0
L 0.878937 1.3257874 0.8966536 1.3257874 2 P 0
L 0.878937 1.3533464 0.8966536 1.3533464 2 P 0
L 0.878937 2.0009843 0.878937 2.0541339 1 P 0
L 0.8799212 0.4242126 0.8799212 0.4419292 2 P 0
L 0.8799212 0.5029528 0.8799212 0.5206694 2 P 0
L 0.8799212 0.5816929 0.8799212 0.5994095 2 P 0
L 0.8799212 0.6604331 0.8799212 0.6781497 2 P 0
L 0.8799212 0.7391733 0.8799212 0.7568899 2 P 0
L 0.8809056 0.7618113 0.8927166 0.7618113 2 P 0
L 0.8809056 0.7814963 0.8927166 0.7814963 2 P 0
L 0.8809056 0.8011813 0.8927166 0.8011813 2 P 0
L 0.8809056 0.8208664 0.8927166 0.8208664 2 P 0
L 0.8809057 0.8405514 0.8927167 0.8405514 2 P 0
L 0.8809057 0.8602364 0.8927167 0.8602364 2 P 0
L 0.8809057 0.8799214 0.8927167 0.8799214 2 P 0
L 0.8809057 0.8996065 0.8927167 0.8996065 2 P 0
L 0.8809057 0.9192915 0.8927167 0.9192915 2 P 0
L 0.8809057 0.9389766 0.8927167 0.9389766 2 P 0
L 0.8809057 0.9586616 0.8927167 0.9586616 2 P 0
L 0.8809057 0.9783466 0.8927167 0.9783466 2 P 0
L 0.8809057 0.9980317 0.8927167 0.9980317 2 P 0
L 0.8809057 1.0177167 0.8927167 1.0177167 2 P 0
L 0.882874 0.4389764 0.8927166 0.4389764 2 P 0
L 0.882874 0.4704725 0.8927166 0.4704725 2 P 0
L 0.882874 0.5019686 0.8927166 0.5019686 2 P 0
L 0.882874 0.5334646 0.8927166 0.5334646 2 P 0
L 0.882874 0.5649607 0.8927166 0.5649607 2 P 0
L 0.882874 0.5964568 0.8927166 0.5964568 2 P 0
L 0.882874 0.6279528 0.8927166 0.6279528 2 P 0
L 0.882874 0.6594489 0.8927166 0.6594489 2 P 0
L 0.882874 0.6909449 0.8927166 0.6909449 2 P 0
L 0.882874 0.722441 0.8927166 0.722441 2 P 0
L 0.882874 1.0561023 0.8927166 1.0561023 2 P 0
L 0.882874 1.0875984 0.8927166 1.0875984 2 P 0
L 0.882874 1.1190945 0.8927166 1.1190945 2 P 0
L 0.882874 1.1505905 0.8927166 1.1505905 2 P 0
L 0.882874 1.1820866 0.8927166 1.1820866 2 P 0
L 0.882874 1.2135827 0.8927166 1.2135827 2 P 0
L 0.882874 1.2450787 0.8927166 1.2450787 2 P 0
L 0.882874 1.2765748 0.8927166 1.2765748 2 P 0
L 0.882874 1.3080708 0.8927166 1.3080708 2 P 0
L 0.882874 1.3395669 0.8927166 1.3395669 2 P 0
L 0.8868111 0.75689 0.8868111 0.7667326 2 P 0
L 0.8868111 0.776575 0.8868111 0.7864176 2 P 0
L 0.8868111 0.79626 0.8868111 0.8061026 2 P 0
L 0.8868111 0.8159451 0.8868111 0.8257877 2 P 0
L 0.8868112 0.8356301 0.8868112 0.8454727 2 P 0
L 0.8868112 0.8553151 0.8868112 0.8651577 2 P 0
L 0.8868112 0.8750001 0.8868112 0.8848427 2 P 0
L 0.8868112 0.8946852 0.8868112 0.9045278 2 P 0
L 0.8868112 0.9143702 0.8868112 0.9242128 2 P 0
L 0.8868112 0.9340553 0.8868112 0.9438979 2 P 0
L 0.8868112 0.9537403 0.8868112 0.9635829 2 P 0
L 0.8868112 0.9734253 0.8868112 0.9832679 2 P 0
L 0.8868112 0.9931104 0.8868112 1.002953 2 P 0
L 0.8868112 1.0127954 0.8868112 1.022638 2 P 0
L 0.8877953 0.4330709 0.8877953 0.4448819 2 P 0
L 0.8877953 0.464567 0.8877953 0.476378 2 P 0
L 0.8877953 0.4960631 0.8877953 0.5078741 2 P 0
L 0.8877953 0.5275591 0.8877953 0.5393701 2 P 0
L 0.8877953 0.5590552 0.8877953 0.5708662 2 P 0
L 0.8877953 0.5905513 0.8877953 0.6023623 2 P 0
L 0.8877953 0.6220473 0.8877953 0.6338583 2 P 0
L 0.8877953 0.6535434 0.8877953 0.6653544 2 P 0
L 0.8877953 0.6850394 0.8877953 0.6968504 2 P 0
L 0.8877953 0.7165355 0.8877953 0.7283465 2 P 0
L 0.8877953 1.0501968 0.8877953 1.0620078 2 P 0
L 0.8877953 1.0816929 0.8877953 1.0935039 2 P 0
L 0.8877953 1.113189 0.8877953 1.125 2 P 0
L 0.8877953 1.144685 0.8877953 1.156496 2 P 0
L 0.8877953 1.1761811 0.8877953 1.1879921 2 P 0
L 0.8877953 1.2076772 0.8877953 1.2194882 2 P 0
L 0.8877953 1.2391732 0.8877953 1.2509842 2 P 0
L 0.8877953 1.2706693 0.8877953 1.2824803 2 P 0
L 0.8877953 1.3021653 0.8877953 1.3139763 2 P 0
L 0.8877953 1.3336614 0.8877953 1.3454724 2 P 0
L 0.8966536 0.4251969 0.8966536 0.4527559 2 P 0
L 0.8966536 0.456693 0.8966536 0.484252 2 P 0
L 0.8966536 0.4881891 0.8966536 0.5157481 2 P 0
L 0.8966536 0.5196851 0.8966536 0.5472441 2 P 0
L 0.8966536 0.5511812 0.8966536 0.5787402 2 P 0
L 0.8966536 0.5826773 0.8966536 0.6102363 2 P 0
L 0.8966536 0.6141733 0.8966536 0.6417323 2 P 0
L 0.8966536 0.6456694 0.8966536 0.6732284 2 P 0
L 0.8966536 0.6771654 0.8966536 0.7047244 2 P 0
L 0.8966536 0.7086615 0.8966536 0.7362205 2 P 0
L 0.8966536 1.0423228 0.8966536 1.0698818 2 P 0
L 0.8966536 1.0738189 0.8966536 1.1013779 2 P 0
L 0.8966536 1.105315 0.8966536 1.132874 2 P 0
L 0.8966536 1.136811 0.8966536 1.16437 2 P 0
L 0.8966536 1.1683071 0.8966536 1.1958661 2 P 0
L 0.8966536 1.1998032 0.8966536 1.2273622 2 P 0
L 0.8966536 1.2312992 0.8966536 1.2588582 2 P 0
L 0.8966536 1.2627953 0.8966536 1.2903543 2 P 0
L 0.8966536 1.2942913 0.8966536 1.3218503 2 P 0
L 0.8966536 1.3257874 0.8966536 1.3533464 2 P 0
L 0.8986221 0.4251969 0.8986221 0.4527559 2 P 0
L 0.8986221 0.4251969 0.9163387 0.4251969 2 P 0
L 0.8986221 0.4527559 0.9163387 0.4527559 2 P 0
L 0.8986221 0.456693 0.8986221 0.484252 2 P 0
L 0.8986221 0.456693 0.9163387 0.456693 2 P 0
L 0.8986221 0.484252 0.9163387 0.484252 2 P 0
L 0.8986221 0.4881891 0.8986221 0.5157481 2 P 0
L 0.8986221 0.4881891 0.9163387 0.4881891 2 P 0
L 0.8986221 0.5157481 0.9163387 0.5157481 2 P 0
L 0.8986221 0.5196851 0.8986221 0.5472441 2 P 0
L 0.8986221 0.5196851 0.9163387 0.5196851 2 P 0
L 0.8986221 0.5472441 0.9163387 0.5472441 2 P 0
L 0.8986221 0.5511812 0.8986221 0.5787402 2 P 0
L 0.8986221 0.5511812 0.9163387 0.5511812 2 P 0
L 0.8986221 0.5787402 0.9163387 0.5787402 2 P 0
L 0.8986221 0.5826773 0.8986221 0.6102363 2 P 0
L 0.8986221 0.5826773 0.9163387 0.5826773 2 P 0
L 0.8986221 0.6102363 0.9163387 0.6102363 2 P 0
L 0.8986221 0.6141733 0.8986221 0.6417323 2 P 0
L 0.8986221 0.6141733 0.9163387 0.6141733 2 P 0
L 0.8986221 0.6417323 0.9163387 0.6417323 2 P 0
L 0.8986221 0.6456694 0.8986221 0.6732284 2 P 0
L 0.8986221 0.6456694 0.9163387 0.6456694 2 P 0
L 0.8986221 0.6732284 0.9163387 0.6732284 2 P 0
L 0.8986221 0.6771654 0.8986221 0.7047244 2 P 0
L 0.8986221 0.6771654 0.9163387 0.6771654 2 P 0
L 0.8986221 0.7047244 0.9163387 0.7047244 2 P 0
L 0.8986221 0.7086615 0.8986221 0.7362205 2 P 0
L 0.8986221 0.7086615 0.9163387 0.7086615 2 P 0
L 0.8986221 0.7362205 0.9163387 0.7362205 2 P 0
L 0.8986221 1.0423228 0.8986221 1.0698818 2 P 0
L 0.8986221 1.0423228 0.9163387 1.0423228 2 P 0
L 0.8986221 1.0698818 0.9163387 1.0698818 2 P 0
L 0.8986221 1.0738189 0.8986221 1.1013779 2 P 0
L 0.8986221 1.0738189 0.9163387 1.0738189 2 P 0
L 0.8986221 1.1013779 0.9163387 1.1013779 2 P 0
L 0.8986221 1.105315 0.8986221 1.132874 2 P 0
L 0.8986221 1.105315 0.9163387 1.105315 2 P 0
L 0.8986221 1.132874 0.9163387 1.132874 2 P 0
L 0.8986221 1.136811 0.8986221 1.16437 2 P 0
L 0.8986221 1.136811 0.9163387 1.136811 2 P 0
L 0.8986221 1.16437 0.9163387 1.16437 2 P 0
L 0.8986221 1.1683071 0.8986221 1.1958661 2 P 0
L 0.8986221 1.1683071 0.9163387 1.1683071 2 P 0
L 0.8986221 1.1958661 0.9163387 1.1958661 2 P 0
L 0.8986221 1.1998032 0.8986221 1.2273622 2 P 0
L 0.8986221 1.1998032 0.9163387 1.1998032 2 P 0
L 0.8986221 1.2273622 0.9163387 1.2273622 2 P 0
L 0.8986221 1.2312992 0.8986221 1.2588582 2 P 0
L 0.8986221 1.2312992 0.9163387 1.2312992 2 P 0
L 0.8986221 1.2588582 0.9163387 1.2588582 2 P 0
L 0.8986221 1.2627953 0.8986221 1.2903543 2 P 0
L 0.8986221 1.2627953 0.9163387 1.2627953 2 P 0
L 0.8986221 1.2903543 0.9163387 1.2903543 2 P 0
L 0.8986221 1.2942913 0.8986221 1.3218503 2 P 0
L 0.8986221 1.2942913 0.9163387 1.2942913 2 P 0
L 0.8986221 1.3218503 0.9163387 1.3218503 2 P 0
L 0.8986221 1.3257874 0.8986221 1.3533464 2 P 0
L 0.8986221 1.3257874 0.9163387 1.3257874 2 P 0
L 0.8986221 1.3533464 0.9163387 1.3533464 2 P 0
L 0.9005906 0.752953 0.9005906 0.7706696 2 P 0
L 0.9005906 0.772638 0.9005906 0.7903546 2 P 0
L 0.9005906 0.792323 0.9005906 0.8100396 2 P 0
L 0.9005906 0.8120081 0.9005906 0.8297247 2 P 0
L 0.9005907 0.8316931 0.9005907 0.8494097 2 P 0
L 0.9005907 0.8513781 0.9005907 0.8690947 2 P 0
L 0.9005907 0.8710631 0.9005907 0.8887797 2 P 0
L 0.9005907 0.8907482 0.9005907 0.9084648 2 P 0
L 0.9005907 0.9104332 0.9005907 0.9281498 2 P 0
L 0.9005907 0.9301183 0.9005907 0.9478349 2 P 0
L 0.9005907 0.9498033 0.9005907 0.9675199 2 P 0
L 0.9005907 0.9694883 0.9005907 0.9872049 2 P 0
L 0.9005907 0.9891734 0.9005907 1.00689 2 P 0
L 0.9005907 1.0088584 0.9005907 1.026575 2 P 0
L 0.9025591 0.4389764 0.9124017 0.4389764 2 P 0
L 0.9025591 0.4704725 0.9124017 0.4704725 2 P 0
L 0.9025591 0.5019686 0.9124017 0.5019686 2 P 0
L 0.9025591 0.5334646 0.9124017 0.5334646 2 P 0
L 0.9025591 0.5649607 0.9124017 0.5649607 2 P 0
L 0.9025591 0.5964568 0.9124017 0.5964568 2 P 0
L 0.9025591 0.6279528 0.9124017 0.6279528 2 P 0
L 0.9025591 0.6594489 0.9124017 0.6594489 2 P 0
L 0.9025591 0.6909449 0.9124017 0.6909449 2 P 0
L 0.9025591 0.722441 0.9124017 0.722441 2 P 0
L 0.9025591 1.0561023 0.9124017 1.0561023 2 P 0
L 0.9025591 1.0875984 0.9124017 1.0875984 2 P 0
L 0.9025591 1.1190945 0.9124017 1.1190945 2 P 0
L 0.9025591 1.1505905 0.9124017 1.1505905 2 P 0
L 0.9025591 1.1820866 0.9124017 1.1820866 2 P 0
L 0.9025591 1.2135827 0.9124017 1.2135827 2 P 0
L 0.9025591 1.2450787 0.9124017 1.2450787 2 P 0
L 0.9025591 1.2765748 0.9124017 1.2765748 2 P 0
L 0.9025591 1.3080708 0.9124017 1.3080708 2 P 0
L 0.9025591 1.3395669 0.9124017 1.3395669 2 P 0
L 0.9045277 0.7529531 0.9045277 0.7706697 2 P 0
L 0.9045277 0.7529531 0.9320867 0.7529531 2 P 0
L 0.9045277 0.7706697 0.9320867 0.7706697 2 P 0
L 0.9045277 0.7726381 0.9045277 0.7903547 2 P 0
L 0.9045277 0.7726381 0.9320867 0.7726381 2 P 0
L 0.9045277 0.7903547 0.9320867 0.7903547 2 P 0
L 0.9045277 0.7923231 0.9045277 0.8100397 2 P 0
L 0.9045277 0.7923231 0.9320867 0.7923231 2 P 0
L 0.9045277 0.8100397 0.9320867 0.8100397 2 P 0
L 0.9045277 0.8120082 0.9045277 0.8297248 2 P 0
L 0.9045277 0.8120082 0.9320867 0.8120082 2 P 0
L 0.9045277 0.8297248 0.9320867 0.8297248 2 P 0
L 0.9045278 0.8316932 0.9045278 0.8494098 2 P 0
L 0.9045278 0.8316932 0.9320868 0.8316932 2 P 0
L 0.9045278 0.8494098 0.9320868 0.8494098 2 P 0
L 0.9045278 0.8513782 0.9045278 0.8690948 2 P 0
L 0.9045278 0.8513782 0.9320868 0.8513782 2 P 0
L 0.9045278 0.8690948 0.9320868 0.8690948 2 P 0
L 0.9045278 0.8710632 0.9045278 0.8887798 2 P 0
L 0.9045278 0.8710632 0.9320868 0.8710632 2 P 0
L 0.9045278 0.8887798 0.9320868 0.8887798 2 P 0
L 0.9045278 0.8907483 0.9045278 0.9084649 2 P 0
L 0.9045278 0.8907483 0.9320868 0.8907483 2 P 0
L 0.9045278 0.9084649 0.9320868 0.9084649 2 P 0
L 0.9045278 0.9104333 0.9045278 0.9281499 2 P 0
L 0.9045278 0.9104333 0.9320868 0.9104333 2 P 0
L 0.9045278 0.9281499 0.9320868 0.9281499 2 P 0
L 0.9045278 0.9301184 0.9045278 0.947835 2 P 0
L 0.9045278 0.9301184 0.9320868 0.9301184 2 P 0
L 0.9045278 0.947835 0.9320868 0.947835 2 P 0
L 0.9045278 0.9498034 0.9045278 0.96752 2 P 0
L 0.9045278 0.9498034 0.9320868 0.9498034 2 P 0
L 0.9045278 0.96752 0.9320868 0.96752 2 P 0
L 0.9045278 0.9694884 0.9045278 0.987205 2 P 0
L 0.9045278 0.9694884 0.9320868 0.9694884 2 P 0
L 0.9045278 0.987205 0.9320868 0.987205 2 P 0
L 0.9045278 0.9891735 0.9045278 1.0068901 2 P 0
L 0.9045278 0.9891735 0.9320868 0.9891735 2 P 0
L 0.9045278 1.0068901 0.9320868 1.0068901 2 P 0
L 0.9045278 1.0088585 0.9045278 1.0265751 2 P 0
L 0.9045278 1.0088585 0.9320868 1.0088585 2 P 0
L 0.9045278 1.0265751 0.9320868 1.0265751 2 P 0
L 0.9055118 3.2283464 0.9055118 3.7007874 0 P 0
L 0.9074804 0.4330709 0.9074804 0.4448819 2 P 0
L 0.9074804 0.464567 0.9074804 0.476378 2 P 0
L 0.9074804 0.4960631 0.9074804 0.5078741 2 P 0
L 0.9074804 0.5275591 0.9074804 0.5393701 2 P 0
L 0.9074804 0.5590552 0.9074804 0.5708662 2 P 0
L 0.9074804 0.5905513 0.9074804 0.6023623 2 P 0
L 0.9074804 0.6220473 0.9074804 0.6338583 2 P 0
L 0.9074804 0.6535434 0.9074804 0.6653544 2 P 0
L 0.9074804 0.6850394 0.9074804 0.6968504 2 P 0
L 0.9074804 0.7165355 0.9074804 0.7283465 2 P 0
L 0.9074804 1.0501968 0.9074804 1.0620078 2 P 0
L 0.9074804 1.0816929 0.9074804 1.0935039 2 P 0
L 0.9074804 1.113189 0.9074804 1.125 2 P 0
L 0.9074804 1.144685 0.9074804 1.156496 2 P 0
L 0.9074804 1.1761811 0.9074804 1.1879921 2 P 0
L 0.9074804 1.2076772 0.9074804 1.2194882 2 P 0
L 0.9074804 1.2391732 0.9074804 1.2509842 2 P 0
L 0.9074804 1.2706693 0.9074804 1.2824803 2 P 0
L 0.9074804 1.3021653 0.9074804 1.3139763 2 P 0
L 0.9074804 1.3336614 0.9074804 1.3454724 2 P 0
L 0.9124017 0.7618114 0.9242127 0.7618114 2 P 0
L 0.9124017 0.7814964 0.9242127 0.7814964 2 P 0
L 0.9124017 0.8011814 0.9242127 0.8011814 2 P 0
L 0.9124017 0.8208665 0.9242127 0.8208665 2 P 0
L 0.9124018 0.8405515 0.9242128 0.8405515 2 P 0
L 0.9124018 0.8602365 0.9242128 0.8602365 2 P 0
L 0.9124018 0.8799215 0.9242128 0.8799215 2 P 0
L 0.9124018 0.8996066 0.9242128 0.8996066 2 P 0
L 0.9124018 0.9192916 0.9242128 0.9192916 2 P 0
L 0.9124018 0.9389767 0.9242128 0.9389767 2 P 0
L 0.9124018 0.9586617 0.9242128 0.9586617 2 P 0
L 0.9124018 0.9783467 0.9242128 0.9783467 2 P 0
L 0.9124018 0.9980318 0.9242128 0.9980318 2 P 0
L 0.9124018 1.0177168 0.9242128 1.0177168 2 P 0
L 0.9163387 0.4251969 0.9163387 0.4527559 2 P 0
L 0.9163387 0.456693 0.9163387 0.484252 2 P 0
L 0.9163387 0.4881891 0.9163387 0.5157481 2 P 0
L 0.9163387 0.5196851 0.9163387 0.5472441 2 P 0
L 0.9163387 0.5511812 0.9163387 0.5787402 2 P 0
L 0.9163387 0.5826773 0.9163387 0.6102363 2 P 0
L 0.9163387 0.6141733 0.9163387 0.6417323 2 P 0
L 0.9163387 0.6456694 0.9163387 0.6732284 2 P 0
L 0.9163387 0.6771654 0.9163387 0.7047244 2 P 0
L 0.9163387 0.7086615 0.9163387 0.7362205 2 P 0
L 0.9163387 1.0423228 0.9163387 1.0698818 2 P 0
L 0.9163387 1.0738189 0.9163387 1.1013779 2 P 0
L 0.9163387 1.105315 0.9163387 1.132874 2 P 0
L 0.9163387 1.136811 0.9163387 1.16437 2 P 0
L 0.9163387 1.1683071 0.9163387 1.1958661 2 P 0
L 0.9163387 1.1998032 0.9163387 1.2273622 2 P 0
L 0.9163387 1.2312992 0.9163387 1.2588582 2 P 0
L 0.9163387 1.2627953 0.9163387 1.2903543 2 P 0
L 0.9163387 1.2942913 0.9163387 1.3218503 2 P 0
L 0.9163387 1.3257874 0.9163387 1.3533464 2 P 0
L 0.9183071 0.4251969 0.9183071 0.4527559 2 P 0
L 0.9183071 0.4251969 0.9360237 0.4251969 2 P 0
L 0.9183071 0.4527559 0.9360237 0.4527559 2 P 0
L 0.9183071 0.456693 0.9183071 0.484252 2 P 0
L 0.9183071 0.456693 0.9360237 0.456693 2 P 0
L 0.9183071 0.484252 0.9360237 0.484252 2 P 0
L 0.9183071 0.4881891 0.9183071 0.5157481 2 P 0
L 0.9183071 0.4881891 0.9360237 0.4881891 2 P 0
L 0.9183071 0.5157481 0.9360237 0.5157481 2 P 0
L 0.9183071 0.5196851 0.9183071 0.5472441 2 P 0
L 0.9183071 0.5196851 0.9360237 0.5196851 2 P 0
L 0.9183071 0.5472441 0.9360237 0.5472441 2 P 0
L 0.9183071 0.5511812 0.9183071 0.5787402 2 P 0
L 0.9183071 0.5511812 0.9360237 0.5511812 2 P 0
L 0.9183071 0.5787402 0.9360237 0.5787402 2 P 0
L 0.9183071 0.5826773 0.9183071 0.6102363 2 P 0
L 0.9183071 0.5826773 0.9360237 0.5826773 2 P 0
L 0.9183071 0.6102363 0.9360237 0.6102363 2 P 0
L 0.9183071 0.6141733 0.9183071 0.6417323 2 P 0
L 0.9183071 0.6141733 0.9360237 0.6141733 2 P 0
L 0.9183071 0.6417323 0.9360237 0.6417323 2 P 0
L 0.9183071 0.6456694 0.9183071 0.6732284 2 P 0
L 0.9183071 0.6456694 0.9360237 0.6456694 2 P 0
L 0.9183071 0.6732284 0.9360237 0.6732284 2 P 0
L 0.9183071 0.6771654 0.9183071 0.7047244 2 P 0
L 0.9183071 0.6771654 0.9360237 0.6771654 2 P 0
L 0.9183071 0.7047244 0.9360237 0.7047244 2 P 0
L 0.9183071 0.7086615 0.9183071 0.7362205 2 P 0
L 0.9183071 0.7086615 0.9360237 0.7086615 2 P 0
L 0.9183071 0.7362205 0.9360237 0.7362205 2 P 0
L 0.9183071 1.0423228 0.9183071 1.0698818 2 P 0
L 0.9183071 1.0423228 0.9360237 1.0423228 2 P 0
L 0.9183071 1.0698818 0.9360237 1.0698818 2 P 0
L 0.9183071 1.0738189 0.9183071 1.1013779 2 P 0
L 0.9183071 1.0738189 0.9360237 1.0738189 2 P 0
L 0.9183071 1.1013779 0.9360237 1.1013779 2 P 0
L 0.9183071 1.105315 0.9183071 1.132874 2 P 0
L 0.9183071 1.105315 0.9360237 1.105315 2 P 0
L 0.9183071 1.132874 0.9360237 1.132874 2 P 0
L 0.9183071 1.136811 0.9183071 1.16437 2 P 0
L 0.9183071 1.136811 0.9360237 1.136811 2 P 0
L 0.9183071 1.16437 0.9360237 1.16437 2 P 0
L 0.9183071 1.1683071 0.9183071 1.1958661 2 P 0
L 0.9183071 1.1683071 0.9360237 1.1683071 2 P 0
L 0.9183071 1.1958661 0.9360237 1.1958661 2 P 0
L 0.9183071 1.1998032 0.9183071 1.2273622 2 P 0
L 0.9183071 1.1998032 0.9360237 1.1998032 2 P 0
L 0.9183071 1.2273622 0.9360237 1.2273622 2 P 0
L 0.9183071 1.2312992 0.9183071 1.2588582 2 P 0
L 0.9183071 1.2312992 0.9360237 1.2312992 2 P 0
L 0.9183071 1.2588582 0.9360237 1.2588582 2 P 0
L 0.9183071 1.2627953 0.9183071 1.2903543 2 P 0
L 0.9183071 1.2627953 0.9360237 1.2627953 2 P 0
L 0.9183071 1.2903543 0.9360237 1.2903543 2 P 0
L 0.9183071 1.2942913 0.9183071 1.3218503 2 P 0
L 0.9183071 1.2942913 0.9360237 1.2942913 2 P 0
L 0.9183071 1.3218503 0.9360237 1.3218503 2 P 0
L 0.9183071 1.3257874 0.9183071 1.3533464 2 P 0
L 0.9183071 1.3257874 0.9360237 1.3257874 2 P 0
L 0.9183071 1.3533464 0.9360237 1.3533464 2 P 0
L 0.9183072 0.7568901 0.9183072 0.7667327 2 P 0
L 0.9183072 0.7765751 0.9183072 0.7864177 2 P 0
L 0.9183072 0.7962601 0.9183072 0.8061027 2 P 0
L 0.9183072 0.8159452 0.9183072 0.8257878 2 P 0
L 0.9183073 0.8356302 0.9183073 0.8454728 2 P 0
L 0.9183073 0.8553152 0.9183073 0.8651578 2 P 0
L 0.9183073 0.8750002 0.9183073 0.8848428 2 P 0
L 0.9183073 0.8946853 0.9183073 0.9045279 2 P 0
L 0.9183073 0.9143703 0.9183073 0.9242129 2 P 0
L 0.9183073 0.9340554 0.9183073 0.943898 2 P 0
L 0.9183073 0.9537404 0.9183073 0.963583 2 P 0
L 0.9183073 0.9734254 0.9183073 0.983268 2 P 0
L 0.9183073 0.9931105 0.9183073 1.0029531 2 P 0
L 0.9183073 1.0127955 0.9183073 1.0226381 2 P 0
L 0.9222441 0.4389764 0.9320867 0.4389764 2 P 0
L 0.9222441 0.4704725 0.9320867 0.4704725 2 P 0
L 0.9222441 0.5019686 0.9320867 0.5019686 2 P 0
L 0.9222441 0.5334646 0.9320867 0.5334646 2 P 0
L 0.9222441 0.5649607 0.9320867 0.5649607 2 P 0
L 0.9222441 0.5964568 0.9320867 0.5964568 2 P 0
L 0.9222441 0.6279528 0.9320867 0.6279528 2 P 0
L 0.9222441 0.6594489 0.9320867 0.6594489 2 P 0
L 0.9222441 0.6909449 0.9320867 0.6909449 2 P 0
L 0.9222441 0.722441 0.9320867 0.722441 2 P 0
L 0.9222441 1.0561023 0.9320867 1.0561023 2 P 0
L 0.9222441 1.0875984 0.9320867 1.0875984 2 P 0
L 0.9222441 1.1190945 0.9320867 1.1190945 2 P 0
L 0.9222441 1.1505905 0.9320867 1.1505905 2 P 0
L 0.9222441 1.1820866 0.9320867 1.1820866 2 P 0
L 0.9222441 1.2135827 0.9320867 1.2135827 2 P 0
L 0.9222441 1.2450787 0.9320867 1.2450787 2 P 0
L 0.9222441 1.2765748 0.9320867 1.2765748 2 P 0
L 0.9222441 1.3080708 0.9320867 1.3080708 2 P 0
L 0.9222441 1.3395669 0.9320867 1.3395669 2 P 0
L 0.9271654 0.4330709 0.9271654 0.4448819 2 P 0
L 0.9271654 0.464567 0.9271654 0.476378 2 P 0
L 0.9271654 0.4960631 0.9271654 0.5078741 2 P 0
L 0.9271654 0.5275591 0.9271654 0.5393701 2 P 0
L 0.9271654 0.5590552 0.9271654 0.5708662 2 P 0
L 0.9271654 0.5905513 0.9271654 0.6023623 2 P 0
L 0.9271654 0.6220473 0.9271654 0.6338583 2 P 0
L 0.9271654 0.6535434 0.9271654 0.6653544 2 P 0
L 0.9271654 0.6850394 0.9271654 0.6968504 2 P 0
L 0.9271654 0.7165355 0.9271654 0.7283465 2 P 0
L 0.9271654 1.0501968 0.9271654 1.0620078 2 P 0
L 0.9271654 1.0816929 0.9271654 1.0935039 2 P 0
L 0.9271654 1.113189 0.9271654 1.125 2 P 0
L 0.9271654 1.144685 0.9271654 1.156496 2 P 0
L 0.9271654 1.1761811 0.9271654 1.1879921 2 P 0
L 0.9271654 1.2076772 0.9271654 1.2194882 2 P 0
L 0.9271654 1.2391732 0.9271654 1.2509842 2 P 0
L 0.9271654 1.2706693 0.9271654 1.2824803 2 P 0
L 0.9271654 1.3021653 0.9271654 1.3139763 2 P 0
L 0.9271654 1.3336614 0.9271654 1.3454724 2 P 0
L 0.9311024 0.4242126 0.9311024 0.4419292 2 P 0
L 0.9311024 0.4242126 0.9586614 0.4242126 2 P 0
L 0.9311024 0.4419292 0.9586614 0.4419292 2 P 0
L 0.9311024 0.5029528 0.9311024 0.5206694 2 P 0
L 0.9311024 0.5029528 0.9586614 0.5029528 2 P 0
L 0.9311024 0.5206694 0.9586614 0.5206694 2 P 0
L 0.9311024 0.5816929 0.9311024 0.5994095 2 P 0
L 0.9311024 0.5816929 0.9586614 0.5816929 2 P 0
L 0.9311024 0.5994095 0.9586614 0.5994095 2 P 0
L 0.9311024 0.6604331 0.9311024 0.6781497 2 P 0
L 0.9311024 0.6604331 0.9586614 0.6604331 2 P 0
L 0.9311024 0.6781497 0.9586614 0.6781497 2 P 0
L 0.9311024 0.7391733 0.9311024 0.7568899 2 P 0
L 0.9311024 0.7391733 0.9586614 0.7391733 2 P 0
L 0.9311024 0.7568899 0.9586614 0.7568899 2 P 0
L 0.9320867 0.7529531 0.9320867 0.7706697 2 P 0
L 0.9320867 0.7726381 0.9320867 0.7903547 2 P 0
L 0.9320867 0.7923231 0.9320867 0.8100397 2 P 0
L 0.9320867 0.8120082 0.9320867 0.8297248 2 P 0
L 0.9320868 0.8316932 0.9320868 0.8494098 2 P 0
L 0.9320868 0.8513782 0.9320868 0.8690948 2 P 0
L 0.9320868 0.8710632 0.9320868 0.8887798 2 P 0
L 0.9320868 0.8907483 0.9320868 0.9084649 2 P 0
L 0.9320868 0.9104333 0.9320868 0.9281499 2 P 0
L 0.9320868 0.9301184 0.9320868 0.947835 2 P 0
L 0.9320868 0.9498034 0.9320868 0.96752 2 P 0
L 0.9320868 0.9694884 0.9320868 0.987205 2 P 0
L 0.9320868 0.9891735 0.9320868 1.0068901 2 P 0
L 0.9320868 1.0088585 0.9320868 1.0265751 2 P 0
L 0.9360236 0.8917323 0.9360236 0.9192913 2 P 0
L 0.9360236 0.8917323 0.9537402 0.8917323 2 P 0
L 0.9360236 0.9192913 0.9537402 0.9192913 2 P 0
L 0.9360236 0.9625985 0.9360236 0.9901575 2 P 0
L 0.9360236 0.9625985 0.9537402 0.9625985 2 P 0
L 0.9360236 0.9901575 0.9537402 0.9901575 2 P 0
L 0.9360236 1.0374016 0.9360236 1.0649606 2 P 0
L 0.9360236 1.0374016 0.9537402 1.0374016 2 P 0
L 0.9360236 1.0649606 0.9537402 1.0649606 2 P 0
L 0.9360236 1.1082677 0.9360236 1.1358267 2 P 0
L 0.9360236 1.1082677 0.9537402 1.1082677 2 P 0
L 0.9360236 1.1358267 0.9537402 1.1358267 2 P 0
L 0.9360237 0.4251969 0.9360237 0.4527559 2 P 0
L 0.9360237 0.456693 0.9360237 0.484252 2 P 0
L 0.9360237 0.4881891 0.9360237 0.5157481 2 P 0
L 0.9360237 0.5196851 0.9360237 0.5472441 2 P 0
L 0.9360237 0.5511812 0.9360237 0.5787402 2 P 0
L 0.9360237 0.5826773 0.9360237 0.6102363 2 P 0
L 0.9360237 0.6141733 0.9360237 0.6417323 2 P 0
L 0.9360237 0.6456694 0.9360237 0.6732284 2 P 0
L 0.9360237 0.6771654 0.9360237 0.7047244 2 P 0
L 0.9360237 0.7086615 0.9360237 0.7362205 2 P 0
L 0.9360237 1.0423228 0.9360237 1.0698818 2 P 0
L 0.9360237 1.0738189 0.9360237 1.1013779 2 P 0
L 0.9360237 1.105315 0.9360237 1.132874 2 P 0
L 0.9360237 1.136811 0.9360237 1.16437 2 P 0
L 0.9360237 1.1683071 0.9360237 1.1958661 2 P 0
L 0.9360237 1.1998032 0.9360237 1.2273622 2 P 0
L 0.9360237 1.2312992 0.9360237 1.2588582 2 P 0
L 0.9360237 1.2627953 0.9360237 1.2903543 2 P 0
L 0.9360237 1.2942913 0.9360237 1.3218503 2 P 0
L 0.9360237 1.3257874 0.9360237 1.3533464 2 P 0
L 0.9360238 0.7529531 0.9360238 0.7706697 2 P 0
L 0.9360238 0.7529531 0.9635828 0.7529531 2 P 0
L 0.9360238 0.7706697 0.9635828 0.7706697 2 P 0
L 0.9360238 0.7726381 0.9360238 0.7903547 2 P 0
L 0.9360238 0.7726381 0.9635828 0.7726381 2 P 0
L 0.9360238 0.7903547 0.9635828 0.7903547 2 P 0
L 0.9360238 0.7923231 0.9360238 0.8100397 2 P 0
L 0.9360238 0.7923231 0.9635828 0.7923231 2 P 0
L 0.9360238 0.8100397 0.9635828 0.8100397 2 P 0
L 0.9360238 0.8120082 0.9360238 0.8297248 2 P 0
L 0.9360238 0.8120082 0.9635828 0.8120082 2 P 0
L 0.9360238 0.8297248 0.9635828 0.8297248 2 P 0
L 0.9360239 0.8316932 0.9360239 0.8494098 2 P 0
L 0.9360239 0.8316932 0.9635829 0.8316932 2 P 0
L 0.9360239 0.8494098 0.9635829 0.8494098 2 P 0
L 0.9360239 0.8513782 0.9360239 0.8690948 2 P 0
L 0.9360239 0.8513782 0.9635829 0.8513782 2 P 0
L 0.9360239 0.8690948 0.9635829 0.8690948 2 P 0
L 0.9360239 0.8710632 0.9360239 0.8887798 2 P 0
L 0.9360239 0.8710632 0.9635829 0.8710632 2 P 0
L 0.9360239 0.8887798 0.9635829 0.8887798 2 P 0
L 0.9360239 0.8907483 0.9360239 0.9084649 2 P 0
L 0.9360239 0.8907483 0.9635829 0.8907483 2 P 0
L 0.9360239 0.9084649 0.9635829 0.9084649 2 P 0
L 0.9360239 0.9104333 0.9360239 0.9281499 2 P 0
L 0.9360239 0.9104333 0.9635829 0.9104333 2 P 0
L 0.9360239 0.9281499 0.9635829 0.9281499 2 P 0
L 0.9360239 0.9301184 0.9360239 0.947835 2 P 0
L 0.9360239 0.9301184 0.9635829 0.9301184 2 P 0
L 0.9360239 0.947835 0.9635829 0.947835 2 P 0
L 0.9360239 0.9498034 0.9360239 0.96752 2 P 0
L 0.9360239 0.9498034 0.9635829 0.9498034 2 P 0
L 0.9360239 0.96752 0.9635829 0.96752 2 P 0
L 0.9360239 0.9694884 0.9360239 0.987205 2 P 0
L 0.9360239 0.9694884 0.9635829 0.9694884 2 P 0
L 0.9360239 0.987205 0.9635829 0.987205 2 P 0
L 0.9360239 0.9891735 0.9360239 1.0068901 2 P 0
L 0.9360239 0.9891735 0.9635829 0.9891735 2 P 0
L 0.9360239 1.0068901 0.9635829 1.0068901 2 P 0
L 0.9360239 1.0088585 0.9360239 1.0265751 2 P 0
L 0.9360239 1.0088585 0.9635829 1.0088585 2 P 0
L 0.9360239 1.0265751 0.9635829 1.0265751 2 P 0
L 0.9379921 0.4251969 0.9379921 0.4527559 2 P 0
L 0.9379921 0.4251969 0.9557087 0.4251969 2 P 0
L 0.9379921 0.4527559 0.9557087 0.4527559 2 P 0
L 0.9379921 0.456693 0.9379921 0.484252 2 P 0
L 0.9379921 0.456693 0.9557087 0.456693 2 P 0
L 0.9379921 0.484252 0.9557087 0.484252 2 P 0
L 0.9379921 0.4881891 0.9379921 0.5157481 2 P 0
L 0.9379921 0.4881891 0.9557087 0.4881891 2 P 0
L 0.9379921 0.5157481 0.9557087 0.5157481 2 P 0
L 0.9379921 0.5196851 0.9379921 0.5472441 2 P 0
L 0.9379921 0.5196851 0.9557087 0.5196851 2 P 0
L 0.9379921 0.5472441 0.9557087 0.5472441 2 P 0
L 0.9379921 0.5511812 0.9379921 0.5787402 2 P 0
L 0.9379921 0.5511812 0.9557087 0.5511812 2 P 0
L 0.9379921 0.5787402 0.9557087 0.5787402 2 P 0
L 0.9379921 0.5826773 0.9379921 0.6102363 2 P 0
L 0.9379921 0.5826773 0.9557087 0.5826773 2 P 0
L 0.9379921 0.6102363 0.9557087 0.6102363 2 P 0
L 0.9379921 0.6141733 0.9379921 0.6417323 2 P 0
L 0.9379921 0.6141733 0.9557087 0.6141733 2 P 0
L 0.9379921 0.6417323 0.9557087 0.6417323 2 P 0
L 0.9379921 0.6456694 0.9379921 0.6732284 2 P 0
L 0.9379921 0.6456694 0.9557087 0.6456694 2 P 0
L 0.9379921 0.6732284 0.9557087 0.6732284 2 P 0
L 0.9379921 0.6771654 0.9379921 0.7047244 2 P 0
L 0.9379921 0.6771654 0.9557087 0.6771654 2 P 0
L 0.9379921 0.7047244 0.9557087 0.7047244 2 P 0
L 0.9379921 0.7086615 0.9379921 0.7362205 2 P 0
L 0.9379921 0.7086615 0.9557087 0.7086615 2 P 0
L 0.9379921 0.7362205 0.9557087 0.7362205 2 P 0
L 0.9379921 1.0423228 0.9379921 1.0698818 2 P 0
L 0.9379921 1.0423228 0.9557087 1.0423228 2 P 0
L 0.9379921 1.0698818 0.9557087 1.0698818 2 P 0
L 0.9379921 1.0738189 0.9379921 1.1013779 2 P 0
L 0.9379921 1.0738189 0.9557087 1.0738189 2 P 0
L 0.9379921 1.1013779 0.9557087 1.1013779 2 P 0
L 0.9379921 1.105315 0.9379921 1.132874 2 P 0
L 0.9379921 1.105315 0.9557087 1.105315 2 P 0
L 0.9379921 1.132874 0.9557087 1.132874 2 P 0
L 0.9379921 1.136811 0.9379921 1.16437 2 P 0
L 0.9379921 1.136811 0.9557087 1.136811 2 P 0
L 0.9379921 1.16437 0.9557087 1.16437 2 P 0
L 0.9379921 1.1683071 0.9379921 1.1958661 2 P 0
L 0.9379921 1.1683071 0.9557087 1.1683071 2 P 0
L 0.9379921 1.1958661 0.9557087 1.1958661 2 P 0
L 0.9379921 1.1998032 0.9379921 1.2273622 2 P 0
L 0.9379921 1.1998032 0.9557087 1.1998032 2 P 0
L 0.9379921 1.2273622 0.9557087 1.2273622 2 P 0
L 0.9379921 1.2312992 0.9379921 1.2588582 2 P 0
L 0.9379921 1.2312992 0.9557087 1.2312992 2 P 0
L 0.9379921 1.2588582 0.9557087 1.2588582 2 P 0
L 0.9379921 1.2627953 0.9379921 1.2903543 2 P 0
L 0.9379921 1.2627953 0.9557087 1.2627953 2 P 0
L 0.9379921 1.2903543 0.9557087 1.2903543 2 P 0
L 0.9379921 1.2942913 0.9379921 1.3218503 2 P 0
L 0.9379921 1.2942913 0.9557087 1.2942913 2 P 0
L 0.9379921 1.3218503 0.9557087 1.3218503 2 P 0
L 0.9379921 1.3257874 0.9379921 1.3533464 2 P 0
L 0.9379921 1.3257874 0.9557087 1.3257874 2 P 0
L 0.9379921 1.3533464 0.9557087 1.3533464 2 P 0
L 0.9389764 0.4330709 0.9507874 0.4330709 2 P 0
L 0.9389764 0.5118111 0.9507874 0.5118111 2 P 0
L 0.9389764 0.5905512 0.9507874 0.5905512 2 P 0
L 0.9389764 0.6692914 0.9507874 0.6692914 2 P 0
L 0.9389764 0.7480316 0.9507874 0.7480316 2 P 0
L 0.9399606 0.9055118 0.9498032 0.9055118 2 P 0
L 0.9399606 0.976378 0.9498032 0.976378 2 P 0
L 0.9399606 1.0511811 0.9498032 1.0511811 2 P 0
L 0.9399606 1.1220472 0.9498032 1.1220472 2 P 0
L 0.9419291 0.4389764 0.9517717 0.4389764 2 P 0
L 0.9419291 0.4704725 0.9517717 0.4704725 2 P 0
L 0.9419291 0.5019686 0.9517717 0.5019686 2 P 0
L 0.9419291 0.5334646 0.9517717 0.5334646 2 P 0
L 0.9419291 0.5649607 0.9517717 0.5649607 2 P 0
L 0.9419291 0.5964568 0.9517717 0.5964568 2 P 0
L 0.9419291 0.6279528 0.9517717 0.6279528 2 P 0
L 0.9419291 0.6594489 0.9517717 0.6594489 2 P 0
L 0.9419291 0.6909449 0.9517717 0.6909449 2 P 0
L 0.9419291 0.722441 0.9517717 0.722441 2 P 0
L 0.9419291 1.0561023 0.9517717 1.0561023 2 P 0
L 0.9419291 1.0875984 0.9517717 1.0875984 2 P 0
L 0.9419291 1.1190945 0.9517717 1.1190945 2 P 0
L 0.9419291 1.1505905 0.9517717 1.1505905 2 P 0
L 0.9419291 1.1820866 0.9517717 1.1820866 2 P 0
L 0.9419291 1.2135827 0.9517717 1.2135827 2 P 0
L 0.9419291 1.2450787 0.9517717 1.2450787 2 P 0
L 0.9419291 1.2765748 0.9517717 1.2765748 2 P 0
L 0.9419291 1.3080708 0.9517717 1.3080708 2 P 0
L 0.9419291 1.3395669 0.9517717 1.3395669 2 P 0
L 0.9438978 0.7618114 0.9557088 0.7618114 2 P 0
L 0.9438978 0.7814964 0.9557088 0.7814964 2 P 0
L 0.9438978 0.8011814 0.9557088 0.8011814 2 P 0
L 0.9438978 0.8208665 0.9557088 0.8208665 2 P 0
L 0.9438979 0.8405515 0.9557089 0.8405515 2 P 0
L 0.9438979 0.8602365 0.9557089 0.8602365 2 P 0
L 0.9438979 0.8799215 0.9557089 0.8799215 2 P 0
L 0.9438979 0.8996066 0.9557089 0.8996066 2 P 0
L 0.9438979 0.9192916 0.9557089 0.9192916 2 P 0
L 0.9438979 0.9389767 0.9557089 0.9389767 2 P 0
L 0.9438979 0.9586617 0.9557089 0.9586617 2 P 0
L 0.9438979 0.9783467 0.9557089 0.9783467 2 P 0
L 0.9438979 0.9980318 0.9557089 0.9980318 2 P 0
L 0.9438979 1.0177168 0.9557089 1.0177168 2 P 0
L 0.9448819 0.4281496 0.9448819 0.4379922 2 P 0
L 0.9448819 0.5068898 0.9448819 0.5167324 2 P 0
L 0.9448819 0.5856299 0.9448819 0.5954725 2 P 0
L 0.9448819 0.6643701 0.9448819 0.6742127 2 P 0
L 0.9448819 0.7431103 0.9448819 0.7529529 2 P 0
L 0.9448819 0.8996063 0.9448819 0.9114173 2 P 0
L 0.9448819 0.9704725 0.9448819 0.9822835 2 P 0
L 0.9448819 1.0452756 0.9448819 1.0570866 2 P 0
L 0.9448819 1.1161417 0.9448819 1.1279527 2 P 0
L 0.9448819 2.1062993 0.9448819 2.8543307 0 P 0
L 0.9468504 0.4330709 0.9468504 0.4448819 2 P 0
L 0.9468504 0.464567 0.9468504 0.476378 2 P 0
L 0.9468504 0.4960631 0.9468504 0.5078741 2 P 0
L 0.9468504 0.5275591 0.9468504 0.5393701 2 P 0
L 0.9468504 0.5590552 0.9468504 0.5708662 2 P 0
L 0.9468504 0.5905513 0.9468504 0.6023623 2 P 0
L 0.9468504 0.6220473 0.9468504 0.6338583 2 P 0
L 0.9468504 0.6535434 0.9468504 0.6653544 2 P 0
L 0.9468504 0.6850394 0.9468504 0.6968504 2 P 0
L 0.9468504 0.7165355 0.9468504 0.7283465 2 P 0
L 0.9468504 1.0501968 0.9468504 1.0620078 2 P 0
L 0.9468504 1.0816929 0.9468504 1.0935039 2 P 0
L 0.9468504 1.113189 0.9468504 1.125 2 P 0
L 0.9468504 1.144685 0.9468504 1.156496 2 P 0
L 0.9468504 1.1761811 0.9468504 1.1879921 2 P 0
L 0.9468504 1.2076772 0.9468504 1.2194882 2 P 0
L 0.9468504 1.2391732 0.9468504 1.2509842 2 P 0
L 0.9468504 1.2706693 0.9468504 1.2824803 2 P 0
L 0.9468504 1.3021653 0.9468504 1.3139763 2 P 0
L 0.9468504 1.3336614 0.9468504 1.3454724 2 P 0
L 0.9498033 0.7568901 0.9498033 0.7667327 2 P 0
L 0.9498033 0.7765751 0.9498033 0.7864177 2 P 0
L 0.9498033 0.7962601 0.9498033 0.8061027 2 P 0
L 0.9498033 0.8159452 0.9498033 0.8257878 2 P 0
L 0.9498034 0.8356302 0.9498034 0.8454728 2 P 0
L 0.9498034 0.8553152 0.9498034 0.8651578 2 P 0
L 0.9498034 0.8750002 0.9498034 0.8848428 2 P 0
L 0.9498034 0.8946853 0.9498034 0.9045279 2 P 0
L 0.9498034 0.9143703 0.9498034 0.9242129 2 P 0
L 0.9498034 0.9340554 0.9498034 0.943898 2 P 0
L 0.9498034 0.9537404 0.9498034 0.963583 2 P 0
L 0.9498034 0.9734254 0.9498034 0.983268 2 P 0
L 0.9498034 0.9931105 0.9498034 1.0029531 2 P 0
L 0.9498034 1.0127955 0.9498034 1.0226381 2 P 0
L 0.9537402 0.8917323 0.9537402 0.9192913 2 P 0
L 0.9537402 0.9625985 0.9537402 0.9901575 2 P 0
L 0.9537402 1.0374016 0.9537402 1.0649606 2 P 0
L 0.9537402 1.1082677 0.9537402 1.1358267 2 P 0
L 0.9557087 0.4251969 0.9557087 0.4527559 2 P 0
L 0.9557087 0.456693 0.9557087 0.484252 2 P 0
L 0.9557087 0.4881891 0.9557087 0.5157481 2 P 0
L 0.9557087 0.5196851 0.9557087 0.5472441 2 P 0
L 0.9557087 0.5511812 0.9557087 0.5787402 2 P 0
L 0.9557087 0.5826773 0.9557087 0.6102363 2 P 0
L 0.9557087 0.6141733 0.9557087 0.6417323 2 P 0
L 0.9557087 0.6456694 0.9557087 0.6732284 2 P 0
L 0.9557087 0.6771654 0.9557087 0.7047244 2 P 0
L 0.9557087 0.7086615 0.9557087 0.7362205 2 P 0
L 0.9557087 1.0423228 0.9557087 1.0698818 2 P 0
L 0.9557087 1.0738189 0.9557087 1.1013779 2 P 0
L 0.9557087 1.105315 0.9557087 1.132874 2 P 0
L 0.9557087 1.136811 0.9557087 1.16437 2 P 0
L 0.9557087 1.1683071 0.9557087 1.1958661 2 P 0
L 0.9557087 1.1998032 0.9557087 1.2273622 2 P 0
L 0.9557087 1.2312992 0.9557087 1.2588582 2 P 0
L 0.9557087 1.2627953 0.9557087 1.2903543 2 P 0
L 0.9557087 1.2942913 0.9557087 1.3218503 2 P 0
L 0.9557087 1.3257874 0.9557087 1.3533464 2 P 0
L 0.9576772 0.4251969 0.9576772 0.4527559 2 P 0
L 0.9576772 0.4251969 0.9753938 0.4251969 2 P 0
L 0.9576772 0.4527559 0.9753938 0.4527559 2 P 0
L 0.9576772 0.456693 0.9576772 0.484252 2 P 0
L 0.9576772 0.456693 0.9753938 0.456693 2 P 0
L 0.9576772 0.484252 0.9753938 0.484252 2 P 0
L 0.9576772 0.4881891 0.9576772 0.5157481 2 P 0
L 0.9576772 0.4881891 0.9753938 0.4881891 2 P 0
L 0.9576772 0.5157481 0.9753938 0.5157481 2 P 0
L 0.9576772 0.5196851 0.9576772 0.5472441 2 P 0
L 0.9576772 0.5196851 0.9753938 0.5196851 2 P 0
L 0.9576772 0.5472441 0.9753938 0.5472441 2 P 0
L 0.9576772 0.5511812 0.9576772 0.5787402 2 P 0
L 0.9576772 0.5511812 0.9753938 0.5511812 2 P 0
L 0.9576772 0.5787402 0.9753938 0.5787402 2 P 0
L 0.9576772 0.5826773 0.9576772 0.6102363 2 P 0
L 0.9576772 0.5826773 0.9753938 0.5826773 2 P 0
L 0.9576772 0.6102363 0.9753938 0.6102363 2 P 0
L 0.9576772 0.6141733 0.9576772 0.6417323 2 P 0
L 0.9576772 0.6141733 0.9753938 0.6141733 2 P 0
L 0.9576772 0.6417323 0.9753938 0.6417323 2 P 0
L 0.9576772 0.6456694 0.9576772 0.6732284 2 P 0
L 0.9576772 0.6456694 0.9753938 0.6456694 2 P 0
L 0.9576772 0.6732284 0.9753938 0.6732284 2 P 0
L 0.9576772 0.6771654 0.9576772 0.7047244 2 P 0
L 0.9576772 0.6771654 0.9753938 0.6771654 2 P 0
L 0.9576772 0.7047244 0.9753938 0.7047244 2 P 0
L 0.9576772 0.7086615 0.9576772 0.7362205 2 P 0
L 0.9576772 0.7086615 0.9753938 0.7086615 2 P 0
L 0.9576772 0.7362205 0.9753938 0.7362205 2 P 0
L 0.9576772 1.0423228 0.9576772 1.0698818 2 P 0
L 0.9576772 1.0423228 0.9753938 1.0423228 2 P 0
L 0.9576772 1.0698818 0.9753938 1.0698818 2 P 0
L 0.9576772 1.0738189 0.9576772 1.1013779 2 P 0
L 0.9576772 1.0738189 0.9753938 1.0738189 2 P 0
L 0.9576772 1.1013779 0.9753938 1.1013779 2 P 0
L 0.9576772 1.105315 0.9576772 1.132874 2 P 0
L 0.9576772 1.105315 0.9753938 1.105315 2 P 0
L 0.9576772 1.132874 0.9753938 1.132874 2 P 0
L 0.9576772 1.136811 0.9576772 1.16437 2 P 0
L 0.9576772 1.136811 0.9753938 1.136811 2 P 0
L 0.9576772 1.16437 0.9753938 1.16437 2 P 0
L 0.9576772 1.1683071 0.9576772 1.1958661 2 P 0
L 0.9576772 1.1683071 0.9753938 1.1683071 2 P 0
L 0.9576772 1.1958661 0.9753938 1.1958661 2 P 0
L 0.9576772 1.1998032 0.9576772 1.2273622 2 P 0
L 0.9576772 1.1998032 0.9753938 1.1998032 2 P 0
L 0.9576772 1.2273622 0.9753938 1.2273622 2 P 0
L 0.9576772 1.2312992 0.9576772 1.2588582 2 P 0
L 0.9576772 1.2312992 0.9753938 1.2312992 2 P 0
L 0.9576772 1.2588582 0.9753938 1.2588582 2 P 0
L 0.9576772 1.2627953 0.9576772 1.2903543 2 P 0
L 0.9576772 1.2627953 0.9753938 1.2627953 2 P 0
L 0.9576772 1.2903543 0.9753938 1.2903543 2 P 0
L 0.9576772 1.2942913 0.9576772 1.3218503 2 P 0
L 0.9576772 1.2942913 0.9753938 1.2942913 2 P 0
L 0.9576772 1.3218503 0.9753938 1.3218503 2 P 0
L 0.9576772 1.3257874 0.9576772 1.3533464 2 P 0
L 0.9576772 1.3257874 0.9753938 1.3257874 2 P 0
L 0.9576772 1.3533464 0.9753938 1.3533464 2 P 0
L 0.9586614 0.4242126 0.9586614 0.4419292 2 P 0
L 0.9586614 0.5029528 0.9586614 0.5206694 2 P 0
L 0.9586614 0.5816929 0.9586614 0.5994095 2 P 0
L 0.9586614 0.6604331 0.9586614 0.6781497 2 P 0
L 0.9586614 0.7391733 0.9586614 0.7568899 2 P 0
L 0.9616142 0.4389764 0.9714568 0.4389764 2 P 0
L 0.9616142 0.4704725 0.9714568 0.4704725 2 P 0
L 0.9616142 0.5019686 0.9714568 0.5019686 2 P 0
L 0.9616142 0.5334646 0.9714568 0.5334646 2 P 0
L 0.9616142 0.5649607 0.9714568 0.5649607 2 P 0
L 0.9616142 0.5964568 0.9714568 0.5964568 2 P 0
L 0.9616142 0.6279528 0.9714568 0.6279528 2 P 0
L 0.9616142 0.6594489 0.9714568 0.6594489 2 P 0
L 0.9616142 0.6909449 0.9714568 0.6909449 2 P 0
L 0.9616142 0.722441 0.9714568 0.722441 2 P 0
L 0.9616142 1.0561023 0.9714568 1.0561023 2 P 0
L 0.9616142 1.0875984 0.9714568 1.0875984 2 P 0
L 0.9616142 1.1190945 0.9714568 1.1190945 2 P 0
L 0.9616142 1.1505905 0.9714568 1.1505905 2 P 0
L 0.9616142 1.1820866 0.9714568 1.1820866 2 P 0
L 0.9616142 1.2135827 0.9714568 1.2135827 2 P 0
L 0.9616142 1.2450787 0.9714568 1.2450787 2 P 0
L 0.9616142 1.2765748 0.9714568 1.2765748 2 P 0
L 0.9616142 1.3080708 0.9714568 1.3080708 2 P 0
L 0.9616142 1.3395669 0.9714568 1.3395669 2 P 0
L 0.9635828 0.7529531 0.9635828 0.7706697 2 P 0
L 0.9635828 0.7726381 0.9635828 0.7903547 2 P 0
L 0.9635828 0.7923231 0.9635828 0.8100397 2 P 0
L 0.9635828 0.8120082 0.9635828 0.8297248 2 P 0
L 0.9635829 0.8316932 0.9635829 0.8494098 2 P 0
L 0.9635829 0.8513782 0.9635829 0.8690948 2 P 0
L 0.9635829 0.8710632 0.9635829 0.8887798 2 P 0
L 0.9635829 0.8907483 0.9635829 0.9084649 2 P 0
L 0.9635829 0.9104333 0.9635829 0.9281499 2 P 0
L 0.9635829 0.9301184 0.9635829 0.947835 2 P 0
L 0.9635829 0.9498034 0.9635829 0.96752 2 P 0
L 0.9635829 0.9694884 0.9635829 0.987205 2 P 0
L 0.9635829 0.9891735 0.9635829 1.0068901 2 P 0
L 0.9635829 1.0088585 0.9635829 1.0265751 2 P 0
L 0.9665355 0.4330709 0.9665355 0.4448819 2 P 0
L 0.9665355 0.464567 0.9665355 0.476378 2 P 0
L 0.9665355 0.4960631 0.9665355 0.5078741 2 P 0
L 0.9665355 0.5275591 0.9665355 0.5393701 2 P 0
L 0.9665355 0.5590552 0.9665355 0.5708662 2 P 0
L 0.9665355 0.5905513 0.9665355 0.6023623 2 P 0
L 0.9665355 0.6220473 0.9665355 0.6338583 2 P 0
L 0.9665355 0.6535434 0.9665355 0.6653544 2 P 0
L 0.9665355 0.6850394 0.9665355 0.6968504 2 P 0
L 0.9665355 0.7165355 0.9665355 0.7283465 2 P 0
L 0.9665355 1.0501968 0.9665355 1.0620078 2 P 0
L 0.9665355 1.0816929 0.9665355 1.0935039 2 P 0
L 0.9665355 1.113189 0.9665355 1.125 2 P 0
L 0.9665355 1.144685 0.9665355 1.156496 2 P 0
L 0.9665355 1.1761811 0.9665355 1.1879921 2 P 0
L 0.9665355 1.2076772 0.9665355 1.2194882 2 P 0
L 0.9665355 1.2391732 0.9665355 1.2509842 2 P 0
L 0.9665355 1.2706693 0.9665355 1.2824803 2 P 0
L 0.9665355 1.3021653 0.9665355 1.3139763 2 P 0
L 0.9665355 1.3336614 0.9665355 1.3454724 2 P 0
L 0.9675199 0.7529531 0.9675199 0.7706697 2 P 0
L 0.9675199 0.7529531 0.9950789 0.7529531 2 P 0
L 0.9675199 0.7706697 0.9950789 0.7706697 2 P 0
L 0.9675199 0.7726381 0.9675199 0.7903547 2 P 0
L 0.9675199 0.7726381 0.9950789 0.7726381 2 P 0
L 0.9675199 0.7903547 0.9950789 0.7903547 2 P 0
L 0.9675199 0.7923231 0.9675199 0.8100397 2 P 0
L 0.9675199 0.7923231 0.9950789 0.7923231 2 P 0
L 0.9675199 0.8100397 0.9950789 0.8100397 2 P 0
L 0.9675199 0.8120082 0.9675199 0.8297248 2 P 0
L 0.9675199 0.8120082 0.9950789 0.8120082 2 P 0
L 0.9675199 0.8297248 0.9950789 0.8297248 2 P 0
L 0.96752 0.8316932 0.96752 0.8494098 2 P 0
L 0.96752 0.8316932 0.995079 0.8316932 2 P 0
L 0.96752 0.8494098 0.995079 0.8494098 2 P 0
L 0.96752 0.8513782 0.96752 0.8690948 2 P 0
L 0.96752 0.8513782 0.995079 0.8513782 2 P 0
L 0.96752 0.8690948 0.995079 0.8690948 2 P 0
L 0.96752 0.8710632 0.96752 0.8887798 2 P 0
L 0.96752 0.8710632 0.995079 0.8710632 2 P 0
L 0.96752 0.8887798 0.995079 0.8887798 2 P 0
L 0.96752 0.8907483 0.96752 0.9084649 2 P 0
L 0.96752 0.8907483 0.995079 0.8907483 2 P 0
L 0.96752 0.9084649 0.995079 0.9084649 2 P 0
L 0.96752 0.9104333 0.96752 0.9281499 2 P 0
L 0.96752 0.9104333 0.995079 0.9104333 2 P 0
L 0.96752 0.9281499 0.995079 0.9281499 2 P 0
L 0.96752 0.9301184 0.96752 0.947835 2 P 0
L 0.96752 0.9301184 0.995079 0.9301184 2 P 0
L 0.96752 0.947835 0.995079 0.947835 2 P 0
L 0.96752 0.9498034 0.96752 0.96752 2 P 0
L 0.96752 0.9498034 0.995079 0.9498034 2 P 0
L 0.96752 0.96752 0.995079 0.96752 2 P 0
L 0.96752 0.9694884 0.96752 0.987205 2 P 0
L 0.96752 0.9694884 0.995079 0.9694884 2 P 0
L 0.96752 0.987205 0.995079 0.987205 2 P 0
L 0.96752 0.9891735 0.96752 1.0068901 2 P 0
L 0.96752 0.9891735 0.995079 0.9891735 2 P 0
L 0.96752 1.0068901 0.995079 1.0068901 2 P 0
L 0.96752 1.0088585 0.96752 1.0265751 2 P 0
L 0.96752 1.0088585 0.995079 1.0088585 2 P 0
L 0.96752 1.0265751 0.995079 1.0265751 2 P 0
L 0.9753938 0.4251969 0.9753938 0.4527559 2 P 0
L 0.9753938 0.456693 0.9753938 0.484252 2 P 0
L 0.9753938 0.4881891 0.9753938 0.5157481 2 P 0
L 0.9753938 0.5196851 0.9753938 0.5472441 2 P 0
L 0.9753938 0.5511812 0.9753938 0.5787402 2 P 0
L 0.9753938 0.5826773 0.9753938 0.6102363 2 P 0
L 0.9753938 0.6141733 0.9753938 0.6417323 2 P 0
L 0.9753938 0.6456694 0.9753938 0.6732284 2 P 0
L 0.9753938 0.6771654 0.9753938 0.7047244 2 P 0
L 0.9753938 0.7086615 0.9753938 0.7362205 2 P 0
L 0.9753938 1.0423228 0.9753938 1.0698818 2 P 0
L 0.9753938 1.0738189 0.9753938 1.1013779 2 P 0
L 0.9753938 1.105315 0.9753938 1.132874 2 P 0
L 0.9753938 1.136811 0.9753938 1.16437 2 P 0
L 0.9753938 1.1683071 0.9753938 1.1958661 2 P 0
L 0.9753938 1.1998032 0.9753938 1.2273622 2 P 0
L 0.9753938 1.2312992 0.9753938 1.2588582 2 P 0
L 0.9753938 1.2627953 0.9753938 1.2903543 2 P 0
L 0.9753938 1.2942913 0.9753938 1.3218503 2 P 0
L 0.9753938 1.3257874 0.9753938 1.3533464 2 P 0
L 0.9753939 0.7618114 0.9872049 0.7618114 2 P 0
L 0.9753939 0.7814964 0.9872049 0.7814964 2 P 0
L 0.9753939 0.8011814 0.9872049 0.8011814 2 P 0
L 0.9753939 0.8208665 0.9872049 0.8208665 2 P 0
L 0.975394 0.8405515 0.987205 0.8405515 2 P 0
L 0.975394 0.8602365 0.987205 0.8602365 2 P 0
L 0.975394 0.8799215 0.987205 0.8799215 2 P 0
L 0.975394 0.8996066 0.987205 0.8996066 2 P 0
L 0.975394 0.9192916 0.987205 0.9192916 2 P 0
L 0.975394 0.9389767 0.987205 0.9389767 2 P 0
L 0.975394 0.9586617 0.987205 0.9586617 2 P 0
L 0.975394 0.9783467 0.987205 0.9783467 2 P 0
L 0.975394 0.9980318 0.987205 0.9980318 2 P 0
L 0.975394 1.0177168 0.987205 1.0177168 2 P 0
L 0.9773622 0.4251969 0.9773622 0.4527559 2 P 0
L 0.9773622 0.4251969 0.9950788 0.4251969 2 P 0
L 0.9773622 0.4527559 0.9950788 0.4527559 2 P 0
L 0.9773622 0.456693 0.9773622 0.484252 2 P 0
L 0.9773622 0.456693 0.9950788 0.456693 2 P 0
L 0.9773622 0.484252 0.9950788 0.484252 2 P 0
L 0.9773622 0.4881891 0.9773622 0.5157481 2 P 0
L 0.9773622 0.4881891 0.9950788 0.4881891 2 P 0
L 0.9773622 0.5157481 0.9950788 0.5157481 2 P 0
L 0.9773622 0.5196851 0.9773622 0.5472441 2 P 0
L 0.9773622 0.5196851 0.9950788 0.5196851 2 P 0
L 0.9773622 0.5472441 0.9950788 0.5472441 2 P 0
L 0.9773622 0.5511812 0.9773622 0.5787402 2 P 0
L 0.9773622 0.5511812 0.9950788 0.5511812 2 P 0
L 0.9773622 0.5787402 0.9950788 0.5787402 2 P 0
L 0.9773622 0.5826773 0.9773622 0.6102363 2 P 0
L 0.9773622 0.5826773 0.9950788 0.5826773 2 P 0
L 0.9773622 0.6102363 0.9950788 0.6102363 2 P 0
L 0.9773622 0.6141733 0.9773622 0.6417323 2 P 0
L 0.9773622 0.6141733 0.9950788 0.6141733 2 P 0
L 0.9773622 0.6417323 0.9950788 0.6417323 2 P 0
L 0.9773622 0.6456694 0.9773622 0.6732284 2 P 0
L 0.9773622 0.6456694 0.9950788 0.6456694 2 P 0
L 0.9773622 0.6732284 0.9950788 0.6732284 2 P 0
L 0.9773622 0.6771654 0.9773622 0.7047244 2 P 0
L 0.9773622 0.6771654 0.9950788 0.6771654 2 P 0
L 0.9773622 0.7047244 0.9950788 0.7047244 2 P 0
L 0.9773622 0.7086615 0.9773622 0.7362205 2 P 0
L 0.9773622 0.7086615 0.9950788 0.7086615 2 P 0
L 0.9773622 0.7362205 0.9950788 0.7362205 2 P 0
L 0.9773622 1.0423228 0.9773622 1.0698818 2 P 0
L 0.9773622 1.0423228 0.9950788 1.0423228 2 P 0
L 0.9773622 1.0698818 0.9950788 1.0698818 2 P 0
L 0.9773622 1.0738189 0.9773622 1.1013779 2 P 0
L 0.9773622 1.0738189 0.9950788 1.0738189 2 P 0
L 0.9773622 1.1013779 0.9950788 1.1013779 2 P 0
L 0.9773622 1.105315 0.9773622 1.132874 2 P 0
L 0.9773622 1.105315 0.9950788 1.105315 2 P 0
L 0.9773622 1.132874 0.9950788 1.132874 2 P 0
L 0.9773622 1.136811 0.9773622 1.16437 2 P 0
L 0.9773622 1.136811 0.9950788 1.136811 2 P 0
L 0.9773622 1.16437 0.9950788 1.16437 2 P 0
L 0.9773622 1.1683071 0.9773622 1.1958661 2 P 0
L 0.9773622 1.1683071 0.9950788 1.1683071 2 P 0
L 0.9773622 1.1958661 0.9950788 1.1958661 2 P 0
L 0.9773622 1.1998032 0.9773622 1.2273622 2 P 0
L 0.9773622 1.1998032 0.9950788 1.1998032 2 P 0
L 0.9773622 1.2273622 0.9950788 1.2273622 2 P 0
L 0.9773622 1.2312992 0.9773622 1.2588582 2 P 0
L 0.9773622 1.2312992 0.9950788 1.2312992 2 P 0
L 0.9773622 1.2588582 0.9950788 1.2588582 2 P 0
L 0.9773622 1.2627953 0.9773622 1.2903543 2 P 0
L 0.9773622 1.2627953 0.9950788 1.2627953 2 P 0
L 0.9773622 1.2903543 0.9950788 1.2903543 2 P 0
L 0.9773622 1.2942913 0.9773622 1.3218503 2 P 0
L 0.9773622 1.2942913 0.9950788 1.2942913 2 P 0
L 0.9773622 1.3218503 0.9950788 1.3218503 2 P 0
L 0.9773622 1.3257874 0.9773622 1.3533464 2 P 0
L 0.9773622 1.3257874 0.9950788 1.3257874 2 P 0
L 0.9773622 1.3533464 0.9950788 1.3533464 2 P 0
L 0.9812992 0.4389764 0.9911418 0.4389764 2 P 0
L 0.9812992 0.4704725 0.9911418 0.4704725 2 P 0
L 0.9812992 0.5019686 0.9911418 0.5019686 2 P 0
L 0.9812992 0.5334646 0.9911418 0.5334646 2 P 0
L 0.9812992 0.5649607 0.9911418 0.5649607 2 P 0
L 0.9812992 0.5964568 0.9911418 0.5964568 2 P 0
L 0.9812992 0.6279528 0.9911418 0.6279528 2 P 0
L 0.9812992 0.6594489 0.9911418 0.6594489 2 P 0
L 0.9812992 0.6909449 0.9911418 0.6909449 2 P 0
L 0.9812992 0.722441 0.9911418 0.722441 2 P 0
L 0.9812992 1.0561023 0.9911418 1.0561023 2 P 0
L 0.9812992 1.0875984 0.9911418 1.0875984 2 P 0
L 0.9812992 1.1190945 0.9911418 1.1190945 2 P 0
L 0.9812992 1.1505905 0.9911418 1.1505905 2 P 0
L 0.9812992 1.1820866 0.9911418 1.1820866 2 P 0
L 0.9812992 1.2135827 0.9911418 1.2135827 2 P 0
L 0.9812992 1.2450787 0.9911418 1.2450787 2 P 0
L 0.9812992 1.2765748 0.9911418 1.2765748 2 P 0
L 0.9812992 1.3080708 0.9911418 1.3080708 2 P 0
L 0.9812992 1.3395669 0.9911418 1.3395669 2 P 0
L 0.9812994 0.7568901 0.9812994 0.7667327 2 P 0
L 0.9812994 0.7765751 0.9812994 0.7864177 2 P 0
L 0.9812994 0.7962601 0.9812994 0.8061027 2 P 0
L 0.9812994 0.8159452 0.9812994 0.8257878 2 P 0
L 0.9812995 0.8356302 0.9812995 0.8454728 2 P 0
L 0.9812995 0.8553152 0.9812995 0.8651578 2 P 0
L 0.9812995 0.8750002 0.9812995 0.8848428 2 P 0
L 0.9812995 0.8946853 0.9812995 0.9045279 2 P 0
L 0.9812995 0.9143703 0.9812995 0.9242129 2 P 0
L 0.9812995 0.9340554 0.9812995 0.943898 2 P 0
L 0.9812995 0.9537404 0.9812995 0.963583 2 P 0
L 0.9812995 0.9734254 0.9812995 0.983268 2 P 0
L 0.9812995 0.9931105 0.9812995 1.0029531 2 P 0
L 0.9812995 1.0127955 0.9812995 1.0226381 2 P 0
L 0.9862205 0.4330709 0.9862205 0.4448819 2 P 0
L 0.9862205 0.464567 0.9862205 0.476378 2 P 0
L 0.9862205 0.4960631 0.9862205 0.5078741 2 P 0
L 0.9862205 0.5275591 0.9862205 0.5393701 2 P 0
L 0.9862205 0.5590552 0.9862205 0.5708662 2 P 0
L 0.9862205 0.5905513 0.9862205 0.6023623 2 P 0
L 0.9862205 0.6220473 0.9862205 0.6338583 2 P 0
L 0.9862205 0.6535434 0.9862205 0.6653544 2 P 0
L 0.9862205 0.6850394 0.9862205 0.6968504 2 P 0
L 0.9862205 0.7165355 0.9862205 0.7283465 2 P 0
L 0.9862205 1.0501968 0.9862205 1.0620078 2 P 0
L 0.9862205 1.0816929 0.9862205 1.0935039 2 P 0
L 0.9862205 1.113189 0.9862205 1.125 2 P 0
L 0.9862205 1.144685 0.9862205 1.156496 2 P 0
L 0.9862205 1.1761811 0.9862205 1.1879921 2 P 0
L 0.9862205 1.2076772 0.9862205 1.2194882 2 P 0
L 0.9862205 1.2391732 0.9862205 1.2509842 2 P 0
L 0.9862205 1.2706693 0.9862205 1.2824803 2 P 0
L 0.9862205 1.3021653 0.9862205 1.3139763 2 P 0
L 0.9862205 1.3336614 0.9862205 1.3454724 2 P 0
L 0.9950788 0.4251969 0.9950788 0.4527559 2 P 0
L 0.9950788 0.456693 0.9950788 0.484252 2 P 0
L 0.9950788 0.4881891 0.9950788 0.5157481 2 P 0
L 0.9950788 0.5196851 0.9950788 0.5472441 2 P 0
L 0.9950788 0.5511812 0.9950788 0.5787402 2 P 0
L 0.9950788 0.5826773 0.9950788 0.6102363 2 P 0
L 0.9950788 0.6141733 0.9950788 0.6417323 2 P 0
L 0.9950788 0.6456694 0.9950788 0.6732284 2 P 0
L 0.9950788 0.6771654 0.9950788 0.7047244 2 P 0
L 0.9950788 0.7086615 0.9950788 0.7362205 2 P 0
L 0.9950788 1.0423228 0.9950788 1.0698818 2 P 0
L 0.9950788 1.0738189 0.9950788 1.1013779 2 P 0
L 0.9950788 1.105315 0.9950788 1.132874 2 P 0
L 0.9950788 1.136811 0.9950788 1.16437 2 P 0
L 0.9950788 1.1683071 0.9950788 1.1958661 2 P 0
L 0.9950788 1.1998032 0.9950788 1.2273622 2 P 0
L 0.9950788 1.2312992 0.9950788 1.2588582 2 P 0
L 0.9950788 1.2627953 0.9950788 1.2903543 2 P 0
L 0.9950788 1.2942913 0.9950788 1.3218503 2 P 0
L 0.9950788 1.3257874 0.9950788 1.3533464 2 P 0
L 0.9950789 0.7529531 0.9950789 0.7706697 2 P 0
L 0.9950789 0.7726381 0.9950789 0.7903547 2 P 0
L 0.9950789 0.7923231 0.9950789 0.8100397 2 P 0
L 0.9950789 0.8120082 0.9950789 0.8297248 2 P 0
L 0.995079 0.8316932 0.995079 0.8494098 2 P 0
L 0.995079 0.8513782 0.995079 0.8690948 2 P 0
L 0.995079 0.8710632 0.995079 0.8887798 2 P 0
L 0.995079 0.8907483 0.995079 0.9084649 2 P 0
L 0.995079 0.9104333 0.995079 0.9281499 2 P 0
L 0.995079 0.9301184 0.995079 0.947835 2 P 0
L 0.995079 0.9498034 0.995079 0.96752 2 P 0
L 0.995079 0.9694884 0.995079 0.987205 2 P 0
L 0.995079 0.9891735 0.995079 1.0068901 2 P 0
L 0.995079 1.0088585 0.995079 1.0265751 2 P 0
L 1.0098425 0.4242126 1.0098425 0.4419292 2 P 0
L 1.0098425 0.4242126 1.0374015 0.4242126 2 P 0
L 1.0098425 0.4419292 1.0374015 0.4419292 2 P 0
L 1.0098425 0.5029528 1.0098425 0.5206694 2 P 0
L 1.0098425 0.5029528 1.0374015 0.5029528 2 P 0
L 1.0098425 0.5206694 1.0374015 0.5206694 2 P 0
L 1.0098425 0.5816929 1.0098425 0.5994095 2 P 0
L 1.0098425 0.5816929 1.0374015 0.5816929 2 P 0
L 1.0098425 0.5994095 1.0374015 0.5994095 2 P 0
L 1.0098425 0.6604331 1.0098425 0.6781497 2 P 0
L 1.0098425 0.6604331 1.0374015 0.6604331 2 P 0
L 1.0098425 0.6781497 1.0374015 0.6781497 2 P 0
L 1.0098425 0.7391733 1.0098425 0.7568899 2 P 0
L 1.0098425 0.7391733 1.0374015 0.7391733 2 P 0
L 1.0098425 0.7568899 1.0374015 0.7568899 2 P 0
L 1.0147637 0.8917323 1.0147637 0.9192913 2 P 0
L 1.0147637 0.8917323 1.0324803 0.8917323 2 P 0
L 1.0147637 0.9192913 1.0324803 0.9192913 2 P 0
L 1.0147637 0.9625985 1.0147637 0.9901575 2 P 0
L 1.0147637 0.9625985 1.0324803 0.9625985 2 P 0
L 1.0147637 0.9901575 1.0324803 0.9901575 2 P 0
L 1.0147637 1.0374016 1.0147637 1.0649606 2 P 0
L 1.0147637 1.0374016 1.0324803 1.0374016 2 P 0
L 1.0147637 1.0649606 1.0324803 1.0649606 2 P 0
L 1.0147637 1.1082677 1.0147637 1.1358267 2 P 0
L 1.0147637 1.1082677 1.0324803 1.1082677 2 P 0
L 1.0147637 1.1358267 1.0324803 1.1358267 2 P 0
L 1.0177165 0.4330709 1.0295275 0.4330709 2 P 0
L 1.0177165 0.5118111 1.0295275 0.5118111 2 P 0
L 1.0177165 0.5905512 1.0295275 0.5905512 2 P 0
L 1.0177165 0.6692914 1.0295275 0.6692914 2 P 0
L 1.0177165 0.7480316 1.0295275 0.7480316 2 P 0
L 1.0187007 0.9055118 1.0285433 0.9055118 2 P 0
L 1.0187007 0.976378 1.0285433 0.976378 2 P 0
L 1.0187007 1.0511811 1.0285433 1.0511811 2 P 0
L 1.0187007 1.1220472 1.0285433 1.1220472 2 P 0
L 1.023622 0.4281496 1.023622 0.4379922 2 P 0
L 1.023622 0.5068898 1.023622 0.5167324 2 P 0
L 1.023622 0.5856299 1.023622 0.5954725 2 P 0
L 1.023622 0.6643701 1.023622 0.6742127 2 P 0
L 1.023622 0.7431103 1.023622 0.7529529 2 P 0
L 1.023622 0.8996063 1.023622 0.9114173 2 P 0
L 1.023622 0.9704725 1.023622 0.9822835 2 P 0
L 1.023622 1.0452756 1.023622 1.0570866 2 P 0
L 1.023622 1.1161417 1.023622 1.1279527 2 P 0
L 1.0324803 0.8917323 1.0324803 0.9192913 2 P 0
L 1.0324803 0.9625985 1.0324803 0.9901575 2 P 0
L 1.0324803 1.0374016 1.0324803 1.0649606 2 P 0
L 1.0324803 1.1082677 1.0324803 1.1358267 2 P 0
L 1.0374015 0.4242126 1.0374015 0.4419292 2 P 0
L 1.0374015 0.5029528 1.0374015 0.5206694 2 P 0
L 1.0374015 0.5816929 1.0374015 0.5994095 2 P 0
L 1.0374015 0.6604331 1.0374015 0.6781497 2 P 0
L 1.0374015 0.7391733 1.0374015 0.7568899 2 P 0
L 1.0885827 0.4242126 1.0885827 0.4419292 2 P 0
L 1.0885827 0.4242126 1.1161417 0.4242126 2 P 0
L 1.0885827 0.4419292 1.1161417 0.4419292 2 P 0
L 1.0885827 0.5029528 1.0885827 0.5206694 2 P 0
L 1.0885827 0.5029528 1.1161417 0.5029528 2 P 0
L 1.0885827 0.5206694 1.1161417 0.5206694 2 P 0
L 1.0885827 0.5816929 1.0885827 0.5994095 2 P 0
L 1.0885827 0.5816929 1.1161417 0.5816929 2 P 0
L 1.0885827 0.5994095 1.1161417 0.5994095 2 P 0
L 1.0885827 0.6604331 1.0885827 0.6781497 2 P 0
L 1.0885827 0.6604331 1.1161417 0.6604331 2 P 0
L 1.0885827 0.6781497 1.1161417 0.6781497 2 P 0
L 1.0885827 0.7391733 1.0885827 0.7568899 2 P 0
L 1.0885827 0.7391733 1.1161417 0.7391733 2 P 0
L 1.0885827 0.7568899 1.1161417 0.7568899 2 P 0
L 1.0935039 0.8917323 1.0935039 0.9192913 2 P 0
L 1.0935039 0.8917323 1.1112205 0.8917323 2 P 0
L 1.0935039 0.9192913 1.1112205 0.9192913 2 P 0
L 1.0935039 0.9625985 1.0935039 0.9901575 2 P 0
L 1.0935039 0.9625985 1.1112205 0.9625985 2 P 0
L 1.0935039 0.9901575 1.1112205 0.9901575 2 P 0
L 1.0935039 1.0374016 1.0935039 1.0649606 2 P 0
L 1.0935039 1.0374016 1.1112205 1.0374016 2 P 0
L 1.0935039 1.0649606 1.1112205 1.0649606 2 P 0
L 1.0935039 1.1082677 1.0935039 1.1358267 2 P 0
L 1.0935039 1.1082677 1.1112205 1.1082677 2 P 0
L 1.0935039 1.1358267 1.1112205 1.1358267 2 P 0
L 1.0964567 0.4330709 1.1082677 0.4330709 2 P 0
L 1.0964567 0.5118111 1.1082677 0.5118111 2 P 0
L 1.0964567 0.5905512 1.1082677 0.5905512 2 P 0
L 1.0964567 0.6692914 1.1082677 0.6692914 2 P 0
L 1.0964567 0.7480316 1.1082677 0.7480316 2 P 0
L 1.0974409 0.9055118 1.1072835 0.9055118 2 P 0
L 1.0974409 0.976378 1.1072835 0.976378 2 P 0
L 1.0974409 1.0511811 1.1072835 1.0511811 2 P 0
L 1.0974409 1.1220472 1.1072835 1.1220472 2 P 0
L 1.1023622 0.4281496 1.1023622 0.4379922 2 P 0
L 1.1023622 0.5068898 1.1023622 0.5167324 2 P 0
L 1.1023622 0.5856299 1.1023622 0.5954725 2 P 0
L 1.1023622 0.6643701 1.1023622 0.6742127 2 P 0
L 1.1023622 0.7431103 1.1023622 0.7529529 2 P 0
L 1.1023622 0.8996063 1.1023622 0.9114173 2 P 0
L 1.1023622 0.9704725 1.1023622 0.9822835 2 P 0
L 1.1023622 1.0452756 1.1023622 1.0570866 2 P 0
L 1.1023622 1.1161417 1.1023622 1.1279527 2 P 0
L 1.1112205 0.8917323 1.1112205 0.9192913 2 P 0
L 1.1112205 0.9625985 1.1112205 0.9901575 2 P 0
L 1.1112205 1.0374016 1.1112205 1.0649606 2 P 0
L 1.1112205 1.1082677 1.1112205 1.1358267 2 P 0
L 1.1161417 0.4242126 1.1161417 0.4419292 2 P 0
L 1.1161417 0.5029528 1.1161417 0.5206694 2 P 0
L 1.1161417 0.5816929 1.1161417 0.5994095 2 P 0
L 1.1161417 0.6604331 1.1161417 0.6781497 2 P 0
L 1.1161417 0.7391733 1.1161417 0.7568899 2 P 0
L 1.1505903 0.4202755 1.1505903 0.4694881 1 P 0
L 1.1505903 0.4202755 1.1820863 0.4202755 1 P 0
L 1.1505903 0.4635826 1.1505903 0.5127952 1 P 0
L 1.1505903 0.4635826 1.1820863 0.4635826 1 P 0
L 1.1505903 0.4694881 1.1820863 0.4694881 1 P 0
L 1.1505903 0.5068897 1.1505903 0.5561023 1 P 0
L 1.1505903 0.5068897 1.1820863 0.5068897 1 P 0
L 1.1505903 0.5127952 1.1820863 0.5127952 1 P 0
L 1.1505903 0.5501968 1.1505903 0.5994094 1 P 0
L 1.1505903 0.5501968 1.1820863 0.5501968 1 P 0
L 1.1505903 0.5561023 1.1820863 0.5561023 1 P 0
L 1.1505903 0.5935039 1.1505903 0.6427165 1 P 0
L 1.1505903 0.5935039 1.1820863 0.5935039 1 P 0
L 1.1505903 0.5994094 1.1820863 0.5994094 1 P 0
L 1.1505903 0.636811 1.1505903 0.6860236 1 P 0
L 1.1505903 0.636811 1.1820863 0.636811 1 P 0
L 1.1505903 0.6427165 1.1820863 0.6427165 1 P 0
L 1.1505903 0.6801181 1.1505903 0.7293307 1 P 0
L 1.1505903 0.6801181 1.1820863 0.6801181 1 P 0
L 1.1505903 0.6860236 1.1820863 0.6860236 1 P 0
L 1.1505903 0.7234251 1.1505903 0.7726377 1 P 0
L 1.1505903 0.7234251 1.1820863 0.7234251 1 P 0
L 1.1505903 0.7293307 1.1820863 0.7293307 1 P 0
L 1.1505903 0.7667322 1.1505903 0.8159448 1 P 0
L 1.1505903 0.7667322 1.1820863 0.7667322 1 P 0
L 1.1505903 0.7726377 1.1820863 0.7726377 1 P 0
L 1.1505903 0.8100393 1.1505903 0.8592519 1 P 0
L 1.1505903 0.8100393 1.1820863 0.8100393 1 P 0
L 1.1505903 0.8159448 1.1820863 0.8159448 1 P 0
L 1.1505903 0.8592519 1.1820863 0.8592519 1 P 0
L 1.1505904 0.918307 1.1505904 0.9675196 1 P 0
L 1.1505904 0.918307 1.1820864 0.918307 1 P 0
L 1.1505904 0.9616141 1.1505904 1.0108267 1 P 0
L 1.1505904 0.9616141 1.1820864 0.9616141 1 P 0
L 1.1505904 0.9675196 1.1820864 0.9675196 1 P 0
L 1.1505904 1.0049212 1.1505904 1.0541338 1 P 0
L 1.1505904 1.0049212 1.1820864 1.0049212 1 P 0
L 1.1505904 1.0108267 1.1820864 1.0108267 1 P 0
L 1.1505904 1.0482283 1.1505904 1.0974409 1 P 0
L 1.1505904 1.0482283 1.1820864 1.0482283 1 P 0
L 1.1505904 1.0541338 1.1820864 1.0541338 1 P 0
L 1.1505904 1.0915354 1.1505904 1.140748 1 P 0
L 1.1505904 1.0915354 1.1820864 1.0915354 1 P 0
L 1.1505904 1.0974409 1.1820864 1.0974409 1 P 0
L 1.1505904 1.1348425 1.1505904 1.1840551 1 P 0
L 1.1505904 1.1348425 1.1820864 1.1348425 1 P 0
L 1.1505904 1.140748 1.1820864 1.140748 1 P 0
L 1.1505904 1.1781496 1.1505904 1.2273622 1 P 0
L 1.1505904 1.1781496 1.1820864 1.1781496 1 P 0
L 1.1505904 1.1840551 1.1820864 1.1840551 1 P 0
L 1.1505904 1.2214566 1.1505904 1.2706692 1 P 0
L 1.1505904 1.2214566 1.1820864 1.2214566 1 P 0
L 1.1505904 1.2273622 1.1820864 1.2273622 1 P 0
L 1.1505904 1.2647637 1.1505904 1.3139763 1 P 0
L 1.1505904 1.2647637 1.1820864 1.2647637 1 P 0
L 1.1505904 1.2706692 1.1820864 1.2706692 1 P 0
L 1.1505904 1.3080708 1.1505904 1.3572834 1 P 0
L 1.1505904 1.3080708 1.1820864 1.3080708 1 P 0
L 1.1505904 1.3139763 1.1820864 1.3139763 1 P 0
L 1.1505904 1.3572834 1.1820864 1.3572834 1 P 0
L 1.1604328 0.4448818 1.1722438 0.4448818 1 P 0
L 1.1604328 0.4881889 1.1722438 0.4881889 1 P 0
L 1.1604328 0.531496 1.1722438 0.531496 1 P 0
L 1.1604328 0.5748031 1.1722438 0.5748031 1 P 0
L 1.1604328 0.6181102 1.1722438 0.6181102 1 P 0
L 1.1604328 0.6614173 1.1722438 0.6614173 1 P 0
L 1.1604328 0.7047244 1.1722438 0.7047244 1 P 0
L 1.1604328 0.7480314 1.1722438 0.7480314 1 P 0
L 1.1604328 0.7913385 1.1722438 0.7913385 1 P 0
L 1.1604328 0.8346456 1.1722438 0.8346456 1 P 0
L 1.1604329 0.9429133 1.1722439 0.9429133 1 P 0
L 1.1604329 0.9862204 1.1722439 0.9862204 1 P 0
L 1.1604329 1.0295275 1.1722439 1.0295275 1 P 0
L 1.1604329 1.0728346 1.1722439 1.0728346 1 P 0
L 1.1604329 1.1161417 1.1722439 1.1161417 1 P 0
L 1.1604329 1.1594488 1.1722439 1.1594488 1 P 0
L 1.1604329 1.2027559 1.1722439 1.2027559 1 P 0
L 1.1604329 1.2460629 1.1722439 1.2460629 1 P 0
L 1.1604329 1.28937 1.1722439 1.28937 1 P 0
L 1.1604329 1.3326771 1.1722439 1.3326771 1 P 0
L 1.1653544 3.2332677 1.1653544 3.4606299 0 P 0
L 1.1653544 3.2332677 1.3937008 3.2332677 0 P 0
L 1.1653544 3.4606299 1.3877954 3.4606299 0 P 0
L 1.1653544 3.6269685 1.1653544 3.8543307 0 P 0
L 1.1653544 3.6269685 1.3937008 3.6269685 0 P 0
L 1.1653544 3.8543307 1.3877954 3.8543307 0 P 0
L 1.1663383 0.4389763 1.1663383 0.4507873 1 P 0
L 1.1663383 0.4822834 1.1663383 0.4940944 1 P 0
L 1.1663383 0.5255905 1.1663383 0.5374015 1 P 0
L 1.1663383 0.5688976 1.1663383 0.5807086 1 P 0
L 1.1663383 0.6122047 1.1663383 0.6240157 1 P 0
L 1.1663383 0.6555118 1.1663383 0.6673228 1 P 0
L 1.1663383 0.6988189 1.1663383 0.7106299 1 P 0
L 1.1663383 0.7421259 1.1663383 0.7539369 1 P 0
L 1.1663383 0.785433 1.1663383 0.797244 1 P 0
L 1.1663383 0.8287401 1.1663383 0.8405511 1 P 0
L 1.1663384 0.9370078 1.1663384 0.9488188 1 P 0
L 1.1663384 0.9803149 1.1663384 0.9921259 1 P 0
L 1.1663384 1.023622 1.1663384 1.035433 1 P 0
L 1.1663384 1.0669291 1.1663384 1.0787401 1 P 0
L 1.1663384 1.1102362 1.1663384 1.1220472 1 P 0
L 1.1663384 1.1535433 1.1663384 1.1653543 1 P 0
L 1.1663384 1.1968504 1.1663384 1.2086614 1 P 0
L 1.1663384 1.2401574 1.1663384 1.2519684 1 P 0
L 1.1663384 1.2834645 1.1663384 1.2952755 1 P 0
L 1.1663384 1.3267716 1.1663384 1.3385826 1 P 0
L 1.1673228 0.4242126 1.1673228 0.4419292 2 P 0
L 1.1673228 0.4242126 1.1948818 0.4242126 2 P 0
L 1.1673228 0.4419292 1.1948818 0.4419292 2 P 0
L 1.1673228 0.5029528 1.1673228 0.5206694 2 P 0
L 1.1673228 0.5029528 1.1948818 0.5029528 2 P 0
L 1.1673228 0.5206694 1.1948818 0.5206694 2 P 0
L 1.1673228 0.5816929 1.1673228 0.5994095 2 P 0
L 1.1673228 0.5816929 1.1948818 0.5816929 2 P 0
L 1.1673228 0.5994095 1.1948818 0.5994095 2 P 0
L 1.1673228 0.6604331 1.1673228 0.6781497 2 P 0
L 1.1673228 0.6604331 1.1948818 0.6604331 2 P 0
L 1.1673228 0.6781497 1.1948818 0.6781497 2 P 0
L 1.1673228 0.7391733 1.1673228 0.7568899 2 P 0
L 1.1673228 0.7391733 1.1948818 0.7391733 2 P 0
L 1.1673228 0.7568899 1.1948818 0.7568899 2 P 0
L 1.1722441 0.8917323 1.1722441 0.9192913 2 P 0
L 1.1722441 0.8917323 1.1899607 0.8917323 2 P 0
L 1.1722441 0.9192913 1.1899607 0.9192913 2 P 0
L 1.1722441 0.9625985 1.1722441 0.9901575 2 P 0
L 1.1722441 0.9625985 1.1899607 0.9625985 2 P 0
L 1.1722441 0.9901575 1.1899607 0.9901575 2 P 0
L 1.1722441 1.0374016 1.1722441 1.0649606 2 P 0
L 1.1722441 1.0374016 1.1899607 1.0374016 2 P 0
L 1.1722441 1.0649606 1.1899607 1.0649606 2 P 0
L 1.1722441 1.1082677 1.1722441 1.1358267 2 P 0
L 1.1722441 1.1082677 1.1899607 1.1082677 2 P 0
L 1.1722441 1.1358267 1.1899607 1.1358267 2 P 0
L 1.1742124 0.4202755 1.1742124 0.4694881 1 P 0
L 1.1742124 0.4202755 1.2057084 0.4202755 1 P 0
L 1.1742124 0.4635826 1.1742124 0.5127952 1 P 0
L 1.1742124 0.4635826 1.2057084 0.4635826 1 P 0
L 1.1742124 0.4694881 1.2057084 0.4694881 1 P 0
L 1.1742124 0.5068897 1.1742124 0.5561023 1 P 0
L 1.1742124 0.5068897 1.2057084 0.5068897 1 P 0
L 1.1742124 0.5127952 1.2057084 0.5127952 1 P 0
L 1.1742124 0.5501968 1.1742124 0.5994094 1 P 0
L 1.1742124 0.5501968 1.2057084 0.5501968 1 P 0
L 1.1742124 0.5561023 1.2057084 0.5561023 1 P 0
L 1.1742124 0.5935039 1.1742124 0.6427165 1 P 0
L 1.1742124 0.5935039 1.2057084 0.5935039 1 P 0
L 1.1742124 0.5994094 1.2057084 0.5994094 1 P 0
L 1.1742124 0.636811 1.1742124 0.6860236 1 P 0
L 1.1742124 0.636811 1.2057084 0.636811 1 P 0
L 1.1742124 0.6427165 1.2057084 0.6427165 1 P 0
L 1.1742124 0.6801181 1.1742124 0.7293307 1 P 0
L 1.1742124 0.6801181 1.2057084 0.6801181 1 P 0
L 1.1742124 0.6860236 1.2057084 0.6860236 1 P 0
L 1.1742124 0.7234251 1.1742124 0.7726377 1 P 0
L 1.1742124 0.7234251 1.2057084 0.7234251 1 P 0
L 1.1742124 0.7293307 1.2057084 0.7293307 1 P 0
L 1.1742124 0.7667322 1.1742124 0.8159448 1 P 0
L 1.1742124 0.7667322 1.2057084 0.7667322 1 P 0
L 1.1742124 0.7726377 1.2057084 0.7726377 1 P 0
L 1.1742124 0.8100393 1.1742124 0.8592519 1 P 0
L 1.1742124 0.8100393 1.2057084 0.8100393 1 P 0
L 1.1742124 0.8159448 1.2057084 0.8159448 1 P 0
L 1.1742124 0.8592519 1.2057084 0.8592519 1 P 0
L 1.1742125 0.918307 1.1742125 0.9675196 1 P 0
L 1.1742125 0.918307 1.2057085 0.918307 1 P 0
L 1.1742125 0.9616141 1.1742125 1.0108267 1 P 0
L 1.1742125 0.9616141 1.2057085 0.9616141 1 P 0
L 1.1742125 0.9675196 1.2057085 0.9675196 1 P 0
L 1.1742125 1.0049212 1.1742125 1.0541338 1 P 0
L 1.1742125 1.0049212 1.2057085 1.0049212 1 P 0
L 1.1742125 1.0108267 1.2057085 1.0108267 1 P 0
L 1.1742125 1.0482283 1.1742125 1.0974409 1 P 0
L 1.1742125 1.0482283 1.2057085 1.0482283 1 P 0
L 1.1742125 1.0541338 1.2057085 1.0541338 1 P 0
L 1.1742125 1.0915354 1.1742125 1.140748 1 P 0
L 1.1742125 1.0915354 1.2057085 1.0915354 1 P 0
L 1.1742125 1.0974409 1.2057085 1.0974409 1 P 0
L 1.1742125 1.1348425 1.1742125 1.1840551 1 P 0
L 1.1742125 1.1348425 1.2057085 1.1348425 1 P 0
L 1.1742125 1.140748 1.2057085 1.140748 1 P 0
L 1.1742125 1.1781496 1.1742125 1.2273622 1 P 0
L 1.1742125 1.1781496 1.2057085 1.1781496 1 P 0
L 1.1742125 1.1840551 1.2057085 1.1840551 1 P 0
L 1.1742125 1.2214566 1.1742125 1.2706692 1 P 0
L 1.1742125 1.2214566 1.2057085 1.2214566 1 P 0
L 1.1742125 1.2273622 1.2057085 1.2273622 1 P 0
L 1.1742125 1.2647637 1.1742125 1.3139763 1 P 0
L 1.1742125 1.2647637 1.2057085 1.2647637 1 P 0
L 1.1742125 1.2706692 1.2057085 1.2706692 1 P 0
L 1.1742125 1.3080708 1.1742125 1.3572834 1 P 0
L 1.1742125 1.3080708 1.2057085 1.3080708 1 P 0
L 1.1742125 1.3139763 1.2057085 1.3139763 1 P 0
L 1.1742125 1.3572834 1.2057085 1.3572834 1 P 0
L 1.1751968 0.4330709 1.1870078 0.4330709 2 P 0
L 1.1751968 0.5118111 1.1870078 0.5118111 2 P 0
L 1.1751968 0.5905512 1.1870078 0.5905512 2 P 0
L 1.1751968 0.6692914 1.1870078 0.6692914 2 P 0
L 1.1751968 0.7480316 1.1870078 0.7480316 2 P 0
L 1.1761811 0.9055118 1.1860237 0.9055118 2 P 0
L 1.1761811 0.976378 1.1860237 0.976378 2 P 0
L 1.1761811 1.0511811 1.1860237 1.0511811 2 P 0
L 1.1761811 1.1220472 1.1860237 1.1220472 2 P 0
L 1.1811023 0.4281496 1.1811023 0.4379922 2 P 0
L 1.1811023 0.5068898 1.1811023 0.5167324 2 P 0
L 1.1811023 0.5856299 1.1811023 0.5954725 2 P 0
L 1.1811023 0.6643701 1.1811023 0.6742127 2 P 0
L 1.1811023 0.7431103 1.1811023 0.7529529 2 P 0
L 1.1811024 0.8996063 1.1811024 0.9114173 2 P 0
L 1.1811024 0.9704725 1.1811024 0.9822835 2 P 0
L 1.1811024 1.0452756 1.1811024 1.0570866 2 P 0
L 1.1811024 1.1161417 1.1811024 1.1279527 2 P 0
L 1.1820863 0.4202755 1.1820863 0.4694881 1 P 0
L 1.1820863 0.4635826 1.1820863 0.5127952 1 P 0
L 1.1820863 0.5068897 1.1820863 0.5561023 1 P 0
L 1.1820863 0.5501968 1.1820863 0.5994094 1 P 0
L 1.1820863 0.5935039 1.1820863 0.6427165 1 P 0
L 1.1820863 0.636811 1.1820863 0.6860236 1 P 0
L 1.1820863 0.6801181 1.1820863 0.7293307 1 P 0
L 1.1820863 0.7234251 1.1820863 0.7726377 1 P 0
L 1.1820863 0.7667322 1.1820863 0.8159448 1 P 0
L 1.1820863 0.8100393 1.1820863 0.8592519 1 P 0
L 1.1820864 0.918307 1.1820864 0.9675196 1 P 0
L 1.1820864 0.9616141 1.1820864 1.0108267 1 P 0
L 1.1820864 1.0049212 1.1820864 1.0541338 1 P 0
L 1.1820864 1.0482283 1.1820864 1.0974409 1 P 0
L 1.1820864 1.0915354 1.1820864 1.140748 1 P 0
L 1.1820864 1.1348425 1.1820864 1.1840551 1 P 0
L 1.1820864 1.1781496 1.1820864 1.2273622 1 P 0
L 1.1820864 1.2214566 1.1820864 1.2706692 1 P 0
L 1.1820864 1.2647637 1.1820864 1.3139763 1 P 0
L 1.1820864 1.3080708 1.1820864 1.3572834 1 P 0
L 1.1840549 0.4448818 1.1958659 0.4448818 1 P 0
L 1.1840549 0.4881889 1.1958659 0.4881889 1 P 0
L 1.1840549 0.531496 1.1958659 0.531496 1 P 0
L 1.1840549 0.5748031 1.1958659 0.5748031 1 P 0
L 1.1840549 0.6181102 1.1958659 0.6181102 1 P 0
L 1.1840549 0.6614173 1.1958659 0.6614173 1 P 0
L 1.1840549 0.7047244 1.1958659 0.7047244 1 P 0
L 1.1840549 0.7480314 1.1958659 0.7480314 1 P 0
L 1.1840549 0.7913385 1.1958659 0.7913385 1 P 0
L 1.1840549 0.8346456 1.1958659 0.8346456 1 P 0
L 1.184055 0.9429133 1.195866 0.9429133 1 P 0
L 1.184055 0.9862204 1.195866 0.9862204 1 P 0
L 1.184055 1.0295275 1.195866 1.0295275 1 P 0
L 1.184055 1.0728346 1.195866 1.0728346 1 P 0
L 1.184055 1.1161417 1.195866 1.1161417 1 P 0
L 1.184055 1.1594488 1.195866 1.1594488 1 P 0
L 1.184055 1.2027559 1.195866 1.2027559 1 P 0
L 1.184055 1.2460629 1.195866 1.2460629 1 P 0
L 1.184055 1.28937 1.195866 1.28937 1 P 0
L 1.184055 1.3326771 1.195866 1.3326771 1 P 0
L 1.1899604 0.4389763 1.1899604 0.4507873 1 P 0
L 1.1899604 0.4822834 1.1899604 0.4940944 1 P 0
L 1.1899604 0.5255905 1.1899604 0.5374015 1 P 0
L 1.1899604 0.5688976 1.1899604 0.5807086 1 P 0
L 1.1899604 0.6122047 1.1899604 0.6240157 1 P 0
L 1.1899604 0.6555118 1.1899604 0.6673228 1 P 0
L 1.1899604 0.6988189 1.1899604 0.7106299 1 P 0
L 1.1899604 0.7421259 1.1899604 0.7539369 1 P 0
L 1.1899604 0.785433 1.1899604 0.797244 1 P 0
L 1.1899604 0.8287401 1.1899604 0.8405511 1 P 0
L 1.1899605 0.9370078 1.1899605 0.9488188 1 P 0
L 1.1899605 0.9803149 1.1899605 0.9921259 1 P 0
L 1.1899605 1.023622 1.1899605 1.035433 1 P 0
L 1.1899605 1.0669291 1.1899605 1.0787401 1 P 0
L 1.1899605 1.1102362 1.1899605 1.1220472 1 P 0
L 1.1899605 1.1535433 1.1899605 1.1653543 1 P 0
L 1.1899605 1.1968504 1.1899605 1.2086614 1 P 0
L 1.1899605 1.2401574 1.1899605 1.2519684 1 P 0
L 1.1899605 1.2834645 1.1899605 1.2952755 1 P 0
L 1.1899605 1.3267716 1.1899605 1.3385826 1 P 0
L 1.1899607 0.8917323 1.1899607 0.9192913 2 P 0
L 1.1899607 0.9625985 1.1899607 0.9901575 2 P 0
L 1.1899607 1.0374016 1.1899607 1.0649606 2 P 0
L 1.1899607 1.1082677 1.1899607 1.1358267 2 P 0
L 1.1948818 0.4242126 1.1948818 0.4419292 2 P 0
L 1.1948818 0.5029528 1.1948818 0.5206694 2 P 0
L 1.1948818 0.5816929 1.1948818 0.5994095 2 P 0
L 1.1948818 0.6604331 1.1948818 0.6781497 2 P 0
L 1.1948818 0.7391733 1.1948818 0.7568899 2 P 0
L 1.1978344 0.4202755 1.1978344 0.4694881 1 P 0
L 1.1978344 0.4202755 1.2293304 0.4202755 1 P 0
L 1.1978344 0.4635826 1.1978344 0.5127952 1 P 0
L 1.1978344 0.4635826 1.2293304 0.4635826 1 P 0
L 1.1978344 0.4694881 1.2293304 0.4694881 1 P 0
L 1.1978344 0.5068897 1.1978344 0.5561023 1 P 0
L 1.1978344 0.5068897 1.2293304 0.5068897 1 P 0
L 1.1978344 0.5127952 1.2293304 0.5127952 1 P 0
L 1.1978344 0.5501968 1.1978344 0.5994094 1 P 0
L 1.1978344 0.5501968 1.2293304 0.5501968 1 P 0
L 1.1978344 0.5561023 1.2293304 0.5561023 1 P 0
L 1.1978344 0.5935039 1.1978344 0.6427165 1 P 0
L 1.1978344 0.5935039 1.2293304 0.5935039 1 P 0
L 1.1978344 0.5994094 1.2293304 0.5994094 1 P 0
L 1.1978344 0.636811 1.1978344 0.6860236 1 P 0
L 1.1978344 0.636811 1.2293304 0.636811 1 P 0
L 1.1978344 0.6427165 1.2293304 0.6427165 1 P 0
L 1.1978344 0.6801181 1.1978344 0.7293307 1 P 0
L 1.1978344 0.6801181 1.2293304 0.6801181 1 P 0
L 1.1978344 0.6860236 1.2293304 0.6860236 1 P 0
L 1.1978344 0.7234251 1.1978344 0.7726377 1 P 0
L 1.1978344 0.7234251 1.2293304 0.7234251 1 P 0
L 1.1978344 0.7293307 1.2293304 0.7293307 1 P 0
L 1.1978344 0.7667322 1.1978344 0.8159448 1 P 0
L 1.1978344 0.7667322 1.2293304 0.7667322 1 P 0
L 1.1978344 0.7726377 1.2293304 0.7726377 1 P 0
L 1.1978344 0.8100393 1.1978344 0.8592519 1 P 0
L 1.1978344 0.8100393 1.2293304 0.8100393 1 P 0
L 1.1978344 0.8159448 1.2293304 0.8159448 1 P 0
L 1.1978344 0.8592519 1.2293304 0.8592519 1 P 0
L 1.1978345 0.918307 1.1978345 0.9675196 1 P 0
L 1.1978345 0.918307 1.2293305 0.918307 1 P 0
L 1.1978345 0.9616141 1.1978345 1.0108267 1 P 0
L 1.1978345 0.9616141 1.2293305 0.9616141 1 P 0
L 1.1978345 0.9675196 1.2293305 0.9675196 1 P 0
L 1.1978345 1.0049212 1.1978345 1.0541338 1 P 0
L 1.1978345 1.0049212 1.2293305 1.0049212 1 P 0
L 1.1978345 1.0108267 1.2293305 1.0108267 1 P 0
L 1.1978345 1.0482283 1.1978345 1.0974409 1 P 0
L 1.1978345 1.0482283 1.2293305 1.0482283 1 P 0
L 1.1978345 1.0541338 1.2293305 1.0541338 1 P 0
L 1.1978345 1.0915354 1.1978345 1.140748 1 P 0
L 1.1978345 1.0915354 1.2293305 1.0915354 1 P 0
L 1.1978345 1.0974409 1.2293305 1.0974409 1 P 0
L 1.1978345 1.1348425 1.1978345 1.1840551 1 P 0
L 1.1978345 1.1348425 1.2293305 1.1348425 1 P 0
L 1.1978345 1.140748 1.2293305 1.140748 1 P 0
L 1.1978345 1.1781496 1.1978345 1.2273622 1 P 0
L 1.1978345 1.1781496 1.2293305 1.1781496 1 P 0
L 1.1978345 1.1840551 1.2293305 1.1840551 1 P 0
L 1.1978345 1.2214566 1.1978345 1.2706692 1 P 0
L 1.1978345 1.2214566 1.2293305 1.2214566 1 P 0
L 1.1978345 1.2273622 1.2293305 1.2273622 1 P 0
L 1.1978345 1.2647637 1.1978345 1.3139763 1 P 0
L 1.1978345 1.2647637 1.2293305 1.2647637 1 P 0
L 1.1978345 1.2706692 1.2293305 1.2706692 1 P 0
L 1.1978345 1.3080708 1.1978345 1.3572834 1 P 0
L 1.1978345 1.3080708 1.2293305 1.3080708 1 P 0
L 1.1978345 1.3139763 1.2293305 1.3139763 1 P 0
L 1.1978345 1.3572834 1.2293305 1.3572834 1 P 0
L 1.2057084 0.4202755 1.2057084 0.4694881 1 P 0
L 1.2057084 0.4635826 1.2057084 0.5127952 1 P 0
L 1.2057084 0.5068897 1.2057084 0.5561023 1 P 0
L 1.2057084 0.5501968 1.2057084 0.5994094 1 P 0
L 1.2057084 0.5935039 1.2057084 0.6427165 1 P 0
L 1.2057084 0.636811 1.2057084 0.6860236 1 P 0
L 1.2057084 0.6801181 1.2057084 0.7293307 1 P 0
L 1.2057084 0.7234251 1.2057084 0.7726377 1 P 0
L 1.2057084 0.7667322 1.2057084 0.8159448 1 P 0
L 1.2057084 0.8100393 1.2057084 0.8592519 1 P 0
L 1.2057085 0.918307 1.2057085 0.9675196 1 P 0
L 1.2057085 0.9616141 1.2057085 1.0108267 1 P 0
L 1.2057085 1.0049212 1.2057085 1.0541338 1 P 0
L 1.2057085 1.0482283 1.2057085 1.0974409 1 P 0
L 1.2057085 1.0915354 1.2057085 1.140748 1 P 0
L 1.2057085 1.1348425 1.2057085 1.1840551 1 P 0
L 1.2057085 1.1781496 1.2057085 1.2273622 1 P 0
L 1.2057085 1.2214566 1.2057085 1.2706692 1 P 0
L 1.2057085 1.2647637 1.2057085 1.3139763 1 P 0
L 1.2057085 1.3080708 1.2057085 1.3572834 1 P 0
L 1.2076769 0.4448818 1.2194879 0.4448818 1 P 0
L 1.2076769 0.4881889 1.2194879 0.4881889 1 P 0
L 1.2076769 0.531496 1.2194879 0.531496 1 P 0
L 1.2076769 0.5748031 1.2194879 0.5748031 1 P 0
L 1.2076769 0.6181102 1.2194879 0.6181102 1 P 0
L 1.2076769 0.6614173 1.2194879 0.6614173 1 P 0
L 1.2076769 0.7047244 1.2194879 0.7047244 1 P 0
L 1.2076769 0.7480314 1.2194879 0.7480314 1 P 0
L 1.2076769 0.7913385 1.2194879 0.7913385 1 P 0
L 1.2076769 0.8346456 1.2194879 0.8346456 1 P 0
L 1.207677 0.9429133 1.219488 0.9429133 1 P 0
L 1.207677 0.9862204 1.219488 0.9862204 1 P 0
L 1.207677 1.0295275 1.219488 1.0295275 1 P 0
L 1.207677 1.0728346 1.219488 1.0728346 1 P 0
L 1.207677 1.1161417 1.219488 1.1161417 1 P 0
L 1.207677 1.1594488 1.219488 1.1594488 1 P 0
L 1.207677 1.2027559 1.219488 1.2027559 1 P 0
L 1.207677 1.2460629 1.219488 1.2460629 1 P 0
L 1.207677 1.28937 1.219488 1.28937 1 P 0
L 1.207677 1.3326771 1.219488 1.3326771 1 P 0
L 1.2135824 0.4389763 1.2135824 0.4507873 1 P 0
L 1.2135824 0.4822834 1.2135824 0.4940944 1 P 0
L 1.2135824 0.5255905 1.2135824 0.5374015 1 P 0
L 1.2135824 0.5688976 1.2135824 0.5807086 1 P 0
L 1.2135824 0.6122047 1.2135824 0.6240157 1 P 0
L 1.2135824 0.6555118 1.2135824 0.6673228 1 P 0
L 1.2135824 0.6988189 1.2135824 0.7106299 1 P 0
L 1.2135824 0.7421259 1.2135824 0.7539369 1 P 0
L 1.2135824 0.785433 1.2135824 0.797244 1 P 0
L 1.2135824 0.8287401 1.2135824 0.8405511 1 P 0
L 1.2135825 0.9370078 1.2135825 0.9488188 1 P 0
L 1.2135825 0.9803149 1.2135825 0.9921259 1 P 0
L 1.2135825 1.023622 1.2135825 1.035433 1 P 0
L 1.2135825 1.0669291 1.2135825 1.0787401 1 P 0
L 1.2135825 1.1102362 1.2135825 1.1220472 1 P 0
L 1.2135825 1.1535433 1.2135825 1.1653543 1 P 0
L 1.2135825 1.1968504 1.2135825 1.2086614 1 P 0
L 1.2135825 1.2401574 1.2135825 1.2519684 1 P 0
L 1.2135825 1.2834645 1.2135825 1.2952755 1 P 0
L 1.2135825 1.3267716 1.2135825 1.3385826 1 P 0
L 1.2214565 0.4202755 1.2214565 0.4694881 1 P 0
L 1.2214565 0.4202755 1.2529525 0.4202755 1 P 0
L 1.2214565 0.4635826 1.2214565 0.5127952 1 P 0
L 1.2214565 0.4635826 1.2529525 0.4635826 1 P 0
L 1.2214565 0.4694881 1.2529525 0.4694881 1 P 0
L 1.2214565 0.5068897 1.2214565 0.5561023 1 P 0
L 1.2214565 0.5068897 1.2529525 0.5068897 1 P 0
L 1.2214565 0.5127952 1.2529525 0.5127952 1 P 0
L 1.2214565 0.5501968 1.2214565 0.5994094 1 P 0
L 1.2214565 0.5501968 1.2529525 0.5501968 1 P 0
L 1.2214565 0.5561023 1.2529525 0.5561023 1 P 0
L 1.2214565 0.5935039 1.2214565 0.6427165 1 P 0
L 1.2214565 0.5935039 1.2529525 0.5935039 1 P 0
L 1.2214565 0.5994094 1.2529525 0.5994094 1 P 0
L 1.2214565 0.636811 1.2214565 0.6860236 1 P 0
L 1.2214565 0.636811 1.2529525 0.636811 1 P 0
L 1.2214565 0.6427165 1.2529525 0.6427165 1 P 0
L 1.2214565 0.6801181 1.2214565 0.7293307 1 P 0
L 1.2214565 0.6801181 1.2529525 0.6801181 1 P 0
L 1.2214565 0.6860236 1.2529525 0.6860236 1 P 0
L 1.2214565 0.7234251 1.2214565 0.7726377 1 P 0
L 1.2214565 0.7234251 1.2529525 0.7234251 1 P 0
L 1.2214565 0.7293307 1.2529525 0.7293307 1 P 0
L 1.2214565 0.7667322 1.2214565 0.8159448 1 P 0
L 1.2214565 0.7667322 1.2529525 0.7667322 1 P 0
L 1.2214565 0.7726377 1.2529525 0.7726377 1 P 0
L 1.2214565 0.8100393 1.2214565 0.8592519 1 P 0
L 1.2214565 0.8100393 1.2529525 0.8100393 1 P 0
L 1.2214565 0.8159448 1.2529525 0.8159448 1 P 0
L 1.2214565 0.8592519 1.2529525 0.8592519 1 P 0
L 1.2214566 0.918307 1.2214566 0.9675196 1 P 0
L 1.2214566 0.918307 1.2529526 0.918307 1 P 0
L 1.2214566 0.9616141 1.2214566 1.0108267 1 P 0
L 1.2214566 0.9616141 1.2529526 0.9616141 1 P 0
L 1.2214566 0.9675196 1.2529526 0.9675196 1 P 0
L 1.2214566 1.0049212 1.2214566 1.0541338 1 P 0
L 1.2214566 1.0049212 1.2529526 1.0049212 1 P 0
L 1.2214566 1.0108267 1.2529526 1.0108267 1 P 0
L 1.2214566 1.0482283 1.2214566 1.0974409 1 P 0
L 1.2214566 1.0482283 1.2529526 1.0482283 1 P 0
L 1.2214566 1.0541338 1.2529526 1.0541338 1 P 0
L 1.2214566 1.0915354 1.2214566 1.140748 1 P 0
L 1.2214566 1.0915354 1.2529526 1.0915354 1 P 0
L 1.2214566 1.0974409 1.2529526 1.0974409 1 P 0
L 1.2214566 1.1348425 1.2214566 1.1840551 1 P 0
L 1.2214566 1.1348425 1.2529526 1.1348425 1 P 0
L 1.2214566 1.140748 1.2529526 1.140748 1 P 0
L 1.2214566 1.1781496 1.2214566 1.2273622 1 P 0
L 1.2214566 1.1781496 1.2529526 1.1781496 1 P 0
L 1.2214566 1.1840551 1.2529526 1.1840551 1 P 0
L 1.2214566 1.2214566 1.2214566 1.2706692 1 P 0
L 1.2214566 1.2214566 1.2529526 1.2214566 1 P 0
L 1.2214566 1.2273622 1.2529526 1.2273622 1 P 0
L 1.2214566 1.2647637 1.2214566 1.3139763 1 P 0
L 1.2214566 1.2647637 1.2529526 1.2647637 1 P 0
L 1.2214566 1.2706692 1.2529526 1.2706692 1 P 0
L 1.2214566 1.3080708 1.2214566 1.3572834 1 P 0
L 1.2214566 1.3080708 1.2529526 1.3080708 1 P 0
L 1.2214566 1.3139763 1.2529526 1.3139763 1 P 0
L 1.2214566 1.3572834 1.2529526 1.3572834 1 P 0
L 1.2293304 0.4202755 1.2293304 0.4694881 1 P 0
L 1.2293304 0.4635826 1.2293304 0.5127952 1 P 0
L 1.2293304 0.5068897 1.2293304 0.5561023 1 P 0
L 1.2293304 0.5501968 1.2293304 0.5994094 1 P 0
L 1.2293304 0.5935039 1.2293304 0.6427165 1 P 0
L 1.2293304 0.636811 1.2293304 0.6860236 1 P 0
L 1.2293304 0.6801181 1.2293304 0.7293307 1 P 0
L 1.2293304 0.7234251 1.2293304 0.7726377 1 P 0
L 1.2293304 0.7667322 1.2293304 0.8159448 1 P 0
L 1.2293304 0.8100393 1.2293304 0.8592519 1 P 0
L 1.2293305 0.918307 1.2293305 0.9675196 1 P 0
L 1.2293305 0.9616141 1.2293305 1.0108267 1 P 0
L 1.2293305 1.0049212 1.2293305 1.0541338 1 P 0
L 1.2293305 1.0482283 1.2293305 1.0974409 1 P 0
L 1.2293305 1.0915354 1.2293305 1.140748 1 P 0
L 1.2293305 1.1348425 1.2293305 1.1840551 1 P 0
L 1.2293305 1.1781496 1.2293305 1.2273622 1 P 0
L 1.2293305 1.2214566 1.2293305 1.2706692 1 P 0
L 1.2293305 1.2647637 1.2293305 1.3139763 1 P 0
L 1.2293305 1.3080708 1.2293305 1.3572834 1 P 0
L 1.231299 0.4448818 1.24311 0.4448818 1 P 0
L 1.231299 0.4881889 1.24311 0.4881889 1 P 0
L 1.231299 0.531496 1.24311 0.531496 1 P 0
L 1.231299 0.5748031 1.24311 0.5748031 1 P 0
L 1.231299 0.6181102 1.24311 0.6181102 1 P 0
L 1.231299 0.6614173 1.24311 0.6614173 1 P 0
L 1.231299 0.7047244 1.24311 0.7047244 1 P 0
L 1.231299 0.7480314 1.24311 0.7480314 1 P 0
L 1.231299 0.7913385 1.24311 0.7913385 1 P 0
L 1.231299 0.8346456 1.24311 0.8346456 1 P 0
L 1.2312991 0.9429133 1.2431101 0.9429133 1 P 0
L 1.2312991 0.9862204 1.2431101 0.9862204 1 P 0
L 1.2312991 1.0295275 1.2431101 1.0295275 1 P 0
L 1.2312991 1.0728346 1.2431101 1.0728346 1 P 0
L 1.2312991 1.1161417 1.2431101 1.1161417 1 P 0
L 1.2312991 1.1594488 1.2431101 1.1594488 1 P 0
L 1.2312991 1.2027559 1.2431101 1.2027559 1 P 0
L 1.2312991 1.2460629 1.2431101 1.2460629 1 P 0
L 1.2312991 1.28937 1.2431101 1.28937 1 P 0
L 1.2312991 1.3326771 1.2431101 1.3326771 1 P 0
L 1.2372045 0.4389763 1.2372045 0.4507873 1 P 0
L 1.2372045 0.4822834 1.2372045 0.4940944 1 P 0
L 1.2372045 0.5255905 1.2372045 0.5374015 1 P 0
L 1.2372045 0.5688976 1.2372045 0.5807086 1 P 0
L 1.2372045 0.6122047 1.2372045 0.6240157 1 P 0
L 1.2372045 0.6555118 1.2372045 0.6673228 1 P 0
L 1.2372045 0.6988189 1.2372045 0.7106299 1 P 0
L 1.2372045 0.7421259 1.2372045 0.7539369 1 P 0
L 1.2372045 0.785433 1.2372045 0.797244 1 P 0
L 1.2372045 0.8287401 1.2372045 0.8405511 1 P 0
L 1.2372046 0.9370078 1.2372046 0.9488188 1 P 0
L 1.2372046 0.9803149 1.2372046 0.9921259 1 P 0
L 1.2372046 1.023622 1.2372046 1.035433 1 P 0
L 1.2372046 1.0669291 1.2372046 1.0787401 1 P 0
L 1.2372046 1.1102362 1.2372046 1.1220472 1 P 0
L 1.2372046 1.1535433 1.2372046 1.1653543 1 P 0
L 1.2372046 1.1968504 1.2372046 1.2086614 1 P 0
L 1.2372046 1.2401574 1.2372046 1.2519684 1 P 0
L 1.2372046 1.2834645 1.2372046 1.2952755 1 P 0
L 1.2372046 1.3267716 1.2372046 1.3385826 1 P 0
L 1.2450785 0.4202755 1.2450785 0.4694881 1 P 0
L 1.2450785 0.4202755 1.2765745 0.4202755 1 P 0
L 1.2450785 0.4635826 1.2450785 0.5127952 1 P 0
L 1.2450785 0.4635826 1.2765745 0.4635826 1 P 0
L 1.2450785 0.4694881 1.2765745 0.4694881 1 P 0
L 1.2450785 0.5068897 1.2450785 0.5561023 1 P 0
L 1.2450785 0.5068897 1.2765745 0.5068897 1 P 0
L 1.2450785 0.5127952 1.2765745 0.5127952 1 P 0
L 1.2450785 0.5501968 1.2450785 0.5994094 1 P 0
L 1.2450785 0.5501968 1.2765745 0.5501968 1 P 0
L 1.2450785 0.5561023 1.2765745 0.5561023 1 P 0
L 1.2450785 0.5935039 1.2450785 0.6427165 1 P 0
L 1.2450785 0.5935039 1.2765745 0.5935039 1 P 0
L 1.2450785 0.5994094 1.2765745 0.5994094 1 P 0
L 1.2450785 0.636811 1.2450785 0.6860236 1 P 0
L 1.2450785 0.636811 1.2765745 0.636811 1 P 0
L 1.2450785 0.6427165 1.2765745 0.6427165 1 P 0
L 1.2450785 0.6801181 1.2450785 0.7293307 1 P 0
L 1.2450785 0.6801181 1.2765745 0.6801181 1 P 0
L 1.2450785 0.6860236 1.2765745 0.6860236 1 P 0
L 1.2450785 0.7234251 1.2450785 0.7726377 1 P 0
L 1.2450785 0.7234251 1.2765745 0.7234251 1 P 0
L 1.2450785 0.7293307 1.2765745 0.7293307 1 P 0
L 1.2450785 0.7667322 1.2450785 0.8159448 1 P 0
L 1.2450785 0.7667322 1.2765745 0.7667322 1 P 0
L 1.2450785 0.7726377 1.2765745 0.7726377 1 P 0
L 1.2450785 0.8100393 1.2450785 0.8592519 1 P 0
L 1.2450785 0.8100393 1.2765745 0.8100393 1 P 0
L 1.2450785 0.8159448 1.2765745 0.8159448 1 P 0
L 1.2450785 0.8592519 1.2765745 0.8592519 1 P 0
L 1.2450786 0.918307 1.2450786 0.9675196 1 P 0
L 1.2450786 0.918307 1.2765746 0.918307 1 P 0
L 1.2450786 0.9616141 1.2450786 1.0108267 1 P 0
L 1.2450786 0.9616141 1.2765746 0.9616141 1 P 0
L 1.2450786 0.9675196 1.2765746 0.9675196 1 P 0
L 1.2450786 1.0049212 1.2450786 1.0541338 1 P 0
L 1.2450786 1.0049212 1.2765746 1.0049212 1 P 0
L 1.2450786 1.0108267 1.2765746 1.0108267 1 P 0
L 1.2450786 1.0482283 1.2450786 1.0974409 1 P 0
L 1.2450786 1.0482283 1.2765746 1.0482283 1 P 0
L 1.2450786 1.0541338 1.2765746 1.0541338 1 P 0
L 1.2450786 1.0915354 1.2450786 1.140748 1 P 0
L 1.2450786 1.0915354 1.2765746 1.0915354 1 P 0
L 1.2450786 1.0974409 1.2765746 1.0974409 1 P 0
L 1.2450786 1.1348425 1.2450786 1.1840551 1 P 0
L 1.2450786 1.1348425 1.2765746 1.1348425 1 P 0
L 1.2450786 1.140748 1.2765746 1.140748 1 P 0
L 1.2450786 1.1781496 1.2450786 1.2273622 1 P 0
L 1.2450786 1.1781496 1.2765746 1.1781496 1 P 0
L 1.2450786 1.1840551 1.2765746 1.1840551 1 P 0
L 1.2450786 1.2214566 1.2450786 1.2706692 1 P 0
L 1.2450786 1.2214566 1.2765746 1.2214566 1 P 0
L 1.2450786 1.2273622 1.2765746 1.2273622 1 P 0
L 1.2450786 1.2647637 1.2450786 1.3139763 1 P 0
L 1.2450786 1.2647637 1.2765746 1.2647637 1 P 0
L 1.2450786 1.2706692 1.2765746 1.2706692 1 P 0
L 1.2450786 1.3080708 1.2450786 1.3572834 1 P 0
L 1.2450786 1.3080708 1.2765746 1.3080708 1 P 0
L 1.2450786 1.3139763 1.2765746 1.3139763 1 P 0
L 1.2450786 1.3572834 1.2765746 1.3572834 1 P 0
L 1.25 3.3464567 1.3090552 3.3464567 0 P 0
L 1.25 3.7401575 1.3090552 3.7401575 0 P 0
L 1.2529525 0.4202755 1.2529525 0.4694881 1 P 0
L 1.2529525 0.4635826 1.2529525 0.5127952 1 P 0
L 1.2529525 0.5068897 1.2529525 0.5561023 1 P 0
L 1.2529525 0.5501968 1.2529525 0.5994094 1 P 0
L 1.2529525 0.5935039 1.2529525 0.6427165 1 P 0
L 1.2529525 0.636811 1.2529525 0.6860236 1 P 0
L 1.2529525 0.6801181 1.2529525 0.7293307 1 P 0
L 1.2529525 0.7234251 1.2529525 0.7726377 1 P 0
L 1.2529525 0.7667322 1.2529525 0.8159448 1 P 0
L 1.2529525 0.8100393 1.2529525 0.8592519 1 P 0
L 1.2529526 0.918307 1.2529526 0.9675196 1 P 0
L 1.2529526 0.9616141 1.2529526 1.0108267 1 P 0
L 1.2529526 1.0049212 1.2529526 1.0541338 1 P 0
L 1.2529526 1.0482283 1.2529526 1.0974409 1 P 0
L 1.2529526 1.0915354 1.2529526 1.140748 1 P 0
L 1.2529526 1.1348425 1.2529526 1.1840551 1 P 0
L 1.2529526 1.1781496 1.2529526 1.2273622 1 P 0
L 1.2529526 1.2214566 1.2529526 1.2706692 1 P 0
L 1.2529526 1.2647637 1.2529526 1.3139763 1 P 0
L 1.2529526 1.3080708 1.2529526 1.3572834 1 P 0
L 1.254921 0.4448818 1.266732 0.4448818 1 P 0
L 1.254921 0.4881889 1.266732 0.4881889 1 P 0
L 1.254921 0.531496 1.266732 0.531496 1 P 0
L 1.254921 0.5748031 1.266732 0.5748031 1 P 0
L 1.254921 0.6181102 1.266732 0.6181102 1 P 0
L 1.254921 0.6614173 1.266732 0.6614173 1 P 0
L 1.254921 0.7047244 1.266732 0.7047244 1 P 0
L 1.254921 0.7480314 1.266732 0.7480314 1 P 0
L 1.254921 0.7913385 1.266732 0.7913385 1 P 0
L 1.254921 0.8346456 1.266732 0.8346456 1 P 0
L 1.2549211 0.9429133 1.2667321 0.9429133 1 P 0
L 1.2549211 0.9862204 1.2667321 0.9862204 1 P 0
L 1.2549211 1.0295275 1.2667321 1.0295275 1 P 0
L 1.2549211 1.0728346 1.2667321 1.0728346 1 P 0
L 1.2549211 1.1161417 1.2667321 1.1161417 1 P 0
L 1.2549211 1.1594488 1.2667321 1.1594488 1 P 0
L 1.2549211 1.2027559 1.2667321 1.2027559 1 P 0
L 1.2549211 1.2460629 1.2667321 1.2460629 1 P 0
L 1.2549211 1.28937 1.2667321 1.28937 1 P 0
L 1.2549211 1.3326771 1.2667321 1.3326771 1 P 0
L 1.2608265 0.4389763 1.2608265 0.4507873 1 P 0
L 1.2608265 0.4822834 1.2608265 0.4940944 1 P 0
L 1.2608265 0.5255905 1.2608265 0.5374015 1 P 0
L 1.2608265 0.5688976 1.2608265 0.5807086 1 P 0
L 1.2608265 0.6122047 1.2608265 0.6240157 1 P 0
L 1.2608265 0.6555118 1.2608265 0.6673228 1 P 0
L 1.2608265 0.6988189 1.2608265 0.7106299 1 P 0
L 1.2608265 0.7421259 1.2608265 0.7539369 1 P 0
L 1.2608265 0.785433 1.2608265 0.797244 1 P 0
L 1.2608265 0.8287401 1.2608265 0.8405511 1 P 0
L 1.2608266 0.9370078 1.2608266 0.9488188 1 P 0
L 1.2608266 0.9803149 1.2608266 0.9921259 1 P 0
L 1.2608266 1.023622 1.2608266 1.035433 1 P 0
L 1.2608266 1.0669291 1.2608266 1.0787401 1 P 0
L 1.2608266 1.1102362 1.2608266 1.1220472 1 P 0
L 1.2608266 1.1535433 1.2608266 1.1653543 1 P 0
L 1.2608266 1.1968504 1.2608266 1.2086614 1 P 0
L 1.2608266 1.2401574 1.2608266 1.2519684 1 P 0
L 1.2608266 1.2834645 1.2608266 1.2952755 1 P 0
L 1.2608266 1.3267716 1.2608266 1.3385826 1 P 0
L 1.2687006 0.4202755 1.2687006 0.4694881 1 P 0
L 1.2687006 0.4202755 1.3001966 0.4202755 1 P 0
L 1.2687006 0.4635826 1.2687006 0.5127952 1 P 0
L 1.2687006 0.4635826 1.3001966 0.4635826 1 P 0
L 1.2687006 0.4694881 1.3001966 0.4694881 1 P 0
L 1.2687006 0.5068897 1.2687006 0.5561023 1 P 0
L 1.2687006 0.5068897 1.3001966 0.5068897 1 P 0
L 1.2687006 0.5127952 1.3001966 0.5127952 1 P 0
L 1.2687006 0.5501968 1.2687006 0.5994094 1 P 0
L 1.2687006 0.5501968 1.3001966 0.5501968 1 P 0
L 1.2687006 0.5561023 1.3001966 0.5561023 1 P 0
L 1.2687006 0.5935039 1.2687006 0.6427165 1 P 0
L 1.2687006 0.5935039 1.3001966 0.5935039 1 P 0
L 1.2687006 0.5994094 1.3001966 0.5994094 1 P 0
L 1.2687006 0.636811 1.2687006 0.6860236 1 P 0
L 1.2687006 0.636811 1.3001966 0.636811 1 P 0
L 1.2687006 0.6427165 1.3001966 0.6427165 1 P 0
L 1.2687006 0.6801181 1.2687006 0.7293307 1 P 0
L 1.2687006 0.6801181 1.3001966 0.6801181 1 P 0
L 1.2687006 0.6860236 1.3001966 0.6860236 1 P 0
L 1.2687006 0.7234251 1.2687006 0.7726377 1 P 0
L 1.2687006 0.7234251 1.3001966 0.7234251 1 P 0
L 1.2687006 0.7293307 1.3001966 0.7293307 1 P 0
L 1.2687006 0.7667322 1.2687006 0.8159448 1 P 0
L 1.2687006 0.7667322 1.3001966 0.7667322 1 P 0
L 1.2687006 0.7726377 1.3001966 0.7726377 1 P 0
L 1.2687006 0.8100393 1.2687006 0.8592519 1 P 0
L 1.2687006 0.8100393 1.3001966 0.8100393 1 P 0
L 1.2687006 0.8159448 1.3001966 0.8159448 1 P 0
L 1.2687006 0.8592519 1.3001966 0.8592519 1 P 0
L 1.2687007 0.918307 1.2687007 0.9675196 1 P 0
L 1.2687007 0.918307 1.3001967 0.918307 1 P 0
L 1.2687007 0.9616141 1.2687007 1.0108267 1 P 0
L 1.2687007 0.9616141 1.3001967 0.9616141 1 P 0
L 1.2687007 0.9675196 1.3001967 0.9675196 1 P 0
L 1.2687007 1.0049212 1.2687007 1.0541338 1 P 0
L 1.2687007 1.0049212 1.3001967 1.0049212 1 P 0
L 1.2687007 1.0108267 1.3001967 1.0108267 1 P 0
L 1.2687007 1.0482283 1.2687007 1.0974409 1 P 0
L 1.2687007 1.0482283 1.3001967 1.0482283 1 P 0
L 1.2687007 1.0541338 1.3001967 1.0541338 1 P 0
L 1.2687007 1.0915354 1.2687007 1.140748 1 P 0
L 1.2687007 1.0915354 1.3001967 1.0915354 1 P 0
L 1.2687007 1.0974409 1.3001967 1.0974409 1 P 0
L 1.2687007 1.1348425 1.2687007 1.1840551 1 P 0
L 1.2687007 1.1348425 1.3001967 1.1348425 1 P 0
L 1.2687007 1.140748 1.3001967 1.140748 1 P 0
L 1.2687007 1.1781496 1.2687007 1.2273622 1 P 0
L 1.2687007 1.1781496 1.3001967 1.1781496 1 P 0
L 1.2687007 1.1840551 1.3001967 1.1840551 1 P 0
L 1.2687007 1.2214566 1.2687007 1.2706692 1 P 0
L 1.2687007 1.2214566 1.3001967 1.2214566 1 P 0
L 1.2687007 1.2273622 1.3001967 1.2273622 1 P 0
L 1.2687007 1.2647637 1.2687007 1.3139763 1 P 0
L 1.2687007 1.2647637 1.3001967 1.2647637 1 P 0
L 1.2687007 1.2706692 1.3001967 1.2706692 1 P 0
L 1.2687007 1.3080708 1.2687007 1.3572834 1 P 0
L 1.2687007 1.3080708 1.3001967 1.3080708 1 P 0
L 1.2687007 1.3139763 1.3001967 1.3139763 1 P 0
L 1.2687007 1.3572834 1.3001967 1.3572834 1 P 0
L 1.2765745 0.4202755 1.2765745 0.4694881 1 P 0
L 1.2765745 0.4635826 1.2765745 0.5127952 1 P 0
L 1.2765745 0.5068897 1.2765745 0.5561023 1 P 0
L 1.2765745 0.5501968 1.2765745 0.5994094 1 P 0
L 1.2765745 0.5935039 1.2765745 0.6427165 1 P 0
L 1.2765745 0.636811 1.2765745 0.6860236 1 P 0
L 1.2765745 0.6801181 1.2765745 0.7293307 1 P 0
L 1.2765745 0.7234251 1.2765745 0.7726377 1 P 0
L 1.2765745 0.7667322 1.2765745 0.8159448 1 P 0
L 1.2765745 0.8100393 1.2765745 0.8592519 1 P 0
L 1.2765746 0.918307 1.2765746 0.9675196 1 P 0
L 1.2765746 0.9616141 1.2765746 1.0108267 1 P 0
L 1.2765746 1.0049212 1.2765746 1.0541338 1 P 0
L 1.2765746 1.0482283 1.2765746 1.0974409 1 P 0
L 1.2765746 1.0915354 1.2765746 1.140748 1 P 0
L 1.2765746 1.1348425 1.2765746 1.1840551 1 P 0
L 1.2765746 1.1781496 1.2765746 1.2273622 1 P 0
L 1.2765746 1.2214566 1.2765746 1.2706692 1 P 0
L 1.2765746 1.2647637 1.2765746 1.3139763 1 P 0
L 1.2765746 1.3080708 1.2765746 1.3572834 1 P 0
L 1.2785431 0.4448818 1.2903541 0.4448818 1 P 0
L 1.2785431 0.4881889 1.2903541 0.4881889 1 P 0
L 1.2785431 0.531496 1.2903541 0.531496 1 P 0
L 1.2785431 0.5748031 1.2903541 0.5748031 1 P 0
L 1.2785431 0.6181102 1.2903541 0.6181102 1 P 0
L 1.2785431 0.6614173 1.2903541 0.6614173 1 P 0
L 1.2785431 0.7047244 1.2903541 0.7047244 1 P 0
L 1.2785431 0.7480314 1.2903541 0.7480314 1 P 0
L 1.2785431 0.7913385 1.2903541 0.7913385 1 P 0
L 1.2785431 0.8346456 1.2903541 0.8346456 1 P 0
L 1.2785432 0.9429133 1.2903542 0.9429133 1 P 0
L 1.2785432 0.9862204 1.2903542 0.9862204 1 P 0
L 1.2785432 1.0295275 1.2903542 1.0295275 1 P 0
L 1.2785432 1.0728346 1.2903542 1.0728346 1 P 0
L 1.2785432 1.1161417 1.2903542 1.1161417 1 P 0
L 1.2785432 1.1594488 1.2903542 1.1594488 1 P 0
L 1.2785432 1.2027559 1.2903542 1.2027559 1 P 0
L 1.2785432 1.2460629 1.2903542 1.2460629 1 P 0
L 1.2785432 1.28937 1.2903542 1.28937 1 P 0
L 1.2785432 1.3326771 1.2903542 1.3326771 1 P 0
L 1.2795276 3.3169291 1.2795276 3.3759843 0 P 0
L 1.2795276 3.7106299 1.2795276 3.7696851 0 P 0
L 1.2844486 0.4389763 1.2844486 0.4507873 1 P 0
L 1.2844486 0.4822834 1.2844486 0.4940944 1 P 0
L 1.2844486 0.5255905 1.2844486 0.5374015 1 P 0
L 1.2844486 0.5688976 1.2844486 0.5807086 1 P 0
L 1.2844486 0.6122047 1.2844486 0.6240157 1 P 0
L 1.2844486 0.6555118 1.2844486 0.6673228 1 P 0
L 1.2844486 0.6988189 1.2844486 0.7106299 1 P 0
L 1.2844486 0.7421259 1.2844486 0.7539369 1 P 0
L 1.2844486 0.785433 1.2844486 0.797244 1 P 0
L 1.2844486 0.8287401 1.2844486 0.8405511 1 P 0
L 1.2844487 0.9370078 1.2844487 0.9488188 1 P 0
L 1.2844487 0.9803149 1.2844487 0.9921259 1 P 0
L 1.2844487 1.023622 1.2844487 1.035433 1 P 0
L 1.2844487 1.0669291 1.2844487 1.0787401 1 P 0
L 1.2844487 1.1102362 1.2844487 1.1220472 1 P 0
L 1.2844487 1.1535433 1.2844487 1.1653543 1 P 0
L 1.2844487 1.1968504 1.2844487 1.2086614 1 P 0
L 1.2844487 1.2401574 1.2844487 1.2519684 1 P 0
L 1.2844487 1.2834645 1.2844487 1.2952755 1 P 0
L 1.2844487 1.3267716 1.2844487 1.3385826 1 P 0
L 1.2923226 0.4202755 1.2923226 0.4694881 1 P 0
L 1.2923226 0.4202755 1.3238186 0.4202755 1 P 0
L 1.2923226 0.4635826 1.2923226 0.5127952 1 P 0
L 1.2923226 0.4635826 1.3238186 0.4635826 1 P 0
L 1.2923226 0.4694881 1.3238186 0.4694881 1 P 0
L 1.2923226 0.5068897 1.2923226 0.5561023 1 P 0
L 1.2923226 0.5068897 1.3238186 0.5068897 1 P 0
L 1.2923226 0.5127952 1.3238186 0.5127952 1 P 0
L 1.2923226 0.5501968 1.2923226 0.5994094 1 P 0
L 1.2923226 0.5501968 1.3238186 0.5501968 1 P 0
L 1.2923226 0.5561023 1.3238186 0.5561023 1 P 0
L 1.2923226 0.5935039 1.2923226 0.6427165 1 P 0
L 1.2923226 0.5935039 1.3238186 0.5935039 1 P 0
L 1.2923226 0.5994094 1.3238186 0.5994094 1 P 0
L 1.2923226 0.636811 1.2923226 0.6860236 1 P 0
L 1.2923226 0.636811 1.3238186 0.636811 1 P 0
L 1.2923226 0.6427165 1.3238186 0.6427165 1 P 0
L 1.2923226 0.6801181 1.2923226 0.7293307 1 P 0
L 1.2923226 0.6801181 1.3238186 0.6801181 1 P 0
L 1.2923226 0.6860236 1.3238186 0.6860236 1 P 0
L 1.2923226 0.7234251 1.2923226 0.7726377 1 P 0
L 1.2923226 0.7234251 1.3238186 0.7234251 1 P 0
L 1.2923226 0.7293307 1.3238186 0.7293307 1 P 0
L 1.2923226 0.7667322 1.2923226 0.8159448 1 P 0
L 1.2923226 0.7667322 1.3238186 0.7667322 1 P 0
L 1.2923226 0.7726377 1.3238186 0.7726377 1 P 0
L 1.2923226 0.8100393 1.2923226 0.8592519 1 P 0
L 1.2923226 0.8100393 1.3238186 0.8100393 1 P 0
L 1.2923226 0.8159448 1.3238186 0.8159448 1 P 0
L 1.2923226 0.8592519 1.3238186 0.8592519 1 P 0
L 1.2923227 0.918307 1.2923227 0.9675196 1 P 0
L 1.2923227 0.918307 1.3238187 0.918307 1 P 0
L 1.2923227 0.9616141 1.2923227 1.0108267 1 P 0
L 1.2923227 0.9616141 1.3238187 0.9616141 1 P 0
L 1.2923227 0.9675196 1.3238187 0.9675196 1 P 0
L 1.2923227 1.0049212 1.2923227 1.0541338 1 P 0
L 1.2923227 1.0049212 1.3238187 1.0049212 1 P 0
L 1.2923227 1.0108267 1.3238187 1.0108267 1 P 0
L 1.2923227 1.0482283 1.2923227 1.0974409 1 P 0
L 1.2923227 1.0482283 1.3238187 1.0482283 1 P 0
L 1.2923227 1.0541338 1.3238187 1.0541338 1 P 0
L 1.2923227 1.0915354 1.2923227 1.140748 1 P 0
L 1.2923227 1.0915354 1.3238187 1.0915354 1 P 0
L 1.2923227 1.0974409 1.3238187 1.0974409 1 P 0
L 1.2923227 1.1348425 1.2923227 1.1840551 1 P 0
L 1.2923227 1.1348425 1.3238187 1.1348425 1 P 0
L 1.2923227 1.140748 1.3238187 1.140748 1 P 0
L 1.2923227 1.1781496 1.2923227 1.2273622 1 P 0
L 1.2923227 1.1781496 1.3238187 1.1781496 1 P 0
L 1.2923227 1.1840551 1.3238187 1.1840551 1 P 0
L 1.2923227 1.2214566 1.2923227 1.2706692 1 P 0
L 1.2923227 1.2214566 1.3238187 1.2214566 1 P 0
L 1.2923227 1.2273622 1.3238187 1.2273622 1 P 0
L 1.2923227 1.2647637 1.2923227 1.3139763 1 P 0
L 1.2923227 1.2647637 1.3238187 1.2647637 1 P 0
L 1.2923227 1.2706692 1.3238187 1.2706692 1 P 0
L 1.2923227 1.3080708 1.2923227 1.3572834 1 P 0
L 1.2923227 1.3080708 1.3238187 1.3080708 1 P 0
L 1.2923227 1.3139763 1.3238187 1.3139763 1 P 0
L 1.2923227 1.3572834 1.3238187 1.3572834 1 P 0
L 1.3001966 0.4202755 1.3001966 0.4694881 1 P 0
L 1.3001966 0.4635826 1.3001966 0.5127952 1 P 0
L 1.3001966 0.5068897 1.3001966 0.5561023 1 P 0
L 1.3001966 0.5501968 1.3001966 0.5994094 1 P 0
L 1.3001966 0.5935039 1.3001966 0.6427165 1 P 0
L 1.3001966 0.636811 1.3001966 0.6860236 1 P 0
L 1.3001966 0.6801181 1.3001966 0.7293307 1 P 0
L 1.3001966 0.7234251 1.3001966 0.7726377 1 P 0
L 1.3001966 0.7667322 1.3001966 0.8159448 1 P 0
L 1.3001966 0.8100393 1.3001966 0.8592519 1 P 0
L 1.3001967 0.918307 1.3001967 0.9675196 1 P 0
L 1.3001967 0.9616141 1.3001967 1.0108267 1 P 0
L 1.3001967 1.0049212 1.3001967 1.0541338 1 P 0
L 1.3001967 1.0482283 1.3001967 1.0974409 1 P 0
L 1.3001967 1.0915354 1.3001967 1.140748 1 P 0
L 1.3001967 1.1348425 1.3001967 1.1840551 1 P 0
L 1.3001967 1.1781496 1.3001967 1.2273622 1 P 0
L 1.3001967 1.2214566 1.3001967 1.2706692 1 P 0
L 1.3001967 1.2647637 1.3001967 1.3139763 1 P 0
L 1.3001967 1.3080708 1.3001967 1.3572834 1 P 0
L 1.3021651 0.4448818 1.3139761 0.4448818 1 P 0
L 1.3021651 0.4881889 1.3139761 0.4881889 1 P 0
L 1.3021651 0.531496 1.3139761 0.531496 1 P 0
L 1.3021651 0.5748031 1.3139761 0.5748031 1 P 0
L 1.3021651 0.6181102 1.3139761 0.6181102 1 P 0
L 1.3021651 0.6614173 1.3139761 0.6614173 1 P 0
L 1.3021651 0.7047244 1.3139761 0.7047244 1 P 0
L 1.3021651 0.7480314 1.3139761 0.7480314 1 P 0
L 1.3021651 0.7913385 1.3139761 0.7913385 1 P 0
L 1.3021651 0.8346456 1.3139761 0.8346456 1 P 0
L 1.3021652 0.9429133 1.3139762 0.9429133 1 P 0
L 1.3021652 0.9862204 1.3139762 0.9862204 1 P 0
L 1.3021652 1.0295275 1.3139762 1.0295275 1 P 0
L 1.3021652 1.0728346 1.3139762 1.0728346 1 P 0
L 1.3021652 1.1161417 1.3139762 1.1161417 1 P 0
L 1.3021652 1.1594488 1.3139762 1.1594488 1 P 0
L 1.3021652 1.2027559 1.3139762 1.2027559 1 P 0
L 1.3021652 1.2460629 1.3139762 1.2460629 1 P 0
L 1.3021652 1.28937 1.3139762 1.28937 1 P 0
L 1.3021652 1.3326771 1.3139762 1.3326771 1 P 0
L 1.3080706 0.4389763 1.3080706 0.4507873 1 P 0
L 1.3080706 0.4822834 1.3080706 0.4940944 1 P 0
L 1.3080706 0.5255905 1.3080706 0.5374015 1 P 0
L 1.3080706 0.5688976 1.3080706 0.5807086 1 P 0
L 1.3080706 0.6122047 1.3080706 0.6240157 1 P 0
L 1.3080706 0.6555118 1.3080706 0.6673228 1 P 0
L 1.3080706 0.6988189 1.3080706 0.7106299 1 P 0
L 1.3080706 0.7421259 1.3080706 0.7539369 1 P 0
L 1.3080706 0.785433 1.3080706 0.797244 1 P 0
L 1.3080706 0.8287401 1.3080706 0.8405511 1 P 0
L 1.3080707 0.9370078 1.3080707 0.9488188 1 P 0
L 1.3080707 0.9803149 1.3080707 0.9921259 1 P 0
L 1.3080707 1.023622 1.3080707 1.035433 1 P 0
L 1.3080707 1.0669291 1.3080707 1.0787401 1 P 0
L 1.3080707 1.1102362 1.3080707 1.1220472 1 P 0
L 1.3080707 1.1535433 1.3080707 1.1653543 1 P 0
L 1.3080707 1.1968504 1.3080707 1.2086614 1 P 0
L 1.3080707 1.2401574 1.3080707 1.2519684 1 P 0
L 1.3080707 1.2834645 1.3080707 1.2952755 1 P 0
L 1.3080707 1.3267716 1.3080707 1.3385826 1 P 0
L 1.3159447 0.4202755 1.3159447 0.4694881 1 P 0
L 1.3159447 0.4202755 1.3474407 0.4202755 1 P 0
L 1.3159447 0.4635826 1.3159447 0.5127952 1 P 0
L 1.3159447 0.4635826 1.3474407 0.4635826 1 P 0
L 1.3159447 0.4694881 1.3474407 0.4694881 1 P 0
L 1.3159447 0.5068897 1.3159447 0.5561023 1 P 0
L 1.3159447 0.5068897 1.3474407 0.5068897 1 P 0
L 1.3159447 0.5127952 1.3474407 0.5127952 1 P 0
L 1.3159447 0.5501968 1.3159447 0.5994094 1 P 0
L 1.3159447 0.5501968 1.3474407 0.5501968 1 P 0
L 1.3159447 0.5561023 1.3474407 0.5561023 1 P 0
L 1.3159447 0.5935039 1.3159447 0.6427165 1 P 0
L 1.3159447 0.5935039 1.3474407 0.5935039 1 P 0
L 1.3159447 0.5994094 1.3474407 0.5994094 1 P 0
L 1.3159447 0.636811 1.3159447 0.6860236 1 P 0
L 1.3159447 0.636811 1.3474407 0.636811 1 P 0
L 1.3159447 0.6427165 1.3474407 0.6427165 1 P 0
L 1.3159447 0.6801181 1.3159447 0.7293307 1 P 0
L 1.3159447 0.6801181 1.3474407 0.6801181 1 P 0
L 1.3159447 0.6860236 1.3474407 0.6860236 1 P 0
L 1.3159447 0.7234251 1.3159447 0.7726377 1 P 0
L 1.3159447 0.7234251 1.3474407 0.7234251 1 P 0
L 1.3159447 0.7293307 1.3474407 0.7293307 1 P 0
L 1.3159447 0.7667322 1.3159447 0.8159448 1 P 0
L 1.3159447 0.7667322 1.3474407 0.7667322 1 P 0
L 1.3159447 0.7726377 1.3474407 0.7726377 1 P 0
L 1.3159447 0.8100393 1.3159447 0.8592519 1 P 0
L 1.3159447 0.8100393 1.3474407 0.8100393 1 P 0
L 1.3159447 0.8159448 1.3474407 0.8159448 1 P 0
L 1.3159447 0.8592519 1.3474407 0.8592519 1 P 0
L 1.3159448 0.918307 1.3159448 0.9675196 1 P 0
L 1.3159448 0.918307 1.3474408 0.918307 1 P 0
L 1.3159448 0.9616141 1.3159448 1.0108267 1 P 0
L 1.3159448 0.9616141 1.3474408 0.9616141 1 P 0
L 1.3159448 0.9675196 1.3474408 0.9675196 1 P 0
L 1.3159448 1.0049212 1.3159448 1.0541338 1 P 0
L 1.3159448 1.0049212 1.3474408 1.0049212 1 P 0
L 1.3159448 1.0108267 1.3474408 1.0108267 1 P 0
L 1.3159448 1.0482283 1.3159448 1.0974409 1 P 0
L 1.3159448 1.0482283 1.3474408 1.0482283 1 P 0
L 1.3159448 1.0541338 1.3474408 1.0541338 1 P 0
L 1.3159448 1.0915354 1.3159448 1.140748 1 P 0
L 1.3159448 1.0915354 1.3474408 1.0915354 1 P 0
L 1.3159448 1.0974409 1.3474408 1.0974409 1 P 0
L 1.3159448 1.1348425 1.3159448 1.1840551 1 P 0
L 1.3159448 1.1348425 1.3474408 1.1348425 1 P 0
L 1.3159448 1.140748 1.3474408 1.140748 1 P 0
L 1.3159448 1.1781496 1.3159448 1.2273622 1 P 0
L 1.3159448 1.1781496 1.3474408 1.1781496 1 P 0
L 1.3159448 1.1840551 1.3474408 1.1840551 1 P 0
L 1.3159448 1.2214566 1.3159448 1.2706692 1 P 0
L 1.3159448 1.2214566 1.3474408 1.2214566 1 P 0
L 1.3159448 1.2273622 1.3474408 1.2273622 1 P 0
L 1.3159448 1.2647637 1.3159448 1.3139763 1 P 0
L 1.3159448 1.2647637 1.3474408 1.2647637 1 P 0
L 1.3159448 1.2706692 1.3474408 1.2706692 1 P 0
L 1.3159448 1.3080708 1.3159448 1.3572834 1 P 0
L 1.3159448 1.3080708 1.3474408 1.3080708 1 P 0
L 1.3159448 1.3139763 1.3474408 1.3139763 1 P 0
L 1.3159448 1.3572834 1.3474408 1.3572834 1 P 0
L 1.3238186 0.4202755 1.3238186 0.4694881 1 P 0
L 1.3238186 0.4635826 1.3238186 0.5127952 1 P 0
L 1.3238186 0.5068897 1.3238186 0.5561023 1 P 0
L 1.3238186 0.5501968 1.3238186 0.5994094 1 P 0
L 1.3238186 0.5935039 1.3238186 0.6427165 1 P 0
L 1.3238186 0.636811 1.3238186 0.6860236 1 P 0
L 1.3238186 0.6801181 1.3238186 0.7293307 1 P 0
L 1.3238186 0.7234251 1.3238186 0.7726377 1 P 0
L 1.3238186 0.7667322 1.3238186 0.8159448 1 P 0
L 1.3238186 0.8100393 1.3238186 0.8592519 1 P 0
L 1.3238187 0.918307 1.3238187 0.9675196 1 P 0
L 1.3238187 0.9616141 1.3238187 1.0108267 1 P 0
L 1.3238187 1.0049212 1.3238187 1.0541338 1 P 0
L 1.3238187 1.0482283 1.3238187 1.0974409 1 P 0
L 1.3238187 1.0915354 1.3238187 1.140748 1 P 0
L 1.3238187 1.1348425 1.3238187 1.1840551 1 P 0
L 1.3238187 1.1781496 1.3238187 1.2273622 1 P 0
L 1.3238187 1.2214566 1.3238187 1.2706692 1 P 0
L 1.3238187 1.2647637 1.3238187 1.3139763 1 P 0
L 1.3238187 1.3080708 1.3238187 1.3572834 1 P 0
L 1.3257872 0.4448818 1.3375982 0.4448818 1 P 0
L 1.3257872 0.4881889 1.3375982 0.4881889 1 P 0
L 1.3257872 0.531496 1.3375982 0.531496 1 P 0
L 1.3257872 0.5748031 1.3375982 0.5748031 1 P 0
L 1.3257872 0.6181102 1.3375982 0.6181102 1 P 0
L 1.3257872 0.6614173 1.3375982 0.6614173 1 P 0
L 1.3257872 0.7047244 1.3375982 0.7047244 1 P 0
L 1.3257872 0.7480314 1.3375982 0.7480314 1 P 0
L 1.3257872 0.7913385 1.3375982 0.7913385 1 P 0
L 1.3257872 0.8346456 1.3375982 0.8346456 1 P 0
L 1.3257873 0.9429133 1.3375983 0.9429133 1 P 0
L 1.3257873 0.9862204 1.3375983 0.9862204 1 P 0
L 1.3257873 1.0295275 1.3375983 1.0295275 1 P 0
L 1.3257873 1.0728346 1.3375983 1.0728346 1 P 0
L 1.3257873 1.1161417 1.3375983 1.1161417 1 P 0
L 1.3257873 1.1594488 1.3375983 1.1594488 1 P 0
L 1.3257873 1.2027559 1.3375983 1.2027559 1 P 0
L 1.3257873 1.2460629 1.3375983 1.2460629 1 P 0
L 1.3257873 1.28937 1.3375983 1.28937 1 P 0
L 1.3257873 1.3326771 1.3375983 1.3326771 1 P 0
L 1.3316927 0.4389763 1.3316927 0.4507873 1 P 0
L 1.3316927 0.4822834 1.3316927 0.4940944 1 P 0
L 1.3316927 0.5255905 1.3316927 0.5374015 1 P 0
L 1.3316927 0.5688976 1.3316927 0.5807086 1 P 0
L 1.3316927 0.6122047 1.3316927 0.6240157 1 P 0
L 1.3316927 0.6555118 1.3316927 0.6673228 1 P 0
L 1.3316927 0.6988189 1.3316927 0.7106299 1 P 0
L 1.3316927 0.7421259 1.3316927 0.7539369 1 P 0
L 1.3316927 0.785433 1.3316927 0.797244 1 P 0
L 1.3316927 0.8287401 1.3316927 0.8405511 1 P 0
L 1.3316928 0.9370078 1.3316928 0.9488188 1 P 0
L 1.3316928 0.9803149 1.3316928 0.9921259 1 P 0
L 1.3316928 1.023622 1.3316928 1.035433 1 P 0
L 1.3316928 1.0669291 1.3316928 1.0787401 1 P 0
L 1.3316928 1.1102362 1.3316928 1.1220472 1 P 0
L 1.3316928 1.1535433 1.3316928 1.1653543 1 P 0
L 1.3316928 1.1968504 1.3316928 1.2086614 1 P 0
L 1.3316928 1.2401574 1.3316928 1.2519684 1 P 0
L 1.3316928 1.2834645 1.3316928 1.2952755 1 P 0
L 1.3316928 1.3267716 1.3316928 1.3385826 1 P 0
L 1.3395667 0.4202755 1.3395667 0.4694881 1 P 0
L 1.3395667 0.4202755 1.3710627 0.4202755 1 P 0
L 1.3395667 0.4635826 1.3395667 0.5127952 1 P 0
L 1.3395667 0.4635826 1.3710627 0.4635826 1 P 0
L 1.3395667 0.4694881 1.3710627 0.4694881 1 P 0
L 1.3395667 0.5068897 1.3395667 0.5561023 1 P 0
L 1.3395667 0.5068897 1.3710627 0.5068897 1 P 0
L 1.3395667 0.5127952 1.3710627 0.5127952 1 P 0
L 1.3395667 0.5501968 1.3395667 0.5994094 1 P 0
L 1.3395667 0.5501968 1.3710627 0.5501968 1 P 0
L 1.3395667 0.5561023 1.3710627 0.5561023 1 P 0
L 1.3395667 0.5935039 1.3395667 0.6427165 1 P 0
L 1.3395667 0.5935039 1.3710627 0.5935039 1 P 0
L 1.3395667 0.5994094 1.3710627 0.5994094 1 P 0
L 1.3395667 0.636811 1.3395667 0.6860236 1 P 0
L 1.3395667 0.636811 1.3710627 0.636811 1 P 0
L 1.3395667 0.6427165 1.3710627 0.6427165 1 P 0
L 1.3395667 0.6801181 1.3395667 0.7293307 1 P 0
L 1.3395667 0.6801181 1.3710627 0.6801181 1 P 0
L 1.3395667 0.6860236 1.3710627 0.6860236 1 P 0
L 1.3395667 0.7234251 1.3395667 0.7726377 1 P 0
L 1.3395667 0.7234251 1.3710627 0.7234251 1 P 0
L 1.3395667 0.7293307 1.3710627 0.7293307 1 P 0
L 1.3395667 0.7667322 1.3395667 0.8159448 1 P 0
L 1.3395667 0.7667322 1.3710627 0.7667322 1 P 0
L 1.3395667 0.7726377 1.3710627 0.7726377 1 P 0
L 1.3395667 0.8100393 1.3395667 0.8592519 1 P 0
L 1.3395667 0.8100393 1.3710627 0.8100393 1 P 0
L 1.3395667 0.8159448 1.3710627 0.8159448 1 P 0
L 1.3395667 0.8592519 1.3710627 0.8592519 1 P 0
L 1.3395668 0.918307 1.3395668 0.9675196 1 P 0
L 1.3395668 0.918307 1.3710628 0.918307 1 P 0
L 1.3395668 0.9616141 1.3395668 1.0108267 1 P 0
L 1.3395668 0.9616141 1.3710628 0.9616141 1 P 0
L 1.3395668 0.9675196 1.3710628 0.9675196 1 P 0
L 1.3395668 1.0049212 1.3395668 1.0541338 1 P 0
L 1.3395668 1.0049212 1.3710628 1.0049212 1 P 0
L 1.3395668 1.0108267 1.3710628 1.0108267 1 P 0
L 1.3395668 1.0482283 1.3395668 1.0974409 1 P 0
L 1.3395668 1.0482283 1.3710628 1.0482283 1 P 0
L 1.3395668 1.0541338 1.3710628 1.0541338 1 P 0
L 1.3395668 1.0915354 1.3395668 1.140748 1 P 0
L 1.3395668 1.0915354 1.3710628 1.0915354 1 P 0
L 1.3395668 1.0974409 1.3710628 1.0974409 1 P 0
L 1.3395668 1.1348425 1.3395668 1.1840551 1 P 0
L 1.3395668 1.1348425 1.3710628 1.1348425 1 P 0
L 1.3395668 1.140748 1.3710628 1.140748 1 P 0
L 1.3395668 1.1781496 1.3395668 1.2273622 1 P 0
L 1.3395668 1.1781496 1.3710628 1.1781496 1 P 0
L 1.3395668 1.1840551 1.3710628 1.1840551 1 P 0
L 1.3395668 1.2214566 1.3395668 1.2706692 1 P 0
L 1.3395668 1.2214566 1.3710628 1.2214566 1 P 0
L 1.3395668 1.2273622 1.3710628 1.2273622 1 P 0
L 1.3395668 1.2647637 1.3395668 1.3139763 1 P 0
L 1.3395668 1.2647637 1.3710628 1.2647637 1 P 0
L 1.3395668 1.2706692 1.3710628 1.2706692 1 P 0
L 1.3395668 1.3080708 1.3395668 1.3572834 1 P 0
L 1.3395668 1.3080708 1.3710628 1.3080708 1 P 0
L 1.3395668 1.3139763 1.3710628 1.3139763 1 P 0
L 1.3395668 1.3572834 1.3710628 1.3572834 1 P 0
L 1.3474407 0.4202755 1.3474407 0.4694881 1 P 0
L 1.3474407 0.4635826 1.3474407 0.5127952 1 P 0
L 1.3474407 0.5068897 1.3474407 0.5561023 1 P 0
L 1.3474407 0.5501968 1.3474407 0.5994094 1 P 0
L 1.3474407 0.5935039 1.3474407 0.6427165 1 P 0
L 1.3474407 0.636811 1.3474407 0.6860236 1 P 0
L 1.3474407 0.6801181 1.3474407 0.7293307 1 P 0
L 1.3474407 0.7234251 1.3474407 0.7726377 1 P 0
L 1.3474407 0.7667322 1.3474407 0.8159448 1 P 0
L 1.3474407 0.8100393 1.3474407 0.8592519 1 P 0
L 1.3474408 0.918307 1.3474408 0.9675196 1 P 0
L 1.3474408 0.9616141 1.3474408 1.0108267 1 P 0
L 1.3474408 1.0049212 1.3474408 1.0541338 1 P 0
L 1.3474408 1.0482283 1.3474408 1.0974409 1 P 0
L 1.3474408 1.0915354 1.3474408 1.140748 1 P 0
L 1.3474408 1.1348425 1.3474408 1.1840551 1 P 0
L 1.3474408 1.1781496 1.3474408 1.2273622 1 P 0
L 1.3474408 1.2214566 1.3474408 1.2706692 1 P 0
L 1.3474408 1.2647637 1.3474408 1.3139763 1 P 0
L 1.3474408 1.3080708 1.3474408 1.3572834 1 P 0
L 1.3484252 1.6141732 1.4074804 1.6141732 0 P 0
L 1.3494092 0.4448818 1.3612202 0.4448818 1 P 0
L 1.3494092 0.4881889 1.3612202 0.4881889 1 P 0
L 1.3494092 0.531496 1.3612202 0.531496 1 P 0
L 1.3494092 0.5748031 1.3612202 0.5748031 1 P 0
L 1.3494092 0.6181102 1.3612202 0.6181102 1 P 0
L 1.3494092 0.6614173 1.3612202 0.6614173 1 P 0
L 1.3494092 0.7047244 1.3612202 0.7047244 1 P 0
L 1.3494092 0.7480314 1.3612202 0.7480314 1 P 0
L 1.3494092 0.7913385 1.3612202 0.7913385 1 P 0
L 1.3494092 0.8346456 1.3612202 0.8346456 1 P 0
L 1.3494093 0.9429133 1.3612203 0.9429133 1 P 0
L 1.3494093 0.9862204 1.3612203 0.9862204 1 P 0
L 1.3494093 1.0295275 1.3612203 1.0295275 1 P 0
L 1.3494093 1.0728346 1.3612203 1.0728346 1 P 0
L 1.3494093 1.1161417 1.3612203 1.1161417 1 P 0
L 1.3494093 1.1594488 1.3612203 1.1594488 1 P 0
L 1.3494093 1.2027559 1.3612203 1.2027559 1 P 0
L 1.3494093 1.2460629 1.3612203 1.2460629 1 P 0
L 1.3494093 1.28937 1.3612203 1.28937 1 P 0
L 1.3494093 1.3326771 1.3612203 1.3326771 1 P 0
L 1.3533465 0.417323 1.3533465 0.448819 1 P 0
L 1.3533465 0.417323 1.4025591 0.417323 1 P 0
L 1.3533465 0.448819 1.4025591 0.448819 1 P 0
L 1.3533465 0.4960632 1.3533465 0.5275592 1 P 0
L 1.3533465 0.4960632 1.4025591 0.4960632 1 P 0
L 1.3533465 0.5275592 1.4025591 0.5275592 1 P 0
L 1.3533465 0.5748033 1.3533465 0.6062993 1 P 0
L 1.3533465 0.5748033 1.4025591 0.5748033 1 P 0
L 1.3533465 0.6062993 1.4025591 0.6062993 1 P 0
L 1.3533465 0.6535435 1.3533465 0.6850395 1 P 0
L 1.3533465 0.6535435 1.4025591 0.6535435 1 P 0
L 1.3533465 0.6850395 1.4025591 0.6850395 1 P 0
L 1.3533465 0.7322836 1.3533465 0.7637796 1 P 0
L 1.3533465 0.7322836 1.4025591 0.7322836 1 P 0
L 1.3533465 0.7637796 1.4025591 0.7637796 1 P 0
L 1.3553147 0.4389763 1.3553147 0.4507873 1 P 0
L 1.3553147 0.4822834 1.3553147 0.4940944 1 P 0
L 1.3553147 0.5255905 1.3553147 0.5374015 1 P 0
L 1.3553147 0.5688976 1.3553147 0.5807086 1 P 0
L 1.3553147 0.6122047 1.3553147 0.6240157 1 P 0
L 1.3553147 0.6555118 1.3553147 0.6673228 1 P 0
L 1.3553147 0.6988189 1.3553147 0.7106299 1 P 0
L 1.3553147 0.7421259 1.3553147 0.7539369 1 P 0
L 1.3553147 0.785433 1.3553147 0.797244 1 P 0
L 1.3553147 0.8287401 1.3553147 0.8405511 1 P 0
L 1.3553148 0.9370078 1.3553148 0.9488188 1 P 0
L 1.3553148 0.9803149 1.3553148 0.9921259 1 P 0
L 1.3553148 1.023622 1.3553148 1.035433 1 P 0
L 1.3553148 1.0669291 1.3553148 1.0787401 1 P 0
L 1.3553148 1.1102362 1.3553148 1.1220472 1 P 0
L 1.3553148 1.1535433 1.3553148 1.1653543 1 P 0
L 1.3553148 1.1968504 1.3553148 1.2086614 1 P 0
L 1.3553148 1.2401574 1.3553148 1.2519684 1 P 0
L 1.3553148 1.2834645 1.3553148 1.2952755 1 P 0
L 1.3553148 1.3267716 1.3553148 1.3385826 1 P 0
L 1.3622047 0.8848424 1.3622047 0.934055 1 P 0
L 1.3622047 0.8848424 1.3937007 0.8848424 1 P 0
L 1.3622047 0.934055 1.3937007 0.934055 1 P 0
L 1.3622047 0.9852362 1.3622047 1.0344488 1 P 0
L 1.3622047 0.9852362 1.3937007 0.9852362 1 P 0
L 1.3622047 1.0344488 1.3937007 1.0344488 1 P 0
L 1.3622047 1.0856299 1.3622047 1.1348425 1 P 0
L 1.3622047 1.0856299 1.3937007 1.0856299 1 P 0
L 1.3622047 1.1348425 1.3937007 1.1348425 1 P 0
L 1.3631888 0.4202755 1.3631888 0.4694881 1 P 0
L 1.3631888 0.4202755 1.3946848 0.4202755 1 P 0
L 1.3631888 0.4635826 1.3631888 0.5127952 1 P 0
L 1.3631888 0.4635826 1.3946848 0.4635826 1 P 0
L 1.3631888 0.4694881 1.3946848 0.4694881 1 P 0
L 1.3631888 0.5068897 1.3631888 0.5561023 1 P 0
L 1.3631888 0.5068897 1.3946848 0.5068897 1 P 0
L 1.3631888 0.5127952 1.3946848 0.5127952 1 P 0
L 1.3631888 0.5501968 1.3631888 0.5994094 1 P 0
L 1.3631888 0.5501968 1.3946848 0.5501968 1 P 0
L 1.3631888 0.5561023 1.3946848 0.5561023 1 P 0
L 1.3631888 0.5935039 1.3631888 0.6427165 1 P 0
L 1.3631888 0.5935039 1.3946848 0.5935039 1 P 0
L 1.3631888 0.5994094 1.3946848 0.5994094 1 P 0
L 1.3631888 0.636811 1.3631888 0.6860236 1 P 0
L 1.3631888 0.636811 1.3946848 0.636811 1 P 0
L 1.3631888 0.6427165 1.3946848 0.6427165 1 P 0
L 1.3631888 0.6801181 1.3631888 0.7293307 1 P 0
L 1.3631888 0.6801181 1.3946848 0.6801181 1 P 0
L 1.3631888 0.6860236 1.3946848 0.6860236 1 P 0
L 1.3631888 0.7234251 1.3631888 0.7726377 1 P 0
L 1.3631888 0.7234251 1.3946848 0.7234251 1 P 0
L 1.3631888 0.7293307 1.3946848 0.7293307 1 P 0
L 1.3631888 0.7667322 1.3631888 0.8159448 1 P 0
L 1.3631888 0.7667322 1.3946848 0.7667322 1 P 0
L 1.3631888 0.7726377 1.3946848 0.7726377 1 P 0
L 1.3631888 0.8100393 1.3631888 0.8592519 1 P 0
L 1.3631888 0.8100393 1.3946848 0.8100393 1 P 0
L 1.3631888 0.8159448 1.3946848 0.8159448 1 P 0
L 1.3631888 0.8592519 1.3946848 0.8592519 1 P 0
L 1.3631889 0.918307 1.3631889 0.9675196 1 P 0
L 1.3631889 0.918307 1.3946849 0.918307 1 P 0
L 1.3631889 0.9616141 1.3631889 1.0108267 1 P 0
L 1.3631889 0.9616141 1.3946849 0.9616141 1 P 0
L 1.3631889 0.9675196 1.3946849 0.9675196 1 P 0
L 1.3631889 1.0049212 1.3631889 1.0541338 1 P 0
L 1.3631889 1.0049212 1.3946849 1.0049212 1 P 0
L 1.3631889 1.0108267 1.3946849 1.0108267 1 P 0
L 1.3631889 1.0482283 1.3631889 1.0974409 1 P 0
L 1.3631889 1.0482283 1.3946849 1.0482283 1 P 0
L 1.3631889 1.0541338 1.3946849 1.0541338 1 P 0
L 1.3631889 1.0915354 1.3631889 1.140748 1 P 0
L 1.3631889 1.0915354 1.3946849 1.0915354 1 P 0
L 1.3631889 1.0974409 1.3946849 1.0974409 1 P 0
L 1.3631889 1.1348425 1.3631889 1.1840551 1 P 0
L 1.3631889 1.1348425 1.3946849 1.1348425 1 P 0
L 1.3631889 1.140748 1.3946849 1.140748 1 P 0
L 1.3631889 1.1781496 1.3631889 1.2273622 1 P 0
L 1.3631889 1.1781496 1.3946849 1.1781496 1 P 0
L 1.3631889 1.1840551 1.3946849 1.1840551 1 P 0
L 1.3631889 1.2214566 1.3631889 1.2706692 1 P 0
L 1.3631889 1.2214566 1.3946849 1.2214566 1 P 0
L 1.3631889 1.2273622 1.3946849 1.2273622 1 P 0
L 1.3631889 1.2647637 1.3631889 1.3139763 1 P 0
L 1.3631889 1.2647637 1.3946849 1.2647637 1 P 0
L 1.3631889 1.2706692 1.3946849 1.2706692 1 P 0
L 1.3631889 1.3080708 1.3631889 1.3572834 1 P 0
L 1.3631889 1.3080708 1.3946849 1.3080708 1 P 0
L 1.3631889 1.3139763 1.3946849 1.3139763 1 P 0
L 1.3631889 1.3572834 1.3946849 1.3572834 1 P 0
L 1.3710627 0.4202755 1.3710627 0.4694881 1 P 0
L 1.3710627 0.4635826 1.3710627 0.5127952 1 P 0
L 1.3710627 0.5068897 1.3710627 0.5561023 1 P 0
L 1.3710627 0.5501968 1.3710627 0.5994094 1 P 0
L 1.3710627 0.5935039 1.3710627 0.6427165 1 P 0
L 1.3710627 0.636811 1.3710627 0.6860236 1 P 0
L 1.3710627 0.6801181 1.3710627 0.7293307 1 P 0
L 1.3710627 0.7234251 1.3710627 0.7726377 1 P 0
L 1.3710627 0.7667322 1.3710627 0.8159448 1 P 0
L 1.3710627 0.8100393 1.3710627 0.8592519 1 P 0
L 1.3710628 0.918307 1.3710628 0.9675196 1 P 0
L 1.3710628 0.9616141 1.3710628 1.0108267 1 P 0
L 1.3710628 1.0049212 1.3710628 1.0541338 1 P 0
L 1.3710628 1.0482283 1.3710628 1.0974409 1 P 0
L 1.3710628 1.0915354 1.3710628 1.140748 1 P 0
L 1.3710628 1.1348425 1.3710628 1.1840551 1 P 0
L 1.3710628 1.1781496 1.3710628 1.2273622 1 P 0
L 1.3710628 1.2214566 1.3710628 1.2706692 1 P 0
L 1.3710628 1.2647637 1.3710628 1.3139763 1 P 0
L 1.3710628 1.3080708 1.3710628 1.3572834 1 P 0
L 1.3720472 0.9094487 1.3838582 0.9094487 1 P 0
L 1.3720472 1.0098425 1.3838582 1.0098425 1 P 0
L 1.3720472 1.1102362 1.3838582 1.1102362 1 P 0
L 1.3720473 0.433071 1.3838583 0.433071 1 P 0
L 1.3720473 0.5118112 1.3838583 0.5118112 1 P 0
L 1.3720473 0.5905513 1.3838583 0.5905513 1 P 0
L 1.3720473 0.6692915 1.3838583 0.6692915 1 P 0
L 1.3720473 0.7480316 1.3838583 0.7480316 1 P 0
L 1.3730313 0.4448818 1.3848423 0.4448818 1 P 0
L 1.3730313 0.4881889 1.3848423 0.4881889 1 P 0
L 1.3730313 0.531496 1.3848423 0.531496 1 P 0
L 1.3730313 0.5748031 1.3848423 0.5748031 1 P 0
L 1.3730313 0.6181102 1.3848423 0.6181102 1 P 0
L 1.3730313 0.6614173 1.3848423 0.6614173 1 P 0
L 1.3730313 0.7047244 1.3848423 0.7047244 1 P 0
L 1.3730313 0.7480314 1.3848423 0.7480314 1 P 0
L 1.3730313 0.7913385 1.3848423 0.7913385 1 P 0
L 1.3730313 0.8346456 1.3848423 0.8346456 1 P 0
L 1.3730314 0.9429133 1.3848424 0.9429133 1 P 0
L 1.3730314 0.9862204 1.3848424 0.9862204 1 P 0
L 1.3730314 1.0295275 1.3848424 1.0295275 1 P 0
L 1.3730314 1.0728346 1.3848424 1.0728346 1 P 0
L 1.3730314 1.1161417 1.3848424 1.1161417 1 P 0
L 1.3730314 1.1594488 1.3848424 1.1594488 1 P 0
L 1.3730314 1.2027559 1.3848424 1.2027559 1 P 0
L 1.3730314 1.2460629 1.3848424 1.2460629 1 P 0
L 1.3730314 1.28937 1.3848424 1.28937 1 P 0
L 1.3730314 1.3326771 1.3848424 1.3326771 1 P 0
L 1.3779527 0.9035432 1.3779527 0.9153542 1 P 0
L 1.3779527 1.003937 1.3779527 1.015748 1 P 0
L 1.3779527 1.1043307 1.3779527 1.1161417 1 P 0
L 1.3779528 0.4271655 1.3779528 0.4389765 1 P 0
L 1.3779528 0.5059057 1.3779528 0.5177167 1 P 0
L 1.3779528 0.5846458 1.3779528 0.5964568 1 P 0
L 1.3779528 0.663386 1.3779528 0.675197 1 P 0
L 1.3779528 0.7421261 1.3779528 0.7539371 1 P 0
L 1.3779528 1.5846456 1.3779528 1.6437008 0 P 0
L 1.3789368 0.4389763 1.3789368 0.4507873 1 P 0
L 1.3789368 0.4822834 1.3789368 0.4940944 1 P 0
L 1.3789368 0.5255905 1.3789368 0.5374015 1 P 0
L 1.3789368 0.5688976 1.3789368 0.5807086 1 P 0
L 1.3789368 0.6122047 1.3789368 0.6240157 1 P 0
L 1.3789368 0.6555118 1.3789368 0.6673228 1 P 0
L 1.3789368 0.6988189 1.3789368 0.7106299 1 P 0
L 1.3789368 0.7421259 1.3789368 0.7539369 1 P 0
L 1.3789368 0.785433 1.3789368 0.797244 1 P 0
L 1.3789368 0.8287401 1.3789368 0.8405511 1 P 0
L 1.3789369 0.9370078 1.3789369 0.9488188 1 P 0
L 1.3789369 0.9803149 1.3789369 0.9921259 1 P 0
L 1.3789369 1.023622 1.3789369 1.035433 1 P 0
L 1.3789369 1.0669291 1.3789369 1.0787401 1 P 0
L 1.3789369 1.1102362 1.3789369 1.1220472 1 P 0
L 1.3789369 1.1535433 1.3789369 1.1653543 1 P 0
L 1.3789369 1.1968504 1.3789369 1.2086614 1 P 0
L 1.3789369 1.2401574 1.3789369 1.2519684 1 P 0
L 1.3789369 1.2834645 1.3789369 1.2952755 1 P 0
L 1.3789369 1.3267716 1.3789369 1.3385826 1 P 0
L 1.3877954 3.4606299 1.3937008 3.4547245 0 P 0
L 1.3877954 3.8543307 1.3937008 3.8484253 0 P 0
L 1.3937007 0.8848424 1.3937007 0.934055 1 P 0
L 1.3937007 0.9852362 1.3937007 1.0344488 1 P 0
L 1.3937007 1.0856299 1.3937007 1.1348425 1 P 0
L 1.3937008 3.2332677 1.3937008 3.4547245 0 P 0
L 1.3937008 3.6269685 1.3937008 3.8484253 0 P 0
L 1.3946848 0.4202755 1.3946848 0.4694881 1 P 0
L 1.3946848 0.4635826 1.3946848 0.5127952 1 P 0
L 1.3946848 0.5068897 1.3946848 0.5561023 1 P 0
L 1.3946848 0.5501968 1.3946848 0.5994094 1 P 0
L 1.3946848 0.5935039 1.3946848 0.6427165 1 P 0
L 1.3946848 0.636811 1.3946848 0.6860236 1 P 0
L 1.3946848 0.6801181 1.3946848 0.7293307 1 P 0
L 1.3946848 0.7234251 1.3946848 0.7726377 1 P 0
L 1.3946848 0.7667322 1.3946848 0.8159448 1 P 0
L 1.3946848 0.8100393 1.3946848 0.8592519 1 P 0
L 1.3946849 0.918307 1.3946849 0.9675196 1 P 0
L 1.3946849 0.9616141 1.3946849 1.0108267 1 P 0
L 1.3946849 1.0049212 1.3946849 1.0541338 1 P 0
L 1.3946849 1.0482283 1.3946849 1.0974409 1 P 0
L 1.3946849 1.0915354 1.3946849 1.140748 1 P 0
L 1.3946849 1.1348425 1.3946849 1.1840551 1 P 0
L 1.3946849 1.1781496 1.3946849 1.2273622 1 P 0
L 1.3946849 1.2214566 1.3946849 1.2706692 1 P 0
L 1.3946849 1.2647637 1.3946849 1.3139763 1 P 0
L 1.3946849 1.3080708 1.3946849 1.3572834 1 P 0
L 1.4025591 0.417323 1.4025591 0.448819 1 P 0
L 1.4025591 0.4960632 1.4025591 0.5275592 1 P 0
L 1.4025591 0.5748033 1.4025591 0.6062993 1 P 0
L 1.4025591 0.6535435 1.4025591 0.6850395 1 P 0
L 1.4025591 0.7322836 1.4025591 0.7637796 1 P 0
L 1.4222439 0.918307 1.4222439 0.9675196 1 P 0
L 1.4222439 0.918307 1.4537399 0.918307 1 P 0
L 1.4222439 0.9616141 1.4222439 1.0108267 1 P 0
L 1.4222439 0.9616141 1.4537399 0.9616141 1 P 0
L 1.4222439 0.9675196 1.4537399 0.9675196 1 P 0
L 1.4222439 1.0049212 1.4222439 1.0541338 1 P 0
L 1.4222439 1.0049212 1.4537399 1.0049212 1 P 0
L 1.4222439 1.0108267 1.4537399 1.0108267 1 P 0
L 1.4222439 1.0482283 1.4222439 1.0974409 1 P 0
L 1.4222439 1.0482283 1.4537399 1.0482283 1 P 0
L 1.4222439 1.0541338 1.4537399 1.0541338 1 P 0
L 1.4222439 1.0915354 1.4222439 1.140748 1 P 0
L 1.4222439 1.0915354 1.4537399 1.0915354 1 P 0
L 1.4222439 1.0974409 1.4537399 1.0974409 1 P 0
L 1.4222439 1.1348425 1.4222439 1.1840551 1 P 0
L 1.4222439 1.1348425 1.4537399 1.1348425 1 P 0
L 1.4222439 1.140748 1.4537399 1.140748 1 P 0
L 1.4222439 1.1781496 1.4222439 1.2273622 1 P 0
L 1.4222439 1.1781496 1.4537399 1.1781496 1 P 0
L 1.4222439 1.1840551 1.4537399 1.1840551 1 P 0
L 1.4222439 1.2214566 1.4222439 1.2706692 1 P 0
L 1.4222439 1.2214566 1.4537399 1.2214566 1 P 0
L 1.4222439 1.2273622 1.4537399 1.2273622 1 P 0
L 1.4222439 1.2647637 1.4222439 1.3139763 1 P 0
L 1.4222439 1.2647637 1.4537399 1.2647637 1 P 0
L 1.4222439 1.2706692 1.4537399 1.2706692 1 P 0
L 1.4222439 1.3080708 1.4222439 1.3572834 1 P 0
L 1.4222439 1.3080708 1.4537399 1.3080708 1 P 0
L 1.4222439 1.3139763 1.4537399 1.3139763 1 P 0
L 1.4222439 1.3572834 1.4537399 1.3572834 1 P 0
L 1.422244 0.4202755 1.422244 0.4694881 1 P 0
L 1.422244 0.4202755 1.45374 0.4202755 1 P 0
L 1.422244 0.4635826 1.422244 0.5127952 1 P 0
L 1.422244 0.4635826 1.45374 0.4635826 1 P 0
L 1.422244 0.4694881 1.45374 0.4694881 1 P 0
L 1.422244 0.5068897 1.422244 0.5561023 1 P 0
L 1.422244 0.5068897 1.45374 0.5068897 1 P 0
L 1.422244 0.5127952 1.45374 0.5127952 1 P 0
L 1.422244 0.5501968 1.422244 0.5994094 1 P 0
L 1.422244 0.5501968 1.45374 0.5501968 1 P 0
L 1.422244 0.5561023 1.45374 0.5561023 1 P 0
L 1.422244 0.5935039 1.422244 0.6427165 1 P 0
L 1.422244 0.5935039 1.45374 0.5935039 1 P 0
L 1.422244 0.5994094 1.45374 0.5994094 1 P 0
L 1.422244 0.636811 1.422244 0.6860236 1 P 0
L 1.422244 0.636811 1.45374 0.636811 1 P 0
L 1.422244 0.6427165 1.45374 0.6427165 1 P 0
L 1.422244 0.6801181 1.422244 0.7293307 1 P 0
L 1.422244 0.6801181 1.45374 0.6801181 1 P 0
L 1.422244 0.6860236 1.45374 0.6860236 1 P 0
L 1.422244 0.7234251 1.422244 0.7726377 1 P 0
L 1.422244 0.7234251 1.45374 0.7234251 1 P 0
L 1.422244 0.7293307 1.45374 0.7293307 1 P 0
L 1.422244 0.7667322 1.422244 0.8159448 1 P 0
L 1.422244 0.7667322 1.45374 0.7667322 1 P 0
L 1.422244 0.7726377 1.45374 0.7726377 1 P 0
L 1.422244 0.8100393 1.422244 0.8592519 1 P 0
L 1.422244 0.8100393 1.45374 0.8100393 1 P 0
L 1.422244 0.8159448 1.45374 0.8159448 1 P 0
L 1.422244 0.8592519 1.45374 0.8592519 1 P 0
L 1.4320864 0.9429133 1.4438974 0.9429133 1 P 0
L 1.4320864 0.9862204 1.4438974 0.9862204 1 P 0
L 1.4320864 1.0295275 1.4438974 1.0295275 1 P 0
L 1.4320864 1.0728346 1.4438974 1.0728346 1 P 0
L 1.4320864 1.1161417 1.4438974 1.1161417 1 P 0
L 1.4320864 1.1594488 1.4438974 1.1594488 1 P 0
L 1.4320864 1.2027559 1.4438974 1.2027559 1 P 0
L 1.4320864 1.2460629 1.4438974 1.2460629 1 P 0
L 1.4320864 1.28937 1.4438974 1.28937 1 P 0
L 1.4320864 1.3326771 1.4438974 1.3326771 1 P 0
L 1.4320865 0.4448818 1.4438975 0.4448818 1 P 0
L 1.4320865 0.4881889 1.4438975 0.4881889 1 P 0
L 1.4320865 0.531496 1.4438975 0.531496 1 P 0
L 1.4320865 0.5748031 1.4438975 0.5748031 1 P 0
L 1.4320865 0.6181102 1.4438975 0.6181102 1 P 0
L 1.4320865 0.6614173 1.4438975 0.6614173 1 P 0
L 1.4320865 0.7047244 1.4438975 0.7047244 1 P 0
L 1.4320865 0.7480314 1.4438975 0.7480314 1 P 0
L 1.4320865 0.7913385 1.4438975 0.7913385 1 P 0
L 1.4320865 0.8346456 1.4438975 0.8346456 1 P 0
L 1.4379919 0.9370078 1.4379919 0.9488188 1 P 0
L 1.4379919 0.9803149 1.4379919 0.9921259 1 P 0
L 1.4379919 1.023622 1.4379919 1.035433 1 P 0
L 1.4379919 1.0669291 1.4379919 1.0787401 1 P 0
L 1.4379919 1.1102362 1.4379919 1.1220472 1 P 0
L 1.4379919 1.1535433 1.4379919 1.1653543 1 P 0
L 1.4379919 1.1968504 1.4379919 1.2086614 1 P 0
L 1.4379919 1.2401574 1.4379919 1.2519684 1 P 0
L 1.4379919 1.2834645 1.4379919 1.2952755 1 P 0
L 1.4379919 1.3267716 1.4379919 1.3385826 1 P 0
L 1.437992 0.4389763 1.437992 0.4507873 1 P 0
L 1.437992 0.4822834 1.437992 0.4940944 1 P 0
L 1.437992 0.5255905 1.437992 0.5374015 1 P 0
L 1.437992 0.5688976 1.437992 0.5807086 1 P 0
L 1.437992 0.6122047 1.437992 0.6240157 1 P 0
L 1.437992 0.6555118 1.437992 0.6673228 1 P 0
L 1.437992 0.6988189 1.437992 0.7106299 1 P 0
L 1.437992 0.7421259 1.437992 0.7539369 1 P 0
L 1.437992 0.785433 1.437992 0.797244 1 P 0
L 1.437992 0.8287401 1.437992 0.8405511 1 P 0
L 1.445866 0.918307 1.445866 0.9675196 1 P 0
L 1.445866 0.918307 1.477362 0.918307 1 P 0
L 1.445866 0.9616141 1.445866 1.0108267 1 P 0
L 1.445866 0.9616141 1.477362 0.9616141 1 P 0
L 1.445866 0.9675196 1.477362 0.9675196 1 P 0
L 1.445866 1.0049212 1.445866 1.0541338 1 P 0
L 1.445866 1.0049212 1.477362 1.0049212 1 P 0
L 1.445866 1.0108267 1.477362 1.0108267 1 P 0
L 1.445866 1.0482283 1.445866 1.0974409 1 P 0
L 1.445866 1.0482283 1.477362 1.0482283 1 P 0
L 1.445866 1.0541338 1.477362 1.0541338 1 P 0
L 1.445866 1.0915354 1.445866 1.140748 1 P 0
L 1.445866 1.0915354 1.477362 1.0915354 1 P 0
L 1.445866 1.0974409 1.477362 1.0974409 1 P 0
L 1.445866 1.1348425 1.445866 1.1840551 1 P 0
L 1.445866 1.1348425 1.477362 1.1348425 1 P 0
L 1.445866 1.140748 1.477362 1.140748 1 P 0
L 1.445866 1.1781496 1.445866 1.2273622 1 P 0
L 1.445866 1.1781496 1.477362 1.1781496 1 P 0
L 1.445866 1.1840551 1.477362 1.1840551 1 P 0
L 1.445866 1.2214566 1.445866 1.2706692 1 P 0
L 1.445866 1.2214566 1.477362 1.2214566 1 P 0
L 1.445866 1.2273622 1.477362 1.2273622 1 P 0
L 1.445866 1.2647637 1.445866 1.3139763 1 P 0
L 1.445866 1.2647637 1.477362 1.2647637 1 P 0
L 1.445866 1.2706692 1.477362 1.2706692 1 P 0
L 1.445866 1.3080708 1.445866 1.3572834 1 P 0
L 1.445866 1.3080708 1.477362 1.3080708 1 P 0
L 1.445866 1.3139763 1.477362 1.3139763 1 P 0
L 1.445866 1.3572834 1.477362 1.3572834 1 P 0
L 1.4458661 0.4202755 1.4458661 0.4694881 1 P 0
L 1.4458661 0.4202755 1.4773621 0.4202755 1 P 0
L 1.4458661 0.4635826 1.4458661 0.5127952 1 P 0
L 1.4458661 0.4635826 1.4773621 0.4635826 1 P 0
L 1.4458661 0.4694881 1.4773621 0.4694881 1 P 0
L 1.4458661 0.5068897 1.4458661 0.5561023 1 P 0
L 1.4458661 0.5068897 1.4773621 0.5068897 1 P 0
L 1.4458661 0.5127952 1.4773621 0.5127952 1 P 0
L 1.4458661 0.5501968 1.4458661 0.5994094 1 P 0
L 1.4458661 0.5501968 1.4773621 0.5501968 1 P 0
L 1.4458661 0.5561023 1.4773621 0.5561023 1 P 0
L 1.4458661 0.5935039 1.4458661 0.6427165 1 P 0
L 1.4458661 0.5935039 1.4773621 0.5935039 1 P 0
L 1.4458661 0.5994094 1.4773621 0.5994094 1 P 0
L 1.4458661 0.636811 1.4458661 0.6860236 1 P 0
L 1.4458661 0.636811 1.4773621 0.636811 1 P 0
L 1.4458661 0.6427165 1.4773621 0.6427165 1 P 0
L 1.4458661 0.6801181 1.4458661 0.7293307 1 P 0
L 1.4458661 0.6801181 1.4773621 0.6801181 1 P 0
L 1.4458661 0.6860236 1.4773621 0.6860236 1 P 0
L 1.4458661 0.7234251 1.4458661 0.7726377 1 P 0
L 1.4458661 0.7234251 1.4773621 0.7234251 1 P 0
L 1.4458661 0.7293307 1.4773621 0.7293307 1 P 0
L 1.4458661 0.7667322 1.4458661 0.8159448 1 P 0
L 1.4458661 0.7667322 1.4773621 0.7667322 1 P 0
L 1.4458661 0.7726377 1.4773621 0.7726377 1 P 0
L 1.4458661 0.8100393 1.4458661 0.8592519 1 P 0
L 1.4458661 0.8100393 1.4773621 0.8100393 1 P 0
L 1.4458661 0.8159448 1.4773621 0.8159448 1 P 0
L 1.4458661 0.8592519 1.4773621 0.8592519 1 P 0
L 1.4517716 0.417323 1.4517716 0.448819 1 P 0
L 1.4517716 0.417323 1.5009842 0.417323 1 P 0
L 1.4517716 0.448819 1.5009842 0.448819 1 P 0
L 1.4517716 0.4960632 1.4517716 0.5275592 1 P 0
L 1.4517716 0.4960632 1.5009842 0.4960632 1 P 0
L 1.4517716 0.5275592 1.5009842 0.5275592 1 P 0
L 1.4517716 0.5748033 1.4517716 0.6062993 1 P 0
L 1.4517716 0.5748033 1.5009842 0.5748033 1 P 0
L 1.4517716 0.6062993 1.5009842 0.6062993 1 P 0
L 1.4517716 0.6535435 1.4517716 0.6850395 1 P 0
L 1.4517716 0.6535435 1.5009842 0.6535435 1 P 0
L 1.4517716 0.6850395 1.5009842 0.6850395 1 P 0
L 1.4517716 0.7322836 1.4517716 0.7637796 1 P 0
L 1.4517716 0.7322836 1.5009842 0.7322836 1 P 0
L 1.4517716 0.7637796 1.5009842 0.7637796 1 P 0
L 1.4537399 0.918307 1.4537399 0.9675196 1 P 0
L 1.4537399 0.9616141 1.4537399 1.0108267 1 P 0
L 1.4537399 1.0049212 1.4537399 1.0541338 1 P 0
L 1.4537399 1.0482283 1.4537399 1.0974409 1 P 0
L 1.4537399 1.0915354 1.4537399 1.140748 1 P 0
L 1.4537399 1.1348425 1.4537399 1.1840551 1 P 0
L 1.4537399 1.1781496 1.4537399 1.2273622 1 P 0
L 1.4537399 1.2214566 1.4537399 1.2706692 1 P 0
L 1.4537399 1.2647637 1.4537399 1.3139763 1 P 0
L 1.4537399 1.3080708 1.4537399 1.3572834 1 P 0
L 1.45374 0.4202755 1.45374 0.4694881 1 P 0
L 1.45374 0.4635826 1.45374 0.5127952 1 P 0
L 1.45374 0.5068897 1.45374 0.5561023 1 P 0
L 1.45374 0.5501968 1.45374 0.5994094 1 P 0
L 1.45374 0.5935039 1.45374 0.6427165 1 P 0
L 1.45374 0.636811 1.45374 0.6860236 1 P 0
L 1.45374 0.6801181 1.45374 0.7293307 1 P 0
L 1.45374 0.7234251 1.45374 0.7726377 1 P 0
L 1.45374 0.7667322 1.45374 0.8159448 1 P 0
L 1.45374 0.8100393 1.45374 0.8592519 1 P 0
L 1.4557085 0.9429133 1.4675195 0.9429133 1 P 0
L 1.4557085 0.9862204 1.4675195 0.9862204 1 P 0
L 1.4557085 1.0295275 1.4675195 1.0295275 1 P 0
L 1.4557085 1.0728346 1.4675195 1.0728346 1 P 0
L 1.4557085 1.1161417 1.4675195 1.1161417 1 P 0
L 1.4557085 1.1594488 1.4675195 1.1594488 1 P 0
L 1.4557085 1.2027559 1.4675195 1.2027559 1 P 0
L 1.4557085 1.2460629 1.4675195 1.2460629 1 P 0
L 1.4557085 1.28937 1.4675195 1.28937 1 P 0
L 1.4557085 1.3326771 1.4675195 1.3326771 1 P 0
L 1.4557086 0.4448818 1.4675196 0.4448818 1 P 0
L 1.4557086 0.4881889 1.4675196 0.4881889 1 P 0
L 1.4557086 0.531496 1.4675196 0.531496 1 P 0
L 1.4557086 0.5748031 1.4675196 0.5748031 1 P 0
L 1.4557086 0.6181102 1.4675196 0.6181102 1 P 0
L 1.4557086 0.6614173 1.4675196 0.6614173 1 P 0
L 1.4557086 0.7047244 1.4675196 0.7047244 1 P 0
L 1.4557086 0.7480314 1.4675196 0.7480314 1 P 0
L 1.4557086 0.7913385 1.4675196 0.7913385 1 P 0
L 1.4557086 0.8346456 1.4675196 0.8346456 1 P 0
L 1.4606298 1.0866141 1.4606298 1.1358267 1 P 0
L 1.4606298 1.0866141 1.4921258 1.0866141 1 P 0
L 1.4606298 1.1358267 1.4921258 1.1358267 1 P 0
L 1.4606299 0.8848424 1.4606299 0.934055 1 P 0
L 1.4606299 0.8848424 1.4921259 0.8848424 1 P 0
L 1.4606299 0.934055 1.4921259 0.934055 1 P 0
L 1.4606299 0.9852362 1.4606299 1.0344488 1 P 0
L 1.4606299 0.9852362 1.4921259 0.9852362 1 P 0
L 1.4606299 1.0344488 1.4921259 1.0344488 1 P 0
L 1.461614 0.9370078 1.461614 0.9488188 1 P 0
L 1.461614 0.9803149 1.461614 0.9921259 1 P 0
L 1.461614 1.023622 1.461614 1.035433 1 P 0
L 1.461614 1.0669291 1.461614 1.0787401 1 P 0
L 1.461614 1.1102362 1.461614 1.1220472 1 P 0
L 1.461614 1.1535433 1.461614 1.1653543 1 P 0
L 1.461614 1.1968504 1.461614 1.2086614 1 P 0
L 1.461614 1.2401574 1.461614 1.2519684 1 P 0
L 1.461614 1.2834645 1.461614 1.2952755 1 P 0
L 1.461614 1.3267716 1.461614 1.3385826 1 P 0
L 1.4616141 0.4389763 1.4616141 0.4507873 1 P 0
L 1.4616141 0.4822834 1.4616141 0.4940944 1 P 0
L 1.4616141 0.5255905 1.4616141 0.5374015 1 P 0
L 1.4616141 0.5688976 1.4616141 0.5807086 1 P 0
L 1.4616141 0.6122047 1.4616141 0.6240157 1 P 0
L 1.4616141 0.6555118 1.4616141 0.6673228 1 P 0
L 1.4616141 0.6988189 1.4616141 0.7106299 1 P 0
L 1.4616141 0.7421259 1.4616141 0.7539369 1 P 0
L 1.4616141 0.785433 1.4616141 0.797244 1 P 0
L 1.4616141 0.8287401 1.4616141 0.8405511 1 P 0
L 1.469488 0.918307 1.469488 0.9675196 1 P 0
L 1.469488 0.918307 1.500984 0.918307 1 P 0
L 1.469488 0.9616141 1.469488 1.0108267 1 P 0
L 1.469488 0.9616141 1.500984 0.9616141 1 P 0
L 1.469488 0.9675196 1.500984 0.9675196 1 P 0
L 1.469488 1.0049212 1.469488 1.0541338 1 P 0
L 1.469488 1.0049212 1.500984 1.0049212 1 P 0
L 1.469488 1.0108267 1.500984 1.0108267 1 P 0
L 1.469488 1.0482283 1.469488 1.0974409 1 P 0
L 1.469488 1.0482283 1.500984 1.0482283 1 P 0
L 1.469488 1.0541338 1.500984 1.0541338 1 P 0
L 1.469488 1.0915354 1.469488 1.140748 1 P 0
L 1.469488 1.0915354 1.500984 1.0915354 1 P 0
L 1.469488 1.0974409 1.500984 1.0974409 1 P 0
L 1.469488 1.1348425 1.469488 1.1840551 1 P 0
L 1.469488 1.1348425 1.500984 1.1348425 1 P 0
L 1.469488 1.140748 1.500984 1.140748 1 P 0
L 1.469488 1.1781496 1.469488 1.2273622 1 P 0
L 1.469488 1.1781496 1.500984 1.1781496 1 P 0
L 1.469488 1.1840551 1.500984 1.1840551 1 P 0
L 1.469488 1.2214566 1.469488 1.2706692 1 P 0
L 1.469488 1.2214566 1.500984 1.2214566 1 P 0
L 1.469488 1.2273622 1.500984 1.2273622 1 P 0
L 1.469488 1.2647637 1.469488 1.3139763 1 P 0
L 1.469488 1.2647637 1.500984 1.2647637 1 P 0
L 1.469488 1.2706692 1.500984 1.2706692 1 P 0
L 1.469488 1.3080708 1.469488 1.3572834 1 P 0
L 1.469488 1.3080708 1.500984 1.3080708 1 P 0
L 1.469488 1.3139763 1.500984 1.3139763 1 P 0
L 1.469488 1.3572834 1.500984 1.3572834 1 P 0
L 1.4694881 0.4202755 1.4694881 0.4694881 1 P 0
L 1.4694881 0.4202755 1.5009841 0.4202755 1 P 0
L 1.4694881 0.4635826 1.4694881 0.5127952 1 P 0
L 1.4694881 0.4635826 1.5009841 0.4635826 1 P 0
L 1.4694881 0.4694881 1.5009841 0.4694881 1 P 0
L 1.4694881 0.5068897 1.4694881 0.5561023 1 P 0
L 1.4694881 0.5068897 1.5009841 0.5068897 1 P 0
L 1.4694881 0.5127952 1.5009841 0.5127952 1 P 0
L 1.4694881 0.5501968 1.4694881 0.5994094 1 P 0
L 1.4694881 0.5501968 1.5009841 0.5501968 1 P 0
L 1.4694881 0.5561023 1.5009841 0.5561023 1 P 0
L 1.4694881 0.5935039 1.4694881 0.6427165 1 P 0
L 1.4694881 0.5935039 1.5009841 0.5935039 1 P 0
L 1.4694881 0.5994094 1.5009841 0.5994094 1 P 0
L 1.4694881 0.636811 1.4694881 0.6860236 1 P 0
L 1.4694881 0.636811 1.5009841 0.636811 1 P 0
L 1.4694881 0.6427165 1.5009841 0.6427165 1 P 0
L 1.4694881 0.6801181 1.4694881 0.7293307 1 P 0
L 1.4694881 0.6801181 1.5009841 0.6801181 1 P 0
L 1.4694881 0.6860236 1.5009841 0.6860236 1 P 0
L 1.4694881 0.7234251 1.4694881 0.7726377 1 P 0
L 1.4694881 0.7234251 1.5009841 0.7234251 1 P 0
L 1.4694881 0.7293307 1.5009841 0.7293307 1 P 0
L 1.4694881 0.7667322 1.4694881 0.8159448 1 P 0
L 1.4694881 0.7667322 1.5009841 0.7667322 1 P 0
L 1.4694881 0.7726377 1.5009841 0.7726377 1 P 0
L 1.4694881 0.8100393 1.4694881 0.8592519 1 P 0
L 1.4694881 0.8100393 1.5009841 0.8100393 1 P 0
L 1.4694881 0.8159448 1.5009841 0.8159448 1 P 0
L 1.4694881 0.8592519 1.5009841 0.8592519 1 P 0
L 1.4704723 1.1112204 1.4822833 1.1112204 1 P 0
L 1.4704724 0.433071 1.4822834 0.433071 1 P 0
L 1.4704724 0.5118112 1.4822834 0.5118112 1 P 0
L 1.4704724 0.5905513 1.4822834 0.5905513 1 P 0
L 1.4704724 0.6692915 1.4822834 0.6692915 1 P 0
L 1.4704724 0.7480316 1.4822834 0.7480316 1 P 0
L 1.4704724 0.9094487 1.4822834 0.9094487 1 P 0
L 1.4704724 1.0098425 1.4822834 1.0098425 1 P 0
L 1.4763778 1.1053149 1.4763778 1.1171259 1 P 0
L 1.4763779 0.4271655 1.4763779 0.4389765 1 P 0
L 1.4763779 0.5059057 1.4763779 0.5177167 1 P 0
L 1.4763779 0.5846458 1.4763779 0.5964568 1 P 0
L 1.4763779 0.663386 1.4763779 0.675197 1 P 0
L 1.4763779 0.7421261 1.4763779 0.7539371 1 P 0
L 1.4763779 0.9035432 1.4763779 0.9153542 1 P 0
L 1.4763779 1.003937 1.4763779 1.015748 1 P 0
L 1.477362 0.918307 1.477362 0.9675196 1 P 0
L 1.477362 0.9616141 1.477362 1.0108267 1 P 0
L 1.477362 1.0049212 1.477362 1.0541338 1 P 0
L 1.477362 1.0482283 1.477362 1.0974409 1 P 0
L 1.477362 1.0915354 1.477362 1.140748 1 P 0
L 1.477362 1.1348425 1.477362 1.1840551 1 P 0
L 1.477362 1.1781496 1.477362 1.2273622 1 P 0
L 1.477362 1.2214566 1.477362 1.2706692 1 P 0
L 1.477362 1.2647637 1.477362 1.3139763 1 P 0
L 1.477362 1.3080708 1.477362 1.3572834 1 P 0
L 1.4773621 0.4202755 1.4773621 0.4694881 1 P 0
L 1.4773621 0.4635826 1.4773621 0.5127952 1 P 0
L 1.4773621 0.5068897 1.4773621 0.5561023 1 P 0
L 1.4773621 0.5501968 1.4773621 0.5994094 1 P 0
L 1.4773621 0.5935039 1.4773621 0.6427165 1 P 0
L 1.4773621 0.636811 1.4773621 0.6860236 1 P 0
L 1.4773621 0.6801181 1.4773621 0.7293307 1 P 0
L 1.4773621 0.7234251 1.4773621 0.7726377 1 P 0
L 1.4773621 0.7667322 1.4773621 0.8159448 1 P 0
L 1.4773621 0.8100393 1.4773621 0.8592519 1 P 0
L 1.4793305 0.9429133 1.4911415 0.9429133 1 P 0
L 1.4793305 0.9862204 1.4911415 0.9862204 1 P 0
L 1.4793305 1.0295275 1.4911415 1.0295275 1 P 0
L 1.4793305 1.0728346 1.4911415 1.0728346 1 P 0
L 1.4793305 1.1161417 1.4911415 1.1161417 1 P 0
L 1.4793305 1.1594488 1.4911415 1.1594488 1 P 0
L 1.4793305 1.2027559 1.4911415 1.2027559 1 P 0
L 1.4793305 1.2460629 1.4911415 1.2460629 1 P 0
L 1.4793305 1.28937 1.4911415 1.28937 1 P 0
L 1.4793305 1.3326771 1.4911415 1.3326771 1 P 0
L 1.4793306 0.4448818 1.4911416 0.4448818 1 P 0
L 1.4793306 0.4881889 1.4911416 0.4881889 1 P 0
L 1.4793306 0.531496 1.4911416 0.531496 1 P 0
L 1.4793306 0.5748031 1.4911416 0.5748031 1 P 0
L 1.4793306 0.6181102 1.4911416 0.6181102 1 P 0
L 1.4793306 0.6614173 1.4911416 0.6614173 1 P 0
L 1.4793306 0.7047244 1.4911416 0.7047244 1 P 0
L 1.4793306 0.7480314 1.4911416 0.7480314 1 P 0
L 1.4793306 0.7913385 1.4911416 0.7913385 1 P 0
L 1.4793306 0.8346456 1.4911416 0.8346456 1 P 0
L 1.485236 0.9370078 1.485236 0.9488188 1 P 0
L 1.485236 0.9803149 1.485236 0.9921259 1 P 0
L 1.485236 1.023622 1.485236 1.035433 1 P 0
L 1.485236 1.0669291 1.485236 1.0787401 1 P 0
L 1.485236 1.1102362 1.485236 1.1220472 1 P 0
L 1.485236 1.1535433 1.485236 1.1653543 1 P 0
L 1.485236 1.1968504 1.485236 1.2086614 1 P 0
L 1.485236 1.2401574 1.485236 1.2519684 1 P 0
L 1.485236 1.2834645 1.485236 1.2952755 1 P 0
L 1.485236 1.3267716 1.485236 1.3385826 1 P 0
L 1.4852361 0.4389763 1.4852361 0.4507873 1 P 0
L 1.4852361 0.4822834 1.4852361 0.4940944 1 P 0
L 1.4852361 0.5255905 1.4852361 0.5374015 1 P 0
L 1.4852361 0.5688976 1.4852361 0.5807086 1 P 0
L 1.4852361 0.6122047 1.4852361 0.6240157 1 P 0
L 1.4852361 0.6555118 1.4852361 0.6673228 1 P 0
L 1.4852361 0.6988189 1.4852361 0.7106299 1 P 0
L 1.4852361 0.7421259 1.4852361 0.7539369 1 P 0
L 1.4852361 0.785433 1.4852361 0.797244 1 P 0
L 1.4852361 0.8287401 1.4852361 0.8405511 1 P 0
L 1.4921258 1.0866141 1.4921258 1.1358267 1 P 0
L 1.4921259 0.8848424 1.4921259 0.934055 1 P 0
L 1.4921259 0.9852362 1.4921259 1.0344488 1 P 0
L 1.4931101 0.918307 1.4931101 0.9675196 1 P 0
L 1.4931101 0.918307 1.5246061 0.918307 1 P 0
L 1.4931101 0.9616141 1.4931101 1.0108267 1 P 0
L 1.4931101 0.9616141 1.5246061 0.9616141 1 P 0
L 1.4931101 0.9675196 1.5246061 0.9675196 1 P 0
L 1.4931101 1.0049212 1.4931101 1.0541338 1 P 0
L 1.4931101 1.0049212 1.5246061 1.0049212 1 P 0
L 1.4931101 1.0108267 1.5246061 1.0108267 1 P 0
L 1.4931101 1.0482283 1.4931101 1.0974409 1 P 0
L 1.4931101 1.0482283 1.5246061 1.0482283 1 P 0
L 1.4931101 1.0541338 1.5246061 1.0541338 1 P 0
L 1.4931101 1.0915354 1.4931101 1.140748 1 P 0
L 1.4931101 1.0915354 1.5246061 1.0915354 1 P 0
L 1.4931101 1.0974409 1.5246061 1.0974409 1 P 0
L 1.4931101 1.1348425 1.4931101 1.1840551 1 P 0
L 1.4931101 1.1348425 1.5246061 1.1348425 1 P 0
L 1.4931101 1.140748 1.5246061 1.140748 1 P 0
L 1.4931101 1.1781496 1.4931101 1.2273622 1 P 0
L 1.4931101 1.1781496 1.5246061 1.1781496 1 P 0
L 1.4931101 1.1840551 1.5246061 1.1840551 1 P 0
L 1.4931101 1.2214566 1.4931101 1.2706692 1 P 0
L 1.4931101 1.2214566 1.5246061 1.2214566 1 P 0
L 1.4931101 1.2273622 1.5246061 1.2273622 1 P 0
L 1.4931101 1.2647637 1.4931101 1.3139763 1 P 0
L 1.4931101 1.2647637 1.5246061 1.2647637 1 P 0
L 1.4931101 1.2706692 1.5246061 1.2706692 1 P 0
L 1.4931101 1.3080708 1.4931101 1.3572834 1 P 0
L 1.4931101 1.3080708 1.5246061 1.3080708 1 P 0
L 1.4931101 1.3139763 1.5246061 1.3139763 1 P 0
L 1.4931101 1.3572834 1.5246061 1.3572834 1 P 0
L 1.4931102 0.4202755 1.4931102 0.4694881 1 P 0
L 1.4931102 0.4202755 1.5246062 0.4202755 1 P 0
L 1.4931102 0.4635826 1.4931102 0.5127952 1 P 0
L 1.4931102 0.4635826 1.5246062 0.4635826 1 P 0
L 1.4931102 0.4694881 1.5246062 0.4694881 1 P 0
L 1.4931102 0.5068897 1.4931102 0.5561023 1 P 0
L 1.4931102 0.5068897 1.5246062 0.5068897 1 P 0
L 1.4931102 0.5127952 1.5246062 0.5127952 1 P 0
L 1.4931102 0.5501968 1.4931102 0.5994094 1 P 0
L 1.4931102 0.5501968 1.5246062 0.5501968 1 P 0
L 1.4931102 0.5561023 1.5246062 0.5561023 1 P 0
L 1.4931102 0.5935039 1.4931102 0.6427165 1 P 0
L 1.4931102 0.5935039 1.5246062 0.5935039 1 P 0
L 1.4931102 0.5994094 1.5246062 0.5994094 1 P 0
L 1.4931102 0.636811 1.4931102 0.6860236 1 P 0
L 1.4931102 0.636811 1.5246062 0.636811 1 P 0
L 1.4931102 0.6427165 1.5246062 0.6427165 1 P 0
L 1.4931102 0.6801181 1.4931102 0.7293307 1 P 0
L 1.4931102 0.6801181 1.5246062 0.6801181 1 P 0
L 1.4931102 0.6860236 1.5246062 0.6860236 1 P 0
L 1.4931102 0.7234251 1.4931102 0.7726377 1 P 0
L 1.4931102 0.7234251 1.5246062 0.7234251 1 P 0
L 1.4931102 0.7293307 1.5246062 0.7293307 1 P 0
L 1.4931102 0.7667322 1.4931102 0.8159448 1 P 0
L 1.4931102 0.7667322 1.5246062 0.7667322 1 P 0
L 1.4931102 0.7726377 1.5246062 0.7726377 1 P 0
L 1.4931102 0.8100393 1.4931102 0.8592519 1 P 0
L 1.4931102 0.8100393 1.5246062 0.8100393 1 P 0
L 1.4931102 0.8159448 1.5246062 0.8159448 1 P 0
L 1.4931102 0.8592519 1.5246062 0.8592519 1 P 0
L 1.500984 0.918307 1.500984 0.9675196 1 P 0
L 1.500984 0.9616141 1.500984 1.0108267 1 P 0
L 1.500984 1.0049212 1.500984 1.0541338 1 P 0
L 1.500984 1.0482283 1.500984 1.0974409 1 P 0
L 1.500984 1.0915354 1.500984 1.140748 1 P 0
L 1.500984 1.1348425 1.500984 1.1840551 1 P 0
L 1.500984 1.1781496 1.500984 1.2273622 1 P 0
L 1.500984 1.2214566 1.500984 1.2706692 1 P 0
L 1.500984 1.2647637 1.500984 1.3139763 1 P 0
L 1.500984 1.3080708 1.500984 1.3572834 1 P 0
L 1.5009841 0.4202755 1.5009841 0.4694881 1 P 0
L 1.5009841 0.4635826 1.5009841 0.5127952 1 P 0
L 1.5009841 0.5068897 1.5009841 0.5561023 1 P 0
L 1.5009841 0.5501968 1.5009841 0.5994094 1 P 0
L 1.5009841 0.5935039 1.5009841 0.6427165 1 P 0
L 1.5009841 0.636811 1.5009841 0.6860236 1 P 0
L 1.5009841 0.6801181 1.5009841 0.7293307 1 P 0
L 1.5009841 0.7234251 1.5009841 0.7726377 1 P 0
L 1.5009841 0.7667322 1.5009841 0.8159448 1 P 0
L 1.5009841 0.8100393 1.5009841 0.8592519 1 P 0
L 1.5009842 0.417323 1.5009842 0.448819 1 P 0
L 1.5009842 0.4960632 1.5009842 0.5275592 1 P 0
L 1.5009842 0.5748033 1.5009842 0.6062993 1 P 0
L 1.5009842 0.6535435 1.5009842 0.6850395 1 P 0
L 1.5009842 0.7322836 1.5009842 0.7637796 1 P 0
L 1.5029526 0.9429133 1.5147636 0.9429133 1 P 0
L 1.5029526 0.9862204 1.5147636 0.9862204 1 P 0
L 1.5029526 1.0295275 1.5147636 1.0295275 1 P 0
L 1.5029526 1.0728346 1.5147636 1.0728346 1 P 0
L 1.5029526 1.1161417 1.5147636 1.1161417 1 P 0
L 1.5029526 1.1594488 1.5147636 1.1594488 1 P 0
L 1.5029526 1.2027559 1.5147636 1.2027559 1 P 0
L 1.5029526 1.2460629 1.5147636 1.2460629 1 P 0
L 1.5029526 1.28937 1.5147636 1.28937 1 P 0
L 1.5029526 1.3326771 1.5147636 1.3326771 1 P 0
L 1.5029527 0.4448818 1.5147637 0.4448818 1 P 0
L 1.5029527 0.4881889 1.5147637 0.4881889 1 P 0
L 1.5029527 0.531496 1.5147637 0.531496 1 P 0
L 1.5029527 0.5748031 1.5147637 0.5748031 1 P 0
L 1.5029527 0.6181102 1.5147637 0.6181102 1 P 0
L 1.5029527 0.6614173 1.5147637 0.6614173 1 P 0
L 1.5029527 0.7047244 1.5147637 0.7047244 1 P 0
L 1.5029527 0.7480314 1.5147637 0.7480314 1 P 0
L 1.5029527 0.7913385 1.5147637 0.7913385 1 P 0
L 1.5029527 0.8346456 1.5147637 0.8346456 1 P 0
L 1.5088581 0.9370078 1.5088581 0.9488188 1 P 0
L 1.5088581 0.9803149 1.5088581 0.9921259 1 P 0
L 1.5088581 1.023622 1.5088581 1.035433 1 P 0
L 1.5088581 1.0669291 1.5088581 1.0787401 1 P 0
L 1.5088581 1.1102362 1.5088581 1.1220472 1 P 0
L 1.5088581 1.1535433 1.5088581 1.1653543 1 P 0
L 1.5088581 1.1968504 1.5088581 1.2086614 1 P 0
L 1.5088581 1.2401574 1.5088581 1.2519684 1 P 0
L 1.5088581 1.2834645 1.5088581 1.2952755 1 P 0
L 1.5088581 1.3267716 1.5088581 1.3385826 1 P 0
L 1.5088582 0.4389763 1.5088582 0.4507873 1 P 0
L 1.5088582 0.4822834 1.5088582 0.4940944 1 P 0
L 1.5088582 0.5255905 1.5088582 0.5374015 1 P 0
L 1.5088582 0.5688976 1.5088582 0.5807086 1 P 0
L 1.5088582 0.6122047 1.5088582 0.6240157 1 P 0
L 1.5088582 0.6555118 1.5088582 0.6673228 1 P 0
L 1.5088582 0.6988189 1.5088582 0.7106299 1 P 0
L 1.5088582 0.7421259 1.5088582 0.7539369 1 P 0
L 1.5088582 0.785433 1.5088582 0.797244 1 P 0
L 1.5088582 0.8287401 1.5088582 0.8405511 1 P 0
L 1.5167321 0.918307 1.5167321 0.9675196 1 P 0
L 1.5167321 0.918307 1.5482281 0.918307 1 P 0
L 1.5167321 0.9616141 1.5167321 1.0108267 1 P 0
L 1.5167321 0.9616141 1.5482281 0.9616141 1 P 0
L 1.5167321 0.9675196 1.5482281 0.9675196 1 P 0
L 1.5167321 1.0049212 1.5167321 1.0541338 1 P 0
L 1.5167321 1.0049212 1.5482281 1.0049212 1 P 0
L 1.5167321 1.0108267 1.5482281 1.0108267 1 P 0
L 1.5167321 1.0482283 1.5167321 1.0974409 1 P 0
L 1.5167321 1.0482283 1.5482281 1.0482283 1 P 0
L 1.5167321 1.0541338 1.5482281 1.0541338 1 P 0
L 1.5167321 1.0915354 1.5167321 1.140748 1 P 0
L 1.5167321 1.0915354 1.5482281 1.0915354 1 P 0
L 1.5167321 1.0974409 1.5482281 1.0974409 1 P 0
L 1.5167321 1.1348425 1.5167321 1.1840551 1 P 0
L 1.5167321 1.1348425 1.5482281 1.1348425 1 P 0
L 1.5167321 1.140748 1.5482281 1.140748 1 P 0
L 1.5167321 1.1781496 1.5167321 1.2273622 1 P 0
L 1.5167321 1.1781496 1.5482281 1.1781496 1 P 0
L 1.5167321 1.1840551 1.5482281 1.1840551 1 P 0
L 1.5167321 1.2214566 1.5167321 1.2706692 1 P 0
L 1.5167321 1.2214566 1.5482281 1.2214566 1 P 0
L 1.5167321 1.2273622 1.5482281 1.2273622 1 P 0
L 1.5167321 1.2647637 1.5167321 1.3139763 1 P 0
L 1.5167321 1.2647637 1.5482281 1.2647637 1 P 0
L 1.5167321 1.2706692 1.5482281 1.2706692 1 P 0
L 1.5167321 1.3080708 1.5167321 1.3572834 1 P 0
L 1.5167321 1.3080708 1.5482281 1.3080708 1 P 0
L 1.5167321 1.3139763 1.5482281 1.3139763 1 P 0
L 1.5167321 1.3572834 1.5482281 1.3572834 1 P 0
L 1.5167322 0.4202755 1.5167322 0.4694881 1 P 0
L 1.5167322 0.4202755 1.5482282 0.4202755 1 P 0
L 1.5167322 0.4635826 1.5167322 0.5127952 1 P 0
L 1.5167322 0.4635826 1.5482282 0.4635826 1 P 0
L 1.5167322 0.4694881 1.5482282 0.4694881 1 P 0
L 1.5167322 0.5068897 1.5167322 0.5561023 1 P 0
L 1.5167322 0.5068897 1.5482282 0.5068897 1 P 0
L 1.5167322 0.5127952 1.5482282 0.5127952 1 P 0
L 1.5167322 0.5501968 1.5167322 0.5994094 1 P 0
L 1.5167322 0.5501968 1.5482282 0.5501968 1 P 0
L 1.5167322 0.5561023 1.5482282 0.5561023 1 P 0
L 1.5167322 0.5935039 1.5167322 0.6427165 1 P 0
L 1.5167322 0.5935039 1.5482282 0.5935039 1 P 0
L 1.5167322 0.5994094 1.5482282 0.5994094 1 P 0
L 1.5167322 0.636811 1.5167322 0.6860236 1 P 0
L 1.5167322 0.636811 1.5482282 0.636811 1 P 0
L 1.5167322 0.6427165 1.5482282 0.6427165 1 P 0
L 1.5167322 0.6801181 1.5167322 0.7293307 1 P 0
L 1.5167322 0.6801181 1.5482282 0.6801181 1 P 0
L 1.5167322 0.6860236 1.5482282 0.6860236 1 P 0
L 1.5167322 0.7234251 1.5167322 0.7726377 1 P 0
L 1.5167322 0.7234251 1.5482282 0.7234251 1 P 0
L 1.5167322 0.7293307 1.5482282 0.7293307 1 P 0
L 1.5167322 0.7667322 1.5167322 0.8159448 1 P 0
L 1.5167322 0.7667322 1.5482282 0.7667322 1 P 0
L 1.5167322 0.7726377 1.5482282 0.7726377 1 P 0
L 1.5167322 0.8100393 1.5167322 0.8592519 1 P 0
L 1.5167322 0.8100393 1.5482282 0.8100393 1 P 0
L 1.5167322 0.8159448 1.5482282 0.8159448 1 P 0
L 1.5167322 0.8592519 1.5482282 0.8592519 1 P 0
L 1.5246061 0.918307 1.5246061 0.9675196 1 P 0
L 1.5246061 0.9616141 1.5246061 1.0108267 1 P 0
L 1.5246061 1.0049212 1.5246061 1.0541338 1 P 0
L 1.5246061 1.0482283 1.5246061 1.0974409 1 P 0
L 1.5246061 1.0915354 1.5246061 1.140748 1 P 0
L 1.5246061 1.1348425 1.5246061 1.1840551 1 P 0
L 1.5246061 1.1781496 1.5246061 1.2273622 1 P 0
L 1.5246061 1.2214566 1.5246061 1.2706692 1 P 0
L 1.5246061 1.2647637 1.5246061 1.3139763 1 P 0
L 1.5246061 1.3080708 1.5246061 1.3572834 1 P 0
L 1.5246062 0.4202755 1.5246062 0.4694881 1 P 0
L 1.5246062 0.4635826 1.5246062 0.5127952 1 P 0
L 1.5246062 0.5068897 1.5246062 0.5561023 1 P 0
L 1.5246062 0.5501968 1.5246062 0.5994094 1 P 0
L 1.5246062 0.5935039 1.5246062 0.6427165 1 P 0
L 1.5246062 0.636811 1.5246062 0.6860236 1 P 0
L 1.5246062 0.6801181 1.5246062 0.7293307 1 P 0
L 1.5246062 0.7234251 1.5246062 0.7726377 1 P 0
L 1.5246062 0.7667322 1.5246062 0.8159448 1 P 0
L 1.5246062 0.8100393 1.5246062 0.8592519 1 P 0
L 1.5265746 0.9429133 1.5383856 0.9429133 1 P 0
L 1.5265746 0.9862204 1.5383856 0.9862204 1 P 0
L 1.5265746 1.0295275 1.5383856 1.0295275 1 P 0
L 1.5265746 1.0728346 1.5383856 1.0728346 1 P 0
L 1.5265746 1.1161417 1.5383856 1.1161417 1 P 0
L 1.5265746 1.1594488 1.5383856 1.1594488 1 P 0
L 1.5265746 1.2027559 1.5383856 1.2027559 1 P 0
L 1.5265746 1.2460629 1.5383856 1.2460629 1 P 0
L 1.5265746 1.28937 1.5383856 1.28937 1 P 0
L 1.5265746 1.3326771 1.5383856 1.3326771 1 P 0
L 1.5265747 0.4448818 1.5383857 0.4448818 1 P 0
L 1.5265747 0.4881889 1.5383857 0.4881889 1 P 0
L 1.5265747 0.531496 1.5383857 0.531496 1 P 0
L 1.5265747 0.5748031 1.5383857 0.5748031 1 P 0
L 1.5265747 0.6181102 1.5383857 0.6181102 1 P 0
L 1.5265747 0.6614173 1.5383857 0.6614173 1 P 0
L 1.5265747 0.7047244 1.5383857 0.7047244 1 P 0
L 1.5265747 0.7480314 1.5383857 0.7480314 1 P 0
L 1.5265747 0.7913385 1.5383857 0.7913385 1 P 0
L 1.5265747 0.8346456 1.5383857 0.8346456 1 P 0
L 1.5324801 0.9370078 1.5324801 0.9488188 1 P 0
L 1.5324801 0.9803149 1.5324801 0.9921259 1 P 0
L 1.5324801 1.023622 1.5324801 1.035433 1 P 0
L 1.5324801 1.0669291 1.5324801 1.0787401 1 P 0
L 1.5324801 1.1102362 1.5324801 1.1220472 1 P 0
L 1.5324801 1.1535433 1.5324801 1.1653543 1 P 0
L 1.5324801 1.1968504 1.5324801 1.2086614 1 P 0
L 1.5324801 1.2401574 1.5324801 1.2519684 1 P 0
L 1.5324801 1.2834645 1.5324801 1.2952755 1 P 0
L 1.5324801 1.3267716 1.5324801 1.3385826 1 P 0
L 1.5324802 0.4389763 1.5324802 0.4507873 1 P 0
L 1.5324802 0.4822834 1.5324802 0.4940944 1 P 0
L 1.5324802 0.5255905 1.5324802 0.5374015 1 P 0
L 1.5324802 0.5688976 1.5324802 0.5807086 1 P 0
L 1.5324802 0.6122047 1.5324802 0.6240157 1 P 0
L 1.5324802 0.6555118 1.5324802 0.6673228 1 P 0
L 1.5324802 0.6988189 1.5324802 0.7106299 1 P 0
L 1.5324802 0.7421259 1.5324802 0.7539369 1 P 0
L 1.5324802 0.785433 1.5324802 0.797244 1 P 0
L 1.5324802 0.8287401 1.5324802 0.8405511 1 P 0
L 1.5403542 0.918307 1.5403542 0.9675196 1 P 0
L 1.5403542 0.918307 1.5718502 0.918307 1 P 0
L 1.5403542 0.9616141 1.5403542 1.0108267 1 P 0
L 1.5403542 0.9616141 1.5718502 0.9616141 1 P 0
L 1.5403542 0.9675196 1.5718502 0.9675196 1 P 0
L 1.5403542 1.0049212 1.5403542 1.0541338 1 P 0
L 1.5403542 1.0049212 1.5718502 1.0049212 1 P 0
L 1.5403542 1.0108267 1.5718502 1.0108267 1 P 0
L 1.5403542 1.0482283 1.5403542 1.0974409 1 P 0
L 1.5403542 1.0482283 1.5718502 1.0482283 1 P 0
L 1.5403542 1.0541338 1.5718502 1.0541338 1 P 0
L 1.5403542 1.0915354 1.5403542 1.140748 1 P 0
L 1.5403542 1.0915354 1.5718502 1.0915354 1 P 0
L 1.5403542 1.0974409 1.5718502 1.0974409 1 P 0
L 1.5403542 1.1348425 1.5403542 1.1840551 1 P 0
L 1.5403542 1.1348425 1.5718502 1.1348425 1 P 0
L 1.5403542 1.140748 1.5718502 1.140748 1 P 0
L 1.5403542 1.1781496 1.5403542 1.2273622 1 P 0
L 1.5403542 1.1781496 1.5718502 1.1781496 1 P 0
L 1.5403542 1.1840551 1.5718502 1.1840551 1 P 0
L 1.5403542 1.2214566 1.5403542 1.2706692 1 P 0
L 1.5403542 1.2214566 1.5718502 1.2214566 1 P 0
L 1.5403542 1.2273622 1.5718502 1.2273622 1 P 0
L 1.5403542 1.2647637 1.5403542 1.3139763 1 P 0
L 1.5403542 1.2647637 1.5718502 1.2647637 1 P 0
L 1.5403542 1.2706692 1.5718502 1.2706692 1 P 0
L 1.5403542 1.3080708 1.5403542 1.3572834 1 P 0
L 1.5403542 1.3080708 1.5718502 1.3080708 1 P 0
L 1.5403542 1.3139763 1.5718502 1.3139763 1 P 0
L 1.5403542 1.3572834 1.5718502 1.3572834 1 P 0
L 1.5403543 0.4202755 1.5403543 0.4694881 1 P 0
L 1.5403543 0.4202755 1.5718503 0.4202755 1 P 0
L 1.5403543 0.4635826 1.5403543 0.5127952 1 P 0
L 1.5403543 0.4635826 1.5718503 0.4635826 1 P 0
L 1.5403543 0.4694881 1.5718503 0.4694881 1 P 0
L 1.5403543 0.5068897 1.5403543 0.5561023 1 P 0
L 1.5403543 0.5068897 1.5718503 0.5068897 1 P 0
L 1.5403543 0.5127952 1.5718503 0.5127952 1 P 0
L 1.5403543 0.5501968 1.5403543 0.5994094 1 P 0
L 1.5403543 0.5501968 1.5718503 0.5501968 1 P 0
L 1.5403543 0.5561023 1.5718503 0.5561023 1 P 0
L 1.5403543 0.5935039 1.5403543 0.6427165 1 P 0
L 1.5403543 0.5935039 1.5718503 0.5935039 1 P 0
L 1.5403543 0.5994094 1.5718503 0.5994094 1 P 0
L 1.5403543 0.636811 1.5403543 0.6860236 1 P 0
L 1.5403543 0.636811 1.5718503 0.636811 1 P 0
L 1.5403543 0.6427165 1.5718503 0.6427165 1 P 0
L 1.5403543 0.6801181 1.5403543 0.7293307 1 P 0
L 1.5403543 0.6801181 1.5718503 0.6801181 1 P 0
L 1.5403543 0.6860236 1.5718503 0.6860236 1 P 0
L 1.5403543 0.7234251 1.5403543 0.7726377 1 P 0
L 1.5403543 0.7234251 1.5718503 0.7234251 1 P 0
L 1.5403543 0.7293307 1.5718503 0.7293307 1 P 0
L 1.5403543 0.7667322 1.5403543 0.8159448 1 P 0
L 1.5403543 0.7667322 1.5718503 0.7667322 1 P 0
L 1.5403543 0.7726377 1.5718503 0.7726377 1 P 0
L 1.5403543 0.8100393 1.5403543 0.8592519 1 P 0
L 1.5403543 0.8100393 1.5718503 0.8100393 1 P 0
L 1.5403543 0.8159448 1.5718503 0.8159448 1 P 0
L 1.5403543 0.8592519 1.5718503 0.8592519 1 P 0
L 1.5482281 0.918307 1.5482281 0.9675196 1 P 0
L 1.5482281 0.9616141 1.5482281 1.0108267 1 P 0
L 1.5482281 1.0049212 1.5482281 1.0541338 1 P 0
L 1.5482281 1.0482283 1.5482281 1.0974409 1 P 0
L 1.5482281 1.0915354 1.5482281 1.140748 1 P 0
L 1.5482281 1.1348425 1.5482281 1.1840551 1 P 0
L 1.5482281 1.1781496 1.5482281 1.2273622 1 P 0
L 1.5482281 1.2214566 1.5482281 1.2706692 1 P 0
L 1.5482281 1.2647637 1.5482281 1.3139763 1 P 0
L 1.5482281 1.3080708 1.5482281 1.3572834 1 P 0
L 1.5482282 0.4202755 1.5482282 0.4694881 1 P 0
L 1.5482282 0.4635826 1.5482282 0.5127952 1 P 0
L 1.5482282 0.5068897 1.5482282 0.5561023 1 P 0
L 1.5482282 0.5501968 1.5482282 0.5994094 1 P 0
L 1.5482282 0.5935039 1.5482282 0.6427165 1 P 0
L 1.5482282 0.636811 1.5482282 0.6860236 1 P 0
L 1.5482282 0.6801181 1.5482282 0.7293307 1 P 0
L 1.5482282 0.7234251 1.5482282 0.7726377 1 P 0
L 1.5482282 0.7667322 1.5482282 0.8159448 1 P 0
L 1.5482282 0.8100393 1.5482282 0.8592519 1 P 0
L 1.5501967 0.9429133 1.5620077 0.9429133 1 P 0
L 1.5501967 0.9862204 1.5620077 0.9862204 1 P 0
L 1.5501967 1.0295275 1.5620077 1.0295275 1 P 0
L 1.5501967 1.0728346 1.5620077 1.0728346 1 P 0
L 1.5501967 1.1161417 1.5620077 1.1161417 1 P 0
L 1.5501967 1.1594488 1.5620077 1.1594488 1 P 0
L 1.5501967 1.2027559 1.5620077 1.2027559 1 P 0
L 1.5501967 1.2460629 1.5620077 1.2460629 1 P 0
L 1.5501967 1.28937 1.5620077 1.28937 1 P 0
L 1.5501967 1.3326771 1.5620077 1.3326771 1 P 0
L 1.5501968 0.4448818 1.5620078 0.4448818 1 P 0
L 1.5501968 0.4881889 1.5620078 0.4881889 1 P 0
L 1.5501968 0.531496 1.5620078 0.531496 1 P 0
L 1.5501968 0.5748031 1.5620078 0.5748031 1 P 0
L 1.5501968 0.6181102 1.5620078 0.6181102 1 P 0
L 1.5501968 0.6614173 1.5620078 0.6614173 1 P 0
L 1.5501968 0.7047244 1.5620078 0.7047244 1 P 0
L 1.5501968 0.7480314 1.5620078 0.7480314 1 P 0
L 1.5501968 0.7913385 1.5620078 0.7913385 1 P 0
L 1.5501968 0.8346456 1.5620078 0.8346456 1 P 0
L 1.5501969 0.417323 1.5501969 0.448819 1 P 0
L 1.5501969 0.417323 1.5994095 0.417323 1 P 0
L 1.5501969 0.448819 1.5994095 0.448819 1 P 0
L 1.5501969 0.4960632 1.5501969 0.5275592 1 P 0
L 1.5501969 0.4960632 1.5994095 0.4960632 1 P 0
L 1.5501969 0.5275592 1.5994095 0.5275592 1 P 0
L 1.5501969 0.5748033 1.5501969 0.6062993 1 P 0
L 1.5501969 0.5748033 1.5994095 0.5748033 1 P 0
L 1.5501969 0.6062993 1.5994095 0.6062993 1 P 0
L 1.5501969 0.6535435 1.5501969 0.6850395 1 P 0
L 1.5501969 0.6535435 1.5994095 0.6535435 1 P 0
L 1.5501969 0.6850395 1.5994095 0.6850395 1 P 0
L 1.5501969 0.7322836 1.5501969 0.7637796 1 P 0
L 1.5501969 0.7322836 1.5994095 0.7322836 1 P 0
L 1.5501969 0.7637796 1.5994095 0.7637796 1 P 0
L 1.5561022 0.9370078 1.5561022 0.9488188 1 P 0
L 1.5561022 0.9803149 1.5561022 0.9921259 1 P 0
L 1.5561022 1.023622 1.5561022 1.035433 1 P 0
L 1.5561022 1.0669291 1.5561022 1.0787401 1 P 0
L 1.5561022 1.1102362 1.5561022 1.1220472 1 P 0
L 1.5561022 1.1535433 1.5561022 1.1653543 1 P 0
L 1.5561022 1.1968504 1.5561022 1.2086614 1 P 0
L 1.5561022 1.2401574 1.5561022 1.2519684 1 P 0
L 1.5561022 1.2834645 1.5561022 1.2952755 1 P 0
L 1.5561022 1.3267716 1.5561022 1.3385826 1 P 0
L 1.5561023 0.4389763 1.5561023 0.4507873 1 P 0
L 1.5561023 0.4822834 1.5561023 0.4940944 1 P 0
L 1.5561023 0.5255905 1.5561023 0.5374015 1 P 0
L 1.5561023 0.5688976 1.5561023 0.5807086 1 P 0
L 1.5561023 0.6122047 1.5561023 0.6240157 1 P 0
L 1.5561023 0.6555118 1.5561023 0.6673228 1 P 0
L 1.5561023 0.6988189 1.5561023 0.7106299 1 P 0
L 1.5561023 0.7421259 1.5561023 0.7539369 1 P 0
L 1.5561023 0.785433 1.5561023 0.797244 1 P 0
L 1.5561023 0.8287401 1.5561023 0.8405511 1 P 0
L 1.5590551 0.8848424 1.5590551 0.934055 1 P 0
L 1.5590551 0.8848424 1.5905511 0.8848424 1 P 0
L 1.5590551 0.934055 1.5905511 0.934055 1 P 0
L 1.5590551 0.9852362 1.5590551 1.0344488 1 P 0
L 1.5590551 0.9852362 1.5905511 0.9852362 1 P 0
L 1.5590551 1.0344488 1.5905511 1.0344488 1 P 0
L 1.5590551 1.0856299 1.5590551 1.1348425 1 P 0
L 1.5590551 1.0856299 1.5905511 1.0856299 1 P 0
L 1.5590551 1.1348425 1.5905511 1.1348425 1 P 0
L 1.5639762 0.918307 1.5639762 0.9675196 1 P 0
L 1.5639762 0.918307 1.5954722 0.918307 1 P 0
L 1.5639762 0.9616141 1.5639762 1.0108267 1 P 0
L 1.5639762 0.9616141 1.5954722 0.9616141 1 P 0
L 1.5639762 0.9675196 1.5954722 0.9675196 1 P 0
L 1.5639762 1.0049212 1.5639762 1.0541338 1 P 0
L 1.5639762 1.0049212 1.5954722 1.0049212 1 P 0
L 1.5639762 1.0108267 1.5954722 1.0108267 1 P 0
L 1.5639762 1.0482283 1.5639762 1.0974409 1 P 0
L 1.5639762 1.0482283 1.5954722 1.0482283 1 P 0
L 1.5639762 1.0541338 1.5954722 1.0541338 1 P 0
L 1.5639762 1.0915354 1.5639762 1.140748 1 P 0
L 1.5639762 1.0915354 1.5954722 1.0915354 1 P 0
L 1.5639762 1.0974409 1.5954722 1.0974409 1 P 0
L 1.5639762 1.1348425 1.5639762 1.1840551 1 P 0
L 1.5639762 1.1348425 1.5954722 1.1348425 1 P 0
L 1.5639762 1.140748 1.5954722 1.140748 1 P 0
L 1.5639762 1.1781496 1.5639762 1.2273622 1 P 0
L 1.5639762 1.1781496 1.5954722 1.1781496 1 P 0
L 1.5639762 1.1840551 1.5954722 1.1840551 1 P 0
L 1.5639762 1.2214566 1.5639762 1.2706692 1 P 0
L 1.5639762 1.2214566 1.5954722 1.2214566 1 P 0
L 1.5639762 1.2273622 1.5954722 1.2273622 1 P 0
L 1.5639762 1.2647637 1.5639762 1.3139763 1 P 0
L 1.5639762 1.2647637 1.5954722 1.2647637 1 P 0
L 1.5639762 1.2706692 1.5954722 1.2706692 1 P 0
L 1.5639762 1.3080708 1.5639762 1.3572834 1 P 0
L 1.5639762 1.3080708 1.5954722 1.3080708 1 P 0
L 1.5639762 1.3139763 1.5954722 1.3139763 1 P 0
L 1.5639762 1.3572834 1.5954722 1.3572834 1 P 0
L 1.5639763 0.4202755 1.5639763 0.4694881 1 P 0
L 1.5639763 0.4202755 1.5954723 0.4202755 1 P 0
L 1.5639763 0.4635826 1.5639763 0.5127952 1 P 0
L 1.5639763 0.4635826 1.5954723 0.4635826 1 P 0
L 1.5639763 0.4694881 1.5954723 0.4694881 1 P 0
L 1.5639763 0.5068897 1.5639763 0.5561023 1 P 0
L 1.5639763 0.5068897 1.5954723 0.5068897 1 P 0
L 1.5639763 0.5127952 1.5954723 0.5127952 1 P 0
L 1.5639763 0.5501968 1.5639763 0.5994094 1 P 0
L 1.5639763 0.5501968 1.5954723 0.5501968 1 P 0
L 1.5639763 0.5561023 1.5954723 0.5561023 1 P 0
L 1.5639763 0.5935039 1.5639763 0.6427165 1 P 0
L 1.5639763 0.5935039 1.5954723 0.5935039 1 P 0
L 1.5639763 0.5994094 1.5954723 0.5994094 1 P 0
L 1.5639763 0.636811 1.5639763 0.6860236 1 P 0
L 1.5639763 0.636811 1.5954723 0.636811 1 P 0
L 1.5639763 0.6427165 1.5954723 0.6427165 1 P 0
L 1.5639763 0.6801181 1.5639763 0.7293307 1 P 0
L 1.5639763 0.6801181 1.5954723 0.6801181 1 P 0
L 1.5639763 0.6860236 1.5954723 0.6860236 1 P 0
L 1.5639763 0.7234251 1.5639763 0.7726377 1 P 0
L 1.5639763 0.7234251 1.5954723 0.7234251 1 P 0
L 1.5639763 0.7293307 1.5954723 0.7293307 1 P 0
L 1.5639763 0.7667322 1.5639763 0.8159448 1 P 0
L 1.5639763 0.7667322 1.5954723 0.7667322 1 P 0
L 1.5639763 0.7726377 1.5954723 0.7726377 1 P 0
L 1.5639763 0.8100393 1.5639763 0.8592519 1 P 0
L 1.5639763 0.8100393 1.5954723 0.8100393 1 P 0
L 1.5639763 0.8159448 1.5954723 0.8159448 1 P 0
L 1.5639763 0.8592519 1.5954723 0.8592519 1 P 0
L 1.5688976 0.9094487 1.5807086 0.9094487 1 P 0
L 1.5688976 1.0098425 1.5807086 1.0098425 1 P 0
L 1.5688976 1.1102362 1.5807086 1.1102362 1 P 0
L 1.5688977 0.433071 1.5807087 0.433071 1 P 0
L 1.5688977 0.5118112 1.5807087 0.5118112 1 P 0
L 1.5688977 0.5905513 1.5807087 0.5905513 1 P 0
L 1.5688977 0.6692915 1.5807087 0.6692915 1 P 0
L 1.5688977 0.7480316 1.5807087 0.7480316 1 P 0
L 1.5718502 0.918307 1.5718502 0.9675196 1 P 0
L 1.5718502 0.9616141 1.5718502 1.0108267 1 P 0
L 1.5718502 1.0049212 1.5718502 1.0541338 1 P 0
L 1.5718502 1.0482283 1.5718502 1.0974409 1 P 0
L 1.5718502 1.0915354 1.5718502 1.140748 1 P 0
L 1.5718502 1.1348425 1.5718502 1.1840551 1 P 0
L 1.5718502 1.1781496 1.5718502 1.2273622 1 P 0
L 1.5718502 1.2214566 1.5718502 1.2706692 1 P 0
L 1.5718502 1.2647637 1.5718502 1.3139763 1 P 0
L 1.5718502 1.3080708 1.5718502 1.3572834 1 P 0
L 1.5718503 0.4202755 1.5718503 0.4694881 1 P 0
L 1.5718503 0.4635826 1.5718503 0.5127952 1 P 0
L 1.5718503 0.5068897 1.5718503 0.5561023 1 P 0
L 1.5718503 0.5501968 1.5718503 0.5994094 1 P 0
L 1.5718503 0.5935039 1.5718503 0.6427165 1 P 0
L 1.5718503 0.636811 1.5718503 0.6860236 1 P 0
L 1.5718503 0.6801181 1.5718503 0.7293307 1 P 0
L 1.5718503 0.7234251 1.5718503 0.7726377 1 P 0
L 1.5718503 0.7667322 1.5718503 0.8159448 1 P 0
L 1.5718503 0.8100393 1.5718503 0.8592519 1 P 0
L 1.5738187 0.9429133 1.5856297 0.9429133 1 P 0
L 1.5738187 0.9862204 1.5856297 0.9862204 1 P 0
L 1.5738187 1.0295275 1.5856297 1.0295275 1 P 0
L 1.5738187 1.0728346 1.5856297 1.0728346 1 P 0
L 1.5738187 1.1161417 1.5856297 1.1161417 1 P 0
L 1.5738187 1.1594488 1.5856297 1.1594488 1 P 0
L 1.5738187 1.2027559 1.5856297 1.2027559 1 P 0
L 1.5738187 1.2460629 1.5856297 1.2460629 1 P 0
L 1.5738187 1.28937 1.5856297 1.28937 1 P 0
L 1.5738187 1.3326771 1.5856297 1.3326771 1 P 0
L 1.5738188 0.4448818 1.5856298 0.4448818 1 P 0
L 1.5738188 0.4881889 1.5856298 0.4881889 1 P 0
L 1.5738188 0.531496 1.5856298 0.531496 1 P 0
L 1.5738188 0.5748031 1.5856298 0.5748031 1 P 0
L 1.5738188 0.6181102 1.5856298 0.6181102 1 P 0
L 1.5738188 0.6614173 1.5856298 0.6614173 1 P 0
L 1.5738188 0.7047244 1.5856298 0.7047244 1 P 0
L 1.5738188 0.7480314 1.5856298 0.7480314 1 P 0
L 1.5738188 0.7913385 1.5856298 0.7913385 1 P 0
L 1.5738188 0.8346456 1.5856298 0.8346456 1 P 0
L 1.5748031 0.9035432 1.5748031 0.9153542 1 P 0
L 1.5748031 1.003937 1.5748031 1.015748 1 P 0
L 1.5748031 1.1043307 1.5748031 1.1161417 1 P 0
L 1.5748032 0.4271655 1.5748032 0.4389765 1 P 0
L 1.5748032 0.5059057 1.5748032 0.5177167 1 P 0
L 1.5748032 0.5846458 1.5748032 0.5964568 1 P 0
L 1.5748032 0.663386 1.5748032 0.675197 1 P 0
L 1.5748032 0.7421261 1.5748032 0.7539371 1 P 0
L 1.5797242 0.9370078 1.5797242 0.9488188 1 P 0
L 1.5797242 0.9803149 1.5797242 0.9921259 1 P 0
L 1.5797242 1.023622 1.5797242 1.035433 1 P 0
L 1.5797242 1.0669291 1.5797242 1.0787401 1 P 0
L 1.5797242 1.1102362 1.5797242 1.1220472 1 P 0
L 1.5797242 1.1535433 1.5797242 1.1653543 1 P 0
L 1.5797242 1.1968504 1.5797242 1.2086614 1 P 0
L 1.5797242 1.2401574 1.5797242 1.2519684 1 P 0
L 1.5797242 1.2834645 1.5797242 1.2952755 1 P 0
L 1.5797242 1.3267716 1.5797242 1.3385826 1 P 0
L 1.5797243 0.4389763 1.5797243 0.4507873 1 P 0
L 1.5797243 0.4822834 1.5797243 0.4940944 1 P 0
L 1.5797243 0.5255905 1.5797243 0.5374015 1 P 0
L 1.5797243 0.5688976 1.5797243 0.5807086 1 P 0
L 1.5797243 0.6122047 1.5797243 0.6240157 1 P 0
L 1.5797243 0.6555118 1.5797243 0.6673228 1 P 0
L 1.5797243 0.6988189 1.5797243 0.7106299 1 P 0
L 1.5797243 0.7421259 1.5797243 0.7539369 1 P 0
L 1.5797243 0.785433 1.5797243 0.797244 1 P 0
L 1.5797243 0.8287401 1.5797243 0.8405511 1 P 0
L 1.5875983 0.918307 1.5875983 0.9675196 1 P 0
L 1.5875983 0.918307 1.6190943 0.918307 1 P 0
L 1.5875983 0.9616141 1.5875983 1.0108267 1 P 0
L 1.5875983 0.9616141 1.6190943 0.9616141 1 P 0
L 1.5875983 0.9675196 1.6190943 0.9675196 1 P 0
L 1.5875983 1.0049212 1.5875983 1.0541338 1 P 0
L 1.5875983 1.0049212 1.6190943 1.0049212 1 P 0
L 1.5875983 1.0108267 1.6190943 1.0108267 1 P 0
L 1.5875983 1.0482283 1.5875983 1.0974409 1 P 0
L 1.5875983 1.0482283 1.6190943 1.0482283 1 P 0
L 1.5875983 1.0541338 1.6190943 1.0541338 1 P 0
L 1.5875983 1.0915354 1.5875983 1.140748 1 P 0
L 1.5875983 1.0915354 1.6190943 1.0915354 1 P 0
L 1.5875983 1.0974409 1.6190943 1.0974409 1 P 0
L 1.5875983 1.1348425 1.5875983 1.1840551 1 P 0
L 1.5875983 1.1348425 1.6190943 1.1348425 1 P 0
L 1.5875983 1.140748 1.6190943 1.140748 1 P 0
L 1.5875983 1.1781496 1.5875983 1.2273622 1 P 0
L 1.5875983 1.1781496 1.6190943 1.1781496 1 P 0
L 1.5875983 1.1840551 1.6190943 1.1840551 1 P 0
L 1.5875983 1.2214566 1.5875983 1.2706692 1 P 0
L 1.5875983 1.2214566 1.6190943 1.2214566 1 P 0
L 1.5875983 1.2273622 1.6190943 1.2273622 1 P 0
L 1.5875983 1.2647637 1.5875983 1.3139763 1 P 0
L 1.5875983 1.2647637 1.6190943 1.2647637 1 P 0
L 1.5875983 1.2706692 1.6190943 1.2706692 1 P 0
L 1.5875983 1.3080708 1.5875983 1.3572834 1 P 0
L 1.5875983 1.3080708 1.6190943 1.3080708 1 P 0
L 1.5875983 1.3139763 1.6190943 1.3139763 1 P 0
L 1.5875983 1.3572834 1.6190943 1.3572834 1 P 0
L 1.5875984 0.4202755 1.5875984 0.4694881 1 P 0
L 1.5875984 0.4202755 1.6190944 0.4202755 1 P 0
L 1.5875984 0.4635826 1.5875984 0.5127952 1 P 0
L 1.5875984 0.4635826 1.6190944 0.4635826 1 P 0
L 1.5875984 0.4694881 1.6190944 0.4694881 1 P 0
L 1.5875984 0.5068897 1.5875984 0.5561023 1 P 0
L 1.5875984 0.5068897 1.6190944 0.5068897 1 P 0
L 1.5875984 0.5127952 1.6190944 0.5127952 1 P 0
L 1.5875984 0.5501968 1.5875984 0.5994094 1 P 0
L 1.5875984 0.5501968 1.6190944 0.5501968 1 P 0
L 1.5875984 0.5561023 1.6190944 0.5561023 1 P 0
L 1.5875984 0.5935039 1.5875984 0.6427165 1 P 0
L 1.5875984 0.5935039 1.6190944 0.5935039 1 P 0
L 1.5875984 0.5994094 1.6190944 0.5994094 1 P 0
L 1.5875984 0.636811 1.5875984 0.6860236 1 P 0
L 1.5875984 0.636811 1.6190944 0.636811 1 P 0
L 1.5875984 0.6427165 1.6190944 0.6427165 1 P 0
L 1.5875984 0.6801181 1.5875984 0.7293307 1 P 0
L 1.5875984 0.6801181 1.6190944 0.6801181 1 P 0
L 1.5875984 0.6860236 1.6190944 0.6860236 1 P 0
L 1.5875984 0.7234251 1.5875984 0.7726377 1 P 0
L 1.5875984 0.7234251 1.6190944 0.7234251 1 P 0
L 1.5875984 0.7293307 1.6190944 0.7293307 1 P 0
L 1.5875984 0.7667322 1.5875984 0.8159448 1 P 0
L 1.5875984 0.7667322 1.6190944 0.7667322 1 P 0
L 1.5875984 0.7726377 1.6190944 0.7726377 1 P 0
L 1.5875984 0.8100393 1.5875984 0.8592519 1 P 0
L 1.5875984 0.8100393 1.6190944 0.8100393 1 P 0
L 1.5875984 0.8159448 1.6190944 0.8159448 1 P 0
L 1.5875984 0.8592519 1.6190944 0.8592519 1 P 0
L 1.5905511 0.8848424 1.5905511 0.934055 1 P 0
L 1.5905511 0.9852362 1.5905511 1.0344488 1 P 0
L 1.5905511 1.0856299 1.5905511 1.1348425 1 P 0
L 1.5954722 0.918307 1.5954722 0.9675196 1 P 0
L 1.5954722 0.9616141 1.5954722 1.0108267 1 P 0
L 1.5954722 1.0049212 1.5954722 1.0541338 1 P 0
L 1.5954722 1.0482283 1.5954722 1.0974409 1 P 0
L 1.5954722 1.0915354 1.5954722 1.140748 1 P 0
L 1.5954722 1.1348425 1.5954722 1.1840551 1 P 0
L 1.5954722 1.1781496 1.5954722 1.2273622 1 P 0
L 1.5954722 1.2214566 1.5954722 1.2706692 1 P 0
L 1.5954722 1.2647637 1.5954722 1.3139763 1 P 0
L 1.5954722 1.3080708 1.5954722 1.3572834 1 P 0
L 1.5954723 0.4202755 1.5954723 0.4694881 1 P 0
L 1.5954723 0.4635826 1.5954723 0.5127952 1 P 0
L 1.5954723 0.5068897 1.5954723 0.5561023 1 P 0
L 1.5954723 0.5501968 1.5954723 0.5994094 1 P 0
L 1.5954723 0.5935039 1.5954723 0.6427165 1 P 0
L 1.5954723 0.636811 1.5954723 0.6860236 1 P 0
L 1.5954723 0.6801181 1.5954723 0.7293307 1 P 0
L 1.5954723 0.7234251 1.5954723 0.7726377 1 P 0
L 1.5954723 0.7667322 1.5954723 0.8159448 1 P 0
L 1.5954723 0.8100393 1.5954723 0.8592519 1 P 0
L 1.5974408 0.9429133 1.6092518 0.9429133 1 P 0
L 1.5974408 0.9862204 1.6092518 0.9862204 1 P 0
L 1.5974408 1.0295275 1.6092518 1.0295275 1 P 0
L 1.5974408 1.0728346 1.6092518 1.0728346 1 P 0
L 1.5974408 1.1161417 1.6092518 1.1161417 1 P 0
L 1.5974408 1.1594488 1.6092518 1.1594488 1 P 0
L 1.5974408 1.2027559 1.6092518 1.2027559 1 P 0
L 1.5974408 1.2460629 1.6092518 1.2460629 1 P 0
L 1.5974408 1.28937 1.6092518 1.28937 1 P 0
L 1.5974408 1.3326771 1.6092518 1.3326771 1 P 0
L 1.5974409 0.4448818 1.6092519 0.4448818 1 P 0
L 1.5974409 0.4881889 1.6092519 0.4881889 1 P 0
L 1.5974409 0.531496 1.6092519 0.531496 1 P 0
L 1.5974409 0.5748031 1.6092519 0.5748031 1 P 0
L 1.5974409 0.6181102 1.6092519 0.6181102 1 P 0
L 1.5974409 0.6614173 1.6092519 0.6614173 1 P 0
L 1.5974409 0.7047244 1.6092519 0.7047244 1 P 0
L 1.5974409 0.7480314 1.6092519 0.7480314 1 P 0
L 1.5974409 0.7913385 1.6092519 0.7913385 1 P 0
L 1.5974409 0.8346456 1.6092519 0.8346456 1 P 0
L 1.5994095 0.417323 1.5994095 0.448819 1 P 0
L 1.5994095 0.4960632 1.5994095 0.5275592 1 P 0
L 1.5994095 0.5748033 1.5994095 0.6062993 1 P 0
L 1.5994095 0.6535435 1.5994095 0.6850395 1 P 0
L 1.5994095 0.7322836 1.5994095 0.7637796 1 P 0
L 1.6033463 0.9370078 1.6033463 0.9488188 1 P 0
L 1.6033463 0.9803149 1.6033463 0.9921259 1 P 0
L 1.6033463 1.023622 1.6033463 1.035433 1 P 0
L 1.6033463 1.0669291 1.6033463 1.0787401 1 P 0
L 1.6033463 1.1102362 1.6033463 1.1220472 1 P 0
L 1.6033463 1.1535433 1.6033463 1.1653543 1 P 0
L 1.6033463 1.1968504 1.6033463 1.2086614 1 P 0
L 1.6033463 1.2401574 1.6033463 1.2519684 1 P 0
L 1.6033463 1.2834645 1.6033463 1.2952755 1 P 0
L 1.6033463 1.3267716 1.6033463 1.3385826 1 P 0
L 1.6033464 0.4389763 1.6033464 0.4507873 1 P 0
L 1.6033464 0.4822834 1.6033464 0.4940944 1 P 0
L 1.6033464 0.5255905 1.6033464 0.5374015 1 P 0
L 1.6033464 0.5688976 1.6033464 0.5807086 1 P 0
L 1.6033464 0.6122047 1.6033464 0.6240157 1 P 0
L 1.6033464 0.6555118 1.6033464 0.6673228 1 P 0
L 1.6033464 0.6988189 1.6033464 0.7106299 1 P 0
L 1.6033464 0.7421259 1.6033464 0.7539369 1 P 0
L 1.6033464 0.785433 1.6033464 0.797244 1 P 0
L 1.6033464 0.8287401 1.6033464 0.8405511 1 P 0
L 1.6112203 0.918307 1.6112203 0.9675196 1 P 0
L 1.6112203 0.918307 1.6427163 0.918307 1 P 0
L 1.6112203 0.9616141 1.6112203 1.0108267 1 P 0
L 1.6112203 0.9616141 1.6427163 0.9616141 1 P 0
L 1.6112203 0.9675196 1.6427163 0.9675196 1 P 0
L 1.6112203 1.0049212 1.6112203 1.0541338 1 P 0
L 1.6112203 1.0049212 1.6427163 1.0049212 1 P 0
L 1.6112203 1.0108267 1.6427163 1.0108267 1 P 0
L 1.6112203 1.0482283 1.6112203 1.0974409 1 P 0
L 1.6112203 1.0482283 1.6427163 1.0482283 1 P 0
L 1.6112203 1.0541338 1.6427163 1.0541338 1 P 0
L 1.6112203 1.0915354 1.6112203 1.140748 1 P 0
L 1.6112203 1.0915354 1.6427163 1.0915354 1 P 0
L 1.6112203 1.0974409 1.6427163 1.0974409 1 P 0
L 1.6112203 1.1348425 1.6112203 1.1840551 1 P 0
L 1.6112203 1.1348425 1.6427163 1.1348425 1 P 0
L 1.6112203 1.140748 1.6427163 1.140748 1 P 0
L 1.6112203 1.1781496 1.6112203 1.2273622 1 P 0
L 1.6112203 1.1781496 1.6427163 1.1781496 1 P 0
L 1.6112203 1.1840551 1.6427163 1.1840551 1 P 0
L 1.6112203 1.2214566 1.6112203 1.2706692 1 P 0
L 1.6112203 1.2214566 1.6427163 1.2214566 1 P 0
L 1.6112203 1.2273622 1.6427163 1.2273622 1 P 0
L 1.6112203 1.2647637 1.6112203 1.3139763 1 P 0
L 1.6112203 1.2647637 1.6427163 1.2647637 1 P 0
L 1.6112203 1.2706692 1.6427163 1.2706692 1 P 0
L 1.6112203 1.3080708 1.6112203 1.3572834 1 P 0
L 1.6112203 1.3080708 1.6427163 1.3080708 1 P 0
L 1.6112203 1.3139763 1.6427163 1.3139763 1 P 0
L 1.6112203 1.3572834 1.6427163 1.3572834 1 P 0
L 1.6112204 0.4202755 1.6112204 0.4694881 1 P 0
L 1.6112204 0.4202755 1.6427164 0.4202755 1 P 0
L 1.6112204 0.4635826 1.6112204 0.5127952 1 P 0
L 1.6112204 0.4635826 1.6427164 0.4635826 1 P 0
L 1.6112204 0.4694881 1.6427164 0.4694881 1 P 0
L 1.6112204 0.5068897 1.6112204 0.5561023 1 P 0
L 1.6112204 0.5068897 1.6427164 0.5068897 1 P 0
L 1.6112204 0.5127952 1.6427164 0.5127952 1 P 0
L 1.6112204 0.5501968 1.6112204 0.5994094 1 P 0
L 1.6112204 0.5501968 1.6427164 0.5501968 1 P 0
L 1.6112204 0.5561023 1.6427164 0.5561023 1 P 0
L 1.6112204 0.5935039 1.6112204 0.6427165 1 P 0
L 1.6112204 0.5935039 1.6427164 0.5935039 1 P 0
L 1.6112204 0.5994094 1.6427164 0.5994094 1 P 0
L 1.6112204 0.636811 1.6112204 0.6860236 1 P 0
L 1.6112204 0.636811 1.6427164 0.636811 1 P 0
L 1.6112204 0.6427165 1.6427164 0.6427165 1 P 0
L 1.6112204 0.6801181 1.6112204 0.7293307 1 P 0
L 1.6112204 0.6801181 1.6427164 0.6801181 1 P 0
L 1.6112204 0.6860236 1.6427164 0.6860236 1 P 0
L 1.6112204 0.7234251 1.6112204 0.7726377 1 P 0
L 1.6112204 0.7234251 1.6427164 0.7234251 1 P 0
L 1.6112204 0.7293307 1.6427164 0.7293307 1 P 0
L 1.6112204 0.7667322 1.6112204 0.8159448 1 P 0
L 1.6112204 0.7667322 1.6427164 0.7667322 1 P 0
L 1.6112204 0.7726377 1.6427164 0.7726377 1 P 0
L 1.6112204 0.8100393 1.6112204 0.8592519 1 P 0
L 1.6112204 0.8100393 1.6427164 0.8100393 1 P 0
L 1.6112204 0.8159448 1.6427164 0.8159448 1 P 0
L 1.6112204 0.8592519 1.6427164 0.8592519 1 P 0
L 1.6190943 0.918307 1.6190943 0.9675196 1 P 0
L 1.6190943 0.9616141 1.6190943 1.0108267 1 P 0
L 1.6190943 1.0049212 1.6190943 1.0541338 1 P 0
L 1.6190943 1.0482283 1.6190943 1.0974409 1 P 0
L 1.6190943 1.0915354 1.6190943 1.140748 1 P 0
L 1.6190943 1.1348425 1.6190943 1.1840551 1 P 0
L 1.6190943 1.1781496 1.6190943 1.2273622 1 P 0
L 1.6190943 1.2214566 1.6190943 1.2706692 1 P 0
L 1.6190943 1.2647637 1.6190943 1.3139763 1 P 0
L 1.6190943 1.3080708 1.6190943 1.3572834 1 P 0
L 1.6190944 0.4202755 1.6190944 0.4694881 1 P 0
L 1.6190944 0.4635826 1.6190944 0.5127952 1 P 0
L 1.6190944 0.5068897 1.6190944 0.5561023 1 P 0
L 1.6190944 0.5501968 1.6190944 0.5994094 1 P 0
L 1.6190944 0.5935039 1.6190944 0.6427165 1 P 0
L 1.6190944 0.636811 1.6190944 0.6860236 1 P 0
L 1.6190944 0.6801181 1.6190944 0.7293307 1 P 0
L 1.6190944 0.7234251 1.6190944 0.7726377 1 P 0
L 1.6190944 0.7667322 1.6190944 0.8159448 1 P 0
L 1.6190944 0.8100393 1.6190944 0.8592519 1 P 0
L 1.6210628 0.9429133 1.6328738 0.9429133 1 P 0
L 1.6210628 0.9862204 1.6328738 0.9862204 1 P 0
L 1.6210628 1.0295275 1.6328738 1.0295275 1 P 0
L 1.6210628 1.0728346 1.6328738 1.0728346 1 P 0
L 1.6210628 1.1161417 1.6328738 1.1161417 1 P 0
L 1.6210628 1.1594488 1.6328738 1.1594488 1 P 0
L 1.6210628 1.2027559 1.6328738 1.2027559 1 P 0
L 1.6210628 1.2460629 1.6328738 1.2460629 1 P 0
L 1.6210628 1.28937 1.6328738 1.28937 1 P 0
L 1.6210628 1.3326771 1.6328738 1.3326771 1 P 0
L 1.6210629 0.4448818 1.6328739 0.4448818 1 P 0
L 1.6210629 0.4881889 1.6328739 0.4881889 1 P 0
L 1.6210629 0.531496 1.6328739 0.531496 1 P 0
L 1.6210629 0.5748031 1.6328739 0.5748031 1 P 0
L 1.6210629 0.6181102 1.6328739 0.6181102 1 P 0
L 1.6210629 0.6614173 1.6328739 0.6614173 1 P 0
L 1.6210629 0.7047244 1.6328739 0.7047244 1 P 0
L 1.6210629 0.7480314 1.6328739 0.7480314 1 P 0
L 1.6210629 0.7913385 1.6328739 0.7913385 1 P 0
L 1.6210629 0.8346456 1.6328739 0.8346456 1 P 0
L 1.6269683 0.9370078 1.6269683 0.9488188 1 P 0
L 1.6269683 0.9803149 1.6269683 0.9921259 1 P 0
L 1.6269683 1.023622 1.6269683 1.035433 1 P 0
L 1.6269683 1.0669291 1.6269683 1.0787401 1 P 0
L 1.6269683 1.1102362 1.6269683 1.1220472 1 P 0
L 1.6269683 1.1535433 1.6269683 1.1653543 1 P 0
L 1.6269683 1.1968504 1.6269683 1.2086614 1 P 0
L 1.6269683 1.2401574 1.6269683 1.2519684 1 P 0
L 1.6269683 1.2834645 1.6269683 1.2952755 1 P 0
L 1.6269683 1.3267716 1.6269683 1.3385826 1 P 0
L 1.6269684 0.4389763 1.6269684 0.4507873 1 P 0
L 1.6269684 0.4822834 1.6269684 0.4940944 1 P 0
L 1.6269684 0.5255905 1.6269684 0.5374015 1 P 0
L 1.6269684 0.5688976 1.6269684 0.5807086 1 P 0
L 1.6269684 0.6122047 1.6269684 0.6240157 1 P 0
L 1.6269684 0.6555118 1.6269684 0.6673228 1 P 0
L 1.6269684 0.6988189 1.6269684 0.7106299 1 P 0
L 1.6269684 0.7421259 1.6269684 0.7539369 1 P 0
L 1.6269684 0.785433 1.6269684 0.797244 1 P 0
L 1.6269684 0.8287401 1.6269684 0.8405511 1 P 0
L 1.6348424 0.918307 1.6348424 0.9675196 1 P 0
L 1.6348424 0.918307 1.6663384 0.918307 1 P 0
L 1.6348424 0.9616141 1.6348424 1.0108267 1 P 0
L 1.6348424 0.9616141 1.6663384 0.9616141 1 P 0
L 1.6348424 0.9675196 1.6663384 0.9675196 1 P 0
L 1.6348424 1.0049212 1.6348424 1.0541338 1 P 0
L 1.6348424 1.0049212 1.6663384 1.0049212 1 P 0
L 1.6348424 1.0108267 1.6663384 1.0108267 1 P 0
L 1.6348424 1.0482283 1.6348424 1.0974409 1 P 0
L 1.6348424 1.0482283 1.6663384 1.0482283 1 P 0
L 1.6348424 1.0541338 1.6663384 1.0541338 1 P 0
L 1.6348424 1.0915354 1.6348424 1.140748 1 P 0
L 1.6348424 1.0915354 1.6663384 1.0915354 1 P 0
L 1.6348424 1.0974409 1.6663384 1.0974409 1 P 0
L 1.6348424 1.1348425 1.6348424 1.1840551 1 P 0
L 1.6348424 1.1348425 1.6663384 1.1348425 1 P 0
L 1.6348424 1.140748 1.6663384 1.140748 1 P 0
L 1.6348424 1.1781496 1.6348424 1.2273622 1 P 0
L 1.6348424 1.1781496 1.6663384 1.1781496 1 P 0
L 1.6348424 1.1840551 1.6663384 1.1840551 1 P 0
L 1.6348424 1.2214566 1.6348424 1.2706692 1 P 0
L 1.6348424 1.2214566 1.6663384 1.2214566 1 P 0
L 1.6348424 1.2273622 1.6663384 1.2273622 1 P 0
L 1.6348424 1.2647637 1.6348424 1.3139763 1 P 0
L 1.6348424 1.2647637 1.6663384 1.2647637 1 P 0
L 1.6348424 1.2706692 1.6663384 1.2706692 1 P 0
L 1.6348424 1.3080708 1.6348424 1.3572834 1 P 0
L 1.6348424 1.3080708 1.6663384 1.3080708 1 P 0
L 1.6348424 1.3139763 1.6663384 1.3139763 1 P 0
L 1.6348424 1.3572834 1.6663384 1.3572834 1 P 0
L 1.6348425 0.4202755 1.6348425 0.4694881 1 P 0
L 1.6348425 0.4202755 1.6663385 0.4202755 1 P 0
L 1.6348425 0.4635826 1.6348425 0.5127952 1 P 0
L 1.6348425 0.4635826 1.6663385 0.4635826 1 P 0
L 1.6348425 0.4694881 1.6663385 0.4694881 1 P 0
L 1.6348425 0.5068897 1.6348425 0.5561023 1 P 0
L 1.6348425 0.5068897 1.6663385 0.5068897 1 P 0
L 1.6348425 0.5127952 1.6663385 0.5127952 1 P 0
L 1.6348425 0.5501968 1.6348425 0.5994094 1 P 0
L 1.6348425 0.5501968 1.6663385 0.5501968 1 P 0
L 1.6348425 0.5561023 1.6663385 0.5561023 1 P 0
L 1.6348425 0.5935039 1.6348425 0.6427165 1 P 0
L 1.6348425 0.5935039 1.6663385 0.5935039 1 P 0
L 1.6348425 0.5994094 1.6663385 0.5994094 1 P 0
L 1.6348425 0.636811 1.6348425 0.6860236 1 P 0
L 1.6348425 0.636811 1.6663385 0.636811 1 P 0
L 1.6348425 0.6427165 1.6663385 0.6427165 1 P 0
L 1.6348425 0.6801181 1.6348425 0.7293307 1 P 0
L 1.6348425 0.6801181 1.6663385 0.6801181 1 P 0
L 1.6348425 0.6860236 1.6663385 0.6860236 1 P 0
L 1.6348425 0.7234251 1.6348425 0.7726377 1 P 0
L 1.6348425 0.7234251 1.6663385 0.7234251 1 P 0
L 1.6348425 0.7293307 1.6663385 0.7293307 1 P 0
L 1.6348425 0.7667322 1.6348425 0.8159448 1 P 0
L 1.6348425 0.7667322 1.6663385 0.7667322 1 P 0
L 1.6348425 0.7726377 1.6663385 0.7726377 1 P 0
L 1.6348425 0.8100393 1.6348425 0.8592519 1 P 0
L 1.6348425 0.8100393 1.6663385 0.8100393 1 P 0
L 1.6348425 0.8159448 1.6663385 0.8159448 1 P 0
L 1.6348425 0.8592519 1.6663385 0.8592519 1 P 0
L 1.6427163 0.918307 1.6427163 0.9675196 1 P 0
L 1.6427163 0.9616141 1.6427163 1.0108267 1 P 0
L 1.6427163 1.0049212 1.6427163 1.0541338 1 P 0
L 1.6427163 1.0482283 1.6427163 1.0974409 1 P 0
L 1.6427163 1.0915354 1.6427163 1.140748 1 P 0
L 1.6427163 1.1348425 1.6427163 1.1840551 1 P 0
L 1.6427163 1.1781496 1.6427163 1.2273622 1 P 0
L 1.6427163 1.2214566 1.6427163 1.2706692 1 P 0
L 1.6427163 1.2647637 1.6427163 1.3139763 1 P 0
L 1.6427163 1.3080708 1.6427163 1.3572834 1 P 0
L 1.6427164 0.4202755 1.6427164 0.4694881 1 P 0
L 1.6427164 0.4635826 1.6427164 0.5127952 1 P 0
L 1.6427164 0.5068897 1.6427164 0.5561023 1 P 0
L 1.6427164 0.5501968 1.6427164 0.5994094 1 P 0
L 1.6427164 0.5935039 1.6427164 0.6427165 1 P 0
L 1.6427164 0.636811 1.6427164 0.6860236 1 P 0
L 1.6427164 0.6801181 1.6427164 0.7293307 1 P 0
L 1.6427164 0.7234251 1.6427164 0.7726377 1 P 0
L 1.6427164 0.7667322 1.6427164 0.8159448 1 P 0
L 1.6427164 0.8100393 1.6427164 0.8592519 1 P 0
L 1.6446849 0.9429133 1.6564959 0.9429133 1 P 0
L 1.6446849 0.9862204 1.6564959 0.9862204 1 P 0
L 1.6446849 1.0295275 1.6564959 1.0295275 1 P 0
L 1.6446849 1.0728346 1.6564959 1.0728346 1 P 0
L 1.6446849 1.1161417 1.6564959 1.1161417 1 P 0
L 1.6446849 1.1594488 1.6564959 1.1594488 1 P 0
L 1.6446849 1.2027559 1.6564959 1.2027559 1 P 0
L 1.6446849 1.2460629 1.6564959 1.2460629 1 P 0
L 1.6446849 1.28937 1.6564959 1.28937 1 P 0
L 1.6446849 1.3326771 1.6564959 1.3326771 1 P 0
L 1.644685 0.4448818 1.656496 0.4448818 1 P 0
L 1.644685 0.4881889 1.656496 0.4881889 1 P 0
L 1.644685 0.531496 1.656496 0.531496 1 P 0
L 1.644685 0.5748031 1.656496 0.5748031 1 P 0
L 1.644685 0.6181102 1.656496 0.6181102 1 P 0
L 1.644685 0.6614173 1.656496 0.6614173 1 P 0
L 1.644685 0.7047244 1.656496 0.7047244 1 P 0
L 1.644685 0.7480314 1.656496 0.7480314 1 P 0
L 1.644685 0.7913385 1.656496 0.7913385 1 P 0
L 1.644685 0.8346456 1.656496 0.8346456 1 P 0
L 1.6486219 0.417323 1.6486219 0.448819 1 P 0
L 1.6486219 0.417323 1.6978345 0.417323 1 P 0
L 1.6486219 0.448819 1.6978345 0.448819 1 P 0
L 1.6486219 0.4960632 1.6486219 0.5275592 1 P 0
L 1.6486219 0.4960632 1.6978345 0.4960632 1 P 0
L 1.6486219 0.5275592 1.6978345 0.5275592 1 P 0
L 1.6486219 0.5748033 1.6486219 0.6062993 1 P 0
L 1.6486219 0.5748033 1.6978345 0.5748033 1 P 0
L 1.6486219 0.6062993 1.6978345 0.6062993 1 P 0
L 1.6486219 0.6535435 1.6486219 0.6850395 1 P 0
L 1.6486219 0.6535435 1.6978345 0.6535435 1 P 0
L 1.6486219 0.6850395 1.6978345 0.6850395 1 P 0
L 1.6486219 0.7322836 1.6486219 0.7637796 1 P 0
L 1.6486219 0.7322836 1.6978345 0.7322836 1 P 0
L 1.6486219 0.7637796 1.6978345 0.7637796 1 P 0
L 1.6505904 0.9370078 1.6505904 0.9488188 1 P 0
L 1.6505904 0.9803149 1.6505904 0.9921259 1 P 0
L 1.6505904 1.023622 1.6505904 1.035433 1 P 0
L 1.6505904 1.0669291 1.6505904 1.0787401 1 P 0
L 1.6505904 1.1102362 1.6505904 1.1220472 1 P 0
L 1.6505904 1.1535433 1.6505904 1.1653543 1 P 0
L 1.6505904 1.1968504 1.6505904 1.2086614 1 P 0
L 1.6505904 1.2401574 1.6505904 1.2519684 1 P 0
L 1.6505904 1.2834645 1.6505904 1.2952755 1 P 0
L 1.6505904 1.3267716 1.6505904 1.3385826 1 P 0
L 1.6505905 0.4389763 1.6505905 0.4507873 1 P 0
L 1.6505905 0.4822834 1.6505905 0.4940944 1 P 0
L 1.6505905 0.5255905 1.6505905 0.5374015 1 P 0
L 1.6505905 0.5688976 1.6505905 0.5807086 1 P 0
L 1.6505905 0.6122047 1.6505905 0.6240157 1 P 0
L 1.6505905 0.6555118 1.6505905 0.6673228 1 P 0
L 1.6505905 0.6988189 1.6505905 0.7106299 1 P 0
L 1.6505905 0.7421259 1.6505905 0.7539369 1 P 0
L 1.6505905 0.785433 1.6505905 0.797244 1 P 0
L 1.6505905 0.8287401 1.6505905 0.8405511 1 P 0
L 1.6574803 0.8848424 1.6574803 0.934055 1 P 0
L 1.6574803 0.8848424 1.6889763 0.8848424 1 P 0
L 1.6574803 0.934055 1.6889763 0.934055 1 P 0
L 1.6574803 0.9852362 1.6574803 1.0344488 1 P 0
L 1.6574803 0.9852362 1.6889763 0.9852362 1 P 0
L 1.6574803 1.0344488 1.6889763 1.0344488 1 P 0
L 1.6574803 1.0856299 1.6574803 1.1348425 1 P 0
L 1.6574803 1.0856299 1.6889763 1.0856299 1 P 0
L 1.6574803 1.1348425 1.6889763 1.1348425 1 P 0
L 1.6663384 0.918307 1.6663384 0.9675196 1 P 0
L 1.6663384 0.9616141 1.6663384 1.0108267 1 P 0
L 1.6663384 1.0049212 1.6663384 1.0541338 1 P 0
L 1.6663384 1.0482283 1.6663384 1.0974409 1 P 0
L 1.6663384 1.0915354 1.6663384 1.140748 1 P 0
L 1.6663384 1.1348425 1.6663384 1.1840551 1 P 0
L 1.6663384 1.1781496 1.6663384 1.2273622 1 P 0
L 1.6663384 1.2214566 1.6663384 1.2706692 1 P 0
L 1.6663384 1.2647637 1.6663384 1.3139763 1 P 0
L 1.6663384 1.3080708 1.6663384 1.3572834 1 P 0
L 1.6663385 0.4202755 1.6663385 0.4694881 1 P 0
L 1.6663385 0.4635826 1.6663385 0.5127952 1 P 0
L 1.6663385 0.5068897 1.6663385 0.5561023 1 P 0
L 1.6663385 0.5501968 1.6663385 0.5994094 1 P 0
L 1.6663385 0.5935039 1.6663385 0.6427165 1 P 0
L 1.6663385 0.636811 1.6663385 0.6860236 1 P 0
L 1.6663385 0.6801181 1.6663385 0.7293307 1 P 0
L 1.6663385 0.7234251 1.6663385 0.7726377 1 P 0
L 1.6663385 0.7667322 1.6663385 0.8159448 1 P 0
L 1.6663385 0.8100393 1.6663385 0.8592519 1 P 0
L 1.6673227 0.433071 1.6791337 0.433071 1 P 0
L 1.6673227 0.5118112 1.6791337 0.5118112 1 P 0
L 1.6673227 0.5905513 1.6791337 0.5905513 1 P 0
L 1.6673227 0.6692915 1.6791337 0.6692915 1 P 0
L 1.6673227 0.7480316 1.6791337 0.7480316 1 P 0
L 1.6673228 0.9094487 1.6791338 0.9094487 1 P 0
L 1.6673228 1.0098425 1.6791338 1.0098425 1 P 0
L 1.6673228 1.1102362 1.6791338 1.1102362 1 P 0
L 1.6732282 0.4271655 1.6732282 0.4389765 1 P 0
L 1.6732282 0.5059057 1.6732282 0.5177167 1 P 0
L 1.6732282 0.5846458 1.6732282 0.5964568 1 P 0
L 1.6732282 0.663386 1.6732282 0.675197 1 P 0
L 1.6732282 0.7421261 1.6732282 0.7539371 1 P 0
L 1.6732283 0.9035432 1.6732283 0.9153542 1 P 0
L 1.6732283 1.003937 1.6732283 1.015748 1 P 0
L 1.6732283 1.1043307 1.6732283 1.1161417 1 P 0
L 1.6732284 3.1692914 1.6732284 3.9173228 0 P 0
L 1.6732284 3.1692914 2.4212598 3.1692914 0 P 0
L 1.6732284 3.9173228 2.4212598 3.9173228 0 P 0
L 1.6889763 0.8848424 1.6889763 0.934055 1 P 0
L 1.6889763 0.9852362 1.6889763 1.0344488 1 P 0
L 1.6889763 1.0856299 1.6889763 1.1348425 1 P 0
L 1.6978345 0.417323 1.6978345 0.448819 1 P 0
L 1.6978345 0.4960632 1.6978345 0.5275592 1 P 0
L 1.6978345 0.5748033 1.6978345 0.6062993 1 P 0
L 1.6978345 0.6535435 1.6978345 0.6850395 1 P 0
L 1.6978345 0.7322836 1.6978345 0.7637796 1 P 0
L 1.7470472 0.417323 1.7470472 0.448819 1 P 0
L 1.7470472 0.417323 1.7962598 0.417323 1 P 0
L 1.7470472 0.448819 1.7962598 0.448819 1 P 0
L 1.7470472 0.4960632 1.7470472 0.5275592 1 P 0
L 1.7470472 0.4960632 1.7962598 0.4960632 1 P 0
L 1.7470472 0.5275592 1.7962598 0.5275592 1 P 0
L 1.7470472 0.5748033 1.7470472 0.6062993 1 P 0
L 1.7470472 0.5748033 1.7962598 0.5748033 1 P 0
L 1.7470472 0.6062993 1.7962598 0.6062993 1 P 0
L 1.7470472 0.6535435 1.7470472 0.6850395 1 P 0
L 1.7470472 0.6535435 1.7962598 0.6535435 1 P 0
L 1.7470472 0.6850395 1.7962598 0.6850395 1 P 0
L 1.7470472 0.7322836 1.7470472 0.7637796 1 P 0
L 1.7470472 0.7322836 1.7962598 0.7322836 1 P 0
L 1.7470472 0.7637796 1.7962598 0.7637796 1 P 0
L 1.7559055 0.8848424 1.7559055 0.934055 1 P 0
L 1.7559055 0.8848424 1.7874015 0.8848424 1 P 0
L 1.7559055 0.934055 1.7874015 0.934055 1 P 0
L 1.7559055 0.9852362 1.7559055 1.0344488 1 P 0
L 1.7559055 0.9852362 1.7874015 0.9852362 1 P 0
L 1.7559055 1.0344488 1.7874015 1.0344488 1 P 0
L 1.7559055 1.0856299 1.7559055 1.1348425 1 P 0
L 1.7559055 1.0856299 1.7874015 1.0856299 1 P 0
L 1.7559055 1.1348425 1.7874015 1.1348425 1 P 0
L 1.765748 0.433071 1.777559 0.433071 1 P 0
L 1.765748 0.5118112 1.777559 0.5118112 1 P 0
L 1.765748 0.5905513 1.777559 0.5905513 1 P 0
L 1.765748 0.6692915 1.777559 0.6692915 1 P 0
L 1.765748 0.7480316 1.777559 0.7480316 1 P 0
L 1.765748 0.9094487 1.777559 0.9094487 1 P 0
L 1.765748 1.0098425 1.777559 1.0098425 1 P 0
L 1.765748 1.1102362 1.777559 1.1102362 1 P 0
L 1.7716535 0.4271655 1.7716535 0.4389765 1 P 0
L 1.7716535 0.5059057 1.7716535 0.5177167 1 P 0
L 1.7716535 0.5846458 1.7716535 0.5964568 1 P 0
L 1.7716535 0.663386 1.7716535 0.675197 1 P 0
L 1.7716535 0.7421261 1.7716535 0.7539371 1 P 0
L 1.7716535 0.9035432 1.7716535 0.9153542 1 P 0
L 1.7716535 1.003937 1.7716535 1.015748 1 P 0
L 1.7716535 1.1043307 1.7716535 1.1161417 1 P 0
L 1.7874015 0.8848424 1.7874015 0.934055 1 P 0
L 1.7874015 0.9852362 1.7874015 1.0344488 1 P 0
L 1.7874015 1.0856299 1.7874015 1.1348425 1 P 0
L 1.7962598 0.417323 1.7962598 0.448819 1 P 0
L 1.7962598 0.4960632 1.7962598 0.5275592 1 P 0
L 1.7962598 0.5748033 1.7962598 0.6062993 1 P 0
L 1.7962598 0.6535435 1.7962598 0.6850395 1 P 0
L 1.7962598 0.7322836 1.7962598 0.7637796 1 P 0
L 1.8218504 0.5915356 1.8218504 0.6683072 1 P 0
L 1.8218504 0.5915356 1.863189 0.5915356 1 P 0
L 1.8218504 0.6663388 1.8218504 0.7431104 1 P 0
L 1.8218504 0.6663388 1.863189 0.6663388 1 P 0
L 1.8218504 0.6683072 1.863189 0.6683072 1 P 0
L 1.8218504 0.7411419 1.8218504 0.8179135 1 P 0
L 1.8218504 0.7411419 1.863189 0.7411419 1 P 0
L 1.8218504 0.7431104 1.863189 0.7431104 1 P 0
L 1.8218504 0.8159451 1.8218504 0.8927167 1 P 0
L 1.8218504 0.8159451 1.863189 0.8159451 1 P 0
L 1.8218504 0.8179135 1.863189 0.8179135 1 P 0
L 1.8218504 0.8907482 1.8218504 0.9675198 1 P 0
L 1.8218504 0.8907482 1.863189 0.8907482 1 P 0
L 1.8218504 0.8927167 1.863189 0.8927167 1 P 0
L 1.8218504 0.9655514 1.8218504 1.042323 1 P 0
L 1.8218504 0.9655514 1.863189 0.9655514 1 P 0
L 1.8218504 0.9675198 1.863189 0.9675198 1 P 0
L 1.8218504 1.0403545 1.8218504 1.1171261 1 P 0
L 1.8218504 1.0403545 1.863189 1.0403545 1 P 0
L 1.8218504 1.042323 1.863189 1.042323 1 P 0
L 1.8218504 1.1151577 1.8218504 1.1919293 1 P 0
L 1.8218504 1.1151577 1.863189 1.1151577 1 P 0
L 1.8218504 1.1171261 1.863189 1.1171261 1 P 0
L 1.8218504 1.1899608 1.8218504 1.2667324 1 P 0
L 1.8218504 1.1899608 1.863189 1.1899608 1 P 0
L 1.8218504 1.1919293 1.863189 1.1919293 1 P 0
L 1.8218504 1.264764 1.8218504 1.3415356 1 P 0
L 1.8218504 1.264764 1.863189 1.264764 1 P 0
L 1.8218504 1.2667324 1.863189 1.2667324 1 P 0
L 1.8218504 1.3415356 1.863189 1.3415356 1 P 0
L 1.8218505 0.4399608 1.8218505 0.5167324 1 P 0
L 1.8218505 0.4399608 1.8631891 0.4399608 1 P 0
L 1.8218505 0.514764 1.8218505 0.5915356 1 P 0
L 1.8218505 0.514764 1.8631891 0.514764 1 P 0
L 1.8218505 0.5167324 1.8631891 0.5167324 1 P 0
L 1.8218505 0.5915356 1.8631891 0.5915356 1 P 0
L 1.8375984 0.6299214 1.847441 0.6299214 1 P 0
L 1.8375984 0.7047246 1.847441 0.7047246 1 P 0
L 1.8375984 0.7795277 1.847441 0.7795277 1 P 0
L 1.8375984 0.8543309 1.847441 0.8543309 1 P 0
L 1.8375984 0.929134 1.847441 0.929134 1 P 0
L 1.8375984 1.0039372 1.847441 1.0039372 1 P 0
L 1.8375984 1.0787403 1.847441 1.0787403 1 P 0
L 1.8375984 1.1535435 1.847441 1.1535435 1 P 0
L 1.8375984 1.2283466 1.847441 1.2283466 1 P 0
L 1.8375984 1.3031498 1.847441 1.3031498 1 P 0
L 1.8375985 0.4783466 1.8474411 0.4783466 1 P 0
L 1.8375985 0.5531498 1.8474411 0.5531498 1 P 0
L 1.8425197 0.6250001 1.8425197 0.6348427 1 P 0
L 1.8425197 0.6998033 1.8425197 0.7096459 1 P 0
L 1.8425197 0.7746064 1.8425197 0.784449 1 P 0
L 1.8425197 0.8494096 1.8425197 0.8592522 1 P 0
L 1.8425197 0.9242127 1.8425197 0.9340553 1 P 0
L 1.8425197 0.9990159 1.8425197 1.0088585 1 P 0
L 1.8425197 1.073819 1.8425197 1.0836616 1 P 0
L 1.8425197 1.1486222 1.8425197 1.1584648 1 P 0
L 1.8425197 1.2234253 1.8425197 1.2332679 1 P 0
L 1.8425197 1.2982285 1.8425197 1.3080711 1 P 0
L 1.8425198 0.4734253 1.8425198 0.4832679 1 P 0
L 1.8425198 0.5482285 1.8425198 0.5580711 1 P 0
L 1.8612205 0.5915356 1.8612205 0.6683072 1 P 0
L 1.8612205 0.5915356 1.9025591 0.5915356 1 P 0
L 1.8612205 0.6663388 1.8612205 0.7431104 1 P 0
L 1.8612205 0.6663388 1.9025591 0.6663388 1 P 0
L 1.8612205 0.6683072 1.9025591 0.6683072 1 P 0
L 1.8612205 0.7411419 1.8612205 0.8179135 1 P 0
L 1.8612205 0.7411419 1.9025591 0.7411419 1 P 0
L 1.8612205 0.7431104 1.9025591 0.7431104 1 P 0
L 1.8612205 0.8159451 1.8612205 0.8927167 1 P 0
L 1.8612205 0.8159451 1.9025591 0.8159451 1 P 0
L 1.8612205 0.8179135 1.9025591 0.8179135 1 P 0
L 1.8612205 0.8907482 1.8612205 0.9675198 1 P 0
L 1.8612205 0.8907482 1.9025591 0.8907482 1 P 0
L 1.8612205 0.8927167 1.9025591 0.8927167 1 P 0
L 1.8612205 0.9655514 1.8612205 1.042323 1 P 0
L 1.8612205 0.9655514 1.9025591 0.9655514 1 P 0
L 1.8612205 0.9675198 1.9025591 0.9675198 1 P 0
L 1.8612205 1.0403545 1.8612205 1.1171261 1 P 0
L 1.8612205 1.0403545 1.9025591 1.0403545 1 P 0
L 1.8612205 1.042323 1.9025591 1.042323 1 P 0
L 1.8612205 1.1151577 1.8612205 1.1919293 1 P 0
L 1.8612205 1.1151577 1.9025591 1.1151577 1 P 0
L 1.8612205 1.1171261 1.9025591 1.1171261 1 P 0
L 1.8612205 1.1899608 1.8612205 1.2667324 1 P 0
L 1.8612205 1.1899608 1.9025591 1.1899608 1 P 0
L 1.8612205 1.1919293 1.9025591 1.1919293 1 P 0
L 1.8612205 1.264764 1.8612205 1.3415356 1 P 0
L 1.8612205 1.264764 1.9025591 1.264764 1 P 0
L 1.8612205 1.2667324 1.9025591 1.2667324 1 P 0
L 1.8612205 1.3415356 1.9025591 1.3415356 1 P 0
L 1.8612206 0.4399608 1.8612206 0.5167324 1 P 0
L 1.8612206 0.4399608 1.9025592 0.4399608 1 P 0
L 1.8612206 0.514764 1.8612206 0.5915356 1 P 0
L 1.8612206 0.514764 1.9025592 0.514764 1 P 0
L 1.8612206 0.5167324 1.9025592 0.5167324 1 P 0
L 1.8612206 0.5915356 1.9025592 0.5915356 1 P 0
L 1.863189 0.5915356 1.863189 0.6683072 1 P 0
L 1.863189 0.6663388 1.863189 0.7431104 1 P 0
L 1.863189 0.7411419 1.863189 0.8179135 1 P 0
L 1.863189 0.8159451 1.863189 0.8927167 1 P 0
L 1.863189 0.8907482 1.863189 0.9675198 1 P 0
L 1.863189 0.9655514 1.863189 1.042323 1 P 0
L 1.863189 1.0403545 1.863189 1.1171261 1 P 0
L 1.863189 1.1151577 1.863189 1.1919293 1 P 0
L 1.863189 1.1899608 1.863189 1.2667324 1 P 0
L 1.863189 1.264764 1.863189 1.3415356 1 P 0
L 1.8631891 0.4399608 1.8631891 0.5167324 1 P 0
L 1.8631891 0.514764 1.8631891 0.5915356 1 P 0
L 1.8769685 0.6299214 1.8868111 0.6299214 1 P 0
L 1.8769685 0.7047246 1.8868111 0.7047246 1 P 0
L 1.8769685 0.7795277 1.8868111 0.7795277 1 P 0
L 1.8769685 0.8543309 1.8868111 0.8543309 1 P 0
L 1.8769685 0.929134 1.8868111 0.929134 1 P 0
L 1.8769685 1.0039372 1.8868111 1.0039372 1 P 0
L 1.8769685 1.0787403 1.8868111 1.0787403 1 P 0
L 1.8769685 1.1535435 1.8868111 1.1535435 1 P 0
L 1.8769685 1.2283466 1.8868111 1.2283466 1 P 0
L 1.8769685 1.3031498 1.8868111 1.3031498 1 P 0
L 1.8769686 0.4783466 1.8868112 0.4783466 1 P 0
L 1.8769686 0.5531498 1.8868112 0.5531498 1 P 0
L 1.8818898 0.6250001 1.8818898 0.6348427 1 P 0
L 1.8818898 0.6998033 1.8818898 0.7096459 1 P 0
L 1.8818898 0.7746064 1.8818898 0.784449 1 P 0
L 1.8818898 0.8494096 1.8818898 0.8592522 1 P 0
L 1.8818898 0.9242127 1.8818898 0.9340553 1 P 0
L 1.8818898 0.9990159 1.8818898 1.0088585 1 P 0
L 1.8818898 1.073819 1.8818898 1.0836616 1 P 0
L 1.8818898 1.1486222 1.8818898 1.1584648 1 P 0
L 1.8818898 1.2234253 1.8818898 1.2332679 1 P 0
L 1.8818898 1.2982285 1.8818898 1.3080711 1 P 0
L 1.8818899 0.4734253 1.8818899 0.4832679 1 P 0
L 1.8818899 0.5482285 1.8818899 0.5580711 1 P 0
L 1.9005906 0.5915356 1.9005906 0.6683072 1 P 0
L 1.9005906 0.5915356 1.9419292 0.5915356 1 P 0
L 1.9005906 0.6663388 1.9005906 0.7431104 1 P 0
L 1.9005906 0.6663388 1.9419292 0.6663388 1 P 0
L 1.9005906 0.6683072 1.9419292 0.6683072 1 P 0
L 1.9005906 0.7411419 1.9005906 0.8179135 1 P 0
L 1.9005906 0.7411419 1.9419292 0.7411419 1 P 0
L 1.9005906 0.7431104 1.9419292 0.7431104 1 P 0
L 1.9005906 0.8159451 1.9005906 0.8927167 1 P 0
L 1.9005906 0.8159451 1.9419292 0.8159451 1 P 0
L 1.9005906 0.8179135 1.9419292 0.8179135 1 P 0
L 1.9005906 0.8907482 1.9005906 0.9675198 1 P 0
L 1.9005906 0.8907482 1.9419292 0.8907482 1 P 0
L 1.9005906 0.8927167 1.9419292 0.8927167 1 P 0
L 1.9005906 0.9655514 1.9005906 1.042323 1 P 0
L 1.9005906 0.9655514 1.9419292 0.9655514 1 P 0
L 1.9005906 0.9675198 1.9419292 0.9675198 1 P 0
L 1.9005906 1.0403545 1.9005906 1.1171261 1 P 0
L 1.9005906 1.0403545 1.9419292 1.0403545 1 P 0
L 1.9005906 1.042323 1.9419292 1.042323 1 P 0
L 1.9005906 1.1151577 1.9005906 1.1919293 1 P 0
L 1.9005906 1.1151577 1.9419292 1.1151577 1 P 0
L 1.9005906 1.1171261 1.9419292 1.1171261 1 P 0
L 1.9005906 1.1899608 1.9005906 1.2667324 1 P 0
L 1.9005906 1.1899608 1.9419292 1.1899608 1 P 0
L 1.9005906 1.1919293 1.9419292 1.1919293 1 P 0
L 1.9005906 1.264764 1.9005906 1.3415356 1 P 0
L 1.9005906 1.264764 1.9419292 1.264764 1 P 0
L 1.9005906 1.2667324 1.9419292 1.2667324 1 P 0
L 1.9005906 1.3415356 1.9419292 1.3415356 1 P 0
L 1.9005907 0.4399608 1.9005907 0.5167324 1 P 0
L 1.9005907 0.4399608 1.9419293 0.4399608 1 P 0
L 1.9005907 0.514764 1.9005907 0.5915356 1 P 0
L 1.9005907 0.514764 1.9419293 0.514764 1 P 0
L 1.9005907 0.5167324 1.9419293 0.5167324 1 P 0
L 1.9005907 0.5915356 1.9419293 0.5915356 1 P 0
L 1.9025591 0.5915356 1.9025591 0.6683072 1 P 0
L 1.9025591 0.6663388 1.9025591 0.7431104 1 P 0
L 1.9025591 0.7411419 1.9025591 0.8179135 1 P 0
L 1.9025591 0.8159451 1.9025591 0.8927167 1 P 0
L 1.9025591 0.8907482 1.9025591 0.9675198 1 P 0
L 1.9025591 0.9655514 1.9025591 1.042323 1 P 0
L 1.9025591 1.0403545 1.9025591 1.1171261 1 P 0
L 1.9025591 1.1151577 1.9025591 1.1919293 1 P 0
L 1.9025591 1.1899608 1.9025591 1.2667324 1 P 0
L 1.9025591 1.264764 1.9025591 1.3415356 1 P 0
L 1.9025592 0.4399608 1.9025592 0.5167324 1 P 0
L 1.9025592 0.514764 1.9025592 0.5915356 1 P 0
L 1.9163386 0.6299214 1.9261812 0.6299214 1 P 0
L 1.9163386 0.7047246 1.9261812 0.7047246 1 P 0
L 1.9163386 0.7795277 1.9261812 0.7795277 1 P 0
L 1.9163386 0.8543309 1.9261812 0.8543309 1 P 0
L 1.9163386 0.929134 1.9261812 0.929134 1 P 0
L 1.9163386 1.0039372 1.9261812 1.0039372 1 P 0
L 1.9163386 1.0787403 1.9261812 1.0787403 1 P 0
L 1.9163386 1.1535435 1.9261812 1.1535435 1 P 0
L 1.9163386 1.2283466 1.9261812 1.2283466 1 P 0
L 1.9163386 1.3031498 1.9261812 1.3031498 1 P 0
L 1.9163387 0.4783466 1.9261813 0.4783466 1 P 0
L 1.9163387 0.5531498 1.9261813 0.5531498 1 P 0
L 1.9212599 0.6250001 1.9212599 0.6348427 1 P 0
L 1.9212599 0.6998033 1.9212599 0.7096459 1 P 0
L 1.9212599 0.7746064 1.9212599 0.784449 1 P 0
L 1.9212599 0.8494096 1.9212599 0.8592522 1 P 0
L 1.9212599 0.9242127 1.9212599 0.9340553 1 P 0
L 1.9212599 0.9990159 1.9212599 1.0088585 1 P 0
L 1.9212599 1.073819 1.9212599 1.0836616 1 P 0
L 1.9212599 1.1486222 1.9212599 1.1584648 1 P 0
L 1.9212599 1.2234253 1.9212599 1.2332679 1 P 0
L 1.9212599 1.2982285 1.9212599 1.3080711 1 P 0
L 1.92126 0.4734253 1.92126 0.4832679 1 P 0
L 1.92126 0.5482285 1.92126 0.5580711 1 P 0
L 1.9399607 0.5915356 1.9399607 0.6683072 1 P 0
L 1.9399607 0.5915356 1.9812993 0.5915356 1 P 0
L 1.9399607 0.6663388 1.9399607 0.7431104 1 P 0
L 1.9399607 0.6663388 1.9812993 0.6663388 1 P 0
L 1.9399607 0.6683072 1.9812993 0.6683072 1 P 0
L 1.9399607 0.7411419 1.9399607 0.8179135 1 P 0
L 1.9399607 0.7411419 1.9812993 0.7411419 1 P 0
L 1.9399607 0.7431104 1.9812993 0.7431104 1 P 0
L 1.9399607 0.8159451 1.9399607 0.8927167 1 P 0
L 1.9399607 0.8159451 1.9812993 0.8159451 1 P 0
L 1.9399607 0.8179135 1.9812993 0.8179135 1 P 0
L 1.9399607 0.8907482 1.9399607 0.9675198 1 P 0
L 1.9399607 0.8907482 1.9812993 0.8907482 1 P 0
L 1.9399607 0.8927167 1.9812993 0.8927167 1 P 0
L 1.9399607 0.9655514 1.9399607 1.042323 1 P 0
L 1.9399607 0.9655514 1.9812993 0.9655514 1 P 0
L 1.9399607 0.9675198 1.9812993 0.9675198 1 P 0
L 1.9399607 1.0403545 1.9399607 1.1171261 1 P 0
L 1.9399607 1.0403545 1.9812993 1.0403545 1 P 0
L 1.9399607 1.042323 1.9812993 1.042323 1 P 0
L 1.9399607 1.1151577 1.9399607 1.1919293 1 P 0
L 1.9399607 1.1151577 1.9812993 1.1151577 1 P 0
L 1.9399607 1.1171261 1.9812993 1.1171261 1 P 0
L 1.9399607 1.1899608 1.9399607 1.2667324 1 P 0
L 1.9399607 1.1899608 1.9812993 1.1899608 1 P 0
L 1.9399607 1.1919293 1.9812993 1.1919293 1 P 0
L 1.9399607 1.264764 1.9399607 1.3415356 1 P 0
L 1.9399607 1.264764 1.9812993 1.264764 1 P 0
L 1.9399607 1.2667324 1.9812993 1.2667324 1 P 0
L 1.9399607 1.3415356 1.9812993 1.3415356 1 P 0
L 1.9399608 0.4399608 1.9399608 0.5167324 1 P 0
L 1.9399608 0.4399608 1.9812994 0.4399608 1 P 0
L 1.9399608 0.514764 1.9399608 0.5915356 1 P 0
L 1.9399608 0.514764 1.9812994 0.514764 1 P 0
L 1.9399608 0.5167324 1.9812994 0.5167324 1 P 0
L 1.9399608 0.5915356 1.9812994 0.5915356 1 P 0
L 1.9419292 0.5915356 1.9419292 0.6683072 1 P 0
L 1.9419292 0.6663388 1.9419292 0.7431104 1 P 0
L 1.9419292 0.7411419 1.9419292 0.8179135 1 P 0
L 1.9419292 0.8159451 1.9419292 0.8927167 1 P 0
L 1.9419292 0.8907482 1.9419292 0.9675198 1 P 0
L 1.9419292 0.9655514 1.9419292 1.042323 1 P 0
L 1.9419292 1.0403545 1.9419292 1.1171261 1 P 0
L 1.9419292 1.1151577 1.9419292 1.1919293 1 P 0
L 1.9419292 1.1899608 1.9419292 1.2667324 1 P 0
L 1.9419292 1.264764 1.9419292 1.3415356 1 P 0
L 1.9419293 0.4399608 1.9419293 0.5167324 1 P 0
L 1.9419293 0.514764 1.9419293 0.5915356 1 P 0
L 1.9557087 0.6299214 1.9655513 0.6299214 1 P 0
L 1.9557087 0.7047246 1.9655513 0.7047246 1 P 0
L 1.9557087 0.7795277 1.9655513 0.7795277 1 P 0
L 1.9557087 0.8543309 1.9655513 0.8543309 1 P 0
L 1.9557087 0.929134 1.9655513 0.929134 1 P 0
L 1.9557087 1.0039372 1.9655513 1.0039372 1 P 0
L 1.9557087 1.0787403 1.9655513 1.0787403 1 P 0
L 1.9557087 1.1535435 1.9655513 1.1535435 1 P 0
L 1.9557087 1.2283466 1.9655513 1.2283466 1 P 0
L 1.9557087 1.3031498 1.9655513 1.3031498 1 P 0
L 1.9557088 0.4783466 1.9655514 0.4783466 1 P 0
L 1.9557088 0.5531498 1.9655514 0.5531498 1 P 0
L 1.96063 0.6250001 1.96063 0.6348427 1 P 0
L 1.96063 0.6998033 1.96063 0.7096459 1 P 0
L 1.96063 0.7746064 1.96063 0.784449 1 P 0
L 1.96063 0.8494096 1.96063 0.8592522 1 P 0
L 1.96063 0.9242127 1.96063 0.9340553 1 P 0
L 1.96063 0.9990159 1.96063 1.0088585 1 P 0
L 1.96063 1.073819 1.96063 1.0836616 1 P 0
L 1.96063 1.1486222 1.96063 1.1584648 1 P 0
L 1.96063 1.2234253 1.96063 1.2332679 1 P 0
L 1.96063 1.2982285 1.96063 1.3080711 1 P 0
L 1.9606301 0.4734253 1.9606301 0.4832679 1 P 0
L 1.9606301 0.5482285 1.9606301 0.5580711 1 P 0
L 1.9694883 0.4124016 1.9694883 0.4537402 1 P 0
L 1.9694883 0.4124016 2.0462599 0.4124016 1 P 0
L 1.9694883 0.4537402 2.0462599 0.4537402 1 P 0
L 1.9694883 0.4911418 1.9694883 0.5324804 1 P 0
L 1.9694883 0.4911418 2.0462599 0.4911418 1 P 0
L 1.9694883 0.5324804 2.0462599 0.5324804 1 P 0
L 1.9694883 0.6486221 1.9694883 0.6899607 1 P 0
L 1.9694883 0.6486221 2.0462599 0.6486221 1 P 0
L 1.9694883 0.6899607 2.0462599 0.6899607 1 P 0
L 1.9694883 0.7273622 1.9694883 0.7687008 1 P 0
L 1.9694883 0.7273622 2.0462599 0.7273622 1 P 0
L 1.9694883 0.7687008 2.0462599 0.7687008 1 P 0
L 1.9694884 0.5698819 1.9694884 0.6112205 1 P 0
L 1.9694884 0.5698819 2.04626 0.5698819 1 P 0
L 1.9694884 0.6112205 2.04626 0.6112205 1 P 0
L 1.9793308 0.5915356 1.9793308 0.6683072 1 P 0
L 1.9793308 0.5915356 2.0206694 0.5915356 1 P 0
L 1.9793308 0.6663388 1.9793308 0.7431104 1 P 0
L 1.9793308 0.6663388 2.0206694 0.6663388 1 P 0
L 1.9793308 0.6683072 2.0206694 0.6683072 1 P 0
L 1.9793308 0.7411419 1.9793308 0.8179135 1 P 0
L 1.9793308 0.7411419 2.0206694 0.7411419 1 P 0
L 1.9793308 0.7431104 2.0206694 0.7431104 1 P 0
L 1.9793308 0.8159451 1.9793308 0.8927167 1 P 0
L 1.9793308 0.8159451 2.0206694 0.8159451 1 P 0
L 1.9793308 0.8179135 2.0206694 0.8179135 1 P 0
L 1.9793308 0.8907482 1.9793308 0.9675198 1 P 0
L 1.9793308 0.8907482 2.0206694 0.8907482 1 P 0
L 1.9793308 0.8927167 2.0206694 0.8927167 1 P 0
L 1.9793308 0.9655514 1.9793308 1.042323 1 P 0
L 1.9793308 0.9655514 2.0206694 0.9655514 1 P 0
L 1.9793308 0.9675198 2.0206694 0.9675198 1 P 0
L 1.9793308 1.0403545 1.9793308 1.1171261 1 P 0
L 1.9793308 1.0403545 2.0206694 1.0403545 1 P 0
L 1.9793308 1.042323 2.0206694 1.042323 1 P 0
L 1.9793308 1.1151577 1.9793308 1.1919293 1 P 0
L 1.9793308 1.1151577 2.0206694 1.1151577 1 P 0
L 1.9793308 1.1171261 2.0206694 1.1171261 1 P 0
L 1.9793308 1.1899608 1.9793308 1.2667324 1 P 0
L 1.9793308 1.1899608 2.0206694 1.1899608 1 P 0
L 1.9793308 1.1919293 2.0206694 1.1919293 1 P 0
L 1.9793308 1.264764 1.9793308 1.3415356 1 P 0
L 1.9793308 1.264764 2.0206694 1.264764 1 P 0
L 1.9793308 1.2667324 2.0206694 1.2667324 1 P 0
L 1.9793308 1.3415356 2.0206694 1.3415356 1 P 0
L 1.9793309 0.4399608 1.9793309 0.5167324 1 P 0
L 1.9793309 0.4399608 2.0206695 0.4399608 1 P 0
L 1.9793309 0.514764 1.9793309 0.5915356 1 P 0
L 1.9793309 0.514764 2.0206695 0.514764 1 P 0
L 1.9793309 0.5167324 2.0206695 0.5167324 1 P 0
L 1.9793309 0.5915356 2.0206695 0.5915356 1 P 0
L 1.9812993 0.5915356 1.9812993 0.6683072 1 P 0
L 1.9812993 0.6663388 1.9812993 0.7431104 1 P 0
L 1.9812993 0.7411419 1.9812993 0.8179135 1 P 0
L 1.9812993 0.8159451 1.9812993 0.8927167 1 P 0
L 1.9812993 0.8907482 1.9812993 0.9675198 1 P 0
L 1.9812993 0.9655514 1.9812993 1.042323 1 P 0
L 1.9812993 1.0403545 1.9812993 1.1171261 1 P 0
L 1.9812993 1.1151577 1.9812993 1.1919293 1 P 0
L 1.9812993 1.1899608 1.9812993 1.2667324 1 P 0
L 1.9812993 1.264764 1.9812993 1.3415356 1 P 0
L 1.9812994 0.4399608 1.9812994 0.5167324 1 P 0
L 1.9812994 0.514764 1.9812994 0.5915356 1 P 0
L 1.9872048 0.8868111 1.9872048 0.9635827 1 P 0
L 1.9872048 0.8868111 2.0285434 0.8868111 1 P 0
L 1.9872048 0.9635827 2.0285434 0.9635827 1 P 0
L 1.9872048 1.0442913 1.9872048 1.1210629 1 P 0
L 1.9872048 1.0442913 2.0285434 1.0442913 1 P 0
L 1.9872048 1.1210629 2.0285434 1.1210629 1 P 0
L 1.988189 3.5433071 2.1062992 3.5433071 0 P 0
L 1.9950788 0.6299214 2.0049214 0.6299214 1 P 0
L 1.9950788 0.7047246 2.0049214 0.7047246 1 P 0
L 1.9950788 0.7795277 2.0049214 0.7795277 1 P 0
L 1.9950788 0.8543309 2.0049214 0.8543309 1 P 0
L 1.9950788 0.929134 2.0049214 0.929134 1 P 0
L 1.9950788 1.0039372 2.0049214 1.0039372 1 P 0
L 1.9950788 1.0787403 2.0049214 1.0787403 1 P 0
L 1.9950788 1.1535435 2.0049214 1.1535435 1 P 0
L 1.9950788 1.2283466 2.0049214 1.2283466 1 P 0
L 1.9950788 1.3031498 2.0049214 1.3031498 1 P 0
L 1.9950789 0.4783466 2.0049215 0.4783466 1 P 0
L 1.9950789 0.5531498 2.0049215 0.5531498 1 P 0
L 2.0000001 0.6250001 2.0000001 0.6348427 1 P 0
L 2.0000001 0.6998033 2.0000001 0.7096459 1 P 0
L 2.0000001 0.7746064 2.0000001 0.784449 1 P 0
L 2.0000001 0.8494096 2.0000001 0.8592522 1 P 0
L 2.0000001 0.9242127 2.0000001 0.9340553 1 P 0
L 2.0000001 0.9990159 2.0000001 1.0088585 1 P 0
L 2.0000001 1.073819 2.0000001 1.0836616 1 P 0
L 2.0000001 1.1486222 2.0000001 1.1584648 1 P 0
L 2.0000001 1.2234253 2.0000001 1.2332679 1 P 0
L 2.0000001 1.2982285 2.0000001 1.3080711 1 P 0
L 2.0000002 0.4734253 2.0000002 0.4832679 1 P 0
L 2.0000002 0.5482285 2.0000002 0.5580711 1 P 0
L 2.0029528 0.4330709 2.0127954 0.4330709 1 P 0
L 2.0029528 0.5118111 2.0127954 0.5118111 1 P 0
L 2.0029528 0.6692914 2.0127954 0.6692914 1 P 0
L 2.0029528 0.7480315 2.0127954 0.7480315 1 P 0
L 2.0029528 0.9251969 2.0127954 0.9251969 1 P 0
L 2.0029528 1.0826771 2.0127954 1.0826771 1 P 0
L 2.0029529 0.5905512 2.0127955 0.5905512 1 P 0
L 2.0078741 0.4281496 2.0078741 0.4379922 1 P 0
L 2.0078741 0.5068898 2.0078741 0.5167324 1 P 0
L 2.0078741 0.6643701 2.0078741 0.6742127 1 P 0
L 2.0078741 0.7431102 2.0078741 0.7529528 1 P 0
L 2.0078741 0.9202756 2.0078741 0.9301182 1 P 0
L 2.0078741 1.0777558 2.0078741 1.0875984 1 P 0
L 2.0078742 0.5856299 2.0078742 0.5954725 1 P 0
L 2.0187008 0.5915356 2.0187008 0.6683072 1 P 0
L 2.0187008 0.5915356 2.0600394 0.5915356 1 P 0
L 2.0187008 0.6663388 2.0187008 0.7431104 1 P 0
L 2.0187008 0.6663388 2.0600394 0.6663388 1 P 0
L 2.0187008 0.6683072 2.0600394 0.6683072 1 P 0
L 2.0187008 0.7411419 2.0187008 0.8179135 1 P 0
L 2.0187008 0.7411419 2.0600394 0.7411419 1 P 0
L 2.0187008 0.7431104 2.0600394 0.7431104 1 P 0
L 2.0187008 0.8159451 2.0187008 0.8927167 1 P 0
L 2.0187008 0.8159451 2.0600394 0.8159451 1 P 0
L 2.0187008 0.8179135 2.0600394 0.8179135 1 P 0
L 2.0187008 0.8907482 2.0187008 0.9675198 1 P 0
L 2.0187008 0.8907482 2.0600394 0.8907482 1 P 0
L 2.0187008 0.8927167 2.0600394 0.8927167 1 P 0
L 2.0187008 0.9655514 2.0187008 1.042323 1 P 0
L 2.0187008 0.9655514 2.0600394 0.9655514 1 P 0
L 2.0187008 0.9675198 2.0600394 0.9675198 1 P 0
L 2.0187008 1.0403545 2.0187008 1.1171261 1 P 0
L 2.0187008 1.0403545 2.0600394 1.0403545 1 P 0
L 2.0187008 1.042323 2.0600394 1.042323 1 P 0
L 2.0187008 1.1151577 2.0187008 1.1919293 1 P 0
L 2.0187008 1.1151577 2.0600394 1.1151577 1 P 0
L 2.0187008 1.1171261 2.0600394 1.1171261 1 P 0
L 2.0187008 1.1899608 2.0187008 1.2667324 1 P 0
L 2.0187008 1.1899608 2.0600394 1.1899608 1 P 0
L 2.0187008 1.1919293 2.0600394 1.1919293 1 P 0
L 2.0187008 1.264764 2.0187008 1.3415356 1 P 0
L 2.0187008 1.264764 2.0600394 1.264764 1 P 0
L 2.0187008 1.2667324 2.0600394 1.2667324 1 P 0
L 2.0187008 1.3415356 2.0600394 1.3415356 1 P 0
L 2.0187009 0.4399608 2.0187009 0.5167324 1 P 0
L 2.0187009 0.4399608 2.0600395 0.4399608 1 P 0
L 2.0187009 0.514764 2.0187009 0.5915356 1 P 0
L 2.0187009 0.514764 2.0600395 0.514764 1 P 0
L 2.0187009 0.5167324 2.0600395 0.5167324 1 P 0
L 2.0187009 0.5915356 2.0600395 0.5915356 1 P 0
L 2.0206694 0.5915356 2.0206694 0.6683072 1 P 0
L 2.0206694 0.6663388 2.0206694 0.7431104 1 P 0
L 2.0206694 0.7411419 2.0206694 0.8179135 1 P 0
L 2.0206694 0.8159451 2.0206694 0.8927167 1 P 0
L 2.0206694 0.8907482 2.0206694 0.9675198 1 P 0
L 2.0206694 0.9655514 2.0206694 1.042323 1 P 0
L 2.0206694 1.0403545 2.0206694 1.1171261 1 P 0
L 2.0206694 1.1151577 2.0206694 1.1919293 1 P 0
L 2.0206694 1.1899608 2.0206694 1.2667324 1 P 0
L 2.0206694 1.264764 2.0206694 1.3415356 1 P 0
L 2.0206695 0.4399608 2.0206695 0.5167324 1 P 0
L 2.0206695 0.514764 2.0206695 0.5915356 1 P 0
L 2.0285434 0.8868111 2.0285434 0.9635827 1 P 0
L 2.0285434 1.0442913 2.0285434 1.1210629 1 P 0
L 2.0344488 0.6299214 2.0442914 0.6299214 1 P 0
L 2.0344488 0.7047246 2.0442914 0.7047246 1 P 0
L 2.0344488 0.7795277 2.0442914 0.7795277 1 P 0
L 2.0344488 0.8543309 2.0442914 0.8543309 1 P 0
L 2.0344488 0.929134 2.0442914 0.929134 1 P 0
L 2.0344488 1.0039372 2.0442914 1.0039372 1 P 0
L 2.0344488 1.0787403 2.0442914 1.0787403 1 P 0
L 2.0344488 1.1535435 2.0442914 1.1535435 1 P 0
L 2.0344488 1.2283466 2.0442914 1.2283466 1 P 0
L 2.0344488 1.3031498 2.0442914 1.3031498 1 P 0
L 2.0344489 0.4783466 2.0442915 0.4783466 1 P 0
L 2.0344489 0.5531498 2.0442915 0.5531498 1 P 0
L 2.0393701 0.6250001 2.0393701 0.6348427 1 P 0
L 2.0393701 0.6998033 2.0393701 0.7096459 1 P 0
L 2.0393701 0.7746064 2.0393701 0.784449 1 P 0
L 2.0393701 0.8494096 2.0393701 0.8592522 1 P 0
L 2.0393701 0.9242127 2.0393701 0.9340553 1 P 0
L 2.0393701 0.9990159 2.0393701 1.0088585 1 P 0
L 2.0393701 1.073819 2.0393701 1.0836616 1 P 0
L 2.0393701 1.1486222 2.0393701 1.1584648 1 P 0
L 2.0393701 1.2234253 2.0393701 1.2332679 1 P 0
L 2.0393701 1.2982285 2.0393701 1.3080711 1 P 0
L 2.0393702 0.4734253 2.0393702 0.4832679 1 P 0
L 2.0393702 0.5482285 2.0393702 0.5580711 1 P 0
L 2.0462599 0.4124016 2.0462599 0.4537402 1 P 0
L 2.0462599 0.4911418 2.0462599 0.5324804 1 P 0
L 2.0462599 0.6486221 2.0462599 0.6899607 1 P 0
L 2.0462599 0.7273622 2.0462599 0.7687008 1 P 0
L 2.04626 0.5698819 2.04626 0.6112205 1 P 0
L 2.0472441 3.484252 2.0472441 3.6023622 0 P 0
L 2.0580709 0.5915356 2.0580709 0.6683072 1 P 0
L 2.0580709 0.5915356 2.0994095 0.5915356 1 P 0
L 2.0580709 0.6663388 2.0580709 0.7431104 1 P 0
L 2.0580709 0.6663388 2.0994095 0.6663388 1 P 0
L 2.0580709 0.6683072 2.0994095 0.6683072 1 P 0
L 2.0580709 0.7411419 2.0580709 0.8179135 1 P 0
L 2.0580709 0.7411419 2.0994095 0.7411419 1 P 0
L 2.0580709 0.7431104 2.0994095 0.7431104 1 P 0
L 2.0580709 0.8159451 2.0580709 0.8927167 1 P 0
L 2.0580709 0.8159451 2.0994095 0.8159451 1 P 0
L 2.0580709 0.8179135 2.0994095 0.8179135 1 P 0
L 2.0580709 0.8907482 2.0580709 0.9675198 1 P 0
L 2.0580709 0.8907482 2.0994095 0.8907482 1 P 0
L 2.0580709 0.8927167 2.0994095 0.8927167 1 P 0
L 2.0580709 0.9655514 2.0580709 1.042323 1 P 0
L 2.0580709 0.9655514 2.0994095 0.9655514 1 P 0
L 2.0580709 0.9675198 2.0994095 0.9675198 1 P 0
L 2.0580709 1.0403545 2.0580709 1.1171261 1 P 0
L 2.0580709 1.0403545 2.0994095 1.0403545 1 P 0
L 2.0580709 1.042323 2.0994095 1.042323 1 P 0
L 2.0580709 1.1151577 2.0580709 1.1919293 1 P 0
L 2.0580709 1.1151577 2.0994095 1.1151577 1 P 0
L 2.0580709 1.1171261 2.0994095 1.1171261 1 P 0
L 2.0580709 1.1899608 2.0580709 1.2667324 1 P 0
L 2.0580709 1.1899608 2.0994095 1.1899608 1 P 0
L 2.0580709 1.1919293 2.0994095 1.1919293 1 P 0
L 2.0580709 1.264764 2.0580709 1.3415356 1 P 0
L 2.0580709 1.264764 2.0994095 1.264764 1 P 0
L 2.0580709 1.2667324 2.0994095 1.2667324 1 P 0
L 2.0580709 1.3415356 2.0994095 1.3415356 1 P 0
L 2.058071 0.4399608 2.058071 0.5167324 1 P 0
L 2.058071 0.4399608 2.0994096 0.4399608 1 P 0
L 2.058071 0.514764 2.058071 0.5915356 1 P 0
L 2.058071 0.514764 2.0994096 0.514764 1 P 0
L 2.058071 0.5167324 2.0994096 0.5167324 1 P 0
L 2.058071 0.5915356 2.0994096 0.5915356 1 P 0
L 2.0600394 0.5915356 2.0600394 0.6683072 1 P 0
L 2.0600394 0.6663388 2.0600394 0.7431104 1 P 0
L 2.0600394 0.7411419 2.0600394 0.8179135 1 P 0
L 2.0600394 0.8159451 2.0600394 0.8927167 1 P 0
L 2.0600394 0.8907482 2.0600394 0.9675198 1 P 0
L 2.0600394 0.9655514 2.0600394 1.042323 1 P 0
L 2.0600394 1.0403545 2.0600394 1.1171261 1 P 0
L 2.0600394 1.1151577 2.0600394 1.1919293 1 P 0
L 2.0600394 1.1899608 2.0600394 1.2667324 1 P 0
L 2.0600394 1.264764 2.0600394 1.3415356 1 P 0
L 2.0600395 0.4399608 2.0600395 0.5167324 1 P 0
L 2.0600395 0.514764 2.0600395 0.5915356 1 P 0
L 2.0738189 0.6299214 2.0836615 0.6299214 1 P 0
L 2.0738189 0.7047246 2.0836615 0.7047246 1 P 0
L 2.0738189 0.7795277 2.0836615 0.7795277 1 P 0
L 2.0738189 0.8543309 2.0836615 0.8543309 1 P 0
L 2.0738189 0.929134 2.0836615 0.929134 1 P 0
L 2.0738189 1.0039372 2.0836615 1.0039372 1 P 0
L 2.0738189 1.0787403 2.0836615 1.0787403 1 P 0
L 2.0738189 1.1535435 2.0836615 1.1535435 1 P 0
L 2.0738189 1.2283466 2.0836615 1.2283466 1 P 0
L 2.0738189 1.3031498 2.0836615 1.3031498 1 P 0
L 2.073819 0.4783466 2.0836616 0.4783466 1 P 0
L 2.073819 0.5531498 2.0836616 0.5531498 1 P 0
L 2.0787402 0.6250001 2.0787402 0.6348427 1 P 0
L 2.0787402 0.6998033 2.0787402 0.7096459 1 P 0
L 2.0787402 0.7746064 2.0787402 0.784449 1 P 0
L 2.0787402 0.8494096 2.0787402 0.8592522 1 P 0
L 2.0787402 0.9242127 2.0787402 0.9340553 1 P 0
L 2.0787402 0.9990159 2.0787402 1.0088585 1 P 0
L 2.0787402 1.073819 2.0787402 1.0836616 1 P 0
L 2.0787402 1.1486222 2.0787402 1.1584648 1 P 0
L 2.0787402 1.2234253 2.0787402 1.2332679 1 P 0
L 2.0787402 1.2982285 2.0787402 1.3080711 1 P 0
L 2.0787403 0.4734253 2.0787403 0.4832679 1 P 0
L 2.0787403 0.5482285 2.0787403 0.5580711 1 P 0
L 2.0875985 0.4124016 2.0875985 0.4537402 1 P 0
L 2.0875985 0.4124016 2.1643701 0.4124016 1 P 0
L 2.0875985 0.4537402 2.1643701 0.4537402 1 P 0
L 2.0875985 0.4911418 2.0875985 0.5324804 1 P 0
L 2.0875985 0.4911418 2.1643701 0.4911418 1 P 0
L 2.0875985 0.5324804 2.1643701 0.5324804 1 P 0
L 2.0875985 0.5698819 2.0875985 0.6112205 1 P 0
L 2.0875985 0.5698819 2.1643701 0.5698819 1 P 0
L 2.0875985 0.6112205 2.1643701 0.6112205 1 P 0
L 2.0875985 0.6486221 2.0875985 0.6899607 1 P 0
L 2.0875985 0.6486221 2.1643701 0.6486221 1 P 0
L 2.0875985 0.6899607 2.1643701 0.6899607 1 P 0
L 2.0875985 0.7273622 2.0875985 0.7687008 1 P 0
L 2.0875985 0.7273622 2.1643701 0.7273622 1 P 0
L 2.0875985 0.7687008 2.1643701 0.7687008 1 P 0
L 2.097441 0.5915356 2.097441 0.6683072 1 P 0
L 2.097441 0.5915356 2.1387796 0.5915356 1 P 0
L 2.097441 0.6663388 2.097441 0.7431104 1 P 0
L 2.097441 0.6663388 2.1387796 0.6663388 1 P 0
L 2.097441 0.6683072 2.1387796 0.6683072 1 P 0
L 2.097441 0.7411419 2.097441 0.8179135 1 P 0
L 2.097441 0.7411419 2.1387796 0.7411419 1 P 0
L 2.097441 0.7431104 2.1387796 0.7431104 1 P 0
L 2.097441 0.8159451 2.097441 0.8927167 1 P 0
L 2.097441 0.8159451 2.1387796 0.8159451 1 P 0
L 2.097441 0.8179135 2.1387796 0.8179135 1 P 0
L 2.097441 0.8907482 2.097441 0.9675198 1 P 0
L 2.097441 0.8907482 2.1387796 0.8907482 1 P 0
L 2.097441 0.8927167 2.1387796 0.8927167 1 P 0
L 2.097441 0.9655514 2.097441 1.042323 1 P 0
L 2.097441 0.9655514 2.1387796 0.9655514 1 P 0
L 2.097441 0.9675198 2.1387796 0.9675198 1 P 0
L 2.097441 1.0403545 2.097441 1.1171261 1 P 0
L 2.097441 1.0403545 2.1387796 1.0403545 1 P 0
L 2.097441 1.042323 2.1387796 1.042323 1 P 0
L 2.097441 1.1151577 2.097441 1.1919293 1 P 0
L 2.097441 1.1151577 2.1387796 1.1151577 1 P 0
L 2.097441 1.1171261 2.1387796 1.1171261 1 P 0
L 2.097441 1.1899608 2.097441 1.2667324 1 P 0
L 2.097441 1.1899608 2.1387796 1.1899608 1 P 0
L 2.097441 1.1919293 2.1387796 1.1919293 1 P 0
L 2.097441 1.264764 2.097441 1.3415356 1 P 0
L 2.097441 1.264764 2.1387796 1.264764 1 P 0
L 2.097441 1.2667324 2.1387796 1.2667324 1 P 0
L 2.097441 1.3415356 2.1387796 1.3415356 1 P 0
L 2.0974411 0.4399608 2.0974411 0.5167324 1 P 0
L 2.0974411 0.4399608 2.1387797 0.4399608 1 P 0
L 2.0974411 0.514764 2.0974411 0.5915356 1 P 0
L 2.0974411 0.514764 2.1387797 0.514764 1 P 0
L 2.0974411 0.5167324 2.1387797 0.5167324 1 P 0
L 2.0974411 0.5915356 2.1387797 0.5915356 1 P 0
L 2.0994095 0.5915356 2.0994095 0.6683072 1 P 0
L 2.0994095 0.6663388 2.0994095 0.7431104 1 P 0
L 2.0994095 0.7411419 2.0994095 0.8179135 1 P 0
L 2.0994095 0.8159451 2.0994095 0.8927167 1 P 0
L 2.0994095 0.8907482 2.0994095 0.9675198 1 P 0
L 2.0994095 0.9655514 2.0994095 1.042323 1 P 0
L 2.0994095 1.0403545 2.0994095 1.1171261 1 P 0
L 2.0994095 1.1151577 2.0994095 1.1919293 1 P 0
L 2.0994095 1.1899608 2.0994095 1.2667324 1 P 0
L 2.0994095 1.264764 2.0994095 1.3415356 1 P 0
L 2.0994096 0.4399608 2.0994096 0.5167324 1 P 0
L 2.0994096 0.514764 2.0994096 0.5915356 1 P 0
L 2.105315 0.8868111 2.105315 0.9635827 1 P 0
L 2.105315 0.8868111 2.1466536 0.8868111 1 P 0
L 2.105315 0.9635827 2.1466536 0.9635827 1 P 0
L 2.105315 1.0442913 2.105315 1.1210629 1 P 0
L 2.105315 1.0442913 2.1466536 1.0442913 1 P 0
L 2.105315 1.1210629 2.1466536 1.1210629 1 P 0
L 2.113189 0.6299214 2.1230316 0.6299214 1 P 0
L 2.113189 0.7047246 2.1230316 0.7047246 1 P 0
L 2.113189 0.7795277 2.1230316 0.7795277 1 P 0
L 2.113189 0.8543309 2.1230316 0.8543309 1 P 0
L 2.113189 0.929134 2.1230316 0.929134 1 P 0
L 2.113189 1.0039372 2.1230316 1.0039372 1 P 0
L 2.113189 1.0787403 2.1230316 1.0787403 1 P 0
L 2.113189 1.1535435 2.1230316 1.1535435 1 P 0
L 2.113189 1.2283466 2.1230316 1.2283466 1 P 0
L 2.113189 1.3031498 2.1230316 1.3031498 1 P 0
L 2.1131891 0.4783466 2.1230317 0.4783466 1 P 0
L 2.1131891 0.5531498 2.1230317 0.5531498 1 P 0
L 2.1181103 0.6250001 2.1181103 0.6348427 1 P 0
L 2.1181103 0.6998033 2.1181103 0.7096459 1 P 0
L 2.1181103 0.7746064 2.1181103 0.784449 1 P 0
L 2.1181103 0.8494096 2.1181103 0.8592522 1 P 0
L 2.1181103 0.9242127 2.1181103 0.9340553 1 P 0
L 2.1181103 0.9990159 2.1181103 1.0088585 1 P 0
L 2.1181103 1.073819 2.1181103 1.0836616 1 P 0
L 2.1181103 1.1486222 2.1181103 1.1584648 1 P 0
L 2.1181103 1.2234253 2.1181103 1.2332679 1 P 0
L 2.1181103 1.2982285 2.1181103 1.3080711 1 P 0
L 2.1181104 0.4734253 2.1181104 0.4832679 1 P 0
L 2.1181104 0.5482285 2.1181104 0.5580711 1 P 0
L 2.121063 0.4330709 2.1309056 0.4330709 1 P 0
L 2.121063 0.5118111 2.1309056 0.5118111 1 P 0
L 2.121063 0.5905512 2.1309056 0.5905512 1 P 0
L 2.121063 0.6692914 2.1309056 0.6692914 1 P 0
L 2.121063 0.7480315 2.1309056 0.7480315 1 P 0
L 2.121063 0.9251969 2.1309056 0.9251969 1 P 0
L 2.121063 1.0826771 2.1309056 1.0826771 1 P 0
L 2.1259843 0.4281496 2.1259843 0.4379922 1 P 0
L 2.1259843 0.5068898 2.1259843 0.5167324 1 P 0
L 2.1259843 0.5856299 2.1259843 0.5954725 1 P 0
L 2.1259843 0.6643701 2.1259843 0.6742127 1 P 0
L 2.1259843 0.7431102 2.1259843 0.7529528 1 P 0
L 2.1259843 0.9202756 2.1259843 0.9301182 1 P 0
L 2.1259843 1.0777558 2.1259843 1.0875984 1 P 0
L 2.1368111 0.5915356 2.1368111 0.6683072 1 P 0
L 2.1368111 0.5915356 2.1781497 0.5915356 1 P 0
L 2.1368111 0.6663388 2.1368111 0.7431104 1 P 0
L 2.1368111 0.6663388 2.1781497 0.6663388 1 P 0
L 2.1368111 0.6683072 2.1781497 0.6683072 1 P 0
L 2.1368111 0.7411419 2.1368111 0.8179135 1 P 0
L 2.1368111 0.7411419 2.1781497 0.7411419 1 P 0
L 2.1368111 0.7431104 2.1781497 0.7431104 1 P 0
L 2.1368111 0.8159451 2.1368111 0.8927167 1 P 0
L 2.1368111 0.8159451 2.1781497 0.8159451 1 P 0
L 2.1368111 0.8179135 2.1781497 0.8179135 1 P 0
L 2.1368111 0.8907482 2.1368111 0.9675198 1 P 0
L 2.1368111 0.8907482 2.1781497 0.8907482 1 P 0
L 2.1368111 0.8927167 2.1781497 0.8927167 1 P 0
L 2.1368111 0.9655513 2.1368111 1.0423229 1 P 0
L 2.1368111 0.9655513 2.1781497 0.9655513 1 P 0
L 2.1368111 0.9675198 2.1781497 0.9675198 1 P 0
L 2.1368111 1.0403545 2.1368111 1.1171261 1 P 0
L 2.1368111 1.0403545 2.1781497 1.0403545 1 P 0
L 2.1368111 1.0423229 2.1781497 1.0423229 1 P 0
L 2.1368111 1.1151577 2.1368111 1.1919293 1 P 0
L 2.1368111 1.1151577 2.1781497 1.1151577 1 P 0
L 2.1368111 1.1171261 2.1781497 1.1171261 1 P 0
L 2.1368111 1.1899608 2.1368111 1.2667324 1 P 0
L 2.1368111 1.1899608 2.1781497 1.1899608 1 P 0
L 2.1368111 1.1919293 2.1781497 1.1919293 1 P 0
L 2.1368111 1.264764 2.1368111 1.3415356 1 P 0
L 2.1368111 1.264764 2.1781497 1.264764 1 P 0
L 2.1368111 1.2667324 2.1781497 1.2667324 1 P 0
L 2.1368111 1.3415356 2.1781497 1.3415356 1 P 0
L 2.1368112 0.4399608 2.1368112 0.5167324 1 P 0
L 2.1368112 0.4399608 2.1781498 0.4399608 1 P 0
L 2.1368112 0.514764 2.1368112 0.5915356 1 P 0
L 2.1368112 0.514764 2.1781498 0.514764 1 P 0
L 2.1368112 0.5167324 2.1781498 0.5167324 1 P 0
L 2.1368112 0.5915356 2.1781498 0.5915356 1 P 0
L 2.1387796 0.5915356 2.1387796 0.6683072 1 P 0
L 2.1387796 0.6663388 2.1387796 0.7431104 1 P 0
L 2.1387796 0.7411419 2.1387796 0.8179135 1 P 0
L 2.1387796 0.8159451 2.1387796 0.8927167 1 P 0
L 2.1387796 0.8907482 2.1387796 0.9675198 1 P 0
L 2.1387796 0.9655514 2.1387796 1.042323 1 P 0
L 2.1387796 1.0403545 2.1387796 1.1171261 1 P 0
L 2.1387796 1.1151577 2.1387796 1.1919293 1 P 0
L 2.1387796 1.1899608 2.1387796 1.2667324 1 P 0
L 2.1387796 1.264764 2.1387796 1.3415356 1 P 0
L 2.1387797 0.4399608 2.1387797 0.5167324 1 P 0
L 2.1387797 0.514764 2.1387797 0.5915356 1 P 0
L 2.1466536 0.8868111 2.1466536 0.9635827 1 P 0
L 2.1466536 1.0442913 2.1466536 1.1210629 1 P 0
L 2.1525591 0.6299214 2.1624017 0.6299214 1 P 0
L 2.1525591 0.7047246 2.1624017 0.7047246 1 P 0
L 2.1525591 0.7795277 2.1624017 0.7795277 1 P 0
L 2.1525591 0.8543309 2.1624017 0.8543309 1 P 0
L 2.1525591 0.929134 2.1624017 0.929134 1 P 0
L 2.1525591 1.0039371 2.1624017 1.0039371 1 P 0
L 2.1525591 1.0787403 2.1624017 1.0787403 1 P 0
L 2.1525591 1.1535435 2.1624017 1.1535435 1 P 0
L 2.1525591 1.2283466 2.1624017 1.2283466 1 P 0
L 2.1525591 1.3031498 2.1624017 1.3031498 1 P 0
L 2.1525592 0.4783466 2.1624018 0.4783466 1 P 0
L 2.1525592 0.5531498 2.1624018 0.5531498 1 P 0
L 2.1574804 0.6250001 2.1574804 0.6348427 1 P 0
L 2.1574804 0.6998033 2.1574804 0.7096459 1 P 0
L 2.1574804 0.7746064 2.1574804 0.784449 1 P 0
L 2.1574804 0.8494096 2.1574804 0.8592522 1 P 0
L 2.1574804 0.9242127 2.1574804 0.9340553 1 P 0
L 2.1574804 0.9990158 2.1574804 1.0088584 1 P 0
L 2.1574804 1.073819 2.1574804 1.0836616 1 P 0
L 2.1574804 1.1486222 2.1574804 1.1584648 1 P 0
L 2.1574804 1.2234253 2.1574804 1.2332679 1 P 0
L 2.1574804 1.2982285 2.1574804 1.3080711 1 P 0
L 2.1574805 0.4734253 2.1574805 0.4832679 1 P 0
L 2.1574805 0.5482285 2.1574805 0.5580711 1 P 0
L 2.1643701 0.4124016 2.1643701 0.4537402 1 P 0
L 2.1643701 0.4911418 2.1643701 0.5324804 1 P 0
L 2.1643701 0.5698819 2.1643701 0.6112205 1 P 0
L 2.1643701 0.6486221 2.1643701 0.6899607 1 P 0
L 2.1643701 0.7273622 2.1643701 0.7687008 1 P 0
L 2.1761812 0.5915356 2.1761812 0.6683072 1 P 0
L 2.1761812 0.5915356 2.2175198 0.5915356 1 P 0
L 2.1761812 0.6663388 2.1761812 0.7431104 1 P 0
L 2.1761812 0.6663388 2.2175198 0.6663388 1 P 0
L 2.1761812 0.6683072 2.2175198 0.6683072 1 P 0
L 2.1761812 0.7411419 2.1761812 0.8179135 1 P 0
L 2.1761812 0.7411419 2.2175198 0.7411419 1 P 0
L 2.1761812 0.7431104 2.2175198 0.7431104 1 P 0
L 2.1761812 0.8159451 2.1761812 0.8927167 1 P 0
L 2.1761812 0.8159451 2.2175198 0.8159451 1 P 0
L 2.1761812 0.8179135 2.2175198 0.8179135 1 P 0
L 2.1761812 0.8907482 2.1761812 0.9675198 1 P 0
L 2.1761812 0.8907482 2.2175198 0.8907482 1 P 0
L 2.1761812 0.8927167 2.2175198 0.8927167 1 P 0
L 2.1761812 0.9655514 2.1761812 1.042323 1 P 0
L 2.1761812 0.9655514 2.2175198 0.9655514 1 P 0
L 2.1761812 0.9675198 2.2175198 0.9675198 1 P 0
L 2.1761812 1.0403545 2.1761812 1.1171261 1 P 0
L 2.1761812 1.0403545 2.2175198 1.0403545 1 P 0
L 2.1761812 1.042323 2.2175198 1.042323 1 P 0
L 2.1761812 1.1151577 2.1761812 1.1919293 1 P 0
L 2.1761812 1.1151577 2.2175198 1.1151577 1 P 0
L 2.1761812 1.1171261 2.2175198 1.1171261 1 P 0
L 2.1761812 1.1899608 2.1761812 1.2667324 1 P 0
L 2.1761812 1.1899608 2.2175198 1.1899608 1 P 0
L 2.1761812 1.1919293 2.2175198 1.1919293 1 P 0
L 2.1761812 1.264764 2.1761812 1.3415356 1 P 0
L 2.1761812 1.264764 2.2175198 1.264764 1 P 0
L 2.1761812 1.2667324 2.2175198 1.2667324 1 P 0
L 2.1761812 1.3415356 2.2175198 1.3415356 1 P 0
L 2.1761813 0.4399608 2.1761813 0.5167324 1 P 0
L 2.1761813 0.4399608 2.2175199 0.4399608 1 P 0
L 2.1761813 0.514764 2.1761813 0.5915356 1 P 0
L 2.1761813 0.514764 2.2175199 0.514764 1 P 0
L 2.1761813 0.5167324 2.2175199 0.5167324 1 P 0
L 2.1761813 0.5915356 2.2175199 0.5915356 1 P 0
L 2.1781497 0.5915356 2.1781497 0.6683072 1 P 0
L 2.1781497 0.6663388 2.1781497 0.7431104 1 P 0
L 2.1781497 0.7411419 2.1781497 0.8179135 1 P 0
L 2.1781497 0.8159451 2.1781497 0.8927167 1 P 0
L 2.1781497 0.8907482 2.1781497 0.9675198 1 P 0
L 2.1781497 0.9655513 2.1781497 1.0423229 1 P 0
L 2.1781497 1.0403545 2.1781497 1.1171261 1 P 0
L 2.1781497 1.1151577 2.1781497 1.1919293 1 P 0
L 2.1781497 1.1899608 2.1781497 1.2667324 1 P 0
L 2.1781497 1.264764 2.1781497 1.3415356 1 P 0
L 2.1781498 0.4399608 2.1781498 0.5167324 1 P 0
L 2.1781498 0.514764 2.1781498 0.5915356 1 P 0
L 2.1919292 0.6299214 2.2017718 0.6299214 1 P 0
L 2.1919292 0.7047246 2.2017718 0.7047246 1 P 0
L 2.1919292 0.7795277 2.2017718 0.7795277 1 P 0
L 2.1919292 0.8543309 2.2017718 0.8543309 1 P 0
L 2.1919292 0.929134 2.2017718 0.929134 1 P 0
L 2.1919292 1.0039372 2.2017718 1.0039372 1 P 0
L 2.1919292 1.0787403 2.2017718 1.0787403 1 P 0
L 2.1919292 1.1535435 2.2017718 1.1535435 1 P 0
L 2.1919292 1.2283466 2.2017718 1.2283466 1 P 0
L 2.1919292 1.3031498 2.2017718 1.3031498 1 P 0
L 2.1919293 0.4783466 2.2017719 0.4783466 1 P 0
L 2.1919293 0.5531498 2.2017719 0.5531498 1 P 0
L 2.1968505 0.6250001 2.1968505 0.6348427 1 P 0
L 2.1968505 0.6998033 2.1968505 0.7096459 1 P 0
L 2.1968505 0.7746064 2.1968505 0.784449 1 P 0
L 2.1968505 0.8494096 2.1968505 0.8592522 1 P 0
L 2.1968505 0.9242127 2.1968505 0.9340553 1 P 0
L 2.1968505 0.9990159 2.1968505 1.0088585 1 P 0
L 2.1968505 1.073819 2.1968505 1.0836616 1 P 0
L 2.1968505 1.1486222 2.1968505 1.1584648 1 P 0
L 2.1968505 1.2234253 2.1968505 1.2332679 1 P 0
L 2.1968505 1.2982285 2.1968505 1.3080711 1 P 0
L 2.1968506 0.4734253 2.1968506 0.4832679 1 P 0
L 2.1968506 0.5482285 2.1968506 0.5580711 1 P 0
L 2.2057087 0.6486221 2.2057087 0.6899607 1 P 0
L 2.2057087 0.6486221 2.2824803 0.6486221 1 P 0
L 2.2057087 0.6899607 2.2824803 0.6899607 1 P 0
L 2.2057088 0.4124016 2.2057088 0.4537402 1 P 0
L 2.2057088 0.4124016 2.2824804 0.4124016 1 P 0
L 2.2057088 0.4537402 2.2824804 0.4537402 1 P 0
L 2.2057088 0.4911418 2.2057088 0.5324804 1 P 0
L 2.2057088 0.4911418 2.2824804 0.4911418 1 P 0
L 2.2057088 0.5324804 2.2824804 0.5324804 1 P 0
L 2.2057088 0.5698819 2.2057088 0.6112205 1 P 0
L 2.2057088 0.5698819 2.2824804 0.5698819 1 P 0
L 2.2057088 0.6112205 2.2824804 0.6112205 1 P 0
L 2.2057088 0.7273622 2.2057088 0.7687008 1 P 0
L 2.2057088 0.7273622 2.2824804 0.7273622 1 P 0
L 2.2057088 0.7687008 2.2824804 0.7687008 1 P 0
L 2.2175198 0.5915356 2.2175198 0.6683072 1 P 0
L 2.2175198 0.6663388 2.2175198 0.7431104 1 P 0
L 2.2175198 0.7411419 2.2175198 0.8179135 1 P 0
L 2.2175198 0.8159451 2.2175198 0.8927167 1 P 0
L 2.2175198 0.8907482 2.2175198 0.9675198 1 P 0
L 2.2175198 0.9655514 2.2175198 1.042323 1 P 0
L 2.2175198 1.0403545 2.2175198 1.1171261 1 P 0
L 2.2175198 1.1151577 2.2175198 1.1919293 1 P 0
L 2.2175198 1.1899608 2.2175198 1.2667324 1 P 0
L 2.2175198 1.264764 2.2175198 1.3415356 1 P 0
L 2.2175199 0.4399608 2.2175199 0.5167324 1 P 0
L 2.2175199 0.514764 2.2175199 0.5915356 1 P 0
L 2.2234252 0.886811 2.2234252 0.9635826 1 P 0
L 2.2234252 0.886811 2.2647638 0.886811 1 P 0
L 2.2234252 0.9635826 2.2647638 0.9635826 1 P 0
L 2.2234252 1.0442913 2.2234252 1.1210629 1 P 0
L 2.2234252 1.0442913 2.2647638 1.0442913 1 P 0
L 2.2234252 1.1210629 2.2647638 1.1210629 1 P 0
L 2.2391732 0.6692914 2.2490158 0.6692914 1 P 0
L 2.2391732 0.9251968 2.2490158 0.9251968 1 P 0
L 2.2391732 1.0826771 2.2490158 1.0826771 1 P 0
L 2.2391733 0.4330709 2.2490159 0.4330709 1 P 0
L 2.2391733 0.5118111 2.2490159 0.5118111 1 P 0
L 2.2391733 0.5905512 2.2490159 0.5905512 1 P 0
L 2.2391733 0.7480315 2.2490159 0.7480315 1 P 0
L 2.2440945 0.6643701 2.2440945 0.6742127 1 P 0
L 2.2440945 0.9202755 2.2440945 0.9301181 1 P 0
L 2.2440945 1.0777558 2.2440945 1.0875984 1 P 0
L 2.2440946 0.4281496 2.2440946 0.4379922 1 P 0
L 2.2440946 0.5068898 2.2440946 0.5167324 1 P 0
L 2.2440946 0.5856299 2.2440946 0.5954725 1 P 0
L 2.2440946 0.7431102 2.2440946 0.7529528 1 P 0
L 2.2490157 0.5915356 2.2490157 0.6683072 1 P 0
L 2.2490157 0.5915356 2.2903543 0.5915356 1 P 0
L 2.2490157 0.6663388 2.2490157 0.7431104 1 P 0
L 2.2490157 0.6663388 2.2903543 0.6663388 1 P 0
L 2.2490157 0.6683072 2.2903543 0.6683072 1 P 0
L 2.2490157 0.7411419 2.2490157 0.8179135 1 P 0
L 2.2490157 0.7411419 2.2903543 0.7411419 1 P 0
L 2.2490157 0.7431104 2.2903543 0.7431104 1 P 0
L 2.2490157 0.8159451 2.2490157 0.8927167 1 P 0
L 2.2490157 0.8159451 2.2903543 0.8159451 1 P 0
L 2.2490157 0.8179135 2.2903543 0.8179135 1 P 0
L 2.2490157 0.8907482 2.2490157 0.9675198 1 P 0
L 2.2490157 0.8907482 2.2903543 0.8907482 1 P 0
L 2.2490157 0.8927167 2.2903543 0.8927167 1 P 0
L 2.2490157 0.9655514 2.2490157 1.042323 1 P 0
L 2.2490157 0.9655514 2.2903543 0.9655514 1 P 0
L 2.2490157 0.9675198 2.2903543 0.9675198 1 P 0
L 2.2490157 1.0403545 2.2490157 1.1171261 1 P 0
L 2.2490157 1.0403545 2.2903543 1.0403545 1 P 0
L 2.2490157 1.042323 2.2903543 1.042323 1 P 0
L 2.2490157 1.1151577 2.2490157 1.1919293 1 P 0
L 2.2490157 1.1151577 2.2903543 1.1151577 1 P 0
L 2.2490157 1.1171261 2.2903543 1.1171261 1 P 0
L 2.2490157 1.1899608 2.2490157 1.2667324 1 P 0
L 2.2490157 1.1899608 2.2903543 1.1899608 1 P 0
L 2.2490157 1.1919293 2.2903543 1.1919293 1 P 0
L 2.2490157 1.264764 2.2490157 1.3415356 1 P 0
L 2.2490157 1.264764 2.2903543 1.264764 1 P 0
L 2.2490157 1.2667324 2.2903543 1.2667324 1 P 0
L 2.2490157 1.3415356 2.2903543 1.3415356 1 P 0
L 2.2490158 0.4399608 2.2490158 0.5167324 1 P 0
L 2.2490158 0.4399608 2.2903544 0.4399608 1 P 0
L 2.2490158 0.514764 2.2490158 0.5915356 1 P 0
L 2.2490158 0.514764 2.2903544 0.514764 1 P 0
L 2.2490158 0.5167324 2.2903544 0.5167324 1 P 0
L 2.2490158 0.5915356 2.2903544 0.5915356 1 P 0
L 2.2647637 0.6299214 2.2746063 0.6299214 1 P 0
L 2.2647637 0.7047246 2.2746063 0.7047246 1 P 0
L 2.2647637 0.7795277 2.2746063 0.7795277 1 P 0
L 2.2647637 0.8543309 2.2746063 0.8543309 1 P 0
L 2.2647637 0.929134 2.2746063 0.929134 1 P 0
L 2.2647637 1.0039372 2.2746063 1.0039372 1 P 0
L 2.2647637 1.0787403 2.2746063 1.0787403 1 P 0
L 2.2647637 1.1535435 2.2746063 1.1535435 1 P 0
L 2.2647637 1.2283466 2.2746063 1.2283466 1 P 0
L 2.2647637 1.3031498 2.2746063 1.3031498 1 P 0
L 2.2647638 0.4783466 2.2746064 0.4783466 1 P 0
L 2.2647638 0.5531498 2.2746064 0.5531498 1 P 0
L 2.2647638 0.886811 2.2647638 0.9635826 1 P 0
L 2.2647638 1.0442913 2.2647638 1.1210629 1 P 0
L 2.269685 0.6250001 2.269685 0.6348427 1 P 0
L 2.269685 0.6998033 2.269685 0.7096459 1 P 0
L 2.269685 0.7746064 2.269685 0.784449 1 P 0
L 2.269685 0.8494096 2.269685 0.8592522 1 P 0
L 2.269685 0.9242127 2.269685 0.9340553 1 P 0
L 2.269685 0.9990159 2.269685 1.0088585 1 P 0
L 2.269685 1.073819 2.269685 1.0836616 1 P 0
L 2.269685 1.1486222 2.269685 1.1584648 1 P 0
L 2.269685 1.2234253 2.269685 1.2332679 1 P 0
L 2.269685 1.2982285 2.269685 1.3080711 1 P 0
L 2.2696851 0.4734253 2.2696851 0.4832679 1 P 0
L 2.2696851 0.5482285 2.2696851 0.5580711 1 P 0
L 2.2824803 0.6486221 2.2824803 0.6899607 1 P 0
L 2.2824804 0.4124016 2.2824804 0.4537402 1 P 0
L 2.2824804 0.4911418 2.2824804 0.5324804 1 P 0
L 2.2824804 0.5698819 2.2824804 0.6112205 1 P 0
L 2.2824804 0.7273622 2.2824804 0.7687008 1 P 0
L 2.2883858 0.5915356 2.2883858 0.6683072 1 P 0
L 2.2883858 0.5915356 2.3297244 0.5915356 1 P 0
L 2.2883858 0.6663388 2.2883858 0.7431104 1 P 0
L 2.2883858 0.6663388 2.3297244 0.6663388 1 P 0
L 2.2883858 0.6683072 2.3297244 0.6683072 1 P 0
L 2.2883858 0.7411419 2.2883858 0.8179135 1 P 0
L 2.2883858 0.7411419 2.3297244 0.7411419 1 P 0
L 2.2883858 0.7431104 2.3297244 0.7431104 1 P 0
L 2.2883858 0.8159451 2.2883858 0.8927167 1 P 0
L 2.2883858 0.8159451 2.3297244 0.8159451 1 P 0
L 2.2883858 0.8179135 2.3297244 0.8179135 1 P 0
L 2.2883858 0.8907482 2.2883858 0.9675198 1 P 0
L 2.2883858 0.8907482 2.3297244 0.8907482 1 P 0
L 2.2883858 0.8927167 2.3297244 0.8927167 1 P 0
L 2.2883858 0.9655514 2.2883858 1.042323 1 P 0
L 2.2883858 0.9655514 2.3297244 0.9655514 1 P 0
L 2.2883858 0.9675198 2.3297244 0.9675198 1 P 0
L 2.2883858 1.0403545 2.2883858 1.1171261 1 P 0
L 2.2883858 1.0403545 2.3297244 1.0403545 1 P 0
L 2.2883858 1.042323 2.3297244 1.042323 1 P 0
L 2.2883858 1.1151577 2.2883858 1.1919293 1 P 0
L 2.2883858 1.1151577 2.3297244 1.1151577 1 P 0
L 2.2883858 1.1171261 2.3297244 1.1171261 1 P 0
L 2.2883858 1.1899608 2.2883858 1.2667324 1 P 0
L 2.2883858 1.1899608 2.3297244 1.1899608 1 P 0
L 2.2883858 1.1919293 2.3297244 1.1919293 1 P 0
L 2.2883858 1.264764 2.2883858 1.3415356 1 P 0
L 2.2883858 1.264764 2.3297244 1.264764 1 P 0
L 2.2883858 1.2667324 2.3297244 1.2667324 1 P 0
L 2.2883858 1.3415356 2.3297244 1.3415356 1 P 0
L 2.2883859 0.4399608 2.2883859 0.5167324 1 P 0
L 2.2883859 0.4399608 2.3297245 0.4399608 1 P 0
L 2.2883859 0.514764 2.2883859 0.5915356 1 P 0
L 2.2883859 0.514764 2.3297245 0.514764 1 P 0
L 2.2883859 0.5167324 2.3297245 0.5167324 1 P 0
L 2.2883859 0.5915356 2.3297245 0.5915356 1 P 0
L 2.2903543 0.5915356 2.2903543 0.6683072 1 P 0
L 2.2903543 0.6663388 2.2903543 0.7431104 1 P 0
L 2.2903543 0.7411419 2.2903543 0.8179135 1 P 0
L 2.2903543 0.8159451 2.2903543 0.8927167 1 P 0
L 2.2903543 0.8907482 2.2903543 0.9675198 1 P 0
L 2.2903543 0.9655514 2.2903543 1.042323 1 P 0
L 2.2903543 1.0403545 2.2903543 1.1171261 1 P 0
L 2.2903543 1.1151577 2.2903543 1.1919293 1 P 0
L 2.2903543 1.1899608 2.2903543 1.2667324 1 P 0
L 2.2903543 1.264764 2.2903543 1.3415356 1 P 0
L 2.2903544 0.4399608 2.2903544 0.5167324 1 P 0
L 2.2903544 0.514764 2.2903544 0.5915356 1 P 0
L 2.3041338 0.6299214 2.3139764 0.6299214 1 P 0
L 2.3041338 0.7047246 2.3139764 0.7047246 1 P 0
L 2.3041338 0.7795277 2.3139764 0.7795277 1 P 0
L 2.3041338 0.8543309 2.3139764 0.8543309 1 P 0
L 2.3041338 0.929134 2.3139764 0.929134 1 P 0
L 2.3041338 1.0039372 2.3139764 1.0039372 1 P 0
L 2.3041338 1.0787403 2.3139764 1.0787403 1 P 0
L 2.3041338 1.1535435 2.3139764 1.1535435 1 P 0
L 2.3041338 1.2283466 2.3139764 1.2283466 1 P 0
L 2.3041338 1.3031498 2.3139764 1.3031498 1 P 0
L 2.3041339 0.4783466 2.3139765 0.4783466 1 P 0
L 2.3041339 0.5531498 2.3139765 0.5531498 1 P 0
L 2.3090551 0.6250001 2.3090551 0.6348427 1 P 0
L 2.3090551 0.6998033 2.3090551 0.7096459 1 P 0
L 2.3090551 0.7746064 2.3090551 0.784449 1 P 0
L 2.3090551 0.8494096 2.3090551 0.8592522 1 P 0
L 2.3090551 0.9242127 2.3090551 0.9340553 1 P 0
L 2.3090551 0.9990159 2.3090551 1.0088585 1 P 0
L 2.3090551 1.073819 2.3090551 1.0836616 1 P 0
L 2.3090551 1.1486222 2.3090551 1.1584648 1 P 0
L 2.3090551 1.2234253 2.3090551 1.2332679 1 P 0
L 2.3090551 1.2982285 2.3090551 1.3080711 1 P 0
L 2.3090552 0.4734253 2.3090552 0.4832679 1 P 0
L 2.3090552 0.5482285 2.3090552 0.5580711 1 P 0
L 2.323819 0.4124016 2.323819 0.4537402 1 P 0
L 2.323819 0.4124016 2.4005906 0.4124016 1 P 0
L 2.323819 0.4537402 2.4005906 0.4537402 1 P 0
L 2.323819 0.4911418 2.323819 0.5324804 1 P 0
L 2.323819 0.4911418 2.4005906 0.4911418 1 P 0
L 2.323819 0.5324804 2.4005906 0.5324804 1 P 0
L 2.323819 0.5698819 2.323819 0.6112205 1 P 0
L 2.323819 0.5698819 2.4005906 0.5698819 1 P 0
L 2.323819 0.6112205 2.4005906 0.6112205 1 P 0
L 2.323819 0.6486221 2.323819 0.6899607 1 P 0
L 2.323819 0.6486221 2.4005906 0.6486221 1 P 0
L 2.323819 0.6899607 2.4005906 0.6899607 1 P 0
L 2.323819 0.7273622 2.323819 0.7687008 1 P 0
L 2.323819 0.7273622 2.4005906 0.7273622 1 P 0
L 2.323819 0.7687008 2.4005906 0.7687008 1 P 0
L 2.3277559 0.5915356 2.3277559 0.6683072 1 P 0
L 2.3277559 0.5915356 2.3690945 0.5915356 1 P 0
L 2.3277559 0.6663388 2.3277559 0.7431104 1 P 0
L 2.3277559 0.6663388 2.3690945 0.6663388 1 P 0
L 2.3277559 0.6683072 2.3690945 0.6683072 1 P 0
L 2.3277559 0.7411419 2.3277559 0.8179135 1 P 0
L 2.3277559 0.7411419 2.3690945 0.7411419 1 P 0
L 2.3277559 0.7431104 2.3690945 0.7431104 1 P 0
L 2.3277559 0.8159451 2.3277559 0.8927167 1 P 0
L 2.3277559 0.8159451 2.3690945 0.8159451 1 P 0
L 2.3277559 0.8179135 2.3690945 0.8179135 1 P 0
L 2.3277559 0.8907482 2.3277559 0.9675198 1 P 0
L 2.3277559 0.8907482 2.3690945 0.8907482 1 P 0
L 2.3277559 0.8927167 2.3690945 0.8927167 1 P 0
L 2.3277559 0.9655514 2.3277559 1.042323 1 P 0
L 2.3277559 0.9655514 2.3690945 0.9655514 1 P 0
L 2.3277559 0.9675198 2.3690945 0.9675198 1 P 0
L 2.3277559 1.0403545 2.3277559 1.1171261 1 P 0
L 2.3277559 1.0403545 2.3690945 1.0403545 1 P 0
L 2.3277559 1.042323 2.3690945 1.042323 1 P 0
L 2.3277559 1.1151577 2.3277559 1.1919293 1 P 0
L 2.3277559 1.1151577 2.3690945 1.1151577 1 P 0
L 2.3277559 1.1171261 2.3690945 1.1171261 1 P 0
L 2.3277559 1.1899608 2.3277559 1.2667324 1 P 0
L 2.3277559 1.1899608 2.3690945 1.1899608 1 P 0
L 2.3277559 1.1919293 2.3690945 1.1919293 1 P 0
L 2.3277559 1.264764 2.3277559 1.3415356 1 P 0
L 2.3277559 1.264764 2.3690945 1.264764 1 P 0
L 2.3277559 1.2667324 2.3690945 1.2667324 1 P 0
L 2.3277559 1.3415356 2.3690945 1.3415356 1 P 0
L 2.327756 0.4399608 2.327756 0.5167324 1 P 0
L 2.327756 0.4399608 2.3690946 0.4399608 1 P 0
L 2.327756 0.514764 2.327756 0.5915356 1 P 0
L 2.327756 0.514764 2.3690946 0.514764 1 P 0
L 2.327756 0.5167324 2.3690946 0.5167324 1 P 0
L 2.327756 0.5915356 2.3690946 0.5915356 1 P 0
L 2.3297244 0.5915356 2.3297244 0.6683072 1 P 0
L 2.3297244 0.6663388 2.3297244 0.7431104 1 P 0
L 2.3297244 0.7411419 2.3297244 0.8179135 1 P 0
L 2.3297244 0.8159451 2.3297244 0.8927167 1 P 0
L 2.3297244 0.8907482 2.3297244 0.9675198 1 P 0
L 2.3297244 0.9655514 2.3297244 1.042323 1 P 0
L 2.3297244 1.0403545 2.3297244 1.1171261 1 P 0
L 2.3297244 1.1151577 2.3297244 1.1919293 1 P 0
L 2.3297244 1.1899608 2.3297244 1.2667324 1 P 0
L 2.3297244 1.264764 2.3297244 1.3415356 1 P 0
L 2.3297245 0.4399608 2.3297245 0.5167324 1 P 0
L 2.3297245 0.514764 2.3297245 0.5915356 1 P 0
L 2.3415355 0.886811 2.3415355 0.9635826 1 P 0
L 2.3415355 0.886811 2.3828741 0.886811 1 P 0
L 2.3415355 0.9635826 2.3828741 0.9635826 1 P 0
L 2.3415355 1.0442913 2.3415355 1.1210629 1 P 0
L 2.3415355 1.0442913 2.3828741 1.0442913 1 P 0
L 2.3415355 1.1210629 2.3828741 1.1210629 1 P 0
L 2.3435039 0.6299214 2.3533465 0.6299214 1 P 0
L 2.3435039 0.7047246 2.3533465 0.7047246 1 P 0
L 2.3435039 0.7795277 2.3533465 0.7795277 1 P 0
L 2.3435039 0.8543309 2.3533465 0.8543309 1 P 0
L 2.3435039 0.929134 2.3533465 0.929134 1 P 0
L 2.3435039 1.0039372 2.3533465 1.0039372 1 P 0
L 2.3435039 1.0787403 2.3533465 1.0787403 1 P 0
L 2.3435039 1.1535435 2.3533465 1.1535435 1 P 0
L 2.3435039 1.2283466 2.3533465 1.2283466 1 P 0
L 2.3435039 1.3031498 2.3533465 1.3031498 1 P 0
L 2.343504 0.4783466 2.3533466 0.4783466 1 P 0
L 2.343504 0.5531498 2.3533466 0.5531498 1 P 0
L 2.3484252 0.6250001 2.3484252 0.6348427 1 P 0
L 2.3484252 0.6998033 2.3484252 0.7096459 1 P 0
L 2.3484252 0.7746064 2.3484252 0.784449 1 P 0
L 2.3484252 0.8494096 2.3484252 0.8592522 1 P 0
L 2.3484252 0.9242127 2.3484252 0.9340553 1 P 0
L 2.3484252 0.9990159 2.3484252 1.0088585 1 P 0
L 2.3484252 1.073819 2.3484252 1.0836616 1 P 0
L 2.3484252 1.1486222 2.3484252 1.1584648 1 P 0
L 2.3484252 1.2234253 2.3484252 1.2332679 1 P 0
L 2.3484252 1.2982285 2.3484252 1.3080711 1 P 0
L 2.3484253 0.4734253 2.3484253 0.4832679 1 P 0
L 2.3484253 0.5482285 2.3484253 0.5580711 1 P 0
L 2.3572835 0.4330709 2.3671261 0.4330709 1 P 0
L 2.3572835 0.5118111 2.3671261 0.5118111 1 P 0
L 2.3572835 0.5905512 2.3671261 0.5905512 1 P 0
L 2.3572835 0.6692914 2.3671261 0.6692914 1 P 0
L 2.3572835 0.7480315 2.3671261 0.7480315 1 P 0
L 2.3572835 0.9251968 2.3671261 0.9251968 1 P 0
L 2.3572835 1.0826771 2.3671261 1.0826771 1 P 0
L 2.3622048 0.4281496 2.3622048 0.4379922 1 P 0
L 2.3622048 0.5068898 2.3622048 0.5167324 1 P 0
L 2.3622048 0.5856299 2.3622048 0.5954725 1 P 0
L 2.3622048 0.6643701 2.3622048 0.6742127 1 P 0
L 2.3622048 0.7431102 2.3622048 0.7529528 1 P 0
L 2.3622048 0.9202755 2.3622048 0.9301181 1 P 0
L 2.3622048 1.0777558 2.3622048 1.0875984 1 P 0
L 2.367126 0.5915356 2.367126 0.6683072 1 P 0
L 2.367126 0.5915356 2.4084646 0.5915356 1 P 0
L 2.367126 0.6663388 2.367126 0.7431104 1 P 0
L 2.367126 0.6663388 2.4084646 0.6663388 1 P 0
L 2.367126 0.6683072 2.4084646 0.6683072 1 P 0
L 2.367126 0.7411419 2.367126 0.8179135 1 P 0
L 2.367126 0.7411419 2.4084646 0.7411419 1 P 0
L 2.367126 0.7431104 2.4084646 0.7431104 1 P 0
L 2.367126 0.8159451 2.367126 0.8927167 1 P 0
L 2.367126 0.8159451 2.4084646 0.8159451 1 P 0
L 2.367126 0.8179135 2.4084646 0.8179135 1 P 0
L 2.367126 0.8907482 2.367126 0.9675198 1 P 0
L 2.367126 0.8907482 2.4084646 0.8907482 1 P 0
L 2.367126 0.8927167 2.4084646 0.8927167 1 P 0
L 2.367126 0.9655514 2.367126 1.042323 1 P 0
L 2.367126 0.9655514 2.4084646 0.9655514 1 P 0
L 2.367126 0.9675198 2.4084646 0.9675198 1 P 0
L 2.367126 1.0403545 2.367126 1.1171261 1 P 0
L 2.367126 1.0403545 2.4084646 1.0403545 1 P 0
L 2.367126 1.042323 2.4084646 1.042323 1 P 0
L 2.367126 1.1151577 2.367126 1.1919293 1 P 0
L 2.367126 1.1151577 2.4084646 1.1151577 1 P 0
L 2.367126 1.1171261 2.4084646 1.1171261 1 P 0
L 2.367126 1.1899608 2.367126 1.2667324 1 P 0
L 2.367126 1.1899608 2.4084646 1.1899608 1 P 0
L 2.367126 1.1919293 2.4084646 1.1919293 1 P 0
L 2.367126 1.264764 2.367126 1.3415356 1 P 0
L 2.367126 1.264764 2.4084646 1.264764 1 P 0
L 2.367126 1.2667324 2.4084646 1.2667324 1 P 0
L 2.367126 1.3415356 2.4084646 1.3415356 1 P 0
L 2.3671261 0.4399608 2.3671261 0.5167324 1 P 0
L 2.3671261 0.4399608 2.4084647 0.4399608 1 P 0
L 2.3671261 0.514764 2.3671261 0.5915356 1 P 0
L 2.3671261 0.514764 2.4084647 0.514764 1 P 0
L 2.3671261 0.5167324 2.4084647 0.5167324 1 P 0
L 2.3671261 0.5915356 2.4084647 0.5915356 1 P 0
L 2.3690945 0.5915356 2.3690945 0.6683072 1 P 0
L 2.3690945 0.6663388 2.3690945 0.7431104 1 P 0
L 2.3690945 0.7411419 2.3690945 0.8179135 1 P 0
L 2.3690945 0.8159451 2.3690945 0.8927167 1 P 0
L 2.3690945 0.8907482 2.3690945 0.9675198 1 P 0
L 2.3690945 0.9655514 2.3690945 1.042323 1 P 0
L 2.3690945 1.0403545 2.3690945 1.1171261 1 P 0
L 2.3690945 1.1151577 2.3690945 1.1919293 1 P 0
L 2.3690945 1.1899608 2.3690945 1.2667324 1 P 0
L 2.3690945 1.264764 2.3690945 1.3415356 1 P 0
L 2.3690946 0.4399608 2.3690946 0.5167324 1 P 0
L 2.3690946 0.514764 2.3690946 0.5915356 1 P 0
L 2.382874 0.6299214 2.3927166 0.6299214 1 P 0
L 2.382874 0.7047246 2.3927166 0.7047246 1 P 0
L 2.382874 0.7795277 2.3927166 0.7795277 1 P 0
L 2.382874 0.8543309 2.3927166 0.8543309 1 P 0
L 2.382874 0.929134 2.3927166 0.929134 1 P 0
L 2.382874 1.0039372 2.3927166 1.0039372 1 P 0
L 2.382874 1.0787403 2.3927166 1.0787403 1 P 0
L 2.382874 1.1535435 2.3927166 1.1535435 1 P 0
L 2.382874 1.2283466 2.3927166 1.2283466 1 P 0
L 2.382874 1.3031498 2.3927166 1.3031498 1 P 0
L 2.3828741 0.4783466 2.3927167 0.4783466 1 P 0
L 2.3828741 0.5531498 2.3927167 0.5531498 1 P 0
L 2.3828741 0.886811 2.3828741 0.9635826 1 P 0
L 2.3828741 1.0442913 2.3828741 1.1210629 1 P 0
L 2.3877953 0.6250001 2.3877953 0.6348427 1 P 0
L 2.3877953 0.6998033 2.3877953 0.7096459 1 P 0
L 2.3877953 0.7746064 2.3877953 0.784449 1 P 0
L 2.3877953 0.8494096 2.3877953 0.8592522 1 P 0
L 2.3877953 0.9242127 2.3877953 0.9340553 1 P 0
L 2.3877953 0.9990159 2.3877953 1.0088585 1 P 0
L 2.3877953 1.073819 2.3877953 1.0836616 1 P 0
L 2.3877953 1.1486222 2.3877953 1.1584648 1 P 0
L 2.3877953 1.2234253 2.3877953 1.2332679 1 P 0
L 2.3877953 1.2982285 2.3877953 1.3080711 1 P 0
L 2.3877954 0.4734253 2.3877954 0.4832679 1 P 0
L 2.3877954 0.5482285 2.3877954 0.5580711 1 P 0
L 2.4005906 0.4124016 2.4005906 0.4537402 1 P 0
L 2.4005906 0.4911418 2.4005906 0.5324804 1 P 0
L 2.4005906 0.5698819 2.4005906 0.6112205 1 P 0
L 2.4005906 0.6486221 2.4005906 0.6899607 1 P 0
L 2.4005906 0.7273622 2.4005906 0.7687008 1 P 0
L 2.4064961 0.5915356 2.4064961 0.6683072 1 P 0
L 2.4064961 0.5915356 2.4478347 0.5915356 1 P 0
L 2.4064961 0.6663388 2.4064961 0.7431104 1 P 0
L 2.4064961 0.6663388 2.4478347 0.6663388 1 P 0
L 2.4064961 0.6683072 2.4478347 0.6683072 1 P 0
L 2.4064961 0.7411419 2.4064961 0.8179135 1 P 0
L 2.4064961 0.7411419 2.4478347 0.7411419 1 P 0
L 2.4064961 0.7431104 2.4478347 0.7431104 1 P 0
L 2.4064961 0.8159451 2.4064961 0.8927167 1 P 0
L 2.4064961 0.8159451 2.4478347 0.8159451 1 P 0
L 2.4064961 0.8179135 2.4478347 0.8179135 1 P 0
L 2.4064961 0.8907482 2.4064961 0.9675198 1 P 0
L 2.4064961 0.8907482 2.4478347 0.8907482 1 P 0
L 2.4064961 0.8927167 2.4478347 0.8927167 1 P 0
L 2.4064961 0.9655514 2.4064961 1.042323 1 P 0
L 2.4064961 0.9655514 2.4478347 0.9655514 1 P 0
L 2.4064961 0.9675198 2.4478347 0.9675198 1 P 0
L 2.4064961 1.0403545 2.4064961 1.1171261 1 P 0
L 2.4064961 1.0403545 2.4478347 1.0403545 1 P 0
L 2.4064961 1.042323 2.4478347 1.042323 1 P 0
L 2.4064961 1.1151577 2.4064961 1.1919293 1 P 0
L 2.4064961 1.1151577 2.4478347 1.1151577 1 P 0
L 2.4064961 1.1171261 2.4478347 1.1171261 1 P 0
L 2.4064961 1.1899608 2.4064961 1.2667324 1 P 0
L 2.4064961 1.1899608 2.4478347 1.1899608 1 P 0
L 2.4064961 1.1919293 2.4478347 1.1919293 1 P 0
L 2.4064961 1.264764 2.4064961 1.3415356 1 P 0
L 2.4064961 1.264764 2.4478347 1.264764 1 P 0
L 2.4064961 1.2667324 2.4478347 1.2667324 1 P 0
L 2.4064961 1.3415356 2.4478347 1.3415356 1 P 0
L 2.4064962 0.4399608 2.4064962 0.5167324 1 P 0
L 2.4064962 0.4399608 2.4478348 0.4399608 1 P 0
L 2.4064962 0.514764 2.4064962 0.5915356 1 P 0
L 2.4064962 0.514764 2.4478348 0.514764 1 P 0
L 2.4064962 0.5167324 2.4478348 0.5167324 1 P 0
L 2.4064962 0.5915356 2.4478348 0.5915356 1 P 0
L 2.4084646 0.5915356 2.4084646 0.6683072 1 P 0
L 2.4084646 0.6663388 2.4084646 0.7431104 1 P 0
L 2.4084646 0.7411419 2.4084646 0.8179135 1 P 0
L 2.4084646 0.8159451 2.4084646 0.8927167 1 P 0
L 2.4084646 0.8907482 2.4084646 0.9675198 1 P 0
L 2.4084646 0.9655514 2.4084646 1.042323 1 P 0
L 2.4084646 1.0403545 2.4084646 1.1171261 1 P 0
L 2.4084646 1.1151577 2.4084646 1.1919293 1 P 0
L 2.4084646 1.1899608 2.4084646 1.2667324 1 P 0
L 2.4084646 1.264764 2.4084646 1.3415356 1 P 0
L 2.4084647 0.4399608 2.4084647 0.5167324 1 P 0
L 2.4084647 0.514764 2.4084647 0.5915356 1 P 0
L 2.4212598 3.1692914 2.4212598 3.9173228 0 P 0
L 2.4222441 0.6299214 2.4320867 0.6299214 1 P 0
L 2.4222441 0.7047246 2.4320867 0.7047246 1 P 0
L 2.4222441 0.7795277 2.4320867 0.7795277 1 P 0
L 2.4222441 0.8543309 2.4320867 0.8543309 1 P 0
L 2.4222441 0.929134 2.4320867 0.929134 1 P 0
L 2.4222441 1.0039372 2.4320867 1.0039372 1 P 0
L 2.4222441 1.0787403 2.4320867 1.0787403 1 P 0
L 2.4222441 1.1535435 2.4320867 1.1535435 1 P 0
L 2.4222441 1.2283466 2.4320867 1.2283466 1 P 0
L 2.4222441 1.3031498 2.4320867 1.3031498 1 P 0
L 2.4222442 0.4783466 2.4320868 0.4783466 1 P 0
L 2.4222442 0.5531498 2.4320868 0.5531498 1 P 0
L 2.4271654 0.6250001 2.4271654 0.6348427 1 P 0
L 2.4271654 0.6998033 2.4271654 0.7096459 1 P 0
L 2.4271654 0.7746064 2.4271654 0.784449 1 P 0
L 2.4271654 0.8494096 2.4271654 0.8592522 1 P 0
L 2.4271654 0.9242127 2.4271654 0.9340553 1 P 0
L 2.4271654 0.9990159 2.4271654 1.0088585 1 P 0
L 2.4271654 1.073819 2.4271654 1.0836616 1 P 0
L 2.4271654 1.1486222 2.4271654 1.1584648 1 P 0
L 2.4271654 1.2234253 2.4271654 1.2332679 1 P 0
L 2.4271654 1.2982285 2.4271654 1.3080711 1 P 0
L 2.4271655 0.4734253 2.4271655 0.4832679 1 P 0
L 2.4271655 0.5482285 2.4271655 0.5580711 1 P 0
L 2.4291339 1.4055118 2.4291339 1.8267716 0 P 0
L 2.4419292 0.4911418 2.4419292 0.5324804 1 P 0
L 2.4419292 0.4911418 2.5187008 0.4911418 1 P 0
L 2.4419292 0.5324804 2.5187008 0.5324804 1 P 0
L 2.4419292 0.5698819 2.4419292 0.6112205 1 P 0
L 2.4419292 0.5698819 2.5187008 0.5698819 1 P 0
L 2.4419292 0.6112205 2.5187008 0.6112205 1 P 0
L 2.4419293 0.4124016 2.4419293 0.4537402 1 P 0
L 2.4419293 0.4124016 2.5187009 0.4124016 1 P 0
L 2.4419293 0.4537402 2.5187009 0.4537402 1 P 0
L 2.4419293 0.6486221 2.4419293 0.6899607 1 P 0
L 2.4419293 0.6486221 2.5187009 0.6486221 1 P 0
L 2.4419293 0.6899607 2.5187009 0.6899607 1 P 0
L 2.4419293 0.7273622 2.4419293 0.7687008 1 P 0
L 2.4419293 0.7273622 2.5187009 0.7273622 1 P 0
L 2.4419293 0.7687008 2.5187009 0.7687008 1 P 0
L 2.4458661 0.5915356 2.4458661 0.6683072 1 P 0
L 2.4458661 0.5915356 2.4872047 0.5915356 1 P 0
L 2.4458661 0.6663388 2.4458661 0.7431104 1 P 0
L 2.4458661 0.6663388 2.4872047 0.6663388 1 P 0
L 2.4458661 0.6683072 2.4872047 0.6683072 1 P 0
L 2.4458661 0.7411419 2.4458661 0.8179135 1 P 0
L 2.4458661 0.7411419 2.4872047 0.7411419 1 P 0
L 2.4458661 0.7431104 2.4872047 0.7431104 1 P 0
L 2.4458661 0.8159451 2.4458661 0.8927167 1 P 0
L 2.4458661 0.8159451 2.4872047 0.8159451 1 P 0
L 2.4458661 0.8179135 2.4872047 0.8179135 1 P 0
L 2.4458661 0.8907482 2.4458661 0.9675198 1 P 0
L 2.4458661 0.8907482 2.4872047 0.8907482 1 P 0
L 2.4458661 0.8927167 2.4872047 0.8927167 1 P 0
L 2.4458661 0.9655514 2.4458661 1.042323 1 P 0
L 2.4458661 0.9655514 2.4872047 0.9655514 1 P 0
L 2.4458661 0.9675198 2.4872047 0.9675198 1 P 0
L 2.4458661 1.0403545 2.4458661 1.1171261 1 P 0
L 2.4458661 1.0403545 2.4872047 1.0403545 1 P 0
L 2.4458661 1.042323 2.4872047 1.042323 1 P 0
L 2.4458661 1.1151577 2.4458661 1.1919293 1 P 0
L 2.4458661 1.1151577 2.4872047 1.1151577 1 P 0
L 2.4458661 1.1171261 2.4872047 1.1171261 1 P 0
L 2.4458661 1.1899608 2.4458661 1.2667324 1 P 0
L 2.4458661 1.1899608 2.4872047 1.1899608 1 P 0
L 2.4458661 1.1919293 2.4872047 1.1919293 1 P 0
L 2.4458661 1.264764 2.4458661 1.3415356 1 P 0
L 2.4458661 1.264764 2.4872047 1.264764 1 P 0
L 2.4458661 1.2667324 2.4872047 1.2667324 1 P 0
L 2.4458661 1.3415356 2.4872047 1.3415356 1 P 0
L 2.4458662 0.4399608 2.4458662 0.5167324 1 P 0
L 2.4458662 0.4399608 2.4872048 0.4399608 1 P 0
L 2.4458662 0.514764 2.4458662 0.5915356 1 P 0
L 2.4458662 0.514764 2.4872048 0.514764 1 P 0
L 2.4458662 0.5167324 2.4872048 0.5167324 1 P 0
L 2.4458662 0.5915356 2.4872048 0.5915356 1 P 0
L 2.4478347 0.5915356 2.4478347 0.6683072 1 P 0
L 2.4478347 0.6663388 2.4478347 0.7431104 1 P 0
L 2.4478347 0.7411419 2.4478347 0.8179135 1 P 0
L 2.4478347 0.8159451 2.4478347 0.8927167 1 P 0
L 2.4478347 0.8907482 2.4478347 0.9675198 1 P 0
L 2.4478347 0.9655514 2.4478347 1.042323 1 P 0
L 2.4478347 1.0403545 2.4478347 1.1171261 1 P 0
L 2.4478347 1.1151577 2.4478347 1.1919293 1 P 0
L 2.4478347 1.1899608 2.4478347 1.2667324 1 P 0
L 2.4478347 1.264764 2.4478347 1.3415356 1 P 0
L 2.4478348 0.4399608 2.4478348 0.5167324 1 P 0
L 2.4478348 0.514764 2.4478348 0.5915356 1 P 0
L 2.4596457 0.886811 2.4596457 0.9635826 1 P 0
L 2.4596457 0.886811 2.5009843 0.886811 1 P 0
L 2.4596457 0.9635826 2.5009843 0.9635826 1 P 0
L 2.4596457 1.0442913 2.4596457 1.1210629 1 P 0
L 2.4596457 1.0442913 2.5009843 1.0442913 1 P 0
L 2.4596457 1.1210629 2.5009843 1.1210629 1 P 0
L 2.4616141 0.6299214 2.4714567 0.6299214 1 P 0
L 2.4616141 0.7047246 2.4714567 0.7047246 1 P 0
L 2.4616141 0.7795277 2.4714567 0.7795277 1 P 0
L 2.4616141 0.8543309 2.4714567 0.8543309 1 P 0
L 2.4616141 0.929134 2.4714567 0.929134 1 P 0
L 2.4616141 1.0039372 2.4714567 1.0039372 1 P 0
L 2.4616141 1.0787403 2.4714567 1.0787403 1 P 0
L 2.4616141 1.1535435 2.4714567 1.1535435 1 P 0
L 2.4616141 1.2283466 2.4714567 1.2283466 1 P 0
L 2.4616141 1.3031498 2.4714567 1.3031498 1 P 0
L 2.4616142 0.4783466 2.4714568 0.4783466 1 P 0
L 2.4616142 0.5531498 2.4714568 0.5531498 1 P 0
L 2.4665354 0.6250001 2.4665354 0.6348427 1 P 0
L 2.4665354 0.6998033 2.4665354 0.7096459 1 P 0
L 2.4665354 0.7746064 2.4665354 0.784449 1 P 0
L 2.4665354 0.8494096 2.4665354 0.8592522 1 P 0
L 2.4665354 0.9242127 2.4665354 0.9340553 1 P 0
L 2.4665354 0.9990159 2.4665354 1.0088585 1 P 0
L 2.4665354 1.073819 2.4665354 1.0836616 1 P 0
L 2.4665354 1.1486222 2.4665354 1.1584648 1 P 0
L 2.4665354 1.2234253 2.4665354 1.2332679 1 P 0
L 2.4665354 1.2982285 2.4665354 1.3080711 1 P 0
L 2.4665355 0.4734253 2.4665355 0.4832679 1 P 0
L 2.4665355 0.5482285 2.4665355 0.5580711 1 P 0
L 2.4753937 0.5118111 2.4852363 0.5118111 1 P 0
L 2.4753937 0.5905512 2.4852363 0.5905512 1 P 0
L 2.4753937 0.9251968 2.4852363 0.9251968 1 P 0
L 2.4753937 1.0826771 2.4852363 1.0826771 1 P 0
L 2.4753938 0.4330709 2.4852364 0.4330709 1 P 0
L 2.4753938 0.6692914 2.4852364 0.6692914 1 P 0
L 2.4753938 0.7480315 2.4852364 0.7480315 1 P 0
L 2.480315 0.5068898 2.480315 0.5167324 1 P 0
L 2.480315 0.5856299 2.480315 0.5954725 1 P 0
L 2.480315 0.9202755 2.480315 0.9301181 1 P 0
L 2.480315 1.0777558 2.480315 1.0875984 1 P 0
L 2.4803151 0.4281496 2.4803151 0.4379922 1 P 0
L 2.4803151 0.6643701 2.4803151 0.6742127 1 P 0
L 2.4803151 0.7431102 2.4803151 0.7529528 1 P 0
L 2.4852362 0.5915356 2.4852362 0.6683072 1 P 0
L 2.4852362 0.5915356 2.5265748 0.5915356 1 P 0
L 2.4852362 0.6663388 2.4852362 0.7431104 1 P 0
L 2.4852362 0.6663388 2.5265748 0.6663388 1 P 0
L 2.4852362 0.6683072 2.5265748 0.6683072 1 P 0
L 2.4852362 0.7411419 2.4852362 0.8179135 1 P 0
L 2.4852362 0.7411419 2.5265748 0.7411419 1 P 0
L 2.4852362 0.7431104 2.5265748 0.7431104 1 P 0
L 2.4852362 0.8159451 2.4852362 0.8927167 1 P 0
L 2.4852362 0.8159451 2.5265748 0.8159451 1 P 0
L 2.4852362 0.8179135 2.5265748 0.8179135 1 P 0
L 2.4852362 0.8907482 2.4852362 0.9675198 1 P 0
L 2.4852362 0.8907482 2.5265748 0.8907482 1 P 0
L 2.4852362 0.8927167 2.5265748 0.8927167 1 P 0
L 2.4852362 0.9655514 2.4852362 1.042323 1 P 0
L 2.4852362 0.9655514 2.5265748 0.9655514 1 P 0
L 2.4852362 0.9675198 2.5265748 0.9675198 1 P 0
L 2.4852362 1.0403545 2.4852362 1.1171261 1 P 0
L 2.4852362 1.0403545 2.5265748 1.0403545 1 P 0
L 2.4852362 1.042323 2.5265748 1.042323 1 P 0
L 2.4852362 1.1151577 2.4852362 1.1919293 1 P 0
L 2.4852362 1.1151577 2.5265748 1.1151577 1 P 0
L 2.4852362 1.1171261 2.5265748 1.1171261 1 P 0
L 2.4852362 1.1899608 2.4852362 1.2667324 1 P 0
L 2.4852362 1.1899608 2.5265748 1.1899608 1 P 0
L 2.4852362 1.1919293 2.5265748 1.1919293 1 P 0
L 2.4852362 1.264764 2.4852362 1.3415356 1 P 0
L 2.4852362 1.264764 2.5265748 1.264764 1 P 0
L 2.4852362 1.2667324 2.5265748 1.2667324 1 P 0
L 2.4852362 1.3415356 2.5265748 1.3415356 1 P 0
L 2.4852363 0.4399608 2.4852363 0.5167324 1 P 0
L 2.4852363 0.4399608 2.5265749 0.4399608 1 P 0
L 2.4852363 0.514764 2.4852363 0.5915356 1 P 0
L 2.4852363 0.514764 2.5265749 0.514764 1 P 0
L 2.4852363 0.5167324 2.5265749 0.5167324 1 P 0
L 2.4852363 0.5915356 2.5265749 0.5915356 1 P 0
L 2.4872047 0.5915356 2.4872047 0.6683072 1 P 0
L 2.4872047 0.6663388 2.4872047 0.7431104 1 P 0
L 2.4872047 0.7411419 2.4872047 0.8179135 1 P 0
L 2.4872047 0.8159451 2.4872047 0.8927167 1 P 0
L 2.4872047 0.8907482 2.4872047 0.9675198 1 P 0
L 2.4872047 0.9655514 2.4872047 1.042323 1 P 0
L 2.4872047 1.0403545 2.4872047 1.1171261 1 P 0
L 2.4872047 1.1151577 2.4872047 1.1919293 1 P 0
L 2.4872047 1.1899608 2.4872047 1.2667324 1 P 0
L 2.4872047 1.264764 2.4872047 1.3415356 1 P 0
L 2.4872048 0.4399608 2.4872048 0.5167324 1 P 0
L 2.4872048 0.514764 2.4872048 0.5915356 1 P 0
L 2.5009842 0.6299214 2.5108268 0.6299214 1 P 0
L 2.5009842 0.7047246 2.5108268 0.7047246 1 P 0
L 2.5009842 0.7795277 2.5108268 0.7795277 1 P 0
L 2.5009842 0.8543309 2.5108268 0.8543309 1 P 0
L 2.5009842 0.929134 2.5108268 0.929134 1 P 0
L 2.5009842 1.0039372 2.5108268 1.0039372 1 P 0
L 2.5009842 1.0787403 2.5108268 1.0787403 1 P 0
L 2.5009842 1.1535435 2.5108268 1.1535435 1 P 0
L 2.5009842 1.2283466 2.5108268 1.2283466 1 P 0
L 2.5009842 1.3031498 2.5108268 1.3031498 1 P 0
L 2.5009843 0.4783466 2.5108269 0.4783466 1 P 0
L 2.5009843 0.5531498 2.5108269 0.5531498 1 P 0
L 2.5009843 0.886811 2.5009843 0.9635826 1 P 0
L 2.5009843 1.0442913 2.5009843 1.1210629 1 P 0
L 2.5059055 0.6250001 2.5059055 0.6348427 1 P 0
L 2.5059055 0.6998033 2.5059055 0.7096459 1 P 0
L 2.5059055 0.7746064 2.5059055 0.784449 1 P 0
L 2.5059055 0.8494096 2.5059055 0.8592522 1 P 0
L 2.5059055 0.9242127 2.5059055 0.9340553 1 P 0
L 2.5059055 0.9990159 2.5059055 1.0088585 1 P 0
L 2.5059055 1.073819 2.5059055 1.0836616 1 P 0
L 2.5059055 1.1486222 2.5059055 1.1584648 1 P 0
L 2.5059055 1.2234253 2.5059055 1.2332679 1 P 0
L 2.5059055 1.2982285 2.5059055 1.3080711 1 P 0
L 2.5059056 0.4734253 2.5059056 0.4832679 1 P 0
L 2.5059056 0.5482285 2.5059056 0.5580711 1 P 0
L 2.5187008 0.4911418 2.5187008 0.5324804 1 P 0
L 2.5187008 0.5698819 2.5187008 0.6112205 1 P 0
L 2.5187009 0.4124016 2.5187009 0.4537402 1 P 0
L 2.5187009 0.6486221 2.5187009 0.6899607 1 P 0
L 2.5187009 0.7273622 2.5187009 0.7687008 1 P 0
L 2.5246063 0.5915356 2.5246063 0.6683072 1 P 0
L 2.5246063 0.5915356 2.5659449 0.5915356 1 P 0
L 2.5246063 0.6663388 2.5246063 0.7431104 1 P 0
L 2.5246063 0.6663388 2.5659449 0.6663388 1 P 0
L 2.5246063 0.6683072 2.5659449 0.6683072 1 P 0
L 2.5246063 0.7411419 2.5246063 0.8179135 1 P 0
L 2.5246063 0.7411419 2.5659449 0.7411419 1 P 0
L 2.5246063 0.7431104 2.5659449 0.7431104 1 P 0
L 2.5246063 0.8159451 2.5246063 0.8927167 1 P 0
L 2.5246063 0.8159451 2.5659449 0.8159451 1 P 0
L 2.5246063 0.8179135 2.5659449 0.8179135 1 P 0
L 2.5246063 0.8907482 2.5246063 0.9675198 1 P 0
L 2.5246063 0.8907482 2.5659449 0.8907482 1 P 0
L 2.5246063 0.8927167 2.5659449 0.8927167 1 P 0
L 2.5246063 0.9655514 2.5246063 1.042323 1 P 0
L 2.5246063 0.9655514 2.5659449 0.9655514 1 P 0
L 2.5246063 0.9675198 2.5659449 0.9675198 1 P 0
L 2.5246063 1.0403545 2.5246063 1.1171261 1 P 0
L 2.5246063 1.0403545 2.5659449 1.0403545 1 P 0
L 2.5246063 1.042323 2.5659449 1.042323 1 P 0
L 2.5246063 1.1151577 2.5246063 1.1919293 1 P 0
L 2.5246063 1.1151577 2.5659449 1.1151577 1 P 0
L 2.5246063 1.1171261 2.5659449 1.1171261 1 P 0
L 2.5246063 1.1899608 2.5246063 1.2667324 1 P 0
L 2.5246063 1.1899608 2.5659449 1.1899608 1 P 0
L 2.5246063 1.1919293 2.5659449 1.1919293 1 P 0
L 2.5246063 1.264764 2.5246063 1.3415356 1 P 0
L 2.5246063 1.264764 2.5659449 1.264764 1 P 0
L 2.5246063 1.2667324 2.5659449 1.2667324 1 P 0
L 2.5246063 1.3415356 2.5659449 1.3415356 1 P 0
L 2.5246064 0.4399608 2.5246064 0.5167324 1 P 0
L 2.5246064 0.4399608 2.565945 0.4399608 1 P 0
L 2.5246064 0.514764 2.5246064 0.5915356 1 P 0
L 2.5246064 0.514764 2.565945 0.514764 1 P 0
L 2.5246064 0.5167324 2.565945 0.5167324 1 P 0
L 2.5246064 0.5915356 2.565945 0.5915356 1 P 0
L 2.5265748 0.5915356 2.5265748 0.6683072 1 P 0
L 2.5265748 0.6663388 2.5265748 0.7431104 1 P 0
L 2.5265748 0.7411419 2.5265748 0.8179135 1 P 0
L 2.5265748 0.8159451 2.5265748 0.8927167 1 P 0
L 2.5265748 0.8907482 2.5265748 0.9675198 1 P 0
L 2.5265748 0.9655514 2.5265748 1.042323 1 P 0
L 2.5265748 1.0403545 2.5265748 1.1171261 1 P 0
L 2.5265748 1.1151577 2.5265748 1.1919293 1 P 0
L 2.5265748 1.1899608 2.5265748 1.2667324 1 P 0
L 2.5265748 1.264764 2.5265748 1.3415356 1 P 0
L 2.5265749 0.4399608 2.5265749 0.5167324 1 P 0
L 2.5265749 0.514764 2.5265749 0.5915356 1 P 0
L 2.5403543 0.6299214 2.5501969 0.6299214 1 P 0
L 2.5403543 0.7047246 2.5501969 0.7047246 1 P 0
L 2.5403543 0.7795277 2.5501969 0.7795277 1 P 0
L 2.5403543 0.8543309 2.5501969 0.8543309 1 P 0
L 2.5403543 0.929134 2.5501969 0.929134 1 P 0
L 2.5403543 1.0039372 2.5501969 1.0039372 1 P 0
L 2.5403543 1.0787403 2.5501969 1.0787403 1 P 0
L 2.5403543 1.1535435 2.5501969 1.1535435 1 P 0
L 2.5403543 1.2283466 2.5501969 1.2283466 1 P 0
L 2.5403543 1.3031498 2.5501969 1.3031498 1 P 0
L 2.5403544 0.4783466 2.550197 0.4783466 1 P 0
L 2.5403544 0.5531498 2.550197 0.5531498 1 P 0
L 2.5452756 0.6250001 2.5452756 0.6348427 1 P 0
L 2.5452756 0.6998033 2.5452756 0.7096459 1 P 0
L 2.5452756 0.7746064 2.5452756 0.784449 1 P 0
L 2.5452756 0.8494096 2.5452756 0.8592522 1 P 0
L 2.5452756 0.9242127 2.5452756 0.9340553 1 P 0
L 2.5452756 0.9990159 2.5452756 1.0088585 1 P 0
L 2.5452756 1.073819 2.5452756 1.0836616 1 P 0
L 2.5452756 1.1486222 2.5452756 1.1584648 1 P 0
L 2.5452756 1.2234253 2.5452756 1.2332679 1 P 0
L 2.5452756 1.2982285 2.5452756 1.3080711 1 P 0
L 2.5452757 0.4734253 2.5452757 0.4832679 1 P 0
L 2.5452757 0.5482285 2.5452757 0.5580711 1 P 0
L 2.5639764 0.5915356 2.5639764 0.6683072 1 P 0
L 2.5639764 0.5915356 2.605315 0.5915356 1 P 0
L 2.5639764 0.6663388 2.5639764 0.7431104 1 P 0
L 2.5639764 0.6663388 2.605315 0.6663388 1 P 0
L 2.5639764 0.6683072 2.605315 0.6683072 1 P 0
L 2.5639764 0.7411419 2.5639764 0.8179135 1 P 0
L 2.5639764 0.7411419 2.605315 0.7411419 1 P 0
L 2.5639764 0.7431104 2.605315 0.7431104 1 P 0
L 2.5639764 0.8159451 2.5639764 0.8927167 1 P 0
L 2.5639764 0.8159451 2.605315 0.8159451 1 P 0
L 2.5639764 0.8179135 2.605315 0.8179135 1 P 0
L 2.5639764 0.8907482 2.5639764 0.9675198 1 P 0
L 2.5639764 0.8907482 2.605315 0.8907482 1 P 0
L 2.5639764 0.8927167 2.605315 0.8927167 1 P 0
L 2.5639764 0.9655513 2.5639764 1.0423229 1 P 0
L 2.5639764 0.9655513 2.605315 0.9655513 1 P 0
L 2.5639764 0.9675198 2.605315 0.9675198 1 P 0
L 2.5639764 1.0403545 2.5639764 1.1171261 1 P 0
L 2.5639764 1.0403545 2.605315 1.0403545 1 P 0
L 2.5639764 1.0423229 2.605315 1.0423229 1 P 0
L 2.5639764 1.1151577 2.5639764 1.1919293 1 P 0
L 2.5639764 1.1151577 2.605315 1.1151577 1 P 0
L 2.5639764 1.1171261 2.605315 1.1171261 1 P 0
L 2.5639764 1.1899608 2.5639764 1.2667324 1 P 0
L 2.5639764 1.1899608 2.605315 1.1899608 1 P 0
L 2.5639764 1.1919293 2.605315 1.1919293 1 P 0
L 2.5639764 1.264764 2.5639764 1.3415356 1 P 0
L 2.5639764 1.264764 2.605315 1.264764 1 P 0
L 2.5639764 1.2667324 2.605315 1.2667324 1 P 0
L 2.5639764 1.3415356 2.605315 1.3415356 1 P 0
L 2.5639765 0.4399608 2.5639765 0.5167324 1 P 0
L 2.5639765 0.4399608 2.6053151 0.4399608 1 P 0
L 2.5639765 0.514764 2.5639765 0.5915356 1 P 0
L 2.5639765 0.514764 2.6053151 0.514764 1 P 0
L 2.5639765 0.5167324 2.6053151 0.5167324 1 P 0
L 2.5639765 0.5915356 2.6053151 0.5915356 1 P 0
L 2.5659449 0.5915356 2.5659449 0.6683072 1 P 0
L 2.5659449 0.6663388 2.5659449 0.7431104 1 P 0
L 2.5659449 0.7411419 2.5659449 0.8179135 1 P 0
L 2.5659449 0.8159451 2.5659449 0.8927167 1 P 0
L 2.5659449 0.8907482 2.5659449 0.9675198 1 P 0
L 2.5659449 0.9655514 2.5659449 1.042323 1 P 0
L 2.5659449 1.0403545 2.5659449 1.1171261 1 P 0
L 2.5659449 1.1151577 2.5659449 1.1919293 1 P 0
L 2.5659449 1.1899608 2.5659449 1.2667324 1 P 0
L 2.5659449 1.264764 2.5659449 1.3415356 1 P 0
L 2.565945 0.4399608 2.565945 0.5167324 1 P 0
L 2.565945 0.514764 2.565945 0.5915356 1 P 0
L 2.5797244 0.6299214 2.589567 0.6299214 1 P 0
L 2.5797244 0.7047246 2.589567 0.7047246 1 P 0
L 2.5797244 0.7795277 2.589567 0.7795277 1 P 0
L 2.5797244 0.8543309 2.589567 0.8543309 1 P 0
L 2.5797244 0.929134 2.589567 0.929134 1 P 0
L 2.5797244 1.0039371 2.589567 1.0039371 1 P 0
L 2.5797244 1.0787403 2.589567 1.0787403 1 P 0
L 2.5797244 1.1535435 2.589567 1.1535435 1 P 0
L 2.5797244 1.2283466 2.589567 1.2283466 1 P 0
L 2.5797244 1.3031498 2.589567 1.3031498 1 P 0
L 2.5797245 0.4783466 2.5895671 0.4783466 1 P 0
L 2.5797245 0.5531498 2.5895671 0.5531498 1 P 0
L 2.5846457 0.6250001 2.5846457 0.6348427 1 P 0
L 2.5846457 0.6998033 2.5846457 0.7096459 1 P 0
L 2.5846457 0.7746064 2.5846457 0.784449 1 P 0
L 2.5846457 0.8494096 2.5846457 0.8592522 1 P 0
L 2.5846457 0.9242127 2.5846457 0.9340553 1 P 0
L 2.5846457 0.9990158 2.5846457 1.0088584 1 P 0
L 2.5846457 1.073819 2.5846457 1.0836616 1 P 0
L 2.5846457 1.1486222 2.5846457 1.1584648 1 P 0
L 2.5846457 1.2234253 2.5846457 1.2332679 1 P 0
L 2.5846457 1.2982285 2.5846457 1.3080711 1 P 0
L 2.5846458 0.4734253 2.5846458 0.4832679 1 P 0
L 2.5846458 0.5482285 2.5846458 0.5580711 1 P 0
L 2.6033465 0.5915356 2.6033465 0.6683072 1 P 0
L 2.6033465 0.5915356 2.6446851 0.5915356 1 P 0
L 2.6033465 0.6663388 2.6033465 0.7431104 1 P 0
L 2.6033465 0.6663388 2.6446851 0.6663388 1 P 0
L 2.6033465 0.6683072 2.6446851 0.6683072 1 P 0
L 2.6033465 0.7411419 2.6033465 0.8179135 1 P 0
L 2.6033465 0.7411419 2.6446851 0.7411419 1 P 0
L 2.6033465 0.7431104 2.6446851 0.7431104 1 P 0
L 2.6033465 0.8159451 2.6033465 0.8927167 1 P 0
L 2.6033465 0.8159451 2.6446851 0.8159451 1 P 0
L 2.6033465 0.8179135 2.6446851 0.8179135 1 P 0
L 2.6033465 0.8907482 2.6033465 0.9675198 1 P 0
L 2.6033465 0.8907482 2.6446851 0.8907482 1 P 0
L 2.6033465 0.8927167 2.6446851 0.8927167 1 P 0
L 2.6033465 0.9655514 2.6033465 1.042323 1 P 0
L 2.6033465 0.9655514 2.6446851 0.9655514 1 P 0
L 2.6033465 0.9675198 2.6446851 0.9675198 1 P 0
L 2.6033465 1.0403545 2.6033465 1.1171261 1 P 0
L 2.6033465 1.0403545 2.6446851 1.0403545 1 P 0
L 2.6033465 1.042323 2.6446851 1.042323 1 P 0
L 2.6033465 1.1151577 2.6033465 1.1919293 1 P 0
L 2.6033465 1.1151577 2.6446851 1.1151577 1 P 0
L 2.6033465 1.1171261 2.6446851 1.1171261 1 P 0
L 2.6033465 1.1899608 2.6033465 1.2667324 1 P 0
L 2.6033465 1.1899608 2.6446851 1.1899608 1 P 0
L 2.6033465 1.1919293 2.6446851 1.1919293 1 P 0
L 2.6033465 1.264764 2.6033465 1.3415356 1 P 0
L 2.6033465 1.264764 2.6446851 1.264764 1 P 0
L 2.6033465 1.2667324 2.6446851 1.2667324 1 P 0
L 2.6033465 1.3415356 2.6446851 1.3415356 1 P 0
L 2.6033466 0.4399608 2.6033466 0.5167324 1 P 0
L 2.6033466 0.4399608 2.6446852 0.4399608 1 P 0
L 2.6033466 0.514764 2.6033466 0.5915356 1 P 0
L 2.6033466 0.514764 2.6446852 0.514764 1 P 0
L 2.6033466 0.5167324 2.6446852 0.5167324 1 P 0
L 2.6033466 0.5915356 2.6446852 0.5915356 1 P 0
L 2.605315 0.5915356 2.605315 0.6683072 1 P 0
L 2.605315 0.6663388 2.605315 0.7431104 1 P 0
L 2.605315 0.7411419 2.605315 0.8179135 1 P 0
L 2.605315 0.8159451 2.605315 0.8927167 1 P 0
L 2.605315 0.8907482 2.605315 0.9675198 1 P 0
L 2.605315 0.9655513 2.605315 1.0423229 1 P 0
L 2.605315 1.0403545 2.605315 1.1171261 1 P 0
L 2.605315 1.1151577 2.605315 1.1919293 1 P 0
L 2.605315 1.1899608 2.605315 1.2667324 1 P 0
L 2.605315 1.264764 2.605315 1.3415356 1 P 0
L 2.6053151 0.4399608 2.6053151 0.5167324 1 P 0
L 2.6053151 0.514764 2.6053151 0.5915356 1 P 0
L 2.6190945 0.6299214 2.6289371 0.6299214 1 P 0
L 2.6190945 0.7047246 2.6289371 0.7047246 1 P 0
L 2.6190945 0.7795277 2.6289371 0.7795277 1 P 0
L 2.6190945 0.8543309 2.6289371 0.8543309 1 P 0
L 2.6190945 0.929134 2.6289371 0.929134 1 P 0
L 2.6190945 1.0039372 2.6289371 1.0039372 1 P 0
L 2.6190945 1.0787403 2.6289371 1.0787403 1 P 0
L 2.6190945 1.1535435 2.6289371 1.1535435 1 P 0
L 2.6190945 1.2283466 2.6289371 1.2283466 1 P 0
L 2.6190945 1.3031498 2.6289371 1.3031498 1 P 0
L 2.6190946 0.4783466 2.6289372 0.4783466 1 P 0
L 2.6190946 0.5531498 2.6289372 0.5531498 1 P 0
L 2.6240158 0.6250001 2.6240158 0.6348427 1 P 0
L 2.6240158 0.6998033 2.6240158 0.7096459 1 P 0
L 2.6240158 0.7746064 2.6240158 0.784449 1 P 0
L 2.6240158 0.8494096 2.6240158 0.8592522 1 P 0
L 2.6240158 0.9242127 2.6240158 0.9340553 1 P 0
L 2.6240158 0.9990159 2.6240158 1.0088585 1 P 0
L 2.6240158 1.073819 2.6240158 1.0836616 1 P 0
L 2.6240158 1.1486222 2.6240158 1.1584648 1 P 0
L 2.6240158 1.2234253 2.6240158 1.2332679 1 P 0
L 2.6240158 1.2982285 2.6240158 1.3080711 1 P 0
L 2.6240159 0.4734253 2.6240159 0.4832679 1 P 0
L 2.6240159 0.5482285 2.6240159 0.5580711 1 P 0
L 2.6318177 4.1593088 2.8600962 3.9310303 0 P 0
L 2.6318177 4.1593088 2.8879352 4.4154263 0 P 0
L 2.6338583 3.1653543 2.6338583 3.5275591 0 P 0
L 2.6338583 3.1653543 2.9566929 3.1653543 0 P 0
L 2.6338583 3.5275591 2.9566929 3.5275591 0 P 0
L 2.6446851 0.5915356 2.6446851 0.6683072 1 P 0
L 2.6446851 0.6663388 2.6446851 0.7431104 1 P 0
L 2.6446851 0.7411419 2.6446851 0.8179135 1 P 0
L 2.6446851 0.8159451 2.6446851 0.8927167 1 P 0
L 2.6446851 0.8907482 2.6446851 0.9675198 1 P 0
L 2.6446851 0.9655514 2.6446851 1.042323 1 P 0
L 2.6446851 1.0403545 2.6446851 1.1171261 1 P 0
L 2.6446851 1.1151577 2.6446851 1.1919293 1 P 0
L 2.6446851 1.1899608 2.6446851 1.2667324 1 P 0
L 2.6446851 1.264764 2.6446851 1.3415356 1 P 0
L 2.6446852 0.4399608 2.6446852 0.5167324 1 P 0
L 2.6446852 0.514764 2.6446852 0.5915356 1 P 0
L 2.6958661 0.4064961 2.6958661 0.4596457 1 P 0
L 2.6958661 0.4064961 2.7982284 0.4064961 1 P 0
L 2.6958661 0.4596457 2.7982284 0.4596457 1 P 0
L 2.6958661 0.4852362 2.6958661 0.5383858 1 P 0
L 2.6958661 0.4852362 2.7982284 0.4852362 1 P 0
L 2.6958661 0.5383858 2.7982284 0.5383858 1 P 0
L 2.6958661 0.5639764 2.6958661 0.617126 1 P 0
L 2.6958661 0.5639764 2.7982284 0.5639764 1 P 0
L 2.6958661 0.617126 2.7982284 0.617126 1 P 0
L 2.6958661 0.6427165 2.6958661 0.6958661 1 P 0
L 2.6958661 0.6427165 2.7982284 0.6427165 1 P 0
L 2.6958661 0.6958661 2.7982284 0.6958661 1 P 0
L 2.6958661 0.7214567 2.6958661 0.7746063 1 P 0
L 2.6958661 0.7214567 2.7982284 0.7214567 1 P 0
L 2.6958661 0.7746063 2.7982284 0.7746063 1 P 0
L 2.7293308 0.8749999 2.7293308 0.9773622 1 P 0
L 2.7293308 0.8749999 2.7824804 0.8749999 1 P 0
L 2.7293308 0.9773622 2.7824804 0.9773622 1 P 0
L 2.7293308 1.0324803 2.7293308 1.1348426 1 P 0
L 2.7293308 1.0324803 2.7824804 1.0324803 1 P 0
L 2.7293308 1.1348426 2.7824804 1.1348426 1 P 0
L 2.742126 0.4330709 2.753937 0.4330709 1 P 0
L 2.742126 0.511811 2.753937 0.511811 1 P 0
L 2.742126 0.5905512 2.753937 0.5905512 1 P 0
L 2.742126 0.6692913 2.753937 0.6692913 1 P 0
L 2.742126 0.7480315 2.753937 0.7480315 1 P 0
L 2.7480315 0.4271654 2.7480315 0.4389764 1 P 0
L 2.7480315 0.5059055 2.7480315 0.5177165 1 P 0
L 2.7480315 0.5846457 2.7480315 0.5964567 1 P 0
L 2.7480315 0.6633858 2.7480315 0.6751968 1 P 0
L 2.7480315 0.742126 2.7480315 0.753937 1 P 0
L 2.7500001 0.9251968 2.7618111 0.9251968 1 P 0
L 2.7500001 1.0826772 2.7618111 1.0826772 1 P 0
L 2.7559055 1.4763779 2.7559055 1.7519685 0 P 0
L 2.7559055 1.4763779 3.6220473 1.4763779 0 P 0
L 2.7559055 1.7519685 3.6220473 1.7519685 0 P 0
L 2.7559056 0.9192913 2.7559056 0.9311023 1 P 0
L 2.7559056 1.0767717 2.7559056 1.0885827 1 P 0
L 2.7781485 3.7401575 3.3070866 3.2112194 0 P 0
L 2.7781485 3.7401575 3.3070866 4.2690956 0 P 0
L 2.7824804 0.8749999 2.7824804 0.9773622 1 P 0
L 2.7824804 1.0324803 2.7824804 1.1348426 1 P 0
L 2.7982284 0.4064961 2.7982284 0.4596457 1 P 0
L 2.7982284 0.4852362 2.7982284 0.5383858 1 P 0
L 2.7982284 0.5639764 2.7982284 0.617126 1 P 0
L 2.7982284 0.6427165 2.7982284 0.6958661 1 P 0
L 2.7982284 0.7214567 2.7982284 0.7746063 1 P 0
L 2.8533464 0.4064961 2.8533464 0.4596457 1 P 0
L 2.8533464 0.4064961 2.9557087 0.4064961 1 P 0
L 2.8533464 0.4596457 2.9557087 0.4596457 1 P 0
L 2.8533464 0.4852362 2.8533464 0.5383858 1 P 0
L 2.8533464 0.4852362 2.9557087 0.4852362 1 P 0
L 2.8533464 0.5383858 2.9557087 0.5383858 1 P 0
L 2.8533464 0.5639764 2.8533464 0.617126 1 P 0
L 2.8533464 0.5639764 2.9557087 0.5639764 1 P 0
L 2.8533464 0.617126 2.9557087 0.617126 1 P 0
L 2.8533464 0.6427165 2.8533464 0.6958661 1 P 0
L 2.8533464 0.6427165 2.9557087 0.6427165 1 P 0
L 2.8533464 0.6958661 2.9557087 0.6958661 1 P 0
L 2.8533464 0.7214567 2.8533464 0.7746063 1 P 0
L 2.8533464 0.7214567 2.9557087 0.7214567 1 P 0
L 2.8533464 0.7746063 2.9557087 0.7746063 1 P 0
L 2.8600962 3.9310303 3.1162137 4.1871478 0 P 0
L 2.8868111 0.8749999 2.8868111 0.9773622 1 P 0
L 2.8868111 0.8749999 2.9399607 0.8749999 1 P 0
L 2.8868111 0.9773622 2.9399607 0.9773622 1 P 0
L 2.8868111 1.0324803 2.8868111 1.1348426 1 P 0
L 2.8868111 1.0324803 2.9399607 1.0324803 1 P 0
L 2.8868111 1.1348426 2.9399607 1.1348426 1 P 0
L 2.8879352 4.4154263 3.1162137 4.1871478 0 P 0
L 2.8996063 0.4330709 2.9114173 0.4330709 1 P 0
L 2.8996063 0.511811 2.9114173 0.511811 1 P 0
L 2.8996063 0.5905512 2.9114173 0.5905512 1 P 0
L 2.8996063 0.6692913 2.9114173 0.6692913 1 P 0
L 2.8996063 0.7480315 2.9114173 0.7480315 1 P 0
L 2.9055118 0.4271654 2.9055118 0.4389764 1 P 0
L 2.9055118 0.5059055 2.9055118 0.5177165 1 P 0
L 2.9055118 0.5846457 2.9055118 0.5964567 1 P 0
L 2.9055118 0.6633858 2.9055118 0.6751968 1 P 0
L 2.9055118 0.742126 2.9055118 0.753937 1 P 0
L 2.9074804 0.9251968 2.9192914 0.9251968 1 P 0
L 2.9074804 1.0826772 2.9192914 1.0826772 1 P 0
L 2.9133859 0.9192913 2.9133859 0.9311023 1 P 0
L 2.9133859 1.0767717 2.9133859 1.0885827 1 P 0
L 2.9399607 0.8749999 2.9399607 0.9773622 1 P 0
L 2.9399607 1.0324803 2.9399607 1.1348426 1 P 0
L 2.9557087 0.4064961 2.9557087 0.4596457 1 P 0
L 2.9557087 0.4852362 2.9557087 0.5383858 1 P 0
L 2.9557087 0.5639764 2.9557087 0.617126 1 P 0
L 2.9557087 0.6427165 2.9557087 0.6958661 1 P 0
L 2.9557087 0.7214567 2.9557087 0.7746063 1 P 0
L 2.9566929 3.1653543 2.9566929 3.5275591 0 P 0
L 3.0108267 0.4064961 3.0108267 0.4596457 1 P 0
L 3.0108267 0.4064961 3.113189 0.4064961 1 P 0
L 3.0108267 0.4596457 3.113189 0.4596457 1 P 0
L 3.0108267 0.4852362 3.0108267 0.5383858 1 P 0
L 3.0108267 0.4852362 3.113189 0.4852362 1 P 0
L 3.0108267 0.5383858 3.113189 0.5383858 1 P 0
L 3.0108267 0.5639764 3.0108267 0.617126 1 P 0
L 3.0108267 0.5639764 3.113189 0.5639764 1 P 0
L 3.0108267 0.617126 3.113189 0.617126 1 P 0
L 3.0108267 0.6427165 3.0108267 0.6958661 1 P 0
L 3.0108267 0.6427165 3.113189 0.6427165 1 P 0
L 3.0108267 0.6958661 3.113189 0.6958661 1 P 0
L 3.0108267 0.7214567 3.0108267 0.7746063 1 P 0
L 3.0108267 0.7214567 3.113189 0.7214567 1 P 0
L 3.0108267 0.7746063 3.113189 0.7746063 1 P 0
L 3.0442914 0.8749999 3.0442914 0.9773622 1 P 0
L 3.0442914 0.8749999 3.097441 0.8749999 1 P 0
L 3.0442914 0.9773622 3.097441 0.9773622 1 P 0
L 3.0442914 1.0324803 3.0442914 1.1348426 1 P 0
L 3.0442914 1.0324803 3.097441 1.0324803 1 P 0
L 3.0442914 1.1348426 3.097441 1.1348426 1 P 0
L 3.0570866 0.4330709 3.0688976 0.4330709 1 P 0
L 3.0570866 0.511811 3.0688976 0.511811 1 P 0
L 3.0570866 0.5905512 3.0688976 0.5905512 1 P 0
L 3.0570866 0.6692913 3.0688976 0.6692913 1 P 0
L 3.0570866 0.7480315 3.0688976 0.7480315 1 P 0
L 3.0629921 0.4271654 3.0629921 0.4389764 1 P 0
L 3.0629921 0.5059055 3.0629921 0.5177165 1 P 0
L 3.0629921 0.5846457 3.0629921 0.5964567 1 P 0
L 3.0629921 0.6633858 3.0629921 0.6751968 1 P 0
L 3.0629921 0.742126 3.0629921 0.753937 1 P 0
L 3.0649607 0.9251968 3.0767717 0.9251968 1 P 0
L 3.0649607 1.0826772 3.0767717 1.0826772 1 P 0
L 3.0708662 0.9192913 3.0708662 0.9311023 1 P 0
L 3.0708662 1.0767717 3.0708662 1.0885827 1 P 0
L 3.097441 0.8749999 3.097441 0.9773622 1 P 0
L 3.097441 1.0324803 3.097441 1.1348426 1 P 0
L 3.113189 0.4064961 3.113189 0.4596457 1 P 0
L 3.113189 0.4852362 3.113189 0.5383858 1 P 0
L 3.113189 0.5639764 3.113189 0.617126 1 P 0
L 3.113189 0.6427165 3.113189 0.6958661 1 P 0
L 3.113189 0.7214567 3.113189 0.7746063 1 P 0
L 3.1653544 1.6141732 3.2125984 1.6141732 0 P 0
L 3.1683071 0.4064961 3.1683071 0.4596457 1 P 0
L 3.1683071 0.4064961 3.2706694 0.4064961 1 P 0
L 3.1683071 0.4596457 3.2706694 0.4596457 1 P 0
L 3.1683071 0.4852362 3.1683071 0.5383858 1 P 0
L 3.1683071 0.4852362 3.2706694 0.4852362 1 P 0
L 3.1683071 0.5383858 3.2706694 0.5383858 1 P 0
L 3.1683071 0.5639764 3.1683071 0.617126 1 P 0
L 3.1683071 0.5639764 3.2706694 0.5639764 1 P 0
L 3.1683071 0.617126 3.2706694 0.617126 1 P 0
L 3.1683071 0.6427165 3.1683071 0.6958661 1 P 0
L 3.1683071 0.6427165 3.2706694 0.6427165 1 P 0
L 3.1683071 0.6958661 3.2706694 0.6958661 1 P 0
L 3.1683071 0.7214567 3.1683071 0.7746063 1 P 0
L 3.1683071 0.7214567 3.2706694 0.7214567 1 P 0
L 3.1683071 0.7746063 3.2706694 0.7746063 1 P 0
L 3.1889764 1.5905512 3.1889764 1.6377952 0 P 0
L 3.2017718 0.8749999 3.2017718 0.9773622 1 P 0
L 3.2017718 0.8749999 3.2549214 0.8749999 1 P 0
L 3.2017718 0.9773622 3.2549214 0.9773622 1 P 0
L 3.2017718 1.0324803 3.2017718 1.1348426 1 P 0
L 3.2017718 1.0324803 3.2549214 1.0324803 1 P 0
L 3.2017718 1.1348426 3.2549214 1.1348426 1 P 0
L 3.214567 0.4330709 3.226378 0.4330709 1 P 0
L 3.214567 0.511811 3.226378 0.511811 1 P 0
L 3.214567 0.5905512 3.226378 0.5905512 1 P 0
L 3.214567 0.6692913 3.226378 0.6692913 1 P 0
L 3.214567 0.7480315 3.226378 0.7480315 1 P 0
L 3.2204725 0.4271654 3.2204725 0.4389764 1 P 0
L 3.2204725 0.5059055 3.2204725 0.5177165 1 P 0
L 3.2204725 0.5846457 3.2204725 0.5964567 1 P 0
L 3.2204725 0.6633858 3.2204725 0.6751968 1 P 0
L 3.2204725 0.742126 3.2204725 0.753937 1 P 0
L 3.2224411 0.9251968 3.2342521 0.9251968 1 P 0
L 3.2224411 1.0826772 3.2342521 1.0826772 1 P 0
L 3.2283466 0.9192913 3.2283466 0.9311023 1 P 0
L 3.2283466 1.0767717 3.2283466 1.0885827 1 P 0
L 3.2549214 0.8749999 3.2549214 0.9773622 1 P 0
L 3.2549214 1.0324803 3.2549214 1.1348426 1 P 0
L 3.2706694 0.4064961 3.2706694 0.4596457 1 P 0
L 3.2706694 0.4852362 3.2706694 0.5383858 1 P 0
L 3.2706694 0.5639764 3.2706694 0.617126 1 P 0
L 3.2706694 0.6427165 3.2706694 0.6958661 1 P 0
L 3.2706694 0.7214567 3.2706694 0.7746063 1 P 0
L 3.2931672 3.7262381 3.321006 3.7540769 0 P 0
L 3.2931672 3.7540769 3.321006 3.7262381 0 P 0
L 3.3070866 3.2112194 3.8360247 3.7401575 0 P 0
L 3.3070866 4.2690956 3.8360247 3.7401575 0 P 0
L 3.3257874 0.4064961 3.3257874 0.4596457 1 P 0
L 3.3257874 0.4064961 3.4281497 0.4064961 1 P 0
L 3.3257874 0.4596457 3.4281497 0.4596457 1 P 0
L 3.3257874 0.4852362 3.3257874 0.5383858 1 P 0
L 3.3257874 0.4852362 3.4281497 0.4852362 1 P 0
L 3.3257874 0.5383858 3.4281497 0.5383858 1 P 0
L 3.3257874 0.5639764 3.3257874 0.617126 1 P 0
L 3.3257874 0.5639764 3.4281497 0.5639764 1 P 0
L 3.3257874 0.617126 3.4281497 0.617126 1 P 0
L 3.3257874 0.6427165 3.3257874 0.6958661 1 P 0
L 3.3257874 0.6427165 3.4281497 0.6427165 1 P 0
L 3.3257874 0.6958661 3.4281497 0.6958661 1 P 0
L 3.3257874 0.7214567 3.3257874 0.7746063 1 P 0
L 3.3257874 0.7214567 3.4281497 0.7214567 1 P 0
L 3.3257874 0.7746063 3.4281497 0.7746063 1 P 0
L 3.3592521 0.8749999 3.3592521 0.9773622 1 P 0
L 3.3592521 0.8749999 3.4124017 0.8749999 1 P 0
L 3.3592521 0.9773622 3.4124017 0.9773622 1 P 0
L 3.3592521 1.0324803 3.3592521 1.1348426 1 P 0
L 3.3592521 1.0324803 3.4124017 1.0324803 1 P 0
L 3.3592521 1.1348426 3.4124017 1.1348426 1 P 0
L 3.3720473 0.4330709 3.3838583 0.4330709 1 P 0
L 3.3720473 0.511811 3.3838583 0.511811 1 P 0
L 3.3720473 0.5905512 3.3838583 0.5905512 1 P 0
L 3.3720473 0.6692913 3.3838583 0.6692913 1 P 0
L 3.3720473 0.7480315 3.3838583 0.7480315 1 P 0
L 3.3779528 0.4271654 3.3779528 0.4389764 1 P 0
L 3.3779528 0.5059055 3.3779528 0.5177165 1 P 0
L 3.3779528 0.5846457 3.3779528 0.5964567 1 P 0
L 3.3779528 0.6633858 3.3779528 0.6751968 1 P 0
L 3.3779528 0.742126 3.3779528 0.753937 1 P 0
L 3.3799214 0.9251968 3.3917324 0.9251968 1 P 0
L 3.3799214 1.0826772 3.3917324 1.0826772 1 P 0
L 3.3858269 0.9192913 3.3858269 0.9311023 1 P 0
L 3.3858269 1.0767717 3.3858269 1.0885827 1 P 0
L 3.4124017 0.8749999 3.4124017 0.9773622 1 P 0
L 3.4124017 1.0324803 3.4124017 1.1348426 1 P 0
L 3.4281497 0.4064961 3.4281497 0.4596457 1 P 0
L 3.4281497 0.4852362 3.4281497 0.5383858 1 P 0
L 3.4281497 0.5639764 3.4281497 0.617126 1 P 0
L 3.4281497 0.6427165 3.4281497 0.6958661 1 P 0
L 3.4281497 0.7214567 3.4281497 0.7746063 1 P 0
L 3.4979595 4.1871478 3.726238 4.4154263 0 P 0
L 3.4979595 4.1871478 3.754077 3.9310303 0 P 0
L 3.6220473 1.4763779 3.6220473 1.7519685 0 P 0
L 3.6574803 3.1653543 3.6574803 3.5275591 0 P 0
L 3.6574803 3.1653543 3.9803149 3.1653543 0 P 0
L 3.6574803 3.5275591 3.9803149 3.5275591 0 P 0
L 3.7204725 0.4232283 3.7204725 0.5216535 0 P 0
L 3.7204725 0.4232283 3.8385827 0.4232283 0 P 0
L 3.7204725 0.5216535 3.8385827 0.5216535 0 P 0
L 3.7204725 0.6200787 3.7204725 0.7185039 0 P 0
L 3.7204725 0.6200787 3.8385827 0.6200787 0 P 0
L 3.7204725 0.7185039 3.8385827 0.7185039 0 P 0
L 3.7204725 0.8169291 3.7204725 0.9153543 0 P 0
L 3.7204725 0.8169291 3.8385827 0.8169291 0 P 0
L 3.7204725 0.9153543 3.8385827 0.9153543 0 P 0
L 3.7204726 1.0137795 3.7204726 1.1122047 0 P 0
L 3.7204726 1.0137795 3.8385828 1.0137795 0 P 0
L 3.7204726 1.1122047 3.8385828 1.1122047 0 P 0
L 3.726238 4.4154263 3.9823555 4.1593088 0 P 0
L 3.754077 3.9310303 3.9823555 4.1593088 0 P 0
L 3.7598426 0.4724409 3.7992126 0.4724409 0 P 0
L 3.7598426 0.6692913 3.7992126 0.6692913 0 P 0
L 3.7598426 0.8661417 3.7992126 0.8661417 0 P 0
L 3.7598427 1.0629921 3.7992127 1.0629921 0 P 0
L 3.7795276 0.4527559 3.7795276 0.4921259 0 P 0
L 3.7795276 0.6496063 3.7795276 0.6889763 0 P 0
L 3.7795276 0.8464567 3.7795276 0.8858267 0 P 0
L 3.7795277 1.0433071 3.7795277 1.0826771 0 P 0
L 3.8385827 0.4232283 3.8385827 0.5216535 0 P 0
L 3.8385827 0.6200787 3.8385827 0.7185039 0 P 0
L 3.8385827 0.8169291 3.8385827 0.9153543 0 P 0
L 3.8385828 1.0137795 3.8385828 1.1122047 0 P 0
L 3.9173229 0.4232283 3.9173229 0.5216535 0 P 0
L 3.9173229 0.4232283 4.0354331 0.4232283 0 P 0
L 3.9173229 0.5216535 4.0354331 0.5216535 0 P 0
L 3.9173229 0.6200787 3.9173229 0.7185039 0 P 0
L 3.9173229 0.6200787 4.0354331 0.6200787 0 P 0
L 3.9173229 0.7185039 4.0354331 0.7185039 0 P 0
L 3.9173229 0.8169291 3.9173229 0.9153543 0 P 0
L 3.9173229 0.8169291 4.0354331 0.8169291 0 P 0
L 3.9173229 0.9153543 4.0354331 0.9153543 0 P 0
L 3.917323 1.0137795 3.917323 1.1122047 0 P 0
L 3.917323 1.0137795 4.0354332 1.0137795 0 P 0
L 3.917323 1.1122047 4.0354332 1.1122047 0 P 0
L 3.9271654 1.4468504 3.9271654 1.781496 0 P 0
L 3.9271654 1.4468504 4.261811 1.4468504 0 P 0
L 3.9271654 1.781496 4.261811 1.781496 0 P 0
L 3.956693 0.4724409 3.996063 0.4724409 0 P 0
L 3.956693 0.6692913 3.996063 0.6692913 0 P 0
L 3.956693 0.8661417 3.996063 0.8661417 0 P 0
L 3.9566931 1.0629921 3.9960631 1.0629921 0 P 0
L 3.976378 0.4527559 3.976378 0.4921259 0 P 0
L 3.976378 0.6496063 3.976378 0.6889763 0 P 0
L 3.976378 0.8464567 3.976378 0.8858267 0 P 0
L 3.9763781 1.0433071 3.9763781 1.0826771 0 P 0
L 3.9803149 3.1653543 3.9803149 3.5275591 0 P 0
L 3.984252 1.9291339 3.984252 2.9488189 0 P 0
L 3.984252 1.9291339 4.2047244 1.9291339 0 P 0
L 3.984252 2.9488189 4.2047244 2.9488189 0 P 0
L 4.0354331 0.4232283 4.0354331 0.5216535 0 P 0
L 4.0354331 0.6200787 4.0354331 0.7185039 0 P 0
L 4.0354331 0.8169291 4.0354331 0.9153543 0 P 0
L 4.0354332 1.0137795 4.0354332 1.1122047 0 P 0
L 4.0452756 1.6141732 4.1437008 1.6141732 0 P 0
L 4.0551181 2.4409449 4.1338583 2.4409449 0 P 0
L 4.0944882 1.5649606 4.0944882 1.6633858 0 P 0
L 4.0944882 2.4015748 4.0944882 2.480315 0 P 0
L 4.1141733 0.4232283 4.1141733 0.5216535 0 P 0
L 4.1141733 0.4232283 4.2322835 0.4232283 0 P 0
L 4.1141733 0.5216535 4.2322835 0.5216535 0 P 0
L 4.1141733 0.6200787 4.1141733 0.7185039 0 P 0
L 4.1141733 0.6200787 4.2322835 0.6200787 0 P 0
L 4.1141733 0.7185039 4.2322835 0.7185039 0 P 0
L 4.1141733 0.8169291 4.1141733 0.9153543 0 P 0
L 4.1141733 0.8169291 4.2322835 0.8169291 0 P 0
L 4.1141733 0.9153543 4.2322835 0.9153543 0 P 0
L 4.1141734 1.0137795 4.1141734 1.1122047 0 P 0
L 4.1141734 1.0137795 4.2322836 1.0137795 0 P 0
L 4.1141734 1.1122047 4.2322836 1.1122047 0 P 0
L 4.1338583 3.1496063 4.1338583 3.8582677 0 P 0
L 4.1338583 3.1496063 4.1338583 3.8582677 0 P 0
L 4.1338583 3.1496063 4.8425197 3.1496063 0 P 0
L 4.1338583 3.1496063 4.8425197 3.1496063 0 P 0
L 4.1338583 3.8582677 4.8425197 3.8582677 0 P 0
L 4.1338583 3.8582677 4.8425197 3.8582677 0 P 0
L 4.1535434 0.4724409 4.1929134 0.4724409 0 P 0
L 4.1535434 0.6692913 4.1929134 0.6692913 0 P 0
L 4.1535434 0.8661417 4.1929134 0.8661417 0 P 0
L 4.1535435 1.0629921 4.1929135 1.0629921 0 P 0
L 4.1732284 0.4527559 4.1732284 0.4921259 0 P 0
L 4.1732284 0.6496063 4.1732284 0.6889763 0 P 0
L 4.1732284 0.8464567 4.1732284 0.8858267 0 P 0
L 4.1732285 1.0433071 4.1732285 1.0826771 0 P 0
L 4.2047244 1.9291339 4.2047244 2.9488189 0 P 0
L 4.2322835 0.4232283 4.2322835 0.5216535 0 P 0
L 4.2322835 0.6200787 4.2322835 0.7185039 0 P 0
L 4.2322835 0.8169291 4.2322835 0.9153543 0 P 0
L 4.2322836 1.0137795 4.2322836 1.1122047 0 P 0
L 4.261811 1.4468504 4.261811 1.781496 0 P 0
L 4.3110237 0.4232283 4.3110237 0.5216535 0 P 0
L 4.3110237 0.4232283 4.4291339 0.4232283 0 P 0
L 4.3110237 0.5216535 4.4291339 0.5216535 0 P 0
L 4.3110237 0.6200787 4.3110237 0.7185039 0 P 0
L 4.3110237 0.6200787 4.4291339 0.6200787 0 P 0
L 4.3110237 0.7185039 4.4291339 0.7185039 0 P 0
L 4.3110237 0.8169291 4.3110237 0.9153543 0 P 0
L 4.3110237 0.8169291 4.4291339 0.8169291 0 P 0
L 4.3110237 0.9153543 4.4291339 0.9153543 0 P 0
L 4.3110238 1.0137795 4.3110238 1.1122047 0 P 0
L 4.3110238 1.0137795 4.429134 1.0137795 0 P 0
L 4.3110238 1.1122047 4.429134 1.1122047 0 P 0
L 4.3503938 0.4724409 4.3897638 0.4724409 0 P 0
L 4.3503938 0.6692913 4.3897638 0.6692913 0 P 0
L 4.3503938 0.8661417 4.3897638 0.8661417 0 P 0
L 4.3503939 1.0629921 4.3897639 1.0629921 0 P 0
L 4.3700788 0.4527559 4.3700788 0.4921259 0 P 0
L 4.3700788 0.6496063 4.3700788 0.6889763 0 P 0
L 4.3700788 0.8464567 4.3700788 0.8858267 0 P 0
L 4.3700788 4.1141732 4.3700788 4.3897638 0 P 0
L 4.3700788 4.1141732 4.6062992 4.1141732 0 P 0
L 4.3700788 4.3897638 4.6062992 4.3897638 0 P 0
L 4.3700789 1.0433071 4.3700789 1.0826771 0 P 0
L 4.4291339 0.4232283 4.4291339 0.5216535 0 P 0
L 4.4291339 0.6200787 4.4291339 0.7185039 0 P 0
L 4.4291339 0.8169291 4.4291339 0.9153543 0 P 0
L 4.429134 1.0137795 4.429134 1.1122047 0 P 0
L 4.4389764 1.4468504 4.4389764 1.781496 0 P 0
L 4.4389764 1.4468504 4.773622 1.4468504 0 P 0
L 4.4389764 1.781496 4.773622 1.781496 0 P 0
L 4.4488189 3.503937 4.5275591 3.503937 0 P 0
L 4.4488189 3.503937 4.5275591 3.503937 0 P 0
L 4.4586614 4.2519685 4.5177166 4.2519685 0 P 0
L 4.488189 3.4645669 4.488189 3.5433071 0 P 0
L 4.488189 3.4645669 4.488189 3.5433071 0 P 0
L 4.488189 4.2224409 4.488189 4.2814961 0 P 0
L 4.496063 1.9291339 4.496063 2.9488189 0 P 0
L 4.496063 1.9291339 4.7165354 1.9291339 0 P 0
L 4.496063 2.9488189 4.7165354 2.9488189 0 P 0
L 4.5570866 1.6141732 4.6555118 1.6141732 0 P 0
L 4.5669291 2.4409449 4.6456693 2.4409449 0 P 0
L 4.6062992 1.5649606 4.6062992 1.6633858 0 P 0
L 4.6062992 2.4015748 4.6062992 2.480315 0 P 0
L 4.6062992 4.1141732 4.6062992 4.3897638 0 P 0
L 4.7165354 1.9291339 4.7165354 2.9488189 0 P 0
L 4.773622 1.4468504 4.773622 1.781496 0 P 0
L 4.8425197 3.1496063 4.8425197 3.8582677 0 P 0
L 4.8425197 3.1496063 4.8425197 3.8582677 0 P 0
L 5.0511811 3.0826772 5.0511811 4.3976378 0 P 0
L 5.0511811 3.0826772 6.3661417 3.0826772 0 P 0
L 5.0511811 4.3976378 6.3661417 4.3976378 0 P 0
L 5.059055 2.0866142 5.059055 2.480315 0 P 0
L 5.059055 2.0866142 5.5708662 2.0866142 0 P 0
L 5.059055 2.480315 5.5708662 2.480315 0 P 0
L 5.07874 3.1112205 5.07874 4.3710631 0 P 0
L 5.07874 3.1112205 6.3385826 3.1112205 0 P 0
L 5.07874 4.3710631 6.2913384 4.3710631 0 P 0
L 5.0954724 1.045593 5.0954724 1.0987426 1 P 0
L 5.0954724 1.045593 5.1978347 1.045593 1 P 0
L 5.0954724 1.0987426 5.1978347 1.0987426 1 P 0
L 5.0985399 1.0085133 5.1077694 0.9561712 1 P 0
L 5.0985399 1.0085133 5.1993472 1.0262884 1 P 0
L 5.0995241 1.1368261 5.1087536 1.1891682 1 P 0
L 5.0995241 1.1368261 5.2003314 1.119051 1 P 0
L 5.1077694 0.9561712 5.2085766 0.9739462 1 P 0
L 5.1087536 1.1891682 5.2095608 1.1713932 1 P 0
L 5.1180725 0.9189125 5.1362508 0.8689682 1 P 0
L 5.1180725 0.9189125 5.2142616 0.9539225 1 P 0
L 5.1181501 1.2271215 5.1363284 1.2770658 1 P 0
L 5.1181501 1.2271215 5.2143392 1.1921115 1 P 0
L 5.1362508 0.8689682 5.2324399 0.9039782 1 P 0
L 5.1363284 1.2770658 5.2325175 1.2420558 1 P 0
L 5.1417323 1.0721678 5.1535433 1.0721678 1 P 0
L 5.1476378 1.0662623 5.1476378 1.0780733 1 P 0
L 5.1487118 0.9903752 5.1603434 0.9924262 1 P 0
L 5.149696 1.1549642 5.1613276 1.1529132 1 P 0
L 5.1521659 0.8338189 5.1787407 0.7877899 1 P 0
L 5.1521659 0.8338189 5.2408143 0.885 1 P 0
L 5.1531502 1.3111391 5.179725 1.3571681 1 P 0
L 5.1531502 1.3111391 5.2417986 1.259958 1 P 0
L 5.1535021 0.9972165 5.1555531 0.9855849 1 P 0
L 5.1544863 1.1481229 5.1565373 1.1597545 1 P 0
L 5.1706317 0.9097622 5.1817305 0.9138018 1 P 0
L 5.1707093 1.2362718 5.1818081 1.2322322 1 P 0
L 5.1741613 0.9173314 5.1782009 0.9062326 1 P 0
L 5.1742389 1.2287026 5.1782785 1.2398014 1 P 0
L 5.1787407 0.7877899 5.2673891 0.8389711 1 P 0
L 5.179725 1.3571681 5.2683734 1.3059869 1 P 0
L 5.1978347 1.045593 5.1978347 1.0987426 1 P 0
L 5.1993472 1.0262884 5.2085766 0.9739462 1 P 0
L 5.2003314 1.119051 5.2095608 1.1713932 1 P 0
L 5.2010196 0.755527 5.2351835 0.714812 1 P 0
L 5.2010196 0.755527 5.2794337 0.8213242 1 P 0
L 5.201142 1.3891581 5.2353059 1.4298731 1 P 0
L 5.201142 1.3891581 5.2795561 1.3233609 1 P 0
L 5.2055156 0.8339343 5.2157442 0.8398399 1 P 0
L 5.2064999 1.3110236 5.2167285 1.3051182 1 P 0
L 5.2076771 0.8420014 5.2135827 0.8317728 1 P 0
L 5.2086615 1.3029566 5.2145669 1.3131852 1 P 0
L 5.2142616 0.9539225 5.2324399 0.9039782 1 P 0
L 5.2143392 1.1921115 5.2325175 1.2420558 1 P 0
L 5.2332677 1.0515029 5.2332677 1.0928415 1 P 0
L 5.2332677 1.0515029 5.3100393 1.0515029 1 P 0
L 5.2332677 1.0928415 5.3100393 1.0928415 1 P 0
L 5.2351835 0.714812 5.3135976 0.7806093 1 P 0
L 5.2353059 1.4298731 5.31372 1.3640758 1 P 0
L 5.2361673 1.0264092 5.2433457 0.9856986 1 P 0
L 5.2361673 1.0264092 5.3117725 1.0397404 1 P 0
L 5.2361673 1.1188017 5.2433457 1.1595123 1 P 0
L 5.2361673 1.1188017 5.3117725 1.1054705 1 P 0
L 5.2408143 0.885 5.2673891 0.8389711 1 P 0
L 5.2417986 1.259958 5.2683734 1.3059869 1 P 0
L 5.2433457 0.9856986 5.3189509 0.9990298 1 P 0
L 5.2433457 1.1595123 5.3189509 1.1461811 1 P 0
L 5.2493281 0.9600343 5.2634668 0.9211887 1 P 0
L 5.2493281 0.9600343 5.3214698 0.9862917 1 P 0
L 5.2501669 1.1852794 5.2643056 1.224125 1 P 0
L 5.2501669 1.1852794 5.3223086 1.159022 1 P 0
L 5.2535387 0.7649048 5.2625865 0.7724968 1 P 0
L 5.2536611 1.3797803 5.2627089 1.3721883 1 P 0
L 5.2542666 0.7732247 5.2618586 0.7641769 1 P 0
L 5.254389 1.3714604 5.261981 1.3805082 1 P 0
L 5.2559054 2.2834646 5.3700787 2.2834646 0 P 0
L 5.2629144 0.6877508 5.3036294 0.6535869 1 P 0
L 5.2629144 0.6877508 5.3287117 0.7661649 1 P 0
L 5.2634668 0.9211887 5.3356085 0.9474461 1 P 0
L 5.2636065 1.4569342 5.3043215 1.4910981 1 P 0
L 5.2636065 1.4569342 5.3294038 1.3785201 1 P 0
L 5.2643056 1.224125 5.3364473 1.1978676 1 P 0
L 5.2667322 1.0721722 5.2765748 1.0721722 1 P 0
L 5.2716535 1.0672509 5.2716535 1.0770935 1 P 0
L 5.2727126 1.0118649 5.2824056 1.0135741 1 P 0
L 5.2727126 1.133346 5.2824056 1.1316368 1 P 0
L 5.2746519 0.8973292 5.2953212 0.861529 1 P 0
L 5.2746519 0.8973292 5.341138 0.935715 1 P 0
L 5.2753199 1.2478642 5.2959892 1.2836644 1 P 0
L 5.2753199 1.2478642 5.341806 1.2094784 1 P 0
L 5.2767045 1.017566 5.2784137 1.007873 1 P 0
L 5.2767045 1.1276449 5.2784137 1.1373379 1 P 0
L 5.2794337 0.8213242 5.3135976 0.7806093 1 P 0
L 5.2795561 1.3233609 5.31372 1.3640758 1 P 0
L 5.2878438 0.952057 5.2970928 0.9554234 1 P 0
L 5.2886826 1.1932567 5.2979316 1.1898903 1 P 0
L 5.2907851 0.9583647 5.2941515 0.9491157 1 P 0
L 5.2916239 1.186949 5.2949903 1.196198 1 P 0
L 5.2953212 0.861529 5.3618073 0.8999148 1 P 0
L 5.2959892 1.2836644 5.3624753 1.2452786 1 P 0
L 5.3036294 0.6535869 5.3694266 0.732001 1 P 0
L 5.3043215 1.4910981 5.3701187 1.412684 1 P 0
L 5.3100393 1.0515029 5.3100393 1.0928415 1 P 0
L 5.3106553 0.8395849 5.3372272 0.8079177 1 P 0
L 5.3106553 0.8395849 5.3694658 0.8889327 1 P 0
L 5.3106553 1.3050844 5.3372272 1.3367516 1 P 0
L 5.3106553 1.3050844 5.3694658 1.2557366 1 P 0
L 5.3117725 1.0397404 5.3189509 0.9990298 1 P 0
L 5.3117725 1.1054705 5.3189509 1.1461811 1 P 0
L 5.3122793 0.7144259 5.3213271 0.7068339 1 P 0
L 5.3129714 1.4302591 5.3220192 1.4378511 1 P 0
L 5.3130072 0.706106 5.3205992 0.7151538 1 P 0
L 5.3136993 1.438579 5.3212913 1.4295312 1 P 0
L 5.3139675 0.8961613 5.3224917 0.9010827 1 P 0
L 5.3146356 1.249032 5.3231596 1.2441108 1 P 0
L 5.3149606 2.2244094 5.3149606 2.2440945 0 P 0
L 5.3149606 2.2440945 5.3149606 2.3425198 0 P 0
L 5.3157689 0.9028841 5.3206903 0.8943599 1 P 0
L 5.316437 1.2423094 5.3213582 1.2508334 1 P 0
L 5.3214698 0.9862917 5.3356085 0.9474461 1 P 0
L 5.3223086 1.159022 5.3364473 1.1978676 1 P 0
L 5.3287117 0.7661649 5.3694266 0.732001 1 P 0
L 5.3294038 1.3785201 5.3701187 1.412684 1 P 0
L 5.3352864 0.6314966 5.3813154 0.6049218 1 P 0
L 5.3352864 0.6314966 5.3864676 0.720145 1 P 0
L 5.3357453 1.5131884 5.3817743 1.5397632 1 P 0
L 5.3357453 1.5131884 5.3869265 1.42454 1 P 0
L 5.3372272 0.8079177 5.3960377 0.8572655 1 P 0
L 5.3372272 1.3367516 5.3960377 1.2874038 1 P 0
L 5.3395669 1.0561024 5.3395669 1.0875984 1 P 0
L 5.3395669 1.0561024 5.3887795 1.0561024 1 P 0
L 5.3395669 1.0875984 5.3887795 1.0875984 1 P 0
L 5.341138 0.935715 5.3618073 0.8999148 1 P 0
L 5.3411431 1.0396458 5.3466123 1.0086283 1 P 0
L 5.3411431 1.0396458 5.3896081 1.0481915 1 P 0
L 5.3411431 1.105343 5.3466123 1.1363605 1 P 0
L 5.3411431 1.105343 5.3896081 1.0967973 1 P 0
L 5.341806 1.2094784 5.3624753 1.2452786 1 P 0
L 5.3466123 1.0086283 5.3950773 1.017174 1 P 0
L 5.3466123 1.1363605 5.3950773 1.1278148 1 P 0
L 5.3495766 0.8452618 5.3571164 0.8515886 1 P 0
L 5.3495766 1.2994075 5.3571164 1.2930807 1 P 0
L 5.3501831 0.8521951 5.3565099 0.8446553 1 P 0
L 5.3501831 1.2924742 5.3565099 1.300014 1 P 0
L 5.3512511 0.9916186 5.3620234 0.9620221 1 P 0
L 5.3512511 0.9916186 5.3974958 1.0084503 1 P 0
L 5.3514128 1.1530664 5.3621851 1.1826629 1 P 0
L 5.3514128 1.1530664 5.3976575 1.1362347 1 P 0
L 5.356146 0.789499 5.3878132 0.7629271 1 P 0
L 5.356146 0.789499 5.4054938 0.8483095 1 P 0
L 5.356146 1.3556862 5.3878132 1.3822581 1 P 0
L 5.356146 1.3556862 5.4054938 1.2968757 1 P 0
L 5.3582677 1.0718504 5.3700787 1.0718504 1 P 0
L 5.3620234 0.9620221 5.4082681 0.9788538 1 P 0
L 5.3621851 1.1826629 5.4084298 1.1658312 1 P 0
L 5.3622944 1.0273844 5.373926 1.0294354 1 P 0
L 5.3622944 1.1176044 5.373926 1.1155534 1 P 0
L 5.3641732 1.0659449 5.3641732 1.0777559 1 P 0
L 5.3670847 1.0342257 5.3691357 1.0225941 1 P 0
L 5.3670847 1.1107631 5.3691357 1.1223947 1 P 0
L 5.3694383 0.9462169 5.3851863 0.9189406 1 P 0
L 5.3694383 0.9462169 5.4120577 0.9708232 1 P 0
L 5.3694383 1.199176 5.3851863 1.2264523 1 P 0
L 5.3694383 1.199176 5.4120577 1.1745697 1 P 0
L 5.3694658 0.8889327 5.3960377 0.8572655 1 P 0
L 5.3694658 1.2557366 5.3960377 1.2874038 1 P 0
L 5.3742102 0.9832164 5.385309 0.987256 1 P 0
L 5.3743719 1.1614686 5.3854707 1.157429 1 P 0
L 5.3777398 0.9907856 5.3817794 0.9796868 1 P 0
L 5.3779015 1.1538994 5.3819411 1.1649982 1 P 0
L 5.3792693 0.6663385 5.3894979 0.6604331 1 P 0
L 5.3797282 1.4783464 5.3899568 1.484252 1 P 0
L 5.3813154 0.6049218 5.4324965 0.6935702 1 P 0
L 5.3814309 0.6582715 5.3873363 0.6685001 1 P 0
L 5.3817743 1.5397632 5.4329554 1.4511148 1 P 0
L 5.3818897 1.4864135 5.3877953 1.4761849 1 P 0
L 5.3851863 0.9189406 5.4278057 0.9435469 1 P 0
L 5.3851863 1.2264523 5.4278057 1.201846 1 P 0
L 5.3864676 0.720145 5.4324965 0.6935702 1 P 0
L 5.3869265 1.42454 5.4329554 1.4511148 1 P 0
L 5.3878132 0.7629271 5.437161 0.8217376 1 P 0
L 5.3878132 1.3822581 5.437161 1.3234476 1 P 0
L 5.3887795 1.0561024 5.3887795 1.0875984 1 P 0
L 5.3896081 1.0481915 5.3950773 1.017174 1 P 0
L 5.3896081 1.0967973 5.3950773 1.1278148 1 P 0
L 5.3928836 0.8087817 5.4004234 0.8024549 1 P 0
L 5.3928836 1.3364035 5.4004234 1.3427303 1 P 0
L 5.3934901 0.8018484 5.3998169 0.8093882 1 P 0
L 5.3934901 1.3433368 5.3998169 1.335797 1 P 0
L 5.3935077 0.9419291 5.4037363 0.9478347 1 P 0
L 5.3935077 1.2034637 5.4037363 1.1975583 1 P 0
L 5.3952405 0.903981 5.4154857 0.8798537 1 P 0
L 5.3952405 0.903981 5.4329395 0.9356143 1 P 0
L 5.3952405 1.2406151 5.4154857 1.2647424 1 P 0
L 5.3952405 1.2406151 5.4329395 1.2089818 1 P 0
L 5.3956692 0.9499962 5.4015748 0.9397676 1 P 0
L 5.3956693 1.1953967 5.4015747 1.2056253 1 P 0
L 5.3974958 1.0084503 5.4082681 0.9788538 1 P 0
L 5.3976575 1.1362347 5.4084298 1.1658312 1 P 0
L 5.4054938 0.8483095 5.437161 0.8217376 1 P 0
L 5.4054938 1.2968757 5.437161 1.3234476 1 P 0
L 5.4087731 0.7468178 5.4445733 0.7261485 1 P 0
L 5.4087731 0.7468178 5.4471589 0.8133039 1 P 0
L 5.4097574 1.3966884 5.4455576 1.4173577 1 P 0
L 5.4097574 1.3966884 5.4481432 1.3302023 1 P 0
L 5.4120577 0.9708232 5.4278057 0.9435469 1 P 0
L 5.4120577 1.1745697 5.4278057 1.201846 1 P 0
L 5.4154857 0.8798537 5.4531847 0.911487 1 P 0
L 5.4154857 1.2647424 5.4531847 1.2331091 1 P 0
L 5.4158476 1.5557255 5.4508576 1.4595363 1 P 0
L 5.4158476 1.5557255 5.465792 1.5739037 1 P 0
L 5.4163846 0.5880225 5.4513946 0.6842116 1 P 0
L 5.4163846 0.5880225 5.4663289 0.5698442 1 P 0
L 5.4196887 0.903938 5.4287365 0.91153 1 P 0
L 5.4196887 1.2406581 5.4287365 1.2330661 1 P 0
L 5.4202756 1.0633197 5.4202756 1.0810363 2 P 0
L 5.4202756 1.0633197 5.4478346 1.0633197 2 P 0
L 5.4202756 1.0810363 5.4478346 1.0810363 2 P 0
L 5.4204166 0.9122579 5.4280086 0.9032101 1 P 0
L 5.4204166 1.2323382 5.4280086 1.241386 1 P 0
L 5.4218995 1.0466852 5.424976 1.0292378 2 P 0
L 5.4218995 1.0466852 5.4490398 1.0514708 2 P 0
L 5.4218995 1.0981406 5.424976 1.115588 2 P 0
L 5.4218995 1.0981406 5.4490398 1.093355 2 P 0
L 5.424976 1.0292378 5.4521163 1.0340234 2 P 0
L 5.424976 1.115588 5.4521163 1.1108024 2 P 0
L 5.427925 0.8672574 5.4520523 0.8470122 1 P 0
L 5.427925 0.8672574 5.4595583 0.9049564 1 P 0
L 5.4281496 1.072178 5.4399606 1.072178 2 P 0
L 5.4281796 1.2774277 5.4523069 1.2976729 1 P 0
L 5.4281796 1.2774277 5.4598129 1.2397287 1 P 0
L 5.4289037 1.1326946 5.4349631 1.1493427 2 P 0
L 5.4289037 1.1326946 5.4548007 1.1232689 2 P 0
L 5.42925 1.0124695 5.4353094 0.9958214 2 P 0
L 5.42925 1.0124695 5.455147 1.0218952 2 P 0
L 5.4311921 1.0393288 5.4428237 1.0413798 2 P 0
L 5.4311921 1.105497 5.4428237 1.103446 2 P 0
L 5.4329395 0.9356143 5.4531847 0.911487 1 P 0
L 5.4329395 1.2089818 5.4531847 1.2331091 1 P 0
L 5.4340551 1.0672567 5.4340551 1.0770993 2 P 0
L 5.4349631 1.1493427 5.4608601 1.139917 2 P 0
L 5.4353094 0.9958214 5.4612064 1.0052471 2 P 0
L 5.4361533 1.0452008 5.4378625 1.0355078 2 P 0
L 5.4361533 1.099625 5.4378625 1.109318 2 P 0
L 5.4393325 1.1383256 5.4504313 1.134286 2 P 0
L 5.4396788 1.0068385 5.4507776 1.0108781 2 P 0
L 5.4416041 0.7721868 5.4501281 0.7672656 1 P 0
L 5.4422989 1.1650417 5.4511572 1.1803848 2 P 0
L 5.4422989 1.1650417 5.4661656 1.1512622 2 P 0
L 5.4425368 0.9801125 5.4513951 0.9647695 2 P 0
L 5.4425368 0.9801125 5.4664035 0.9938919 2 P 0
L 5.4425884 1.3713194 5.4511124 1.3762406 1 P 0
L 5.4431987 1.1316813 5.4465651 1.1409303 2 P 0
L 5.4434055 0.7654642 5.4483267 0.7739882 1 P 0
L 5.443545 1.0134828 5.4469114 1.0042338 2 P 0
L 5.4443898 1.378042 5.449311 1.369518 1 P 0
L 5.4445733 0.7261485 5.4829591 0.7926346 1 P 0
L 5.4455576 1.4173577 5.4839434 1.3508716 1 P 0
L 5.4471589 0.8133039 5.4829591 0.7926346 1 P 0
L 5.4478346 1.0633197 5.4478346 1.0810363 2 P 0
L 5.4481432 1.3302023 5.4839434 1.3508716 1 P 0
L 5.4490398 1.0514708 5.4521163 1.0340234 2 P 0
L 5.4490398 1.093355 5.4521163 1.1108024 2 P 0
L 5.4508576 1.4595363 5.5008019 1.4777146 1 P 0
L 5.4511572 1.1803848 5.4750239 1.1666053 2 P 0
L 5.4512814 0.8797803 5.4603292 0.8721883 1 P 0
L 5.4513946 0.6842116 5.5013389 0.6660333 1 P 0
L 5.4513951 0.9647695 5.4752618 0.9785489 2 P 0
L 5.451536 1.2649048 5.4605838 1.2724968 1 P 0
L 5.4520093 0.8714604 5.4596013 0.8805082 1 P 0
L 5.4520523 0.8470122 5.4836856 0.8847112 1 P 0
L 5.4522639 1.2732247 5.4598559 1.2641769 1 P 0
L 5.4523069 1.2976729 5.4839402 1.2599739 1 P 0
L 5.453112 1.5137752 5.4642108 1.517815 1 P 0
L 5.4535471 1.1687762 5.4637757 1.1628708 2 P 0
L 5.453649 0.6299726 5.4647478 0.625933 1 P 0
L 5.453785 0.9763779 5.4640136 0.9822835 2 P 0
L 5.4548007 1.1232689 5.4608601 1.139917 2 P 0
L 5.455147 1.0218952 5.4612064 1.0052471 2 P 0
L 5.4562008 1.1615615 5.461122 1.1700855 2 P 0
L 5.4564387 0.9835927 5.4613599 0.9750687 2 P 0
L 5.4566415 1.5213445 5.4606813 1.5102457 1 P 0
L 5.4571786 0.6224034 5.4612182 0.6335022 1 P 0
L 5.4595583 0.9049564 5.4836856 0.8847112 1 P 0
L 5.4598129 1.2397287 5.4839402 1.2599739 1 P 0
L 5.4611125 0.9501379 5.4725005 0.9365662 2 P 0
L 5.4611125 0.9501379 5.4822239 0.9678524 2 P 0
L 5.4615857 1.1940005 5.4729737 1.2075722 2 P 0
L 5.4615857 1.1940005 5.4826971 1.176286 2 P 0
L 5.465792 1.5739037 5.5008019 1.4777146 1 P 0
L 5.4661656 1.1512622 5.4750239 1.1666053 2 P 0
L 5.4663289 0.5698442 5.5013389 0.6660333 1 P 0
L 5.4664035 0.9938919 5.4752618 0.9785489 2 P 0
L 5.4665641 0.836958 5.4911704 0.8795774 1 P 0
L 5.4665641 0.836958 5.4938404 0.82121 1 P 0
L 5.4667389 1.307727 5.4913452 1.2651076 1 P 0
L 5.4667389 1.307727 5.4940152 1.323475 1 P 0
L 5.4684328 1.4289571 5.4946903 1.3568155 1 P 0
L 5.4684328 1.4289571 5.5072783 1.4430957 1 P 0
L 5.4688804 0.715093 5.4951379 0.7872346 1 P 0
L 5.4688804 0.715093 5.5077259 0.7009544 1 P 0
L 5.4725005 0.9365662 5.4936119 0.9542807 2 P 0
L 5.4728383 0.9484133 5.4818861 0.9560053 2 P 0
L 5.4729737 1.2075722 5.4940851 1.1898577 2 P 0
L 5.4733115 1.1957251 5.4823593 1.1881331 2 P 0
L 5.4741988 0.9559792 5.4805256 0.9484394 2 P 0
L 5.474672 1.1881592 5.4809988 1.195699 2 P 0
L 5.4822239 0.9678524 5.4936119 0.9542807 2 P 0
L 5.4826971 1.176286 5.4940851 1.1898577 2 P 0
L 5.4848414 0.9242722 5.4984131 0.9128842 2 P 0
L 5.4848414 0.9242722 5.5025559 0.9453836 2 P 0
L 5.4853412 1.2199526 5.4989129 1.2313406 2 P 0
L 5.4853412 1.2199526 5.5030557 1.1988412 2 P 0
L 5.4873911 0.8533464 5.4976197 0.847441 1 P 0
L 5.4875659 1.2913385 5.4977945 1.2972441 1 P 0
L 5.4895527 0.8452794 5.4954581 0.855508 1 P 0
L 5.4897274 1.2994056 5.495633 1.289177 1 P 0
L 5.4911704 0.8795774 5.5184467 0.8638294 1 P 0
L 5.4913452 1.2651076 5.5186215 1.2808556 1 P 0
L 5.4938404 0.82121 5.5184467 0.8638294 1 P 0
L 5.4940152 1.323475 5.5186215 1.2808556 1 P 0
L 5.4946903 1.3568155 5.5335358 1.3709541 1 P 0
L 5.4951379 0.7872346 5.5339834 0.773096 1 P 0
L 5.4963598 1.3982725 5.5056088 1.4016387 1 P 0
L 5.4966886 0.92461 5.5042804 0.9336578 2 P 0
L 5.4967145 0.9322972 5.5042545 0.9259706 2 P 0
L 5.4968074 0.7457776 5.5060564 0.7424114 1 P 0
L 5.4971883 1.2196148 5.5047803 1.210567 2 P 0
L 5.4972144 1.2119275 5.5047542 1.2182543 2 P 0
L 5.4984131 0.9128842 5.5161276 0.9339956 2 P 0
L 5.4989129 1.2313406 5.5166274 1.2102292 2 P 0
L 5.4993012 1.4045801 5.5026674 1.3953311 1 P 0
L 5.4997488 0.73947 5.503115 0.748719 1 P 0
L 5.5025559 0.9453836 5.5161276 0.9339956 2 P 0
L 5.5030557 1.1988412 5.5166274 1.2102292 2 P 0
L 5.5037465 1.5841598 5.5215215 1.4833526 1 P 0
L 5.5037465 1.5841598 5.5560886 1.5933893 1 P 0
L 5.5041406 0.559541 5.5219156 0.6603482 1 P 0
L 5.5041406 0.559541 5.5564827 0.5503115 1 P 0
L 5.5072783 1.4430957 5.5335358 1.3709541 1 P 0
L 5.5077259 0.7009544 5.5339834 0.773096 1 P 0
L 5.5095429 1.3307283 5.5263746 1.2844836 1 P 0
L 5.5095429 1.3307283 5.5391394 1.3415006 1 P 0
L 5.5100718 0.8139567 5.5269035 0.8602014 1 P 0
L 5.5100718 0.8139567 5.5396683 0.8031844 1 P 0
L 5.511811 1.6338582 5.511811 2.1456694 0 P 0
L 5.511811 1.6338582 5.9055118 1.6338582 0 P 0
L 5.511811 2.1456694 5.9055118 2.1456694 0 P 0
L 5.511811 2.4212598 5.511811 2.933071 0 P 0
L 5.511811 2.4212598 5.9055118 2.4212598 0 P 0
L 5.511811 2.933071 5.9055118 2.933071 0 P 0
L 5.5126568 0.9029289 5.5264363 0.9267956 2 P 0
L 5.5126568 0.9029289 5.5279999 0.8940706 2 P 0
L 5.5129978 1.2413006 5.5267773 1.2174339 2 P 0
L 5.5129978 1.2413006 5.5283409 1.2501589 2 P 0
L 5.5215215 1.4833526 5.5738637 1.492582 1 P 0
L 5.5219156 0.6603482 5.5742578 0.6511188 1 P 0
L 5.5229561 0.9128937 5.5314801 0.9079725 2 P 0
L 5.5232971 1.2313358 5.5318211 1.236257 2 P 0
L 5.5242654 0.9053188 5.5301708 0.9155474 2 P 0
L 5.5246063 1.2389107 5.5305119 1.2286821 2 P 0
L 5.5263746 1.2844836 5.5559711 1.2952559 1 P 0
L 5.5264363 0.9267956 5.5417794 0.9179373 2 P 0
L 5.5267773 1.2174339 5.5421204 1.2262922 2 P 0
L 5.5269035 0.8602014 5.5565 0.8494291 1 P 0
L 5.5272076 1.3109723 5.5383064 1.3150119 1 P 0
L 5.5277365 0.8337127 5.5388353 0.8296731 1 P 0
L 5.5279999 0.8940706 5.5417794 0.9179373 2 P 0
L 5.5283409 1.2501589 5.5421204 1.2262922 2 P 0
L 5.5307372 1.3185415 5.5347768 1.3074427 1 P 0
L 5.5312661 0.8261435 5.5353057 0.8372423 1 P 0
L 5.5331388 0.6941331 5.54647 0.7697383 1 P 0
L 5.5331388 0.6941331 5.5738494 0.6869547 1 P 0
L 5.5331602 1.5363761 5.5447918 1.5384271 1 P 0
L 5.5334049 1.4495677 5.5467361 1.3739625 1 P 0
L 5.5334049 1.4495677 5.5741155 1.4567461 1 P 0
L 5.5335543 0.6073247 5.5451859 0.6052737 1 P 0
L 5.5379505 1.5432174 5.5400015 1.5315858 1 P 0
L 5.5383446 0.6004834 5.5403956 0.612115 1 P 0
L 5.5391394 1.3415006 5.5559711 1.2952559 1 P 0
L 5.5396683 0.8031844 5.5565 0.8494291 1 P 0
L 5.5434539 1.2579501 5.5528797 1.2320533 2 P 0
L 5.5434539 1.2579501 5.5601021 1.2640097 2 P 0
L 5.5438711 0.8867347 5.5532968 0.9126317 2 P 0
L 5.5438711 0.8867347 5.5605192 0.8806753 2 P 0
L 5.54647 0.7697383 5.5871806 0.7625599 1 P 0
L 5.5467361 1.3739625 5.5874467 1.3811409 1 P 0
L 5.5518664 1.2463484 5.5611154 1.2497146 2 P 0
L 5.5522835 0.8983367 5.5615325 0.8949703 2 P 0
L 5.5528797 1.2320533 5.5695279 1.2381129 2 P 0
L 5.5532968 0.9126317 5.5699449 0.9065723 2 P 0
L 5.554471 1.2535809 5.5585108 1.2424821 2 P 0
L 5.5548882 0.8911041 5.5589278 0.9022029 2 P 0
L 5.5553132 0.7292011 5.5650062 0.7274919 1 P 0
L 5.5555793 1.4144997 5.5652723 1.4162089 1 P 0
L 5.5560886 1.5933893 5.5738637 1.492582 1 P 0
L 5.5564827 0.5503115 5.5742578 0.6511188 1 P 0
L 5.556505 0.798384 5.5650507 0.846849 1 P 0
L 5.556505 0.798384 5.5875225 0.7929148 1 P 0
L 5.5565585 1.346301 5.5651042 1.297836 1 P 0
L 5.5565585 1.346301 5.587576 1.3517702 1 P 0
L 5.5593051 0.7235 5.5610143 0.733193 1 P 0
L 5.5595712 1.4202008 5.5612804 1.4105078 1 P 0
L 5.5601021 1.2640097 5.5695279 1.2381129 2 P 0
L 5.5605192 0.8806753 5.5699449 0.9065723 2 P 0
L 5.5616825 1.0229722 5.5616825 1.1213974 0 P 0
L 5.5616825 1.0229722 5.6797927 1.0229722 0 P 0
L 5.5616825 1.1213974 5.6797927 1.1213974 0 P 0
L 5.5650507 0.846849 5.5960682 0.8413798 1 P 0
L 5.5651042 1.297836 5.5961217 1.3033052 1 P 0
L 5.5704708 0.8209074 5.5821024 0.8188564 1 P 0
L 5.5705243 1.3237776 5.5821559 1.3258286 1 P 0
L 5.5708662 2.0866142 5.5708662 2.480315 0 P 0
L 5.5738494 0.6869547 5.5871806 0.7625599 1 P 0
L 5.5741155 1.4567461 5.5874467 1.3811409 1 P 0
L 5.5752611 0.8140661 5.5773121 0.8256977 1 P 0
L 5.5753146 1.3306189 5.5773656 1.3189873 1 P 0
L 5.5771352 0.8757634 5.5819208 0.9029037 2 P 0
L 5.5771352 0.8757634 5.5945826 0.8726869 2 P 0
L 5.5773324 1.2679374 5.582118 1.2407971 2 P 0
L 5.5773324 1.2679374 5.5947798 1.2710139 2 P 0
L 5.5797244 2.2450788 5.5797244 2.3218504 1 P 0
L 5.5797244 2.2450788 5.621063 2.2450788 1 P 0
L 5.5797244 2.3218504 5.621063 2.3218504 1 P 0
L 5.5819208 0.9029037 5.5993682 0.8998272 2 P 0
L 5.582118 1.2407971 5.5995654 1.2438736 2 P 0
L 5.5834052 0.8886499 5.5930982 0.8869407 2 P 0
L 5.5836024 1.2550509 5.5932954 1.2567601 2 P 0
L 5.5872262 0.8819795 5.5892772 0.8936111 2 P 0
L 5.5874234 1.2617213 5.5894744 1.2500897 2 P 0
L 5.5875225 0.7929148 5.5960682 0.8413798 1 P 0
L 5.587576 1.3517702 5.5961217 1.3033052 1 P 0
L 5.5941719 0.5482283 5.5941719 0.6505906 1 P 0
L 5.5941719 0.5482283 5.6473215 0.5482283 1 P 0
L 5.5941719 0.6505906 5.6473215 0.6505906 1 P 0
L 5.5944882 1.4950787 5.5944882 1.597441 1 P 0
L 5.5944882 1.4950787 5.6476378 1.4950787 1 P 0
L 5.5944882 1.597441 5.6476378 1.597441 1 P 0
L 5.5945826 0.8726869 5.5993682 0.8998272 2 P 0
L 5.5947798 1.2710139 5.5995654 1.2438736 2 P 0
L 5.5954724 2.2834646 5.605315 2.2834646 1 P 0
L 5.600075 1.382874 5.600075 1.4596456 1 P 0
L 5.600075 1.382874 5.6414136 1.382874 1 P 0
L 5.600075 1.4596456 5.6414136 1.4596456 1 P 0
L 5.6000751 0.6850394 5.6000751 0.761811 1 P 0
L 5.6000751 0.6850394 5.6414137 0.6850394 1 P 0
L 5.6000751 0.761811 5.6414137 0.761811 1 P 0
L 5.6003937 2.2785433 5.6003937 2.2883859 1 P 0
L 5.6010526 1.0721848 5.6404226 1.0721848 0 P 0
L 5.6049946 0.7913386 5.6049946 0.8405512 1 P 0
L 5.6049946 0.7913386 5.6364906 0.7913386 1 P 0
L 5.6049946 0.8405512 5.6364906 0.8405512 1 P 0
L 5.6049946 1.3041339 5.6049946 1.3533465 1 P 0
L 5.6049946 1.3041339 5.6364906 1.3041339 1 P 0
L 5.6049946 1.3533465 5.6364906 1.3533465 1 P 0
L 5.6102361 3.7411418 5.8070865 3.7411418 0 P 0
L 5.6122047 0.8720473 5.6122047 0.8996063 2 P 0
L 5.6122047 0.8720473 5.6299213 0.8720473 2 P 0
L 5.6122047 0.8996063 5.6299213 0.8996063 2 P 0
L 5.6122047 1.2450788 5.6122047 1.2726378 2 P 0
L 5.6122047 1.2450788 5.6299213 1.2450788 2 P 0
L 5.6122047 1.2726378 5.6299213 1.2726378 2 P 0
L 5.6148371 0.8159449 5.6266481 0.8159449 1 P 0
L 5.6148371 1.3287402 5.6266481 1.3287402 1 P 0
L 5.6148412 0.6003937 5.6266522 0.6003937 1 P 0
L 5.6151575 1.5452756 5.6269685 1.5452756 1 P 0
L 5.615823 1.4212598 5.6256656 1.4212598 1 P 0
L 5.6158231 0.7234252 5.6256657 0.7234252 1 P 0
L 5.6161417 0.8858268 5.6259843 0.8858268 2 P 0
L 5.6161417 1.2588583 5.6259843 1.2588583 2 P 0
L 5.6207376 1.0524998 5.6207376 1.0918698 0 P 0
L 5.6207426 0.8100394 5.6207426 0.8218504 1 P 0
L 5.6207426 1.3228347 5.6207426 1.3346457 1 P 0
L 5.6207443 1.4163385 5.6207443 1.4261811 1 P 0
L 5.6207444 0.7185039 5.6207444 0.7283465 1 P 0
L 5.6207467 0.5944882 5.6207467 0.6062992 1 P 0
L 5.621063 0.8799213 5.621063 0.8917323 2 P 0
L 5.621063 1.2529528 5.621063 1.2647638 2 P 0
L 5.621063 1.5393701 5.621063 1.5511811 1 P 0
L 5.621063 2.2450788 5.621063 2.3218504 1 P 0
L 5.6299213 0.8720473 5.6299213 0.8996063 2 P 0
L 5.6299213 1.2450788 5.6299213 1.2726378 2 P 0
L 5.6364906 0.7913386 5.6364906 0.8405512 1 P 0
L 5.6364906 1.3041339 5.6364906 1.3533465 1 P 0
L 5.6414136 1.382874 5.6414136 1.4596456 1 P 0
L 5.6414137 0.6850394 5.6414137 0.761811 1 P 0
L 5.6418111 0.8998272 5.6465967 0.8726869 2 P 0
L 5.6418111 0.8998272 5.6592585 0.9029037 2 P 0
L 5.6421356 1.2438736 5.6469212 1.2710139 2 P 0
L 5.6421356 1.2438736 5.659583 1.2407971 2 P 0
L 5.6450021 0.8413798 5.6535478 0.7929148 1 P 0
L 5.6450021 0.8413798 5.6760196 0.846849 1 P 0
L 5.6456638 1.3033052 5.6542095 1.3517702 1 P 0
L 5.6456638 1.3033052 5.6766813 1.297836 1 P 0
L 5.6456693 3.7401575 5.7677165 3.7401575 0 P 0
L 5.6465967 0.8726869 5.6640441 0.8757634 2 P 0
L 5.6469212 1.2710139 5.6643686 1.2679374 2 P 0
L 5.6473215 0.5482283 5.6473215 0.6505906 1 P 0
L 5.6476378 1.4950787 5.6476378 1.597441 1 P 0
L 5.6480811 0.8869407 5.6577741 0.8886499 2 P 0
L 5.6484056 1.2567601 5.6580986 1.2550509 2 P 0
L 5.6496062 1.8897638 5.7480315 1.8897638 0 P 0
L 5.6496062 2.6771654 5.6692913 2.6771654 0 P 0
L 5.6519021 0.8936111 5.6539531 0.8819795 2 P 0
L 5.6522266 1.2500897 5.6542776 1.2617213 2 P 0
L 5.6535478 0.7929148 5.6845653 0.798384 1 P 0
L 5.6537428 0.7625599 5.667074 0.6869547 1 P 0
L 5.6537428 0.7625599 5.6944534 0.7697383 1 P 0
L 5.6542095 1.3517702 5.685227 1.346301 1 P 0
L 5.65445 1.3811409 5.6677812 1.4567461 1 P 0
L 5.65445 1.3811409 5.6951606 1.3739625 1 P 0
L 5.6589679 0.8188564 5.6705995 0.8209074 1 P 0
L 5.6592585 0.9029037 5.6640441 0.8757634 2 P 0
L 5.659583 1.2407971 5.6643686 1.2679374 2 P 0
L 5.6596296 1.3258286 5.6712612 1.3237776 1 P 0
L 5.6637582 0.8256977 5.6658092 0.8140661 1 P 0
L 5.6644199 1.3189873 5.6664709 1.3306189 1 P 0
L 5.6670107 0.6521031 5.6847858 0.5512958 1 P 0
L 5.6670107 0.6521031 5.7193529 0.6613325 1 P 0
L 5.667074 0.6869547 5.7077846 0.6941331 1 P 0
L 5.6677812 1.4567461 5.7084918 1.4495677 1 P 0
L 5.6681827 1.492582 5.6859578 1.5933893 1 P 0
L 5.6681827 1.492582 5.7205249 1.4833526 1 P 0
L 5.6692913 2.6771654 5.7677166 2.6771654 0 P 0
L 5.6702756 2.1545276 5.6702756 2.1958662 1 P 0
L 5.6702756 2.1545276 5.7470472 2.1545276 1 P 0
L 5.6702756 2.1958662 5.7470472 2.1958662 1 P 0
L 5.6702756 2.371063 5.6702756 2.4124016 1 P 0
L 5.6702756 2.371063 5.7470472 2.371063 1 P 0
L 5.6702756 2.4124016 5.7470472 2.4124016 1 P 0
L 5.6712907 0.9065723 5.6807164 0.8806753 2 P 0
L 5.6712907 0.9065723 5.6879388 0.9126317 2 P 0
L 5.6716138 1.2381127 5.6810395 1.2640097 2 P 0
L 5.6716138 1.2381127 5.6882619 1.2320533 2 P 0
L 5.6759172 0.7274919 5.6856102 0.7292011 1 P 0
L 5.6760196 0.846849 5.6845653 0.798384 1 P 0
L 5.6766244 1.4162089 5.6863174 1.4144997 1 P 0
L 5.6766813 1.297836 5.685227 1.346301 1 P 0
L 5.6797031 0.8949703 5.6889521 0.8983367 2 P 0
L 5.6797927 1.0229722 5.6797927 1.1213974 0 P 0
L 5.6799091 0.733193 5.6816183 0.7235 1 P 0
L 5.6800262 1.2497147 5.6892752 1.2463483 2 P 0
L 5.6806163 1.4105078 5.6823255 1.4202008 1 P 0
L 5.6807164 0.8806753 5.6973645 0.8867347 2 P 0
L 5.6810395 1.2640097 5.6976876 1.2579503 2 P 0
L 5.6823078 0.9022029 5.6863474 0.8911041 2 P 0
L 5.6826309 1.2424821 5.6866705 1.2535809 2 P 0
L 5.6844631 0.8494291 5.7012948 0.8031844 1 P 0
L 5.6844631 0.8494291 5.7140596 0.8602014 1 P 0
L 5.6847858 0.5512958 5.7371279 0.5605253 1 P 0
L 5.685047 1.2952559 5.7018787 1.3415006 1 P 0
L 5.685047 1.2952559 5.7146435 1.2844836 1 P 0
L 5.6859578 1.5933893 5.7382999 1.5841598 1 P 0
L 5.6879388 0.9126317 5.6973645 0.8867347 2 P 0
L 5.6882619 1.2320533 5.6976876 1.2579503 2 P 0
L 5.6944534 0.7697383 5.7077846 0.6941331 1 P 0
L 5.6951606 1.3739625 5.7084918 1.4495677 1 P 0
L 5.6960826 0.606258 5.7077142 0.608309 1 P 0
L 5.6972546 1.5384271 5.7088862 1.5363761 1 P 0
L 5.6993831 0.9179373 5.7131626 0.8940706 2 P 0
L 5.6993831 0.9179373 5.7147262 0.9267956 2 P 0
L 5.6997519 1.2267478 5.7135314 1.2506145 2 P 0
L 5.6997519 1.2267478 5.715095 1.2178895 2 P 0
L 5.7008729 0.6130993 5.7029239 0.6014677 1 P 0
L 5.7012948 0.8031844 5.7308913 0.8139567 1 P 0
L 5.7018787 1.3415006 5.7314752 1.3307283 1 P 0
L 5.7020449 1.5315858 5.7040959 1.5432174 1 P 0
L 5.7021278 0.8296731 5.7132266 0.8337127 1 P 0
L 5.7027117 1.3150119 5.7138105 1.3109723 1 P 0
L 5.7037401 2.1751969 5.7135827 2.1751969 1 P 0
L 5.7037401 2.3917323 5.7135827 2.3917323 1 P 0
L 5.7056574 0.8372423 5.709697 0.8261435 1 P 0
L 5.7062413 1.3074427 5.7102809 1.3185415 1 P 0
L 5.7070438 0.773096 5.7333012 0.7009543 1 P 0
L 5.7070438 0.773096 5.7458894 0.7872347 1 P 0
L 5.7071902 1.3706048 5.7334476 1.4427465 1 P 0
L 5.7071902 1.3706048 5.7460358 1.3564661 1 P 0
L 5.7086613 3.6427166 5.7086613 3.839567 0 P 0
L 5.7086614 1.8307086 5.7086614 1.9448819 0 P 0
L 5.7086614 2.1702756 5.7086614 2.1801182 1 P 0
L 5.7086614 2.386811 5.7086614 2.3966536 1 P 0
L 5.7086614 2.6220473 5.7086614 2.7362206 0 P 0
L 5.7086614 3.6811024 5.7086614 3.7992126 0 P 0
L 5.7096823 0.9079724 5.7182065 0.9128938 2 P 0
L 5.7100512 1.2367126 5.7185752 1.2317914 2 P 0
L 5.7109916 0.9155474 5.7168972 0.9053188 2 P 0
L 5.7113605 1.2291377 5.7172659 1.2393663 2 P 0
L 5.7131626 0.8940706 5.7285057 0.9029289 2 P 0
L 5.7135314 1.2506145 5.7288745 1.2417562 2 P 0
L 5.7140596 0.8602014 5.7308913 0.8139567 1 P 0
L 5.7146435 1.2844836 5.7314752 1.3307283 1 P 0
L 5.7147262 0.9267956 5.7285057 0.9029289 2 P 0
L 5.715095 1.2178895 5.7288745 1.2417562 2 P 0
L 5.7193529 0.6613325 5.7371279 0.5605253 1 P 0
L 5.7205249 1.4833526 5.7382999 1.5841598 1 P 0
L 5.7225999 0.8638294 5.7472062 0.82121 1 P 0
L 5.7225999 0.8638294 5.7498762 0.8795774 1 P 0
L 5.7230744 1.2808556 5.7476807 1.323475 1 P 0
L 5.7230744 1.2808556 5.7503507 1.2651076 1 P 0
L 5.7252317 0.9339956 5.7388034 0.9453836 2 P 0
L 5.7252317 0.9339956 5.7429462 0.9128842 2 P 0
L 5.7253493 1.2106895 5.738921 1.1993015 2 P 0
L 5.7253493 1.2106895 5.7430638 1.2318009 2 P 0
L 5.7333012 0.7009543 5.7721468 0.715093 1 P 0
L 5.7334476 1.4427465 5.7722932 1.4286078 1 P 0
L 5.7349708 0.7424113 5.7442198 0.7457777 1 P 0
L 5.7351172 1.4012895 5.7443662 1.3979231 1 P 0
L 5.7370788 0.9336578 5.7446708 0.92461 2 P 0
L 5.7371049 0.9259705 5.7446447 0.9322973 2 P 0
L 5.7371964 1.2110273 5.7447884 1.2200751 2 P 0
L 5.7372225 1.2187146 5.7447623 1.2123878 2 P 0
L 5.7379121 0.748719 5.7412785 0.73947 1 P 0
L 5.7380585 1.3949818 5.7414249 1.4042308 1 P 0
L 5.7388034 0.9453836 5.7565179 0.9242722 2 P 0
L 5.738921 1.1993015 5.7566355 1.2204129 2 P 0
L 5.7393556 0.6660333 5.7743656 0.5698442 1 P 0
L 5.7393556 0.6660333 5.7892999 0.6842116 1 P 0
L 5.7401574 4.8533465 5.7460629 4.859252 1 P 0
L 5.7401717 1.4786518 5.7751817 1.5748409 1 P 0
L 5.7401717 1.4786518 5.790116 1.4604735 1 P 0
L 5.7429462 0.9128842 5.7565179 0.9242722 2 P 0
L 5.7430638 1.2318009 5.7566355 1.2204129 2 P 0
L 5.7434269 0.8474409 5.7536555 0.8533465 1 P 0
L 5.7439014 1.297244 5.75413 1.2913386 1 P 0
L 5.7455884 0.855508 5.751494 0.8452794 1 P 0
L 5.7458894 0.7872347 5.7721468 0.715093 1 P 0
L 5.7460358 1.3564661 5.7722932 1.4286078 1 P 0
L 5.746063 1.289177 5.7519684 1.2994056 1 P 0
L 5.7470472 2.1545276 5.7470472 2.1958662 1 P 0
L 5.7470472 2.371063 5.7470472 2.4124016 1 P 0
L 5.7472062 0.82121 5.7744825 0.836958 1 P 0
L 5.7475298 0.9538431 5.7589178 0.9674148 2 P 0
L 5.7475298 0.9538431 5.7686412 0.9361286 2 P 0
L 5.7475298 1.1900165 5.7589178 1.1764448 2 P 0
L 5.7475298 1.1900165 5.7686412 1.207731 2 P 0
L 5.7476807 1.323475 5.774957 1.307727 1 P 0
L 5.7480315 1.8897638 5.7677166 1.8897638 0 P 0
L 5.7498762 0.8795774 5.7744825 0.836958 1 P 0
L 5.7503507 1.2651076 5.774957 1.307727 1 P 0
L 5.7575528 1.259806 5.7816801 1.2395608 1 P 0
L 5.7575528 1.259806 5.7891861 1.297505 1 P 0
L 5.7576306 0.8847112 5.7817579 0.9049564 1 P 0
L 5.7576306 0.8847112 5.7892639 0.8470122 1 P 0
L 5.7579552 0.7925934 5.7937554 0.8132627 1 P 0
L 5.7579552 0.7925934 5.796341 0.7261073 1 P 0
L 5.7581826 1.3515656 5.7939828 1.3308963 1 P 0
L 5.7581826 1.3515656 5.7965684 1.4180517 1 P 0
L 5.7589178 0.9674148 5.7800292 0.9497003 2 P 0
L 5.7589178 1.1764448 5.7800292 1.1941593 2 P 0
L 5.7592556 0.9555677 5.7683034 0.9479757 2 P 0
L 5.7592556 1.1882919 5.7683034 1.1958839 2 P 0
L 5.7606161 0.9480018 5.7669429 0.9555416 2 P 0
L 5.7606161 1.1958578 5.7669429 1.188318 2 P 0
L 5.7661178 0.9785489 5.774976 0.9938919 2 P 0
L 5.7661178 0.9785489 5.7899846 0.9647695 2 P 0
L 5.7661178 1.1663351 5.7749761 1.150992 2 P 0
L 5.7661178 1.1663351 5.7899845 1.1801146 2 P 0
L 5.7686412 0.9361286 5.7800292 0.9497003 2 P 0
L 5.7686412 1.207731 5.7800292 1.1941593 2 P 0
L 5.7743656 0.5698442 5.8243099 0.5880225 1 P 0
L 5.774976 0.9938919 5.7988428 0.9801125 2 P 0
L 5.7749761 1.150992 5.7988428 1.1647715 2 P 0
L 5.7751817 1.5748409 5.825126 1.5566626 1 P 0
L 5.7759467 0.625933 5.7870455 0.6299726 1 P 0
L 5.7767628 1.5187521 5.7878616 1.5147125 1 P 0
L 5.7773659 0.9822835 5.7875947 0.9763779 2 P 0
L 5.777366 1.1626005 5.7875946 1.1685061 2 P 0
L 5.7794763 0.6335022 5.7835159 0.6224034 1 P 0
L 5.7800196 0.9750686 5.784941 0.9835928 2 P 0
L 5.7800196 1.1698154 5.784941 1.1612912 2 P 0
L 5.7802816 1.0048588 5.786341 1.0215069 2 P 0
L 5.7802816 1.0048588 5.8061786 0.9954331 2 P 0
L 5.7802816 1.139745 5.786341 1.1230969 2 P 0
L 5.7802816 1.139745 5.8061786 1.1491707 2 P 0
L 5.7802924 1.5111829 5.784332 1.5222817 1 P 0
L 5.7809092 1.2723289 5.789957 1.2647369 1 P 0
L 5.780987 0.8721883 5.7900348 0.8797803 1 P 0
L 5.7816371 1.264009 5.7892291 1.2730568 1 P 0
L 5.7816801 1.2395608 5.8133134 1.2772598 1 P 0
L 5.7817149 0.8805082 5.7893069 0.8714604 1 P 0
L 5.7817579 0.9049564 5.8133912 0.8672574 1 P 0
L 5.786341 1.0215069 5.812238 1.0120812 2 P 0
L 5.786341 1.1230969 5.812238 1.1325226 2 P 0
L 5.7878747 0.9112333 5.8081199 0.9353606 1 P 0
L 5.7878747 0.9112333 5.8255737 0.8796 1 P 0
L 5.7879569 1.2328868 5.8082022 1.2087595 1 P 0
L 5.7879569 1.2328868 5.825656 1.2645201 1 P 0
L 5.7891861 1.297505 5.8133134 1.2772598 1 P 0
L 5.7892639 0.8470122 5.8133912 0.8672574 1 P 0
L 5.7892999 0.6842116 5.8243099 0.5880225 1 P 0
L 5.7899845 1.1801146 5.7988428 1.1647715 2 P 0
L 5.7899846 0.9647695 5.7988428 0.9801125 2 P 0
L 5.7900097 1.0335421 5.7930862 1.0509895 2 P 0
L 5.7900097 1.0335421 5.81715 1.0287565 2 P 0
L 5.7900097 1.1109373 5.7930861 1.0934899 2 P 0
L 5.7900097 1.1109373 5.8171501 1.1157229 2 P 0
L 5.790116 1.4604735 5.825126 1.5566626 1 P 0
L 5.7907104 1.0104898 5.8018092 1.0064502 2 P 0
L 5.7907104 1.134114 5.8018092 1.1381536 2 P 0
L 5.7907861 0.7672243 5.7993103 0.7721457 1 P 0
L 5.7910136 1.3769346 5.7995376 1.3720134 1 P 0
L 5.7925875 0.7739471 5.7975089 0.7654229 1 P 0
L 5.792815 1.370212 5.7977362 1.378736 1 P 0
L 5.7930861 1.0934899 5.8202265 1.0982755 2 P 0
L 5.7930862 1.0509895 5.8202265 1.0462039 2 P 0
L 5.7936321 1.0633265 5.7936321 1.0810431 2 P 0
L 5.7936321 1.0633265 5.8211911 1.0633265 2 P 0
L 5.7936321 1.0810431 5.8211911 1.0810431 2 P 0
L 5.7937554 0.8132627 5.8321412 0.7467766 1 P 0
L 5.7939828 1.3308963 5.8323686 1.3973824 1 P 0
L 5.7945766 1.0038455 5.797943 1.0130945 2 P 0
L 5.7945766 1.1407583 5.797943 1.1315093 2 P 0
L 5.7962598 2.2450788 5.7962598 2.3218504 1 P 0
L 5.7962598 2.2450788 5.8375984 2.2450788 1 P 0
L 5.7962598 2.3218504 5.8375984 2.3218504 1 P 0
L 5.796341 0.7261073 5.8321412 0.7467766 1 P 0
L 5.7965684 1.4180517 5.8323686 1.3973824 1 P 0
L 5.7993023 1.0408985 5.8109339 1.0388475 2 P 0
L 5.7993023 1.1035809 5.8109339 1.1056319 2 P 0
L 5.8015061 1.0721848 5.8133171 1.0721848 2 P 0
L 5.8042634 1.1094531 5.8059728 1.0997597 2 P 0
L 5.8042635 1.0350265 5.8059727 1.0447195 2 P 0
L 5.8045085 1.3234476 5.8361757 1.2968757 1 P 0
L 5.8045085 1.3234476 5.8538563 1.3822581 1 P 0
L 5.8045184 0.8212374 5.8361856 0.8478093 1 P 0
L 5.8045184 0.8212374 5.8538662 0.7624269 1 P 0
L 5.8061786 0.9954331 5.812238 1.0120812 2 P 0
L 5.8061786 1.1491707 5.812238 1.1325226 2 P 0
L 5.8074116 1.0672635 5.8074116 1.0771061 2 P 0
L 5.8081199 0.9353606 5.8458189 0.9037273 1 P 0
L 5.8082022 1.2087595 5.8459013 1.2403928 1 P 0
L 5.8087556 0.692586 5.8547845 0.7191608 1 P 0
L 5.8087556 0.692586 5.8599367 0.6039376 1 P 0
L 5.8088421 1.4511148 5.854871 1.42454 1 P 0
L 5.8088421 1.4511148 5.8600232 1.5397632 1 P 0
L 5.8120078 2.2834646 5.8218504 2.2834646 1 P 0
L 5.8123229 0.9112763 5.8213707 0.9036843 1 P 0
L 5.8124052 1.2328438 5.821453 1.2404358 1 P 0
L 5.8130508 0.9029564 5.8206428 0.9120042 1 P 0
L 5.8131331 1.2411637 5.8207251 1.2321159 1 P 0
L 5.813336 1.201547 5.829084 1.1742707 1 P 0
L 5.813336 1.201547 5.8559554 1.2261533 1 P 0
L 5.8143202 0.9435469 5.8300682 0.9708232 1 P 0
L 5.8143202 0.9435469 5.8569396 0.9189406 1 P 0
L 5.8169291 2.2785433 5.8169291 2.2883859 1 P 0
L 5.81715 1.0287565 5.8202265 1.0462039 2 P 0
L 5.8171501 1.1157229 5.8202265 1.0982755 2 P 0
L 5.8211911 1.0633265 5.8211911 1.0810431 2 P 0
L 5.8255737 0.8796 5.8458189 0.9037273 1 P 0
L 5.825656 1.2645201 5.8459013 1.2403928 1 P 0
L 5.829084 1.1742707 5.8717034 1.198877 1 P 0
L 5.8300682 0.9708232 5.8726876 0.9462169 1 P 0
L 5.832712 0.9788538 5.8434843 1.0084503 1 P 0
L 5.832712 0.9788538 5.8789567 0.9620221 1 P 0
L 5.832712 1.1661837 5.8434843 1.1365872 1 P 0
L 5.832712 1.1661837 5.8789567 1.1830154 1 P 0
L 5.8361757 1.2968757 5.8855235 1.3556862 1 P 0
L 5.8361856 0.8478093 5.8855334 0.7889988 1 P 0
L 5.8374054 1.1972592 5.847634 1.2031648 1 P 0
L 5.8375984 2.2450788 5.8375984 2.3218504 1 P 0
L 5.8383896 0.9478346 5.8486182 0.9419292 1 P 0
L 5.8395669 1.2053263 5.8454725 1.1950977 1 P 0
L 5.8405512 0.9397676 5.8464566 0.9499962 1 P 0
L 5.8412461 1.3427303 5.8487859 1.3364035 1 P 0
L 5.841256 0.8019547 5.8487958 0.8082815 1 P 0
L 5.8418526 1.335797 5.8481794 1.3433368 1 P 0
L 5.8418625 0.808888 5.8481893 0.8013482 1 P 0
L 5.8434843 1.0084503 5.889729 0.9916186 1 P 0
L 5.8434843 1.1365872 5.889729 1.1534189 1 P 0
L 5.8451041 0.8567336 5.871676 0.8884008 1 P 0
L 5.8451041 0.8567336 5.9039146 0.8073858 1 P 0
L 5.8453634 1.2874195 5.8719353 1.2557523 1 P 0
L 5.8453634 1.2874195 5.9041739 1.3367673 1 P 0
L 5.8460644 1.0167357 5.8515336 1.0477532 1 P 0
L 5.8460644 1.0167357 5.8945294 1.00819 1 P 0
L 5.8460644 1.1277841 5.8515336 1.0967666 1 P 0
L 5.8460644 1.1277841 5.8945294 1.1363298 1 P 0
L 5.8464566 2.0866142 5.8464566 2.480315 0 P 0
L 5.8464566 2.0866142 6.3582678 2.0866142 0 P 0
L 5.8464566 2.480315 6.3582678 2.480315 0 P 0
L 5.8515336 1.0477532 5.8999986 1.0392075 1 P 0
L 5.8515336 1.0967666 5.8999986 1.1053123 1 P 0
L 5.8517542 0.6594488 5.8619828 0.6653544 1 P 0
L 5.8518407 1.4842519 5.8620693 1.4783465 1 P 0
L 5.8523622 1.0561024 5.8523622 1.0875984 1 P 0
L 5.8523622 1.0561024 5.9015748 1.0561024 1 P 0
L 5.8523622 1.0875984 5.9015748 1.0875984 1 P 0
L 5.8538563 1.3822581 5.8855235 1.3556862 1 P 0
L 5.8538662 0.7624269 5.8855334 0.7889988 1 P 0
L 5.8539157 0.6675159 5.8598213 0.6572873 1 P 0
L 5.8540023 1.4761849 5.8599077 1.4864135 1 P 0
L 5.8547845 0.7191608 5.9059657 0.6305124 1 P 0
L 5.854871 1.42454 5.9060522 1.5131884 1 P 0
L 5.8556711 0.987256 5.8667699 0.9832164 1 P 0
L 5.8556711 1.1577815 5.8667699 1.1618211 1 P 0
L 5.8559554 1.2261533 5.8717034 1.198877 1 P 0
L 5.8569396 0.9189406 5.8726876 0.9462169 1 P 0
L 5.8592007 0.9796868 5.8632403 0.9907856 1 P 0
L 5.8592007 1.1653507 5.8632403 1.1542519 1 P 0
L 5.8599367 0.6039376 5.9059657 0.6305124 1 P 0
L 5.8600232 1.5397632 5.9060522 1.5131884 1 P 0
L 5.8672157 1.0289971 5.8788473 1.0269461 1 P 0
L 5.8672157 1.1155227 5.8788473 1.1175737 1 P 0
L 5.871063 1.0718504 5.882874 1.0718504 1 P 0
L 5.8715892 0.732001 5.9123041 0.7661649 1 P 0
L 5.8715892 0.732001 5.9373864 0.6535869 1 P 0
L 5.8716487 1.412684 5.9123636 1.37852 1 P 0
L 5.8716487 1.412684 5.937446 1.4910982 1 P 0
L 5.871676 0.8884008 5.9304865 0.839053 1 P 0
L 5.8719353 1.2557523 5.9307458 1.3051001 1 P 0
L 5.872006 1.0221558 5.874057 1.0337874 1 P 0
L 5.872006 1.122364 5.874057 1.1107324 1 P 0
L 5.8769685 1.0659449 5.8769685 1.0777559 1 P 0
L 5.8789567 0.9620221 5.889729 0.9916186 1 P 0
L 5.8789567 1.1830154 5.889729 1.1534189 1 P 0
L 5.8794153 0.8989306 5.9000846 0.9347308 1 P 0
L 5.8794153 0.8989306 5.9459014 0.8605448 1 P 0
L 5.8796506 1.2447702 5.9003199 1.20897 1 P 0
L 5.8796506 1.2447702 5.9461367 1.283156 1 P 0
L 5.8840254 0.8510567 5.8915652 0.8447299 1 P 0
L 5.8842847 1.2930964 5.8918245 1.2994232 1 P 0
L 5.8846319 0.8441234 5.8909587 0.8516632 1 P 0
L 5.8848912 1.3000297 5.891218 1.2924899 1 P 0
L 5.8945294 1.00819 5.8999986 1.0392075 1 P 0
L 5.8945294 1.1363298 5.8999986 1.1053123 1 P 0
L 5.9000846 0.9347308 5.9665707 0.896345 1 P 0
L 5.9003199 1.20897 5.966806 1.2473558 1 P 0
L 5.9015748 1.0561024 5.9015748 1.0875984 1 P 0
L 5.9039146 0.8073858 5.9304865 0.839053 1 P 0
L 5.9041739 1.3367673 5.9307458 1.3051001 1 P 0
L 5.9046944 1.1976519 5.9188331 1.1588063 1 P 0
L 5.9046944 1.1976519 5.9768361 1.2239093 1 P 0
L 5.9055118 1.6338582 5.9055118 2.1456694 0 P 0
L 5.9055118 2.4212598 5.9055118 2.933071 0 P 0
L 5.9056787 0.9467967 5.9198174 0.9856423 1 P 0
L 5.9056787 0.9467967 5.9778204 0.9205393 1 P 0
L 5.9123041 0.7661649 5.9781014 0.6877508 1 P 0
L 5.9123636 1.37852 5.9781608 1.4569341 1 P 0
L 5.918731 0.9000984 5.927255 0.8951772 1 P 0
L 5.9188331 1.1588063 5.9909748 1.1850637 1 P 0
L 5.9189662 1.2436023 5.9274904 1.2485237 1 P 0
L 5.9196887 0.7068339 5.9287365 0.7144259 1 P 0
L 5.9197482 1.4378511 5.928796 1.4302591 1 P 0
L 5.9198174 0.9856423 5.9919591 0.9593849 1 P 0
L 5.9204166 0.7151538 5.9280086 0.706106 1 P 0
L 5.9204761 1.4295312 5.9280681 1.438579 1 P 0
L 5.9205324 0.8933758 5.9254536 0.9018998 1 P 0
L 5.9207676 1.2503251 5.925689 1.2418009 1 P 0
L 5.9231751 0.9982407 5.9303535 1.0389513 1 P 0
L 5.9231751 0.9982407 5.9987803 0.9849095 1 P 0
L 5.9231751 1.1463336 5.9303535 1.105623 1 P 0
L 5.9231751 1.1463336 5.9987803 1.1596648 1 P 0
L 5.9277327 0.779625 5.9618966 0.8203399 1 P 0
L 5.9277327 0.779625 6.0061468 0.7138277 1 P 0
L 5.9277327 1.3640758 5.9618966 1.3233609 1 P 0
L 5.9277327 1.3640758 6.0061468 1.4298731 1 P 0
L 5.9303535 1.0389513 6.0059587 1.0256201 1 P 0
L 5.9303535 1.105623 6.0059587 1.1189542 1 P 0
L 5.9311024 1.0511811 5.9311024 1.0925197 1 P 0
L 5.9311024 1.0511811 6.007874 1.0511811 1 P 0
L 5.9311024 1.0925197 6.007874 1.0925197 1 P 0
L 5.9373864 0.6535869 5.9781014 0.6877508 1 P 0
L 5.937446 1.4910982 5.9781608 1.4569341 1 P 0
L 5.9432101 1.1896746 5.9524591 1.193041 1 P 0
L 5.9441944 0.954774 5.9534434 0.9514076 1 P 0
L 5.9459014 0.8605448 5.9665707 0.896345 1 P 0
L 5.9461367 1.283156 5.966806 1.2473558 1 P 0
L 5.9461514 1.1959823 5.9495178 1.1867333 1 P 0
L 5.9471357 0.9484663 5.9505021 0.9577153 1 P 0
L 5.9597204 1.012785 5.9694134 1.0110758 1 P 0
L 5.9597204 1.1317893 5.9694134 1.1334985 1 P 0
L 5.9618966 0.8203399 6.0403107 0.7545427 1 P 0
L 5.9618966 1.3233609 6.0403107 1.3891581 1 P 0
L 5.9637123 1.0070839 5.9654215 1.0167769 1 P 0
L 5.9637123 1.1374904 5.9654215 1.1277974 1 P 0
L 5.9645669 1.0718504 5.9744095 1.0718504 1 P 0
L 5.9694882 1.0669291 5.9694882 1.0767717 1 P 0
L 5.9736103 0.8377139 6.0001851 0.8837428 1 P 0
L 5.9736103 0.8377139 6.0622587 0.7865327 1 P 0
L 5.9737526 1.3066494 6.0003274 1.2606205 1 P 0
L 5.9737526 1.3066494 6.062401 1.3578306 1 P 0
L 5.9768361 1.2239093 5.9909748 1.1850637 1 P 0
L 5.9778204 0.9205393 5.9919591 0.9593849 1 P 0
L 5.9787438 0.7715124 5.9877916 0.7639206 1 P 0
L 5.9787438 1.3721883 5.9877916 1.3797803 1 P 0
L 5.9794717 1.3805082 5.9870637 1.3714604 1 P 0
L 5.9794718 0.7631926 5.9870636 0.7722404 1 P 0
L 5.9987803 0.9849095 6.0059587 1.0256201 1 P 0
L 5.9987803 1.1596648 6.0059587 1.1189542 1 P 0
L 6.0001851 0.8837428 6.0888335 0.8325617 1 P 0
L 6.0003274 1.2606205 6.0889758 1.3118016 1 P 0
L 6.0061468 0.7138277 6.0403107 0.7545427 1 P 0
L 6.0061468 1.4298731 6.0403107 1.3891581 1 P 0
L 6.007874 1.0511811 6.007874 1.0925197 1 P 0
L 6.0087018 0.9031274 6.0268801 0.9530717 1 P 0
L 6.0087018 0.9031274 6.1048909 0.8681174 1 P 0
L 6.0087018 1.2418348 6.0268801 1.1918905 1 P 0
L 6.0087018 1.2418348 6.1048909 1.2768448 1 P 0
L 6.0252552 0.8385826 6.0354838 0.8326772 1 P 0
L 6.0253975 1.3057806 6.0356261 1.3116862 1 P 0
L 6.0268801 0.9530717 6.1230692 0.9180617 1 P 0
L 6.0268801 1.1918905 6.1230692 1.2269005 1 P 0
L 6.0274168 0.8305156 6.0333222 0.8407442 1 P 0
L 6.027559 1.3138477 6.0334646 1.3036191 1 P 0
L 6.0325652 0.9730877 6.0417946 1.0254299 1 P 0
L 6.0325652 0.9730877 6.1333724 0.9553127 1 P 0
L 6.0325652 1.1715592 6.0417946 1.119217 1 P 0
L 6.0325652 1.1715592 6.1333724 1.1893342 1 P 0
L 6.0417946 1.0254299 6.1426019 1.0076548 1 P 0
L 6.0417946 1.119217 6.1426019 1.1369921 1 P 0
L 6.0423228 1.0455931 6.0423228 1.0987427 1 P 0
L 6.0423228 1.0455931 6.1446851 1.0455931 1 P 0
L 6.0423228 1.0987427 6.1446851 1.0987427 1 P 0
L 6.0472441 2.2834646 6.1614174 2.2834646 0 P 0
L 6.0594112 0.912951 6.07051 0.9089114 1 P 0
L 6.0594112 1.2320112 6.07051 1.2360508 1 P 0
L 6.0622587 0.7865327 6.0888335 0.8325617 1 P 0
L 6.062401 1.3578306 6.0889758 1.3118016 1 P 0
L 6.0629408 0.9053818 6.0669804 0.9164806 1 P 0
L 6.0629408 1.2395804 6.0669804 1.2284816 1 P 0
L 6.0807984 0.9915677 6.09243 0.9895167 1 P 0
L 6.0807984 1.1530792 6.09243 1.1551302 1 P 0
L 6.0855887 0.9847264 6.0876397 0.996358 1 P 0
L 6.0855887 1.1599205 6.0876397 1.1482889 1 P 0
L 6.0866142 1.0721679 6.0984252 1.0721679 1 P 0
L 6.0925197 1.0662624 6.0925197 1.0780734 1 P 0
L 6.1023622 2.2244094 6.1023622 2.3228347 0 P 0
L 6.1023622 2.3228347 6.1023622 2.3425198 0 P 0
L 6.1048909 0.8681174 6.1230692 0.9180617 1 P 0
L 6.1048909 1.2768448 6.1230692 1.2269005 1 P 0
L 6.1333724 0.9553127 6.1426019 1.0076548 1 P 0
L 6.1333724 1.1893342 6.1426019 1.1369921 1 P 0
L 6.1446851 1.0455931 6.1446851 1.0987427 1 P 0
L 6.2913384 4.3710631 6.3385826 4.3238189 0 P 0
L 6.3385826 3.1112205 6.3385826 4.3238189 0 P 0
L 6.3582678 2.0866142 6.3582678 2.480315 0 P 0
L 6.3661417 3.0826772 6.3661417 4.3976378 0 P 0
L 6.6929134 0 6.6929134 4.7244095 3 P 0
