#Layer_Color=16711935
#
#Feature symbol names
#
$0 r7.874
$1 r3.937
$2 r1.9685
$3 r0.3937

#
#Feature attribute names
#

#
#Layer features
#
L 0.3149638 2.1133198 0.3149638 2.8473038 0 P 0
L 0.3149638 2.1133198 0.9349638 2.1133198 0 P 0
L 0.3149638 2.8473038 0.9349638 2.8473038 0 P 0
L 0.3307087 1.4094488 0.3307087 1.8228346 0 P 0
L 0.3307087 1.4094488 2.4251969 1.4094488 0 P 0
L 0.3307087 1.8228346 2.4251969 1.8228346 0 P 0
L 0.3484235 0.4301134 0.3484235 0.4360206 2 P 0
L 0.3484235 0.4301134 0.3602315 0.4301134 2 P 0
L 0.3484235 0.4360206 0.3602315 0.4360206 2 P 0
L 0.3484235 0.5088536 0.3484235 0.5147608 2 P 0
L 0.3484235 0.5088536 0.3602315 0.5088536 2 P 0
L 0.3484235 0.5147608 0.3602315 0.5147608 2 P 0
L 0.3484235 0.5875937 0.3484235 0.5935009 2 P 0
L 0.3484235 0.5875937 0.3602315 0.5875937 2 P 0
L 0.3484235 0.5935009 0.3602315 0.5935009 2 P 0
L 0.3484235 0.6663339 0.3484235 0.6722411 2 P 0
L 0.3484235 0.6663339 0.3602315 0.6663339 2 P 0
L 0.3484235 0.6722411 0.3602315 0.6722411 2 P 0
L 0.3484235 0.745074 0.3484235 0.7509812 2 P 0
L 0.3484235 0.745074 0.3602315 0.745074 2 P 0
L 0.3484235 0.7509812 0.3602315 0.7509812 2 P 0
L 0.3494094 0.4301181 0.3494094 0.4360237 3 P 0
L 0.3494094 0.4301181 0.359252 0.4301181 3 P 0
L 0.3494094 0.4360237 0.359252 0.4360237 3 P 0
L 0.3494094 0.5088583 0.3494094 0.5147639 3 P 0
L 0.3494094 0.5088583 0.359252 0.5088583 3 P 0
L 0.3494094 0.5147639 0.359252 0.5147639 3 P 0
L 0.3494094 0.5875984 0.3494094 0.593504 3 P 0
L 0.3494094 0.5875984 0.359252 0.5875984 3 P 0
L 0.3494094 0.593504 0.359252 0.593504 3 P 0
L 0.3494094 0.6663386 0.3494094 0.6722442 3 P 0
L 0.3494094 0.6663386 0.359252 0.6663386 3 P 0
L 0.3494094 0.6722442 0.359252 0.6722442 3 P 0
L 0.3494094 0.7450787 0.3494094 0.7509843 3 P 0
L 0.3494094 0.7450787 0.359252 0.7450787 3 P 0
L 0.3494094 0.7509843 0.359252 0.7509843 3 P 0
L 0.3513732 0.899611 0.3513732 0.911419 2 P 0
L 0.3513732 0.899611 0.3572804 0.899611 2 P 0
L 0.3513732 0.911419 0.3572804 0.911419 2 P 0
L 0.3513732 0.9685086 0.3513732 0.9803166 2 P 0
L 0.3513732 0.9685086 0.3572804 0.9685086 2 P 0
L 0.3513732 0.9803166 0.3572804 0.9803166 2 P 0
L 0.3513732 1.0413434 0.3513732 1.0531514 2 P 0
L 0.3513732 1.0413434 0.3572804 1.0413434 2 P 0
L 0.3513732 1.0531514 0.3572804 1.0531514 2 P 0
L 0.3513732 1.1161464 0.3513732 1.1279544 2 P 0
L 0.3513732 1.1161464 0.3572804 1.1161464 2 P 0
L 0.3513732 1.1279544 0.3572804 1.1279544 2 P 0
L 0.3513779 0.9005905 0.3513779 0.9104331 3 P 0
L 0.3513779 0.9005905 0.3572835 0.9005905 3 P 0
L 0.3513779 0.9104331 0.3572835 0.9104331 3 P 0
L 0.3513779 0.9694881 0.3513779 0.9793307 3 P 0
L 0.3513779 0.9694881 0.3572835 0.9694881 3 P 0
L 0.3513779 0.9793307 0.3572835 0.9793307 3 P 0
L 0.3513779 1.0423229 0.3513779 1.0521655 3 P 0
L 0.3513779 1.0423229 0.3572835 1.0423229 3 P 0
L 0.3513779 1.0521655 0.3572835 1.0521655 3 P 0
L 0.3513779 1.1171259 0.3513779 1.1269685 3 P 0
L 0.3513779 1.1171259 0.3572835 1.1171259 3 P 0
L 0.3513779 1.1269685 0.3572835 1.1269685 3 P 0
L 0.3572804 0.899611 0.3572804 0.911419 2 P 0
L 0.3572804 0.9685086 0.3572804 0.9803166 2 P 0
L 0.3572804 1.0413434 0.3572804 1.0531514 2 P 0
L 0.3572804 1.1161464 0.3572804 1.1279544 2 P 0
L 0.3572835 0.9005905 0.3572835 0.9104331 3 P 0
L 0.3572835 0.9694881 0.3572835 0.9793307 3 P 0
L 0.3572835 1.0423229 0.3572835 1.0521655 3 P 0
L 0.3572835 1.1171259 0.3572835 1.1269685 3 P 0
L 0.359252 0.4301181 0.359252 0.4360237 3 P 0
L 0.359252 0.5088583 0.359252 0.5147639 3 P 0
L 0.359252 0.5875984 0.359252 0.593504 3 P 0
L 0.359252 0.6663386 0.359252 0.6722442 3 P 0
L 0.359252 0.7450787 0.359252 0.7509843 3 P 0
L 0.3602315 0.4301134 0.3602315 0.4360206 2 P 0
L 0.3602315 0.5088536 0.3602315 0.5147608 2 P 0
L 0.3602315 0.5875937 0.3602315 0.5935009 2 P 0
L 0.3602315 0.6663339 0.3602315 0.6722411 2 P 0
L 0.3602315 0.745074 0.3602315 0.7509812 2 P 0
L 0.3917379 2.0118195 0.3917379 2.0433139 1 P 0
L 0.3917379 2.0118195 0.4547331 2.0118195 1 P 0
L 0.3917379 2.0433139 0.4547331 2.0433139 1 P 0
L 0.402753 2.9114124 0.402753 2.9350348 1 P 0
L 0.402753 2.9114124 0.4437002 2.9114124 1 P 0
L 0.402753 2.9350348 0.4437002 2.9350348 1 P 0
L 0.4271637 0.4301134 0.4271637 0.4360206 2 P 0
L 0.4271637 0.4301134 0.4389717 0.4301134 2 P 0
L 0.4271637 0.4360206 0.4389717 0.4360206 2 P 0
L 0.4271637 0.5088536 0.4271637 0.5147608 2 P 0
L 0.4271637 0.5088536 0.4389717 0.5088536 2 P 0
L 0.4271637 0.5147608 0.4389717 0.5147608 2 P 0
L 0.4271637 0.5875937 0.4271637 0.5935009 2 P 0
L 0.4271637 0.5875937 0.4389717 0.5875937 2 P 0
L 0.4271637 0.5935009 0.4389717 0.5935009 2 P 0
L 0.4271637 0.6663339 0.4271637 0.6722411 2 P 0
L 0.4271637 0.6663339 0.4389717 0.6663339 2 P 0
L 0.4271637 0.6722411 0.4389717 0.6722411 2 P 0
L 0.4271637 0.745074 0.4271637 0.7509812 2 P 0
L 0.4271637 0.745074 0.4389717 0.745074 2 P 0
L 0.4271637 0.7509812 0.4389717 0.7509812 2 P 0
L 0.4281496 0.4301181 0.4281496 0.4360237 3 P 0
L 0.4281496 0.4301181 0.4379922 0.4301181 3 P 0
L 0.4281496 0.4360237 0.4379922 0.4360237 3 P 0
L 0.4281496 0.5088583 0.4281496 0.5147639 3 P 0
L 0.4281496 0.5088583 0.4379922 0.5088583 3 P 0
L 0.4281496 0.5147639 0.4379922 0.5147639 3 P 0
L 0.4281496 0.5875984 0.4281496 0.593504 3 P 0
L 0.4281496 0.5875984 0.4379922 0.5875984 3 P 0
L 0.4281496 0.593504 0.4379922 0.593504 3 P 0
L 0.4281496 0.6663386 0.4281496 0.6722442 3 P 0
L 0.4281496 0.6663386 0.4379922 0.6663386 3 P 0
L 0.4281496 0.6722442 0.4379922 0.6722442 3 P 0
L 0.4281496 0.7450787 0.4281496 0.7509843 3 P 0
L 0.4281496 0.7450787 0.4379922 0.7450787 3 P 0
L 0.4281496 0.7509843 0.4379922 0.7509843 3 P 0
L 0.4301134 0.899611 0.4301134 0.911419 2 P 0
L 0.4301134 0.899611 0.4360206 0.899611 2 P 0
L 0.4301134 0.911419 0.4360206 0.911419 2 P 0
L 0.4301134 0.9685086 0.4301134 0.9803166 2 P 0
L 0.4301134 0.9685086 0.4360206 0.9685086 2 P 0
L 0.4301134 0.9803166 0.4360206 0.9803166 2 P 0
L 0.4301134 1.0413434 0.4301134 1.0531514 2 P 0
L 0.4301134 1.0413434 0.4360206 1.0413434 2 P 0
L 0.4301134 1.0531514 0.4360206 1.0531514 2 P 0
L 0.4301134 1.1161464 0.4301134 1.1279544 2 P 0
L 0.4301134 1.1161464 0.4360206 1.1161464 2 P 0
L 0.4301134 1.1279544 0.4360206 1.1279544 2 P 0
L 0.4301181 0.9005905 0.4301181 0.9104331 3 P 0
L 0.4301181 0.9005905 0.4360237 0.9005905 3 P 0
L 0.4301181 0.9104331 0.4360237 0.9104331 3 P 0
L 0.4301181 0.9694881 0.4301181 0.9793307 3 P 0
L 0.4301181 0.9694881 0.4360237 0.9694881 3 P 0
L 0.4301181 0.9793307 0.4360237 0.9793307 3 P 0
L 0.4301181 1.0423229 0.4301181 1.0521655 3 P 0
L 0.4301181 1.0423229 0.4360237 1.0423229 3 P 0
L 0.4301181 1.0521655 0.4360237 1.0521655 3 P 0
L 0.4301181 1.1171259 0.4301181 1.1269685 3 P 0
L 0.4301181 1.1171259 0.4360237 1.1171259 3 P 0
L 0.4301181 1.1269685 0.4360237 1.1269685 3 P 0
L 0.4330737 3.2283493 0.4330737 3.7007909 0 P 0
L 0.4330737 3.2283493 0.9055153 3.2283493 0 P 0
L 0.4330737 3.7007909 0.9055153 3.7007909 0 P 0
L 0.4360206 0.899611 0.4360206 0.911419 2 P 0
L 0.4360206 0.9685086 0.4360206 0.9803166 2 P 0
L 0.4360206 1.0413434 0.4360206 1.0531514 2 P 0
L 0.4360206 1.1161464 0.4360206 1.1279544 2 P 0
L 0.4360237 0.9005905 0.4360237 0.9104331 3 P 0
L 0.4360237 0.9694881 0.4360237 0.9793307 3 P 0
L 0.4360237 1.0423229 0.4360237 1.0521655 3 P 0
L 0.4360237 1.1171259 0.4360237 1.1269685 3 P 0
L 0.4379922 0.4301181 0.4379922 0.4360237 3 P 0
L 0.4379922 0.5088583 0.4379922 0.5147639 3 P 0
L 0.4379922 0.5875984 0.4379922 0.593504 3 P 0
L 0.4379922 0.6663386 0.4379922 0.6722442 3 P 0
L 0.4379922 0.7450787 0.4379922 0.7509843 3 P 0
L 0.4389717 0.4301134 0.4389717 0.4360206 2 P 0
L 0.4389717 0.5088536 0.4389717 0.5147608 2 P 0
L 0.4389717 0.5875937 0.4389717 0.5935009 2 P 0
L 0.4389717 0.6663339 0.4389717 0.6722411 2 P 0
L 0.4389717 0.745074 0.4389717 0.7509812 2 P 0
L 0.4437002 2.9114124 0.4437002 2.9350348 1 P 0
L 0.4547331 2.0118195 0.4547331 2.0433139 1 P 0
L 0.5059038 0.4301134 0.5059038 0.4360206 2 P 0
L 0.5059038 0.4301134 0.5177118 0.4301134 2 P 0
L 0.5059038 0.4360206 0.5177118 0.4360206 2 P 0
L 0.5059038 0.5088536 0.5059038 0.5147608 2 P 0
L 0.5059038 0.5088536 0.5177118 0.5088536 2 P 0
L 0.5059038 0.5147608 0.5177118 0.5147608 2 P 0
L 0.5059038 0.5875937 0.5059038 0.5935009 2 P 0
L 0.5059038 0.5875937 0.5177118 0.5875937 2 P 0
L 0.5059038 0.5935009 0.5177118 0.5935009 2 P 0
L 0.5059038 0.6663339 0.5059038 0.6722411 2 P 0
L 0.5059038 0.6663339 0.5177118 0.6663339 2 P 0
L 0.5059038 0.6722411 0.5177118 0.6722411 2 P 0
L 0.5059038 0.745074 0.5059038 0.7509812 2 P 0
L 0.5059038 0.745074 0.5177118 0.745074 2 P 0
L 0.5059038 0.7509812 0.5177118 0.7509812 2 P 0
L 0.5068897 0.4301181 0.5068897 0.4360237 3 P 0
L 0.5068897 0.4301181 0.5167323 0.4301181 3 P 0
L 0.5068897 0.4360237 0.5167323 0.4360237 3 P 0
L 0.5068897 0.5088583 0.5068897 0.5147639 3 P 0
L 0.5068897 0.5088583 0.5167323 0.5088583 3 P 0
L 0.5068897 0.5147639 0.5167323 0.5147639 3 P 0
L 0.5068897 0.5875984 0.5068897 0.593504 3 P 0
L 0.5068897 0.5875984 0.5167323 0.5875984 3 P 0
L 0.5068897 0.593504 0.5167323 0.593504 3 P 0
L 0.5068897 0.6663386 0.5068897 0.6722442 3 P 0
L 0.5068897 0.6663386 0.5167323 0.6663386 3 P 0
L 0.5068897 0.6722442 0.5167323 0.6722442 3 P 0
L 0.5068897 0.7450787 0.5068897 0.7509843 3 P 0
L 0.5068897 0.7450787 0.5167323 0.7450787 3 P 0
L 0.5068897 0.7509843 0.5167323 0.7509843 3 P 0
L 0.5088535 0.899611 0.5088535 0.911419 2 P 0
L 0.5088535 0.899611 0.5147607 0.899611 2 P 0
L 0.5088535 0.911419 0.5147607 0.911419 2 P 0
L 0.5088535 0.9685086 0.5088535 0.9803166 2 P 0
L 0.5088535 0.9685086 0.5147607 0.9685086 2 P 0
L 0.5088535 0.9803166 0.5147607 0.9803166 2 P 0
L 0.5088535 1.0413434 0.5088535 1.0531514 2 P 0
L 0.5088535 1.0413434 0.5147607 1.0413434 2 P 0
L 0.5088535 1.0531514 0.5147607 1.0531514 2 P 0
L 0.5088535 1.1161464 0.5088535 1.1279544 2 P 0
L 0.5088535 1.1161464 0.5147607 1.1161464 2 P 0
L 0.5088535 1.1279544 0.5147607 1.1279544 2 P 0
L 0.5088582 0.9005905 0.5088582 0.9104331 3 P 0
L 0.5088582 0.9005905 0.5147638 0.9005905 3 P 0
L 0.5088582 0.9104331 0.5147638 0.9104331 3 P 0
L 0.5088582 0.9694881 0.5088582 0.9793307 3 P 0
L 0.5088582 0.9694881 0.5147638 0.9694881 3 P 0
L 0.5088582 0.9793307 0.5147638 0.9793307 3 P 0
L 0.5088582 1.0423229 0.5088582 1.0521655 3 P 0
L 0.5088582 1.0423229 0.5147638 1.0423229 3 P 0
L 0.5088582 1.0521655 0.5147638 1.0521655 3 P 0
L 0.5088582 1.1171259 0.5088582 1.1269685 3 P 0
L 0.5088582 1.1171259 0.5147638 1.1171259 3 P 0
L 0.5088582 1.1269685 0.5147638 1.1269685 3 P 0
L 0.5147607 0.899611 0.5147607 0.911419 2 P 0
L 0.5147607 0.9685086 0.5147607 0.9803166 2 P 0
L 0.5147607 1.0413434 0.5147607 1.0531514 2 P 0
L 0.5147607 1.1161464 0.5147607 1.1279544 2 P 0
L 0.5147638 0.9005905 0.5147638 0.9104331 3 P 0
L 0.5147638 0.9694881 0.5147638 0.9793307 3 P 0
L 0.5147638 1.0423229 0.5147638 1.0521655 3 P 0
L 0.5147638 1.1171259 0.5147638 1.1269685 3 P 0
L 0.5167323 0.4301181 0.5167323 0.4360237 3 P 0
L 0.5167323 0.5088583 0.5167323 0.5147639 3 P 0
L 0.5167323 0.5875984 0.5167323 0.593504 3 P 0
L 0.5167323 0.6663386 0.5167323 0.6722442 3 P 0
L 0.5167323 0.7450787 0.5167323 0.7509843 3 P 0
L 0.5177118 0.4301134 0.5177118 0.4360206 2 P 0
L 0.5177118 0.5088536 0.5177118 0.5147608 2 P 0
L 0.5177118 0.5875937 0.5177118 0.5935009 2 P 0
L 0.5177118 0.6663339 0.5177118 0.6722411 2 P 0
L 0.5177118 0.745074 0.5177118 0.7509812 2 P 0
L 0.5799184 2.9114124 0.5799184 2.9350348 1 P 0
L 0.5799184 2.9114124 0.6208656 2.9114124 1 P 0
L 0.5799184 2.9350348 0.6208656 2.9350348 1 P 0
L 0.584644 0.4301134 0.584644 0.4360206 2 P 0
L 0.584644 0.4301134 0.596452 0.4301134 2 P 0
L 0.584644 0.4360206 0.596452 0.4360206 2 P 0
L 0.584644 0.5088536 0.584644 0.5147608 2 P 0
L 0.584644 0.5088536 0.596452 0.5088536 2 P 0
L 0.584644 0.5147608 0.596452 0.5147608 2 P 0
L 0.584644 0.5875937 0.584644 0.5935009 2 P 0
L 0.584644 0.5875937 0.596452 0.5875937 2 P 0
L 0.584644 0.5935009 0.596452 0.5935009 2 P 0
L 0.584644 0.6663339 0.584644 0.6722411 2 P 0
L 0.584644 0.6663339 0.596452 0.6663339 2 P 0
L 0.584644 0.6722411 0.596452 0.6722411 2 P 0
L 0.584644 0.745074 0.584644 0.7509812 2 P 0
L 0.584644 0.745074 0.596452 0.745074 2 P 0
L 0.584644 0.7509812 0.596452 0.7509812 2 P 0
L 0.5856299 0.4301181 0.5856299 0.4360237 3 P 0
L 0.5856299 0.4301181 0.5954725 0.4301181 3 P 0
L 0.5856299 0.4360237 0.5954725 0.4360237 3 P 0
L 0.5856299 0.5088583 0.5856299 0.5147639 3 P 0
L 0.5856299 0.5088583 0.5954725 0.5088583 3 P 0
L 0.5856299 0.5147639 0.5954725 0.5147639 3 P 0
L 0.5856299 0.5875984 0.5856299 0.593504 3 P 0
L 0.5856299 0.5875984 0.5954725 0.5875984 3 P 0
L 0.5856299 0.593504 0.5954725 0.593504 3 P 0
L 0.5856299 0.6663386 0.5856299 0.6722442 3 P 0
L 0.5856299 0.6663386 0.5954725 0.6663386 3 P 0
L 0.5856299 0.6722442 0.5954725 0.6722442 3 P 0
L 0.5856299 0.7450787 0.5856299 0.7509843 3 P 0
L 0.5856299 0.7450787 0.5954725 0.7450787 3 P 0
L 0.5856299 0.7509843 0.5954725 0.7509843 3 P 0
L 0.5875937 0.899611 0.5875937 0.911419 2 P 0
L 0.5875937 0.899611 0.5935009 0.899611 2 P 0
L 0.5875937 0.911419 0.5935009 0.911419 2 P 0
L 0.5875937 0.9685086 0.5875937 0.9803166 2 P 0
L 0.5875937 0.9685086 0.5935009 0.9685086 2 P 0
L 0.5875937 0.9803166 0.5935009 0.9803166 2 P 0
L 0.5875937 1.0413434 0.5875937 1.0531514 2 P 0
L 0.5875937 1.0413434 0.5935009 1.0413434 2 P 0
L 0.5875937 1.0531514 0.5935009 1.0531514 2 P 0
L 0.5875937 1.1161464 0.5875937 1.1279544 2 P 0
L 0.5875937 1.1161464 0.5935009 1.1161464 2 P 0
L 0.5875937 1.1279544 0.5935009 1.1279544 2 P 0
L 0.5875984 0.9005905 0.5875984 0.9104331 3 P 0
L 0.5875984 0.9005905 0.593504 0.9005905 3 P 0
L 0.5875984 0.9104331 0.593504 0.9104331 3 P 0
L 0.5875984 0.9694881 0.5875984 0.9793307 3 P 0
L 0.5875984 0.9694881 0.593504 0.9694881 3 P 0
L 0.5875984 0.9793307 0.593504 0.9793307 3 P 0
L 0.5875984 1.0423229 0.5875984 1.0521655 3 P 0
L 0.5875984 1.0423229 0.593504 1.0423229 3 P 0
L 0.5875984 1.0521655 0.593504 1.0521655 3 P 0
L 0.5875984 1.1171259 0.5875984 1.1269685 3 P 0
L 0.5875984 1.1171259 0.593504 1.1171259 3 P 0
L 0.5875984 1.1269685 0.593504 1.1269685 3 P 0
L 0.5905568 2.0118195 0.5905568 2.0433139 1 P 0
L 0.5905568 2.0118195 0.653552 2.0118195 1 P 0
L 0.5905568 2.0433139 0.653552 2.0433139 1 P 0
L 0.5935009 0.899611 0.5935009 0.911419 2 P 0
L 0.5935009 0.9685086 0.5935009 0.9803166 2 P 0
L 0.5935009 1.0413434 0.5935009 1.0531514 2 P 0
L 0.5935009 1.1161464 0.5935009 1.1279544 2 P 0
L 0.593504 0.9005905 0.593504 0.9104331 3 P 0
L 0.593504 0.9694881 0.593504 0.9793307 3 P 0
L 0.593504 1.0423229 0.593504 1.0521655 3 P 0
L 0.593504 1.1171259 0.593504 1.1269685 3 P 0
L 0.5935082 0.4311044 0.5935082 0.4468548 2 P 0
L 0.5935082 0.4311044 0.6013802 0.4311044 2 P 0
L 0.5935082 0.4468548 0.6013802 0.4468548 2 P 0
L 0.5935082 0.4626005 0.5935082 0.4783509 2 P 0
L 0.5935082 0.4626005 0.6013802 0.4626005 2 P 0
L 0.5935082 0.4783509 0.6013802 0.4783509 2 P 0
L 0.5935082 0.4940966 0.5935082 0.509847 2 P 0
L 0.5935082 0.4940966 0.6013802 0.4940966 2 P 0
L 0.5935082 0.509847 0.6013802 0.509847 2 P 0
L 0.5935082 0.5255926 0.5935082 0.541343 2 P 0
L 0.5935082 0.5255926 0.6013802 0.5255926 2 P 0
L 0.5935082 0.541343 0.6013802 0.541343 2 P 0
L 0.5935082 0.5570887 0.5935082 0.5728391 2 P 0
L 0.5935082 0.5570887 0.6013802 0.5570887 2 P 0
L 0.5935082 0.5728391 0.6013802 0.5728391 2 P 0
L 0.5935082 0.5885848 0.5935082 0.6043352 2 P 0
L 0.5935082 0.5885848 0.6013802 0.5885848 2 P 0
L 0.5935082 0.6043352 0.6013802 0.6043352 2 P 0
L 0.5935082 0.6200808 0.5935082 0.6358312 2 P 0
L 0.5935082 0.6200808 0.6013802 0.6200808 2 P 0
L 0.5935082 0.6358312 0.6013802 0.6358312 2 P 0
L 0.5935082 0.6515769 0.5935082 0.6673273 2 P 0
L 0.5935082 0.6515769 0.6013802 0.6515769 2 P 0
L 0.5935082 0.6673273 0.6013802 0.6673273 2 P 0
L 0.5935082 0.6830729 0.5935082 0.6988233 2 P 0
L 0.5935082 0.6830729 0.6013802 0.6830729 2 P 0
L 0.5935082 0.6988233 0.6013802 0.6988233 2 P 0
L 0.5935082 0.714569 0.5935082 0.7303194 2 P 0
L 0.5935082 0.714569 0.6013802 0.714569 2 P 0
L 0.5935082 0.7303194 0.6013802 0.7303194 2 P 0
L 0.5935082 1.0482303 0.5935082 1.0639807 2 P 0
L 0.5935082 1.0482303 0.6013802 1.0482303 2 P 0
L 0.5935082 1.0639807 0.6013802 1.0639807 2 P 0
L 0.5935082 1.0797264 0.5935082 1.0954768 2 P 0
L 0.5935082 1.0797264 0.6013802 1.0797264 2 P 0
L 0.5935082 1.0954768 0.6013802 1.0954768 2 P 0
L 0.5935082 1.1112225 0.5935082 1.1269729 2 P 0
L 0.5935082 1.1112225 0.6013802 1.1112225 2 P 0
L 0.5935082 1.1269729 0.6013802 1.1269729 2 P 0
L 0.5935082 1.1427185 0.5935082 1.1584689 2 P 0
L 0.5935082 1.1427185 0.6013802 1.1427185 2 P 0
L 0.5935082 1.1584689 0.6013802 1.1584689 2 P 0
L 0.5935082 1.1742146 0.5935082 1.189965 2 P 0
L 0.5935082 1.1742146 0.6013802 1.1742146 2 P 0
L 0.5935082 1.189965 0.6013802 1.189965 2 P 0
L 0.5935082 1.2057107 0.5935082 1.2214611 2 P 0
L 0.5935082 1.2057107 0.6013802 1.2057107 2 P 0
L 0.5935082 1.2214611 0.6013802 1.2214611 2 P 0
L 0.5935082 1.2372067 0.5935082 1.2529571 2 P 0
L 0.5935082 1.2372067 0.6013802 1.2372067 2 P 0
L 0.5935082 1.2529571 0.6013802 1.2529571 2 P 0
L 0.5935082 1.2687028 0.5935082 1.2844532 2 P 0
L 0.5935082 1.2687028 0.6013802 1.2687028 2 P 0
L 0.5935082 1.2844532 0.6013802 1.2844532 2 P 0
L 0.5935082 1.3001988 0.5935082 1.3159492 2 P 0
L 0.5935082 1.3001988 0.6013802 1.3001988 2 P 0
L 0.5935082 1.3159492 0.6013802 1.3159492 2 P 0
L 0.5935082 1.3316949 0.5935082 1.3474453 2 P 0
L 0.5935082 1.3316949 0.6013802 1.3316949 2 P 0
L 0.5935082 1.3474453 0.6013802 1.3474453 2 P 0
L 0.5954681 0.7578785 0.5954681 0.7657505 2 P 0
L 0.5954681 0.7578785 0.6112185 0.7578785 2 P 0
L 0.5954681 0.7657505 0.6112185 0.7657505 2 P 0
L 0.5954681 0.7775635 0.5954681 0.7854355 2 P 0
L 0.5954681 0.7775635 0.6112185 0.7775635 2 P 0
L 0.5954681 0.7854355 0.6112185 0.7854355 2 P 0
L 0.5954681 0.7972485 0.5954681 0.8051205 2 P 0
L 0.5954681 0.7972485 0.6112185 0.7972485 2 P 0
L 0.5954681 0.8051205 0.6112185 0.8051205 2 P 0
L 0.5954681 0.8169336 0.5954681 0.8248056 2 P 0
L 0.5954681 0.8169336 0.6112185 0.8169336 2 P 0
L 0.5954681 0.8248056 0.6112185 0.8248056 2 P 0
L 0.5954682 0.8366186 0.5954682 0.8444906 2 P 0
L 0.5954682 0.8366186 0.6112186 0.8366186 2 P 0
L 0.5954682 0.8444906 0.6112186 0.8444906 2 P 0
L 0.5954682 0.8563036 0.5954682 0.8641756 2 P 0
L 0.5954682 0.8563036 0.6112186 0.8563036 2 P 0
L 0.5954682 0.8641756 0.6112186 0.8641756 2 P 0
L 0.5954682 0.8759886 0.5954682 0.8838606 2 P 0
L 0.5954682 0.8759886 0.6112186 0.8759886 2 P 0
L 0.5954682 0.8838606 0.6112186 0.8838606 2 P 0
L 0.5954682 0.8956737 0.5954682 0.9035457 2 P 0
L 0.5954682 0.8956737 0.6112186 0.8956737 2 P 0
L 0.5954682 0.9035457 0.6112186 0.9035457 2 P 0
L 0.5954682 0.9153587 0.5954682 0.9232307 2 P 0
L 0.5954682 0.9153587 0.6112186 0.9153587 2 P 0
L 0.5954682 0.9232307 0.6112186 0.9232307 2 P 0
L 0.5954682 0.9350438 0.5954682 0.9429158 2 P 0
L 0.5954682 0.9350438 0.6112186 0.9350438 2 P 0
L 0.5954682 0.9429158 0.6112186 0.9429158 2 P 0
L 0.5954682 0.9547288 0.5954682 0.9626008 2 P 0
L 0.5954682 0.9547288 0.6112186 0.9547288 2 P 0
L 0.5954682 0.9626008 0.6112186 0.9626008 2 P 0
L 0.5954682 0.9744138 0.5954682 0.9822858 2 P 0
L 0.5954682 0.9744138 0.6112186 0.9744138 2 P 0
L 0.5954682 0.9822858 0.6112186 0.9822858 2 P 0
L 0.5954682 0.9940989 0.5954682 1.0019709 2 P 0
L 0.5954682 0.9940989 0.6112186 0.9940989 2 P 0
L 0.5954682 1.0019709 0.6112186 1.0019709 2 P 0
L 0.5954682 1.0137839 0.5954682 1.0216559 2 P 0
L 0.5954682 1.0137839 0.6112186 1.0137839 2 P 0
L 0.5954682 1.0216559 0.6112186 1.0216559 2 P 0
L 0.5954725 0.4301181 0.5954725 0.4360237 3 P 0
L 0.5954725 0.5088583 0.5954725 0.5147639 3 P 0
L 0.5954725 0.5875984 0.5954725 0.593504 3 P 0
L 0.5954725 0.6663386 0.5954725 0.6722442 3 P 0
L 0.5954725 0.7450787 0.5954725 0.7509843 3 P 0
L 0.596452 0.4301134 0.596452 0.4360206 2 P 0
L 0.596452 0.5088536 0.596452 0.5147608 2 P 0
L 0.596452 0.5875937 0.596452 0.5935009 2 P 0
L 0.596452 0.6663339 0.596452 0.6722411 2 P 0
L 0.596452 0.745074 0.596452 0.7509812 2 P 0
L 0.6013802 0.4311044 0.6013802 0.4468548 2 P 0
L 0.6013802 0.4626005 0.6013802 0.4783509 2 P 0
L 0.6013802 0.4940966 0.6013802 0.509847 2 P 0
L 0.6013802 0.5255926 0.6013802 0.541343 2 P 0
L 0.6013802 0.5570887 0.6013802 0.5728391 2 P 0
L 0.6013802 0.5885848 0.6013802 0.6043352 2 P 0
L 0.6013802 0.6200808 0.6013802 0.6358312 2 P 0
L 0.6013802 0.6515769 0.6013802 0.6673273 2 P 0
L 0.6013802 0.6830729 0.6013802 0.6988233 2 P 0
L 0.6013802 0.714569 0.6013802 0.7303194 2 P 0
L 0.6013802 1.0482303 0.6013802 1.0639807 2 P 0
L 0.6013802 1.0797264 0.6013802 1.0954768 2 P 0
L 0.6013802 1.1112225 0.6013802 1.1269729 2 P 0
L 0.6013802 1.1427185 0.6013802 1.1584689 2 P 0
L 0.6013802 1.1742146 0.6013802 1.189965 2 P 0
L 0.6013802 1.2057107 0.6013802 1.2214611 2 P 0
L 0.6013802 1.2372067 0.6013802 1.2529571 2 P 0
L 0.6013802 1.2687028 0.6013802 1.2844532 2 P 0
L 0.6013802 1.3001988 0.6013802 1.3159492 2 P 0
L 0.6013802 1.3316949 0.6013802 1.3474453 2 P 0
L 0.6112185 0.7578785 0.6112185 0.7657505 2 P 0
L 0.6112185 0.7775635 0.6112185 0.7854355 2 P 0
L 0.6112185 0.7972485 0.6112185 0.8051205 2 P 0
L 0.6112185 0.8169336 0.6112185 0.8248056 2 P 0
L 0.6112186 0.8366186 0.6112186 0.8444906 2 P 0
L 0.6112186 0.8563036 0.6112186 0.8641756 2 P 0
L 0.6112186 0.8759886 0.6112186 0.8838606 2 P 0
L 0.6112186 0.8956737 0.6112186 0.9035457 2 P 0
L 0.6112186 0.9153587 0.6112186 0.9232307 2 P 0
L 0.6112186 0.9350438 0.6112186 0.9429158 2 P 0
L 0.6112186 0.9547288 0.6112186 0.9626008 2 P 0
L 0.6112186 0.9744138 0.6112186 0.9822858 2 P 0
L 0.6112186 0.9940989 0.6112186 1.0019709 2 P 0
L 0.6112186 1.0137839 0.6112186 1.0216559 2 P 0
L 0.6131932 0.4311044 0.6131932 0.4468548 2 P 0
L 0.6131932 0.4311044 0.6210652 0.4311044 2 P 0
L 0.6131932 0.4468548 0.6210652 0.4468548 2 P 0
L 0.6131932 0.4626005 0.6131932 0.4783509 2 P 0
L 0.6131932 0.4626005 0.6210652 0.4626005 2 P 0
L 0.6131932 0.4783509 0.6210652 0.4783509 2 P 0
L 0.6131932 0.4940966 0.6131932 0.509847 2 P 0
L 0.6131932 0.4940966 0.6210652 0.4940966 2 P 0
L 0.6131932 0.509847 0.6210652 0.509847 2 P 0
L 0.6131932 0.5255926 0.6131932 0.541343 2 P 0
L 0.6131932 0.5255926 0.6210652 0.5255926 2 P 0
L 0.6131932 0.541343 0.6210652 0.541343 2 P 0
L 0.6131932 0.5570887 0.6131932 0.5728391 2 P 0
L 0.6131932 0.5570887 0.6210652 0.5570887 2 P 0
L 0.6131932 0.5728391 0.6210652 0.5728391 2 P 0
L 0.6131932 0.5885848 0.6131932 0.6043352 2 P 0
L 0.6131932 0.5885848 0.6210652 0.5885848 2 P 0
L 0.6131932 0.6043352 0.6210652 0.6043352 2 P 0
L 0.6131932 0.6200808 0.6131932 0.6358312 2 P 0
L 0.6131932 0.6200808 0.6210652 0.6200808 2 P 0
L 0.6131932 0.6358312 0.6210652 0.6358312 2 P 0
L 0.6131932 0.6515769 0.6131932 0.6673273 2 P 0
L 0.6131932 0.6515769 0.6210652 0.6515769 2 P 0
L 0.6131932 0.6673273 0.6210652 0.6673273 2 P 0
L 0.6131932 0.6830729 0.6131932 0.6988233 2 P 0
L 0.6131932 0.6830729 0.6210652 0.6830729 2 P 0
L 0.6131932 0.6988233 0.6210652 0.6988233 2 P 0
L 0.6131932 0.714569 0.6131932 0.7303194 2 P 0
L 0.6131932 0.714569 0.6210652 0.714569 2 P 0
L 0.6131932 0.7303194 0.6210652 0.7303194 2 P 0
L 0.6131932 1.0482303 0.6131932 1.0639807 2 P 0
L 0.6131932 1.0482303 0.6210652 1.0482303 2 P 0
L 0.6131932 1.0639807 0.6210652 1.0639807 2 P 0
L 0.6131932 1.0797264 0.6131932 1.0954768 2 P 0
L 0.6131932 1.0797264 0.6210652 1.0797264 2 P 0
L 0.6131932 1.0954768 0.6210652 1.0954768 2 P 0
L 0.6131932 1.1112225 0.6131932 1.1269729 2 P 0
L 0.6131932 1.1112225 0.6210652 1.1112225 2 P 0
L 0.6131932 1.1269729 0.6210652 1.1269729 2 P 0
L 0.6131932 1.1427185 0.6131932 1.1584689 2 P 0
L 0.6131932 1.1427185 0.6210652 1.1427185 2 P 0
L 0.6131932 1.1584689 0.6210652 1.1584689 2 P 0
L 0.6131932 1.1742146 0.6131932 1.189965 2 P 0
L 0.6131932 1.1742146 0.6210652 1.1742146 2 P 0
L 0.6131932 1.189965 0.6210652 1.189965 2 P 0
L 0.6131932 1.2057107 0.6131932 1.2214611 2 P 0
L 0.6131932 1.2057107 0.6210652 1.2057107 2 P 0
L 0.6131932 1.2214611 0.6210652 1.2214611 2 P 0
L 0.6131932 1.2372067 0.6131932 1.2529571 2 P 0
L 0.6131932 1.2372067 0.6210652 1.2372067 2 P 0
L 0.6131932 1.2529571 0.6210652 1.2529571 2 P 0
L 0.6131932 1.2687028 0.6131932 1.2844532 2 P 0
L 0.6131932 1.2687028 0.6210652 1.2687028 2 P 0
L 0.6131932 1.2844532 0.6210652 1.2844532 2 P 0
L 0.6131932 1.3001988 0.6131932 1.3159492 2 P 0
L 0.6131932 1.3001988 0.6210652 1.3001988 2 P 0
L 0.6131932 1.3159492 0.6210652 1.3159492 2 P 0
L 0.6131932 1.3316949 0.6131932 1.3474453 2 P 0
L 0.6131932 1.3316949 0.6210652 1.3316949 2 P 0
L 0.6131932 1.3474453 0.6210652 1.3474453 2 P 0
L 0.6208656 2.9114124 0.6208656 2.9350348 1 P 0
L 0.6210652 0.4311044 0.6210652 0.4468548 2 P 0
L 0.6210652 0.4626005 0.6210652 0.4783509 2 P 0
L 0.6210652 0.4940966 0.6210652 0.509847 2 P 0
L 0.6210652 0.5255926 0.6210652 0.541343 2 P 0
L 0.6210652 0.5570887 0.6210652 0.5728391 2 P 0
L 0.6210652 0.5885848 0.6210652 0.6043352 2 P 0
L 0.6210652 0.6200808 0.6210652 0.6358312 2 P 0
L 0.6210652 0.6515769 0.6210652 0.6673273 2 P 0
L 0.6210652 0.6830729 0.6210652 0.6988233 2 P 0
L 0.6210652 0.714569 0.6210652 0.7303194 2 P 0
L 0.6210652 1.0482303 0.6210652 1.0639807 2 P 0
L 0.6210652 1.0797264 0.6210652 1.0954768 2 P 0
L 0.6210652 1.1112225 0.6210652 1.1269729 2 P 0
L 0.6210652 1.1427185 0.6210652 1.1584689 2 P 0
L 0.6210652 1.1742146 0.6210652 1.189965 2 P 0
L 0.6210652 1.2057107 0.6210652 1.2214611 2 P 0
L 0.6210652 1.2372067 0.6210652 1.2529571 2 P 0
L 0.6210652 1.2687028 0.6210652 1.2844532 2 P 0
L 0.6210652 1.3001988 0.6210652 1.3159492 2 P 0
L 0.6210652 1.3316949 0.6210652 1.3474453 2 P 0
L 0.6269642 0.7578785 0.6269642 0.7657505 2 P 0
L 0.6269642 0.7578785 0.6427146 0.7578785 2 P 0
L 0.6269642 0.7657505 0.6427146 0.7657505 2 P 0
L 0.6269642 0.7775635 0.6269642 0.7854355 2 P 0
L 0.6269642 0.7775635 0.6427146 0.7775635 2 P 0
L 0.6269642 0.7854355 0.6427146 0.7854355 2 P 0
L 0.6269642 0.7972485 0.6269642 0.8051205 2 P 0
L 0.6269642 0.7972485 0.6427146 0.7972485 2 P 0
L 0.6269642 0.8051205 0.6427146 0.8051205 2 P 0
L 0.6269642 0.8169336 0.6269642 0.8248056 2 P 0
L 0.6269642 0.8169336 0.6427146 0.8169336 2 P 0
L 0.6269642 0.8248056 0.6427146 0.8248056 2 P 0
L 0.6269643 0.8366186 0.6269643 0.8444906 2 P 0
L 0.6269643 0.8366186 0.6427147 0.8366186 2 P 0
L 0.6269643 0.8444906 0.6427147 0.8444906 2 P 0
L 0.6269643 0.8563036 0.6269643 0.8641756 2 P 0
L 0.6269643 0.8563036 0.6427147 0.8563036 2 P 0
L 0.6269643 0.8641756 0.6427147 0.8641756 2 P 0
L 0.6269643 0.8759886 0.6269643 0.8838606 2 P 0
L 0.6269643 0.8759886 0.6427147 0.8759886 2 P 0
L 0.6269643 0.8838606 0.6427147 0.8838606 2 P 0
L 0.6269643 0.8956737 0.6269643 0.9035457 2 P 0
L 0.6269643 0.8956737 0.6427147 0.8956737 2 P 0
L 0.6269643 0.9035457 0.6427147 0.9035457 2 P 0
L 0.6269643 0.9153587 0.6269643 0.9232307 2 P 0
L 0.6269643 0.9153587 0.6427147 0.9153587 2 P 0
L 0.6269643 0.9232307 0.6427147 0.9232307 2 P 0
L 0.6269643 0.9350438 0.6269643 0.9429158 2 P 0
L 0.6269643 0.9350438 0.6427147 0.9350438 2 P 0
L 0.6269643 0.9429158 0.6427147 0.9429158 2 P 0
L 0.6269643 0.9547288 0.6269643 0.9626008 2 P 0
L 0.6269643 0.9547288 0.6427147 0.9547288 2 P 0
L 0.6269643 0.9626008 0.6427147 0.9626008 2 P 0
L 0.6269643 0.9744138 0.6269643 0.9822858 2 P 0
L 0.6269643 0.9744138 0.6427147 0.9744138 2 P 0
L 0.6269643 0.9822858 0.6427147 0.9822858 2 P 0
L 0.6269643 0.9940989 0.6269643 1.0019709 2 P 0
L 0.6269643 0.9940989 0.6427147 0.9940989 2 P 0
L 0.6269643 1.0019709 0.6427147 1.0019709 2 P 0
L 0.6269643 1.0137839 0.6269643 1.0216559 2 P 0
L 0.6269643 1.0137839 0.6427147 1.0137839 2 P 0
L 0.6269643 1.0216559 0.6427147 1.0216559 2 P 0
L 0.6328782 0.4311044 0.6328782 0.4468548 2 P 0
L 0.6328782 0.4311044 0.6407502 0.4311044 2 P 0
L 0.6328782 0.4468548 0.6407502 0.4468548 2 P 0
L 0.6328782 0.4626005 0.6328782 0.4783509 2 P 0
L 0.6328782 0.4626005 0.6407502 0.4626005 2 P 0
L 0.6328782 0.4783509 0.6407502 0.4783509 2 P 0
L 0.6328782 0.4940966 0.6328782 0.509847 2 P 0
L 0.6328782 0.4940966 0.6407502 0.4940966 2 P 0
L 0.6328782 0.509847 0.6407502 0.509847 2 P 0
L 0.6328782 0.5255926 0.6328782 0.541343 2 P 0
L 0.6328782 0.5255926 0.6407502 0.5255926 2 P 0
L 0.6328782 0.541343 0.6407502 0.541343 2 P 0
L 0.6328782 0.5570887 0.6328782 0.5728391 2 P 0
L 0.6328782 0.5570887 0.6407502 0.5570887 2 P 0
L 0.6328782 0.5728391 0.6407502 0.5728391 2 P 0
L 0.6328782 0.5885848 0.6328782 0.6043352 2 P 0
L 0.6328782 0.5885848 0.6407502 0.5885848 2 P 0
L 0.6328782 0.6043352 0.6407502 0.6043352 2 P 0
L 0.6328782 0.6200808 0.6328782 0.6358312 2 P 0
L 0.6328782 0.6200808 0.6407502 0.6200808 2 P 0
L 0.6328782 0.6358312 0.6407502 0.6358312 2 P 0
L 0.6328782 0.6515769 0.6328782 0.6673273 2 P 0
L 0.6328782 0.6515769 0.6407502 0.6515769 2 P 0
L 0.6328782 0.6673273 0.6407502 0.6673273 2 P 0
L 0.6328782 0.6830729 0.6328782 0.6988233 2 P 0
L 0.6328782 0.6830729 0.6407502 0.6830729 2 P 0
L 0.6328782 0.6988233 0.6407502 0.6988233 2 P 0
L 0.6328782 0.714569 0.6328782 0.7303194 2 P 0
L 0.6328782 0.714569 0.6407502 0.714569 2 P 0
L 0.6328782 0.7303194 0.6407502 0.7303194 2 P 0
L 0.6328782 1.0482303 0.6328782 1.0639807 2 P 0
L 0.6328782 1.0482303 0.6407502 1.0482303 2 P 0
L 0.6328782 1.0639807 0.6407502 1.0639807 2 P 0
L 0.6328782 1.0797264 0.6328782 1.0954768 2 P 0
L 0.6328782 1.0797264 0.6407502 1.0797264 2 P 0
L 0.6328782 1.0954768 0.6407502 1.0954768 2 P 0
L 0.6328782 1.1112225 0.6328782 1.1269729 2 P 0
L 0.6328782 1.1112225 0.6407502 1.1112225 2 P 0
L 0.6328782 1.1269729 0.6407502 1.1269729 2 P 0
L 0.6328782 1.1427185 0.6328782 1.1584689 2 P 0
L 0.6328782 1.1427185 0.6407502 1.1427185 2 P 0
L 0.6328782 1.1584689 0.6407502 1.1584689 2 P 0
L 0.6328782 1.1742146 0.6328782 1.189965 2 P 0
L 0.6328782 1.1742146 0.6407502 1.1742146 2 P 0
L 0.6328782 1.189965 0.6407502 1.189965 2 P 0
L 0.6328782 1.2057107 0.6328782 1.2214611 2 P 0
L 0.6328782 1.2057107 0.6407502 1.2057107 2 P 0
L 0.6328782 1.2214611 0.6407502 1.2214611 2 P 0
L 0.6328782 1.2372067 0.6328782 1.2529571 2 P 0
L 0.6328782 1.2372067 0.6407502 1.2372067 2 P 0
L 0.6328782 1.2529571 0.6407502 1.2529571 2 P 0
L 0.6328782 1.2687028 0.6328782 1.2844532 2 P 0
L 0.6328782 1.2687028 0.6407502 1.2687028 2 P 0
L 0.6328782 1.2844532 0.6407502 1.2844532 2 P 0
L 0.6328782 1.3001988 0.6328782 1.3159492 2 P 0
L 0.6328782 1.3001988 0.6407502 1.3001988 2 P 0
L 0.6328782 1.3159492 0.6407502 1.3159492 2 P 0
L 0.6328782 1.3316949 0.6328782 1.3474453 2 P 0
L 0.6328782 1.3316949 0.6407502 1.3316949 2 P 0
L 0.6328782 1.3474453 0.6407502 1.3474453 2 P 0
L 0.6407502 0.4311044 0.6407502 0.4468548 2 P 0
L 0.6407502 0.4626005 0.6407502 0.4783509 2 P 0
L 0.6407502 0.4940966 0.6407502 0.509847 2 P 0
L 0.6407502 0.5255926 0.6407502 0.541343 2 P 0
L 0.6407502 0.5570887 0.6407502 0.5728391 2 P 0
L 0.6407502 0.5885848 0.6407502 0.6043352 2 P 0
L 0.6407502 0.6200808 0.6407502 0.6358312 2 P 0
L 0.6407502 0.6515769 0.6407502 0.6673273 2 P 0
L 0.6407502 0.6830729 0.6407502 0.6988233 2 P 0
L 0.6407502 0.714569 0.6407502 0.7303194 2 P 0
L 0.6407502 1.0482303 0.6407502 1.0639807 2 P 0
L 0.6407502 1.0797264 0.6407502 1.0954768 2 P 0
L 0.6407502 1.1112225 0.6407502 1.1269729 2 P 0
L 0.6407502 1.1427185 0.6407502 1.1584689 2 P 0
L 0.6407502 1.1742146 0.6407502 1.189965 2 P 0
L 0.6407502 1.2057107 0.6407502 1.2214611 2 P 0
L 0.6407502 1.2372067 0.6407502 1.2529571 2 P 0
L 0.6407502 1.2687028 0.6407502 1.2844532 2 P 0
L 0.6407502 1.3001988 0.6407502 1.3159492 2 P 0
L 0.6407502 1.3316949 0.6407502 1.3474453 2 P 0
L 0.6427146 0.7578785 0.6427146 0.7657505 2 P 0
L 0.6427146 0.7775635 0.6427146 0.7854355 2 P 0
L 0.6427146 0.7972485 0.6427146 0.8051205 2 P 0
L 0.6427146 0.8169336 0.6427146 0.8248056 2 P 0
L 0.6427147 0.8366186 0.6427147 0.8444906 2 P 0
L 0.6427147 0.8563036 0.6427147 0.8641756 2 P 0
L 0.6427147 0.8759886 0.6427147 0.8838606 2 P 0
L 0.6427147 0.8956737 0.6427147 0.9035457 2 P 0
L 0.6427147 0.9153587 0.6427147 0.9232307 2 P 0
L 0.6427147 0.9350438 0.6427147 0.9429158 2 P 0
L 0.6427147 0.9547288 0.6427147 0.9626008 2 P 0
L 0.6427147 0.9744138 0.6427147 0.9822858 2 P 0
L 0.6427147 0.9940989 0.6427147 1.0019709 2 P 0
L 0.6427147 1.0137839 0.6427147 1.0216559 2 P 0
L 0.6525633 0.4311044 0.6525633 0.4468548 2 P 0
L 0.6525633 0.4311044 0.6604353 0.4311044 2 P 0
L 0.6525633 0.4468548 0.6604353 0.4468548 2 P 0
L 0.6525633 0.4626005 0.6525633 0.4783509 2 P 0
L 0.6525633 0.4626005 0.6604353 0.4626005 2 P 0
L 0.6525633 0.4783509 0.6604353 0.4783509 2 P 0
L 0.6525633 0.4940966 0.6525633 0.509847 2 P 0
L 0.6525633 0.4940966 0.6604353 0.4940966 2 P 0
L 0.6525633 0.509847 0.6604353 0.509847 2 P 0
L 0.6525633 0.5255926 0.6525633 0.541343 2 P 0
L 0.6525633 0.5255926 0.6604353 0.5255926 2 P 0
L 0.6525633 0.541343 0.6604353 0.541343 2 P 0
L 0.6525633 0.5570887 0.6525633 0.5728391 2 P 0
L 0.6525633 0.5570887 0.6604353 0.5570887 2 P 0
L 0.6525633 0.5728391 0.6604353 0.5728391 2 P 0
L 0.6525633 0.5885848 0.6525633 0.6043352 2 P 0
L 0.6525633 0.5885848 0.6604353 0.5885848 2 P 0
L 0.6525633 0.6043352 0.6604353 0.6043352 2 P 0
L 0.6525633 0.6200808 0.6525633 0.6358312 2 P 0
L 0.6525633 0.6200808 0.6604353 0.6200808 2 P 0
L 0.6525633 0.6358312 0.6604353 0.6358312 2 P 0
L 0.6525633 0.6515769 0.6525633 0.6673273 2 P 0
L 0.6525633 0.6515769 0.6604353 0.6515769 2 P 0
L 0.6525633 0.6673273 0.6604353 0.6673273 2 P 0
L 0.6525633 0.6830729 0.6525633 0.6988233 2 P 0
L 0.6525633 0.6830729 0.6604353 0.6830729 2 P 0
L 0.6525633 0.6988233 0.6604353 0.6988233 2 P 0
L 0.6525633 0.714569 0.6525633 0.7303194 2 P 0
L 0.6525633 0.714569 0.6604353 0.714569 2 P 0
L 0.6525633 0.7303194 0.6604353 0.7303194 2 P 0
L 0.6525633 1.0482303 0.6525633 1.0639807 2 P 0
L 0.6525633 1.0482303 0.6604353 1.0482303 2 P 0
L 0.6525633 1.0639807 0.6604353 1.0639807 2 P 0
L 0.6525633 1.0797264 0.6525633 1.0954768 2 P 0
L 0.6525633 1.0797264 0.6604353 1.0797264 2 P 0
L 0.6525633 1.0954768 0.6604353 1.0954768 2 P 0
L 0.6525633 1.1112225 0.6525633 1.1269729 2 P 0
L 0.6525633 1.1112225 0.6604353 1.1112225 2 P 0
L 0.6525633 1.1269729 0.6604353 1.1269729 2 P 0
L 0.6525633 1.1427185 0.6525633 1.1584689 2 P 0
L 0.6525633 1.1427185 0.6604353 1.1427185 2 P 0
L 0.6525633 1.1584689 0.6604353 1.1584689 2 P 0
L 0.6525633 1.1742146 0.6525633 1.189965 2 P 0
L 0.6525633 1.1742146 0.6604353 1.1742146 2 P 0
L 0.6525633 1.189965 0.6604353 1.189965 2 P 0
L 0.6525633 1.2057107 0.6525633 1.2214611 2 P 0
L 0.6525633 1.2057107 0.6604353 1.2057107 2 P 0
L 0.6525633 1.2214611 0.6604353 1.2214611 2 P 0
L 0.6525633 1.2372067 0.6525633 1.2529571 2 P 0
L 0.6525633 1.2372067 0.6604353 1.2372067 2 P 0
L 0.6525633 1.2529571 0.6604353 1.2529571 2 P 0
L 0.6525633 1.2687028 0.6525633 1.2844532 2 P 0
L 0.6525633 1.2687028 0.6604353 1.2687028 2 P 0
L 0.6525633 1.2844532 0.6604353 1.2844532 2 P 0
L 0.6525633 1.3001988 0.6525633 1.3159492 2 P 0
L 0.6525633 1.3001988 0.6604353 1.3001988 2 P 0
L 0.6525633 1.3159492 0.6604353 1.3159492 2 P 0
L 0.6525633 1.3316949 0.6525633 1.3474453 2 P 0
L 0.6525633 1.3316949 0.6604353 1.3316949 2 P 0
L 0.6525633 1.3474453 0.6604353 1.3474453 2 P 0
L 0.653552 2.0118195 0.653552 2.0433139 1 P 0
L 0.6584602 0.7578785 0.6584602 0.7657505 2 P 0
L 0.6584602 0.7578785 0.6742106 0.7578785 2 P 0
L 0.6584602 0.7657505 0.6742106 0.7657505 2 P 0
L 0.6584602 0.7775635 0.6584602 0.7854355 2 P 0
L 0.6584602 0.7775635 0.6742106 0.7775635 2 P 0
L 0.6584602 0.7854355 0.6742106 0.7854355 2 P 0
L 0.6584602 0.7972485 0.6584602 0.8051205 2 P 0
L 0.6584602 0.7972485 0.6742106 0.7972485 2 P 0
L 0.6584602 0.8051205 0.6742106 0.8051205 2 P 0
L 0.6584602 0.8169336 0.6584602 0.8248056 2 P 0
L 0.6584602 0.8169336 0.6742106 0.8169336 2 P 0
L 0.6584602 0.8248056 0.6742106 0.8248056 2 P 0
L 0.6584603 0.8366186 0.6584603 0.8444906 2 P 0
L 0.6584603 0.8366186 0.6742107 0.8366186 2 P 0
L 0.6584603 0.8444906 0.6742107 0.8444906 2 P 0
L 0.6584603 0.8563036 0.6584603 0.8641756 2 P 0
L 0.6584603 0.8563036 0.6742107 0.8563036 2 P 0
L 0.6584603 0.8641756 0.6742107 0.8641756 2 P 0
L 0.6584603 0.8759886 0.6584603 0.8838606 2 P 0
L 0.6584603 0.8759886 0.6742107 0.8759886 2 P 0
L 0.6584603 0.8838606 0.6742107 0.8838606 2 P 0
L 0.6584603 0.8956737 0.6584603 0.9035457 2 P 0
L 0.6584603 0.8956737 0.6742107 0.8956737 2 P 0
L 0.6584603 0.9035457 0.6742107 0.9035457 2 P 0
L 0.6584603 0.9153587 0.6584603 0.9232307 2 P 0
L 0.6584603 0.9153587 0.6742107 0.9153587 2 P 0
L 0.6584603 0.9232307 0.6742107 0.9232307 2 P 0
L 0.6584603 0.9350438 0.6584603 0.9429158 2 P 0
L 0.6584603 0.9350438 0.6742107 0.9350438 2 P 0
L 0.6584603 0.9429158 0.6742107 0.9429158 2 P 0
L 0.6584603 0.9547288 0.6584603 0.9626008 2 P 0
L 0.6584603 0.9547288 0.6742107 0.9547288 2 P 0
L 0.6584603 0.9626008 0.6742107 0.9626008 2 P 0
L 0.6584603 0.9744138 0.6584603 0.9822858 2 P 0
L 0.6584603 0.9744138 0.6742107 0.9744138 2 P 0
L 0.6584603 0.9822858 0.6742107 0.9822858 2 P 0
L 0.6584603 0.9940989 0.6584603 1.0019709 2 P 0
L 0.6584603 0.9940989 0.6742107 0.9940989 2 P 0
L 0.6584603 1.0019709 0.6742107 1.0019709 2 P 0
L 0.6584603 1.0137839 0.6584603 1.0216559 2 P 0
L 0.6584603 1.0137839 0.6742107 1.0137839 2 P 0
L 0.6584603 1.0216559 0.6742107 1.0216559 2 P 0
L 0.6604353 0.4311044 0.6604353 0.4468548 2 P 0
L 0.6604353 0.4626005 0.6604353 0.4783509 2 P 0
L 0.6604353 0.4940966 0.6604353 0.509847 2 P 0
L 0.6604353 0.5255926 0.6604353 0.541343 2 P 0
L 0.6604353 0.5570887 0.6604353 0.5728391 2 P 0
L 0.6604353 0.5885848 0.6604353 0.6043352 2 P 0
L 0.6604353 0.6200808 0.6604353 0.6358312 2 P 0
L 0.6604353 0.6515769 0.6604353 0.6673273 2 P 0
L 0.6604353 0.6830729 0.6604353 0.6988233 2 P 0
L 0.6604353 0.714569 0.6604353 0.7303194 2 P 0
L 0.6604353 1.0482303 0.6604353 1.0639807 2 P 0
L 0.6604353 1.0797264 0.6604353 1.0954768 2 P 0
L 0.6604353 1.1112225 0.6604353 1.1269729 2 P 0
L 0.6604353 1.1427185 0.6604353 1.1584689 2 P 0
L 0.6604353 1.1742146 0.6604353 1.189965 2 P 0
L 0.6604353 1.2057107 0.6604353 1.2214611 2 P 0
L 0.6604353 1.2372067 0.6604353 1.2529571 2 P 0
L 0.6604353 1.2687028 0.6604353 1.2844532 2 P 0
L 0.6604353 1.3001988 0.6604353 1.3159492 2 P 0
L 0.6604353 1.3316949 0.6604353 1.3474453 2 P 0
L 0.6633841 0.4301134 0.6633841 0.4360206 2 P 0
L 0.6633841 0.4301134 0.6751921 0.4301134 2 P 0
L 0.6633841 0.4360206 0.6751921 0.4360206 2 P 0
L 0.6633841 0.5088536 0.6633841 0.5147608 2 P 0
L 0.6633841 0.5088536 0.6751921 0.5088536 2 P 0
L 0.6633841 0.5147608 0.6751921 0.5147608 2 P 0
L 0.6633841 0.5875937 0.6633841 0.5935009 2 P 0
L 0.6633841 0.5875937 0.6751921 0.5875937 2 P 0
L 0.6633841 0.5935009 0.6751921 0.5935009 2 P 0
L 0.6633841 0.6663339 0.6633841 0.6722411 2 P 0
L 0.6633841 0.6663339 0.6751921 0.6663339 2 P 0
L 0.6633841 0.6722411 0.6751921 0.6722411 2 P 0
L 0.6633841 0.745074 0.6633841 0.7509812 2 P 0
L 0.6633841 0.745074 0.6751921 0.745074 2 P 0
L 0.6633841 0.7509812 0.6751921 0.7509812 2 P 0
L 0.66437 0.4301181 0.66437 0.4360237 3 P 0
L 0.66437 0.4301181 0.6742126 0.4301181 3 P 0
L 0.66437 0.4360237 0.6742126 0.4360237 3 P 0
L 0.66437 0.5088583 0.66437 0.5147639 3 P 0
L 0.66437 0.5088583 0.6742126 0.5088583 3 P 0
L 0.66437 0.5147639 0.6742126 0.5147639 3 P 0
L 0.66437 0.5875984 0.66437 0.593504 3 P 0
L 0.66437 0.5875984 0.6742126 0.5875984 3 P 0
L 0.66437 0.593504 0.6742126 0.593504 3 P 0
L 0.66437 0.6663386 0.66437 0.6722442 3 P 0
L 0.66437 0.6663386 0.6742126 0.6663386 3 P 0
L 0.66437 0.6722442 0.6742126 0.6722442 3 P 0
L 0.66437 0.7450787 0.66437 0.7509843 3 P 0
L 0.66437 0.7450787 0.6742126 0.7450787 3 P 0
L 0.66437 0.7509843 0.6742126 0.7509843 3 P 0
L 0.6663338 0.899611 0.6663338 0.911419 2 P 0
L 0.6663338 0.899611 0.672241 0.899611 2 P 0
L 0.6663338 0.911419 0.672241 0.911419 2 P 0
L 0.6663338 0.9673275 0.6663338 0.9791355 2 P 0
L 0.6663338 0.9673275 0.672241 0.9673275 2 P 0
L 0.6663338 0.9791355 0.672241 0.9791355 2 P 0
L 0.6663338 1.0413434 0.6663338 1.0531514 2 P 0
L 0.6663338 1.0413434 0.672241 1.0413434 2 P 0
L 0.6663338 1.0531514 0.672241 1.0531514 2 P 0
L 0.6663338 1.1161464 0.6663338 1.1279544 2 P 0
L 0.6663338 1.1161464 0.672241 1.1161464 2 P 0
L 0.6663338 1.1279544 0.672241 1.1279544 2 P 0
L 0.6663385 0.9005905 0.6663385 0.9104331 3 P 0
L 0.6663385 0.9005905 0.6722441 0.9005905 3 P 0
L 0.6663385 0.9104331 0.6722441 0.9104331 3 P 0
L 0.6663385 0.968307 0.6663385 0.9781496 3 P 0
L 0.6663385 0.968307 0.6722441 0.968307 3 P 0
L 0.6663385 0.9781496 0.6722441 0.9781496 3 P 0
L 0.6663385 1.0423229 0.6663385 1.0521655 3 P 0
L 0.6663385 1.0423229 0.6722441 1.0423229 3 P 0
L 0.6663385 1.0521655 0.6722441 1.0521655 3 P 0
L 0.6663385 1.1171259 0.6663385 1.1269685 3 P 0
L 0.6663385 1.1171259 0.6722441 1.1171259 3 P 0
L 0.6663385 1.1269685 0.6722441 1.1269685 3 P 0
L 0.672241 0.899611 0.672241 0.911419 2 P 0
L 0.672241 0.9673275 0.672241 0.9791355 2 P 0
L 0.672241 1.0413434 0.672241 1.0531514 2 P 0
L 0.672241 1.1161464 0.672241 1.1279544 2 P 0
L 0.6722441 0.9005905 0.6722441 0.9104331 3 P 0
L 0.6722441 0.968307 0.6722441 0.9781496 3 P 0
L 0.6722441 1.0423229 0.6722441 1.0521655 3 P 0
L 0.6722441 1.1171259 0.6722441 1.1269685 3 P 0
L 0.6722483 0.4311044 0.6722483 0.4468548 2 P 0
L 0.6722483 0.4311044 0.6801203 0.4311044 2 P 0
L 0.6722483 0.4468548 0.6801203 0.4468548 2 P 0
L 0.6722483 0.4626005 0.6722483 0.4783509 2 P 0
L 0.6722483 0.4626005 0.6801203 0.4626005 2 P 0
L 0.6722483 0.4783509 0.6801203 0.4783509 2 P 0
L 0.6722483 0.4940966 0.6722483 0.509847 2 P 0
L 0.6722483 0.4940966 0.6801203 0.4940966 2 P 0
L 0.6722483 0.509847 0.6801203 0.509847 2 P 0
L 0.6722483 0.5255926 0.6722483 0.541343 2 P 0
L 0.6722483 0.5255926 0.6801203 0.5255926 2 P 0
L 0.6722483 0.541343 0.6801203 0.541343 2 P 0
L 0.6722483 0.5570887 0.6722483 0.5728391 2 P 0
L 0.6722483 0.5570887 0.6801203 0.5570887 2 P 0
L 0.6722483 0.5728391 0.6801203 0.5728391 2 P 0
L 0.6722483 0.5885848 0.6722483 0.6043352 2 P 0
L 0.6722483 0.5885848 0.6801203 0.5885848 2 P 0
L 0.6722483 0.6043352 0.6801203 0.6043352 2 P 0
L 0.6722483 0.6200808 0.6722483 0.6358312 2 P 0
L 0.6722483 0.6200808 0.6801203 0.6200808 2 P 0
L 0.6722483 0.6358312 0.6801203 0.6358312 2 P 0
L 0.6722483 0.6515769 0.6722483 0.6673273 2 P 0
L 0.6722483 0.6515769 0.6801203 0.6515769 2 P 0
L 0.6722483 0.6673273 0.6801203 0.6673273 2 P 0
L 0.6722483 0.6830729 0.6722483 0.6988233 2 P 0
L 0.6722483 0.6830729 0.6801203 0.6830729 2 P 0
L 0.6722483 0.6988233 0.6801203 0.6988233 2 P 0
L 0.6722483 0.714569 0.6722483 0.7303194 2 P 0
L 0.6722483 0.714569 0.6801203 0.714569 2 P 0
L 0.6722483 0.7303194 0.6801203 0.7303194 2 P 0
L 0.6722483 1.0482303 0.6722483 1.0639807 2 P 0
L 0.6722483 1.0482303 0.6801203 1.0482303 2 P 0
L 0.6722483 1.0639807 0.6801203 1.0639807 2 P 0
L 0.6722483 1.0797264 0.6722483 1.0954768 2 P 0
L 0.6722483 1.0797264 0.6801203 1.0797264 2 P 0
L 0.6722483 1.0954768 0.6801203 1.0954768 2 P 0
L 0.6722483 1.1112225 0.6722483 1.1269729 2 P 0
L 0.6722483 1.1112225 0.6801203 1.1112225 2 P 0
L 0.6722483 1.1269729 0.6801203 1.1269729 2 P 0
L 0.6722483 1.1427185 0.6722483 1.1584689 2 P 0
L 0.6722483 1.1427185 0.6801203 1.1427185 2 P 0
L 0.6722483 1.1584689 0.6801203 1.1584689 2 P 0
L 0.6722483 1.1742146 0.6722483 1.189965 2 P 0
L 0.6722483 1.1742146 0.6801203 1.1742146 2 P 0
L 0.6722483 1.189965 0.6801203 1.189965 2 P 0
L 0.6722483 1.2057107 0.6722483 1.2214611 2 P 0
L 0.6722483 1.2057107 0.6801203 1.2057107 2 P 0
L 0.6722483 1.2214611 0.6801203 1.2214611 2 P 0
L 0.6722483 1.2372067 0.6722483 1.2529571 2 P 0
L 0.6722483 1.2372067 0.6801203 1.2372067 2 P 0
L 0.6722483 1.2529571 0.6801203 1.2529571 2 P 0
L 0.6722483 1.2687028 0.6722483 1.2844532 2 P 0
L 0.6722483 1.2687028 0.6801203 1.2687028 2 P 0
L 0.6722483 1.2844532 0.6801203 1.2844532 2 P 0
L 0.6722483 1.3001988 0.6722483 1.3159492 2 P 0
L 0.6722483 1.3001988 0.6801203 1.3001988 2 P 0
L 0.6722483 1.3159492 0.6801203 1.3159492 2 P 0
L 0.6722483 1.3316949 0.6722483 1.3474453 2 P 0
L 0.6722483 1.3316949 0.6801203 1.3316949 2 P 0
L 0.6722483 1.3474453 0.6801203 1.3474453 2 P 0
L 0.6742106 0.7578785 0.6742106 0.7657505 2 P 0
L 0.6742106 0.7775635 0.6742106 0.7854355 2 P 0
L 0.6742106 0.7972485 0.6742106 0.8051205 2 P 0
L 0.6742106 0.8169336 0.6742106 0.8248056 2 P 0
L 0.6742107 0.8366186 0.6742107 0.8444906 2 P 0
L 0.6742107 0.8563036 0.6742107 0.8641756 2 P 0
L 0.6742107 0.8759886 0.6742107 0.8838606 2 P 0
L 0.6742107 0.8956737 0.6742107 0.9035457 2 P 0
L 0.6742107 0.9153587 0.6742107 0.9232307 2 P 0
L 0.6742107 0.9350438 0.6742107 0.9429158 2 P 0
L 0.6742107 0.9547288 0.6742107 0.9626008 2 P 0
L 0.6742107 0.9744138 0.6742107 0.9822858 2 P 0
L 0.6742107 0.9940989 0.6742107 1.0019709 2 P 0
L 0.6742107 1.0137839 0.6742107 1.0216559 2 P 0
L 0.6742126 0.4301181 0.6742126 0.4360237 3 P 0
L 0.6742126 0.5088583 0.6742126 0.5147639 3 P 0
L 0.6742126 0.5875984 0.6742126 0.593504 3 P 0
L 0.6742126 0.6663386 0.6742126 0.6722442 3 P 0
L 0.6742126 0.7450787 0.6742126 0.7509843 3 P 0
L 0.6751921 0.4301134 0.6751921 0.4360206 2 P 0
L 0.6751921 0.5088536 0.6751921 0.5147608 2 P 0
L 0.6751921 0.5875937 0.6751921 0.5935009 2 P 0
L 0.6751921 0.6663339 0.6751921 0.6722411 2 P 0
L 0.6751921 0.745074 0.6751921 0.7509812 2 P 0
L 0.6801203 0.4311044 0.6801203 0.4468548 2 P 0
L 0.6801203 0.4626005 0.6801203 0.4783509 2 P 0
L 0.6801203 0.4940966 0.6801203 0.509847 2 P 0
L 0.6801203 0.5255926 0.6801203 0.541343 2 P 0
L 0.6801203 0.5570887 0.6801203 0.5728391 2 P 0
L 0.6801203 0.5885848 0.6801203 0.6043352 2 P 0
L 0.6801203 0.6200808 0.6801203 0.6358312 2 P 0
L 0.6801203 0.6515769 0.6801203 0.6673273 2 P 0
L 0.6801203 0.6830729 0.6801203 0.6988233 2 P 0
L 0.6801203 0.714569 0.6801203 0.7303194 2 P 0
L 0.6801203 1.0482303 0.6801203 1.0639807 2 P 0
L 0.6801203 1.0797264 0.6801203 1.0954768 2 P 0
L 0.6801203 1.1112225 0.6801203 1.1269729 2 P 0
L 0.6801203 1.1427185 0.6801203 1.1584689 2 P 0
L 0.6801203 1.1742146 0.6801203 1.189965 2 P 0
L 0.6801203 1.2057107 0.6801203 1.2214611 2 P 0
L 0.6801203 1.2372067 0.6801203 1.2529571 2 P 0
L 0.6801203 1.2687028 0.6801203 1.2844532 2 P 0
L 0.6801203 1.3001988 0.6801203 1.3159492 2 P 0
L 0.6801203 1.3316949 0.6801203 1.3474453 2 P 0
L 0.6899563 0.7578785 0.6899563 0.7657505 2 P 0
L 0.6899563 0.7578785 0.7057067 0.7578785 2 P 0
L 0.6899563 0.7657505 0.7057067 0.7657505 2 P 0
L 0.6899563 0.7775635 0.6899563 0.7854355 2 P 0
L 0.6899563 0.7775635 0.7057067 0.7775635 2 P 0
L 0.6899563 0.7854355 0.7057067 0.7854355 2 P 0
L 0.6899563 0.7972485 0.6899563 0.8051205 2 P 0
L 0.6899563 0.7972485 0.7057067 0.7972485 2 P 0
L 0.6899563 0.8051205 0.7057067 0.8051205 2 P 0
L 0.6899563 0.8169336 0.6899563 0.8248056 2 P 0
L 0.6899563 0.8169336 0.7057067 0.8169336 2 P 0
L 0.6899563 0.8248056 0.7057067 0.8248056 2 P 0
L 0.6899564 0.8366186 0.6899564 0.8444906 2 P 0
L 0.6899564 0.8366186 0.7057068 0.8366186 2 P 0
L 0.6899564 0.8444906 0.7057068 0.8444906 2 P 0
L 0.6899564 0.8563036 0.6899564 0.8641756 2 P 0
L 0.6899564 0.8563036 0.7057068 0.8563036 2 P 0
L 0.6899564 0.8641756 0.7057068 0.8641756 2 P 0
L 0.6899564 0.8759886 0.6899564 0.8838606 2 P 0
L 0.6899564 0.8759886 0.7057068 0.8759886 2 P 0
L 0.6899564 0.8838606 0.7057068 0.8838606 2 P 0
L 0.6899564 0.8956737 0.6899564 0.9035457 2 P 0
L 0.6899564 0.8956737 0.7057068 0.8956737 2 P 0
L 0.6899564 0.9035457 0.7057068 0.9035457 2 P 0
L 0.6899564 0.9153587 0.6899564 0.9232307 2 P 0
L 0.6899564 0.9153587 0.7057068 0.9153587 2 P 0
L 0.6899564 0.9232307 0.7057068 0.9232307 2 P 0
L 0.6899564 0.9350438 0.6899564 0.9429158 2 P 0
L 0.6899564 0.9350438 0.7057068 0.9350438 2 P 0
L 0.6899564 0.9429158 0.7057068 0.9429158 2 P 0
L 0.6899564 0.9547288 0.6899564 0.9626008 2 P 0
L 0.6899564 0.9547288 0.7057068 0.9547288 2 P 0
L 0.6899564 0.9626008 0.7057068 0.9626008 2 P 0
L 0.6899564 0.9744138 0.6899564 0.9822858 2 P 0
L 0.6899564 0.9744138 0.7057068 0.9744138 2 P 0
L 0.6899564 0.9822858 0.7057068 0.9822858 2 P 0
L 0.6899564 0.9940989 0.6899564 1.0019709 2 P 0
L 0.6899564 0.9940989 0.7057068 0.9940989 2 P 0
L 0.6899564 1.0019709 0.7057068 1.0019709 2 P 0
L 0.6899564 1.0137839 0.6899564 1.0216559 2 P 0
L 0.6899564 1.0137839 0.7057068 1.0137839 2 P 0
L 0.6899564 1.0216559 0.7057068 1.0216559 2 P 0
L 0.6919334 0.4311044 0.6919334 0.4468548 2 P 0
L 0.6919334 0.4311044 0.6998054 0.4311044 2 P 0
L 0.6919334 0.4468548 0.6998054 0.4468548 2 P 0
L 0.6919334 0.4626005 0.6919334 0.4783509 2 P 0
L 0.6919334 0.4626005 0.6998054 0.4626005 2 P 0
L 0.6919334 0.4783509 0.6998054 0.4783509 2 P 0
L 0.6919334 0.4940966 0.6919334 0.509847 2 P 0
L 0.6919334 0.4940966 0.6998054 0.4940966 2 P 0
L 0.6919334 0.509847 0.6998054 0.509847 2 P 0
L 0.6919334 0.5255926 0.6919334 0.541343 2 P 0
L 0.6919334 0.5255926 0.6998054 0.5255926 2 P 0
L 0.6919334 0.541343 0.6998054 0.541343 2 P 0
L 0.6919334 0.5570887 0.6919334 0.5728391 2 P 0
L 0.6919334 0.5570887 0.6998054 0.5570887 2 P 0
L 0.6919334 0.5728391 0.6998054 0.5728391 2 P 0
L 0.6919334 0.5885848 0.6919334 0.6043352 2 P 0
L 0.6919334 0.5885848 0.6998054 0.5885848 2 P 0
L 0.6919334 0.6043352 0.6998054 0.6043352 2 P 0
L 0.6919334 0.6200808 0.6919334 0.6358312 2 P 0
L 0.6919334 0.6200808 0.6998054 0.6200808 2 P 0
L 0.6919334 0.6358312 0.6998054 0.6358312 2 P 0
L 0.6919334 0.6515769 0.6919334 0.6673273 2 P 0
L 0.6919334 0.6515769 0.6998054 0.6515769 2 P 0
L 0.6919334 0.6673273 0.6998054 0.6673273 2 P 0
L 0.6919334 0.6830729 0.6919334 0.6988233 2 P 0
L 0.6919334 0.6830729 0.6998054 0.6830729 2 P 0
L 0.6919334 0.6988233 0.6998054 0.6988233 2 P 0
L 0.6919334 0.714569 0.6919334 0.7303194 2 P 0
L 0.6919334 0.714569 0.6998054 0.714569 2 P 0
L 0.6919334 0.7303194 0.6998054 0.7303194 2 P 0
L 0.6919334 1.0482303 0.6919334 1.0639807 2 P 0
L 0.6919334 1.0482303 0.6998054 1.0482303 2 P 0
L 0.6919334 1.0639807 0.6998054 1.0639807 2 P 0
L 0.6919334 1.0797264 0.6919334 1.0954768 2 P 0
L 0.6919334 1.0797264 0.6998054 1.0797264 2 P 0
L 0.6919334 1.0954768 0.6998054 1.0954768 2 P 0
L 0.6919334 1.1112225 0.6919334 1.1269729 2 P 0
L 0.6919334 1.1112225 0.6998054 1.1112225 2 P 0
L 0.6919334 1.1269729 0.6998054 1.1269729 2 P 0
L 0.6919334 1.1427185 0.6919334 1.1584689 2 P 0
L 0.6919334 1.1427185 0.6998054 1.1427185 2 P 0
L 0.6919334 1.1584689 0.6998054 1.1584689 2 P 0
L 0.6919334 1.1742146 0.6919334 1.189965 2 P 0
L 0.6919334 1.1742146 0.6998054 1.1742146 2 P 0
L 0.6919334 1.189965 0.6998054 1.189965 2 P 0
L 0.6919334 1.2057107 0.6919334 1.2214611 2 P 0
L 0.6919334 1.2057107 0.6998054 1.2057107 2 P 0
L 0.6919334 1.2214611 0.6998054 1.2214611 2 P 0
L 0.6919334 1.2372067 0.6919334 1.2529571 2 P 0
L 0.6919334 1.2372067 0.6998054 1.2372067 2 P 0
L 0.6919334 1.2529571 0.6998054 1.2529571 2 P 0
L 0.6919334 1.2687028 0.6919334 1.2844532 2 P 0
L 0.6919334 1.2687028 0.6998054 1.2687028 2 P 0
L 0.6919334 1.2844532 0.6998054 1.2844532 2 P 0
L 0.6919334 1.3001988 0.6919334 1.3159492 2 P 0
L 0.6919334 1.3001988 0.6998054 1.3001988 2 P 0
L 0.6919334 1.3159492 0.6998054 1.3159492 2 P 0
L 0.6919334 1.3316949 0.6919334 1.3474453 2 P 0
L 0.6919334 1.3316949 0.6998054 1.3316949 2 P 0
L 0.6919334 1.3474453 0.6998054 1.3474453 2 P 0
L 0.6998054 0.4311044 0.6998054 0.4468548 2 P 0
L 0.6998054 0.4626005 0.6998054 0.4783509 2 P 0
L 0.6998054 0.4940966 0.6998054 0.509847 2 P 0
L 0.6998054 0.5255926 0.6998054 0.541343 2 P 0
L 0.6998054 0.5570887 0.6998054 0.5728391 2 P 0
L 0.6998054 0.5885848 0.6998054 0.6043352 2 P 0
L 0.6998054 0.6200808 0.6998054 0.6358312 2 P 0
L 0.6998054 0.6515769 0.6998054 0.6673273 2 P 0
L 0.6998054 0.6830729 0.6998054 0.6988233 2 P 0
L 0.6998054 0.714569 0.6998054 0.7303194 2 P 0
L 0.6998054 1.0482303 0.6998054 1.0639807 2 P 0
L 0.6998054 1.0797264 0.6998054 1.0954768 2 P 0
L 0.6998054 1.1112225 0.6998054 1.1269729 2 P 0
L 0.6998054 1.1427185 0.6998054 1.1584689 2 P 0
L 0.6998054 1.1742146 0.6998054 1.189965 2 P 0
L 0.6998054 1.2057107 0.6998054 1.2214611 2 P 0
L 0.6998054 1.2372067 0.6998054 1.2529571 2 P 0
L 0.6998054 1.2687028 0.6998054 1.2844532 2 P 0
L 0.6998054 1.3001988 0.6998054 1.3159492 2 P 0
L 0.6998054 1.3316949 0.6998054 1.3474453 2 P 0
L 0.7057067 0.7578785 0.7057067 0.7657505 2 P 0
L 0.7057067 0.7775635 0.7057067 0.7854355 2 P 0
L 0.7057067 0.7972485 0.7057067 0.8051205 2 P 0
L 0.7057067 0.8169336 0.7057067 0.8248056 2 P 0
L 0.7057068 0.8366186 0.7057068 0.8444906 2 P 0
L 0.7057068 0.8563036 0.7057068 0.8641756 2 P 0
L 0.7057068 0.8759886 0.7057068 0.8838606 2 P 0
L 0.7057068 0.8956737 0.7057068 0.9035457 2 P 0
L 0.7057068 0.9153587 0.7057068 0.9232307 2 P 0
L 0.7057068 0.9350438 0.7057068 0.9429158 2 P 0
L 0.7057068 0.9547288 0.7057068 0.9626008 2 P 0
L 0.7057068 0.9744138 0.7057068 0.9822858 2 P 0
L 0.7057068 0.9940989 0.7057068 1.0019709 2 P 0
L 0.7057068 1.0137839 0.7057068 1.0216559 2 P 0
L 0.7116184 0.4311044 0.7116184 0.4468548 2 P 0
L 0.7116184 0.4311044 0.7194904 0.4311044 2 P 0
L 0.7116184 0.4468548 0.7194904 0.4468548 2 P 0
L 0.7116184 0.4626005 0.7116184 0.4783509 2 P 0
L 0.7116184 0.4626005 0.7194904 0.4626005 2 P 0
L 0.7116184 0.4783509 0.7194904 0.4783509 2 P 0
L 0.7116184 0.4940966 0.7116184 0.509847 2 P 0
L 0.7116184 0.4940966 0.7194904 0.4940966 2 P 0
L 0.7116184 0.509847 0.7194904 0.509847 2 P 0
L 0.7116184 0.5255926 0.7116184 0.541343 2 P 0
L 0.7116184 0.5255926 0.7194904 0.5255926 2 P 0
L 0.7116184 0.541343 0.7194904 0.541343 2 P 0
L 0.7116184 0.5570887 0.7116184 0.5728391 2 P 0
L 0.7116184 0.5570887 0.7194904 0.5570887 2 P 0
L 0.7116184 0.5728391 0.7194904 0.5728391 2 P 0
L 0.7116184 0.5885848 0.7116184 0.6043352 2 P 0
L 0.7116184 0.5885848 0.7194904 0.5885848 2 P 0
L 0.7116184 0.6043352 0.7194904 0.6043352 2 P 0
L 0.7116184 0.6200808 0.7116184 0.6358312 2 P 0
L 0.7116184 0.6200808 0.7194904 0.6200808 2 P 0
L 0.7116184 0.6358312 0.7194904 0.6358312 2 P 0
L 0.7116184 0.6515769 0.7116184 0.6673273 2 P 0
L 0.7116184 0.6515769 0.7194904 0.6515769 2 P 0
L 0.7116184 0.6673273 0.7194904 0.6673273 2 P 0
L 0.7116184 0.6830729 0.7116184 0.6988233 2 P 0
L 0.7116184 0.6830729 0.7194904 0.6830729 2 P 0
L 0.7116184 0.6988233 0.7194904 0.6988233 2 P 0
L 0.7116184 0.714569 0.7116184 0.7303194 2 P 0
L 0.7116184 0.714569 0.7194904 0.714569 2 P 0
L 0.7116184 0.7303194 0.7194904 0.7303194 2 P 0
L 0.7116184 1.0482303 0.7116184 1.0639807 2 P 0
L 0.7116184 1.0482303 0.7194904 1.0482303 2 P 0
L 0.7116184 1.0639807 0.7194904 1.0639807 2 P 0
L 0.7116184 1.0797264 0.7116184 1.0954768 2 P 0
L 0.7116184 1.0797264 0.7194904 1.0797264 2 P 0
L 0.7116184 1.0954768 0.7194904 1.0954768 2 P 0
L 0.7116184 1.1112225 0.7116184 1.1269729 2 P 0
L 0.7116184 1.1112225 0.7194904 1.1112225 2 P 0
L 0.7116184 1.1269729 0.7194904 1.1269729 2 P 0
L 0.7116184 1.1427185 0.7116184 1.1584689 2 P 0
L 0.7116184 1.1427185 0.7194904 1.1427185 2 P 0
L 0.7116184 1.1584689 0.7194904 1.1584689 2 P 0
L 0.7116184 1.1742146 0.7116184 1.189965 2 P 0
L 0.7116184 1.1742146 0.7194904 1.1742146 2 P 0
L 0.7116184 1.189965 0.7194904 1.189965 2 P 0
L 0.7116184 1.2057107 0.7116184 1.2214611 2 P 0
L 0.7116184 1.2057107 0.7194904 1.2057107 2 P 0
L 0.7116184 1.2214611 0.7194904 1.2214611 2 P 0
L 0.7116184 1.2372067 0.7116184 1.2529571 2 P 0
L 0.7116184 1.2372067 0.7194904 1.2372067 2 P 0
L 0.7116184 1.2529571 0.7194904 1.2529571 2 P 0
L 0.7116184 1.2687028 0.7116184 1.2844532 2 P 0
L 0.7116184 1.2687028 0.7194904 1.2687028 2 P 0
L 0.7116184 1.2844532 0.7194904 1.2844532 2 P 0
L 0.7116184 1.3001988 0.7116184 1.3159492 2 P 0
L 0.7116184 1.3001988 0.7194904 1.3001988 2 P 0
L 0.7116184 1.3159492 0.7194904 1.3159492 2 P 0
L 0.7116184 1.3316949 0.7116184 1.3474453 2 P 0
L 0.7116184 1.3316949 0.7194904 1.3316949 2 P 0
L 0.7116184 1.3474453 0.7194904 1.3474453 2 P 0
L 0.7194904 0.4311044 0.7194904 0.4468548 2 P 0
L 0.7194904 0.4626005 0.7194904 0.4783509 2 P 0
L 0.7194904 0.4940966 0.7194904 0.509847 2 P 0
L 0.7194904 0.5255926 0.7194904 0.541343 2 P 0
L 0.7194904 0.5570887 0.7194904 0.5728391 2 P 0
L 0.7194904 0.5885848 0.7194904 0.6043352 2 P 0
L 0.7194904 0.6200808 0.7194904 0.6358312 2 P 0
L 0.7194904 0.6515769 0.7194904 0.6673273 2 P 0
L 0.7194904 0.6830729 0.7194904 0.6988233 2 P 0
L 0.7194904 0.714569 0.7194904 0.7303194 2 P 0
L 0.7194904 1.0482303 0.7194904 1.0639807 2 P 0
L 0.7194904 1.0797264 0.7194904 1.0954768 2 P 0
L 0.7194904 1.1112225 0.7194904 1.1269729 2 P 0
L 0.7194904 1.1427185 0.7194904 1.1584689 2 P 0
L 0.7194904 1.1742146 0.7194904 1.189965 2 P 0
L 0.7194904 1.2057107 0.7194904 1.2214611 2 P 0
L 0.7194904 1.2372067 0.7194904 1.2529571 2 P 0
L 0.7194904 1.2687028 0.7194904 1.2844532 2 P 0
L 0.7194904 1.3001988 0.7194904 1.3159492 2 P 0
L 0.7194904 1.3316949 0.7194904 1.3474453 2 P 0
L 0.7214523 0.7578785 0.7214523 0.7657505 2 P 0
L 0.7214523 0.7578785 0.7372027 0.7578785 2 P 0
L 0.7214523 0.7657505 0.7372027 0.7657505 2 P 0
L 0.7214523 0.7775635 0.7214523 0.7854355 2 P 0
L 0.7214523 0.7775635 0.7372027 0.7775635 2 P 0
L 0.7214523 0.7854355 0.7372027 0.7854355 2 P 0
L 0.7214523 0.7972485 0.7214523 0.8051205 2 P 0
L 0.7214523 0.7972485 0.7372027 0.7972485 2 P 0
L 0.7214523 0.8051205 0.7372027 0.8051205 2 P 0
L 0.7214523 0.8169336 0.7214523 0.8248056 2 P 0
L 0.7214523 0.8169336 0.7372027 0.8169336 2 P 0
L 0.7214523 0.8248056 0.7372027 0.8248056 2 P 0
L 0.7214524 0.8366186 0.7214524 0.8444906 2 P 0
L 0.7214524 0.8366186 0.7372028 0.8366186 2 P 0
L 0.7214524 0.8444906 0.7372028 0.8444906 2 P 0
L 0.7214524 0.8563036 0.7214524 0.8641756 2 P 0
L 0.7214524 0.8563036 0.7372028 0.8563036 2 P 0
L 0.7214524 0.8641756 0.7372028 0.8641756 2 P 0
L 0.7214524 0.8759886 0.7214524 0.8838606 2 P 0
L 0.7214524 0.8759886 0.7372028 0.8759886 2 P 0
L 0.7214524 0.8838606 0.7372028 0.8838606 2 P 0
L 0.7214524 0.8956737 0.7214524 0.9035457 2 P 0
L 0.7214524 0.8956737 0.7372028 0.8956737 2 P 0
L 0.7214524 0.9035457 0.7372028 0.9035457 2 P 0
L 0.7214524 0.9153587 0.7214524 0.9232307 2 P 0
L 0.7214524 0.9153587 0.7372028 0.9153587 2 P 0
L 0.7214524 0.9232307 0.7372028 0.9232307 2 P 0
L 0.7214524 0.9350438 0.7214524 0.9429158 2 P 0
L 0.7214524 0.9350438 0.7372028 0.9350438 2 P 0
L 0.7214524 0.9429158 0.7372028 0.9429158 2 P 0
L 0.7214524 0.9547288 0.7214524 0.9626008 2 P 0
L 0.7214524 0.9547288 0.7372028 0.9547288 2 P 0
L 0.7214524 0.9626008 0.7372028 0.9626008 2 P 0
L 0.7214524 0.9744138 0.7214524 0.9822858 2 P 0
L 0.7214524 0.9744138 0.7372028 0.9744138 2 P 0
L 0.7214524 0.9822858 0.7372028 0.9822858 2 P 0
L 0.7214524 0.9940989 0.7214524 1.0019709 2 P 0
L 0.7214524 0.9940989 0.7372028 0.9940989 2 P 0
L 0.7214524 1.0019709 0.7372028 1.0019709 2 P 0
L 0.7214524 1.0137839 0.7214524 1.0216559 2 P 0
L 0.7214524 1.0137839 0.7372028 1.0137839 2 P 0
L 0.7214524 1.0216559 0.7372028 1.0216559 2 P 0
L 0.7313034 0.4311044 0.7313034 0.4468548 2 P 0
L 0.7313034 0.4311044 0.7391754 0.4311044 2 P 0
L 0.7313034 0.4468548 0.7391754 0.4468548 2 P 0
L 0.7313034 0.4626005 0.7313034 0.4783509 2 P 0
L 0.7313034 0.4626005 0.7391754 0.4626005 2 P 0
L 0.7313034 0.4783509 0.7391754 0.4783509 2 P 0
L 0.7313034 0.4940966 0.7313034 0.509847 2 P 0
L 0.7313034 0.4940966 0.7391754 0.4940966 2 P 0
L 0.7313034 0.509847 0.7391754 0.509847 2 P 0
L 0.7313034 0.5255926 0.7313034 0.541343 2 P 0
L 0.7313034 0.5255926 0.7391754 0.5255926 2 P 0
L 0.7313034 0.541343 0.7391754 0.541343 2 P 0
L 0.7313034 0.5570887 0.7313034 0.5728391 2 P 0
L 0.7313034 0.5570887 0.7391754 0.5570887 2 P 0
L 0.7313034 0.5728391 0.7391754 0.5728391 2 P 0
L 0.7313034 0.5885848 0.7313034 0.6043352 2 P 0
L 0.7313034 0.5885848 0.7391754 0.5885848 2 P 0
L 0.7313034 0.6043352 0.7391754 0.6043352 2 P 0
L 0.7313034 0.6200808 0.7313034 0.6358312 2 P 0
L 0.7313034 0.6200808 0.7391754 0.6200808 2 P 0
L 0.7313034 0.6358312 0.7391754 0.6358312 2 P 0
L 0.7313034 0.6515769 0.7313034 0.6673273 2 P 0
L 0.7313034 0.6515769 0.7391754 0.6515769 2 P 0
L 0.7313034 0.6673273 0.7391754 0.6673273 2 P 0
L 0.7313034 0.6830729 0.7313034 0.6988233 2 P 0
L 0.7313034 0.6830729 0.7391754 0.6830729 2 P 0
L 0.7313034 0.6988233 0.7391754 0.6988233 2 P 0
L 0.7313034 0.714569 0.7313034 0.7303194 2 P 0
L 0.7313034 0.714569 0.7391754 0.714569 2 P 0
L 0.7313034 0.7303194 0.7391754 0.7303194 2 P 0
L 0.7313034 1.0482303 0.7313034 1.0639807 2 P 0
L 0.7313034 1.0482303 0.7391754 1.0482303 2 P 0
L 0.7313034 1.0639807 0.7391754 1.0639807 2 P 0
L 0.7313034 1.0797264 0.7313034 1.0954768 2 P 0
L 0.7313034 1.0797264 0.7391754 1.0797264 2 P 0
L 0.7313034 1.0954768 0.7391754 1.0954768 2 P 0
L 0.7313034 1.1112225 0.7313034 1.1269729 2 P 0
L 0.7313034 1.1112225 0.7391754 1.1112225 2 P 0
L 0.7313034 1.1269729 0.7391754 1.1269729 2 P 0
L 0.7313034 1.1427185 0.7313034 1.1584689 2 P 0
L 0.7313034 1.1427185 0.7391754 1.1427185 2 P 0
L 0.7313034 1.1584689 0.7391754 1.1584689 2 P 0
L 0.7313034 1.1742146 0.7313034 1.189965 2 P 0
L 0.7313034 1.1742146 0.7391754 1.1742146 2 P 0
L 0.7313034 1.189965 0.7391754 1.189965 2 P 0
L 0.7313034 1.2057107 0.7313034 1.2214611 2 P 0
L 0.7313034 1.2057107 0.7391754 1.2057107 2 P 0
L 0.7313034 1.2214611 0.7391754 1.2214611 2 P 0
L 0.7313034 1.2372067 0.7313034 1.2529571 2 P 0
L 0.7313034 1.2372067 0.7391754 1.2372067 2 P 0
L 0.7313034 1.2529571 0.7391754 1.2529571 2 P 0
L 0.7313034 1.2687028 0.7313034 1.2844532 2 P 0
L 0.7313034 1.2687028 0.7391754 1.2687028 2 P 0
L 0.7313034 1.2844532 0.7391754 1.2844532 2 P 0
L 0.7313034 1.3001988 0.7313034 1.3159492 2 P 0
L 0.7313034 1.3001988 0.7391754 1.3001988 2 P 0
L 0.7313034 1.3159492 0.7391754 1.3159492 2 P 0
L 0.7313034 1.3316949 0.7313034 1.3474453 2 P 0
L 0.7313034 1.3316949 0.7391754 1.3316949 2 P 0
L 0.7313034 1.3474453 0.7391754 1.3474453 2 P 0
L 0.7372027 0.7578785 0.7372027 0.7657505 2 P 0
L 0.7372027 0.7775635 0.7372027 0.7854355 2 P 0
L 0.7372027 0.7972485 0.7372027 0.8051205 2 P 0
L 0.7372027 0.8169336 0.7372027 0.8248056 2 P 0
L 0.7372028 0.8366186 0.7372028 0.8444906 2 P 0
L 0.7372028 0.8563036 0.7372028 0.8641756 2 P 0
L 0.7372028 0.8759886 0.7372028 0.8838606 2 P 0
L 0.7372028 0.8956737 0.7372028 0.9035457 2 P 0
L 0.7372028 0.9153587 0.7372028 0.9232307 2 P 0
L 0.7372028 0.9350438 0.7372028 0.9429158 2 P 0
L 0.7372028 0.9547288 0.7372028 0.9626008 2 P 0
L 0.7372028 0.9744138 0.7372028 0.9822858 2 P 0
L 0.7372028 0.9940989 0.7372028 1.0019709 2 P 0
L 0.7372028 1.0137839 0.7372028 1.0216559 2 P 0
L 0.7391754 0.4311044 0.7391754 0.4468548 2 P 0
L 0.7391754 0.4626005 0.7391754 0.4783509 2 P 0
L 0.7391754 0.4940966 0.7391754 0.509847 2 P 0
L 0.7391754 0.5255926 0.7391754 0.541343 2 P 0
L 0.7391754 0.5570887 0.7391754 0.5728391 2 P 0
L 0.7391754 0.5885848 0.7391754 0.6043352 2 P 0
L 0.7391754 0.6200808 0.7391754 0.6358312 2 P 0
L 0.7391754 0.6515769 0.7391754 0.6673273 2 P 0
L 0.7391754 0.6830729 0.7391754 0.6988233 2 P 0
L 0.7391754 0.714569 0.7391754 0.7303194 2 P 0
L 0.7391754 1.0482303 0.7391754 1.0639807 2 P 0
L 0.7391754 1.0797264 0.7391754 1.0954768 2 P 0
L 0.7391754 1.1112225 0.7391754 1.1269729 2 P 0
L 0.7391754 1.1427185 0.7391754 1.1584689 2 P 0
L 0.7391754 1.1742146 0.7391754 1.189965 2 P 0
L 0.7391754 1.2057107 0.7391754 1.2214611 2 P 0
L 0.7391754 1.2372067 0.7391754 1.2529571 2 P 0
L 0.7391754 1.2687028 0.7391754 1.2844532 2 P 0
L 0.7391754 1.3001988 0.7391754 1.3159492 2 P 0
L 0.7391754 1.3316949 0.7391754 1.3474453 2 P 0
L 0.7472412 2.9114124 0.7472412 2.9350348 1 P 0
L 0.7472412 2.9114124 0.7881884 2.9114124 1 P 0
L 0.7472412 2.9350348 0.7881884 2.9350348 1 P 0
L 0.7509885 0.4311044 0.7509885 0.4468548 2 P 0
L 0.7509885 0.4311044 0.7588605 0.4311044 2 P 0
L 0.7509885 0.4468548 0.7588605 0.4468548 2 P 0
L 0.7509885 0.4626005 0.7509885 0.4783509 2 P 0
L 0.7509885 0.4626005 0.7588605 0.4626005 2 P 0
L 0.7509885 0.4783509 0.7588605 0.4783509 2 P 0
L 0.7509885 0.4940966 0.7509885 0.509847 2 P 0
L 0.7509885 0.4940966 0.7588605 0.4940966 2 P 0
L 0.7509885 0.509847 0.7588605 0.509847 2 P 0
L 0.7509885 0.5255926 0.7509885 0.541343 2 P 0
L 0.7509885 0.5255926 0.7588605 0.5255926 2 P 0
L 0.7509885 0.541343 0.7588605 0.541343 2 P 0
L 0.7509885 0.5570887 0.7509885 0.5728391 2 P 0
L 0.7509885 0.5570887 0.7588605 0.5570887 2 P 0
L 0.7509885 0.5728391 0.7588605 0.5728391 2 P 0
L 0.7509885 0.5885848 0.7509885 0.6043352 2 P 0
L 0.7509885 0.5885848 0.7588605 0.5885848 2 P 0
L 0.7509885 0.6043352 0.7588605 0.6043352 2 P 0
L 0.7509885 0.6200808 0.7509885 0.6358312 2 P 0
L 0.7509885 0.6200808 0.7588605 0.6200808 2 P 0
L 0.7509885 0.6358312 0.7588605 0.6358312 2 P 0
L 0.7509885 0.6515769 0.7509885 0.6673273 2 P 0
L 0.7509885 0.6515769 0.7588605 0.6515769 2 P 0
L 0.7509885 0.6673273 0.7588605 0.6673273 2 P 0
L 0.7509885 0.6830729 0.7509885 0.6988233 2 P 0
L 0.7509885 0.6830729 0.7588605 0.6830729 2 P 0
L 0.7509885 0.6988233 0.7588605 0.6988233 2 P 0
L 0.7509885 0.714569 0.7509885 0.7303194 2 P 0
L 0.7509885 0.714569 0.7588605 0.714569 2 P 0
L 0.7509885 0.7303194 0.7588605 0.7303194 2 P 0
L 0.7509885 1.0482303 0.7509885 1.0639807 2 P 0
L 0.7509885 1.0482303 0.7588605 1.0482303 2 P 0
L 0.7509885 1.0639807 0.7588605 1.0639807 2 P 0
L 0.7509885 1.0797264 0.7509885 1.0954768 2 P 0
L 0.7509885 1.0797264 0.7588605 1.0797264 2 P 0
L 0.7509885 1.0954768 0.7588605 1.0954768 2 P 0
L 0.7509885 1.1112225 0.7509885 1.1269729 2 P 0
L 0.7509885 1.1112225 0.7588605 1.1112225 2 P 0
L 0.7509885 1.1269729 0.7588605 1.1269729 2 P 0
L 0.7509885 1.1427185 0.7509885 1.1584689 2 P 0
L 0.7509885 1.1427185 0.7588605 1.1427185 2 P 0
L 0.7509885 1.1584689 0.7588605 1.1584689 2 P 0
L 0.7509885 1.1742146 0.7509885 1.189965 2 P 0
L 0.7509885 1.1742146 0.7588605 1.1742146 2 P 0
L 0.7509885 1.189965 0.7588605 1.189965 2 P 0
L 0.7509885 1.2057107 0.7509885 1.2214611 2 P 0
L 0.7509885 1.2057107 0.7588605 1.2057107 2 P 0
L 0.7509885 1.2214611 0.7588605 1.2214611 2 P 0
L 0.7509885 1.2372067 0.7509885 1.2529571 2 P 0
L 0.7509885 1.2372067 0.7588605 1.2372067 2 P 0
L 0.7509885 1.2529571 0.7588605 1.2529571 2 P 0
L 0.7509885 1.2687028 0.7509885 1.2844532 2 P 0
L 0.7509885 1.2687028 0.7588605 1.2687028 2 P 0
L 0.7509885 1.2844532 0.7588605 1.2844532 2 P 0
L 0.7509885 1.3001988 0.7509885 1.3159492 2 P 0
L 0.7509885 1.3001988 0.7588605 1.3001988 2 P 0
L 0.7509885 1.3159492 0.7588605 1.3159492 2 P 0
L 0.7509885 1.3316949 0.7509885 1.3474453 2 P 0
L 0.7509885 1.3316949 0.7588605 1.3316949 2 P 0
L 0.7509885 1.3474453 0.7588605 1.3474453 2 P 0
L 0.7529484 0.7578785 0.7529484 0.7657505 2 P 0
L 0.7529484 0.7578785 0.7686988 0.7578785 2 P 0
L 0.7529484 0.7657505 0.7686988 0.7657505 2 P 0
L 0.7529484 0.7775635 0.7529484 0.7854355 2 P 0
L 0.7529484 0.7775635 0.7686988 0.7775635 2 P 0
L 0.7529484 0.7854355 0.7686988 0.7854355 2 P 0
L 0.7529484 0.7972485 0.7529484 0.8051205 2 P 0
L 0.7529484 0.7972485 0.7686988 0.7972485 2 P 0
L 0.7529484 0.8051205 0.7686988 0.8051205 2 P 0
L 0.7529484 0.8169336 0.7529484 0.8248056 2 P 0
L 0.7529484 0.8169336 0.7686988 0.8169336 2 P 0
L 0.7529484 0.8248056 0.7686988 0.8248056 2 P 0
L 0.7529485 0.8366186 0.7529485 0.8444906 2 P 0
L 0.7529485 0.8366186 0.7686989 0.8366186 2 P 0
L 0.7529485 0.8444906 0.7686989 0.8444906 2 P 0
L 0.7529485 0.8563036 0.7529485 0.8641756 2 P 0
L 0.7529485 0.8563036 0.7686989 0.8563036 2 P 0
L 0.7529485 0.8641756 0.7686989 0.8641756 2 P 0
L 0.7529485 0.8759886 0.7529485 0.8838606 2 P 0
L 0.7529485 0.8759886 0.7686989 0.8759886 2 P 0
L 0.7529485 0.8838606 0.7686989 0.8838606 2 P 0
L 0.7529485 0.8956737 0.7529485 0.9035457 2 P 0
L 0.7529485 0.8956737 0.7686989 0.8956737 2 P 0
L 0.7529485 0.9035457 0.7686989 0.9035457 2 P 0
L 0.7529485 0.9153587 0.7529485 0.9232307 2 P 0
L 0.7529485 0.9153587 0.7686989 0.9153587 2 P 0
L 0.7529485 0.9232307 0.7686989 0.9232307 2 P 0
L 0.7529485 0.9350438 0.7529485 0.9429158 2 P 0
L 0.7529485 0.9350438 0.7686989 0.9350438 2 P 0
L 0.7529485 0.9429158 0.7686989 0.9429158 2 P 0
L 0.7529485 0.9547288 0.7529485 0.9626008 2 P 0
L 0.7529485 0.9547288 0.7686989 0.9547288 2 P 0
L 0.7529485 0.9626008 0.7686989 0.9626008 2 P 0
L 0.7529485 0.9744138 0.7529485 0.9822858 2 P 0
L 0.7529485 0.9744138 0.7686989 0.9744138 2 P 0
L 0.7529485 0.9822858 0.7686989 0.9822858 2 P 0
L 0.7529485 0.9940989 0.7529485 1.0019709 2 P 0
L 0.7529485 0.9940989 0.7686989 0.9940989 2 P 0
L 0.7529485 1.0019709 0.7686989 1.0019709 2 P 0
L 0.7529485 1.0137839 0.7529485 1.0216559 2 P 0
L 0.7529485 1.0137839 0.7686989 1.0137839 2 P 0
L 0.7529485 1.0216559 0.7686989 1.0216559 2 P 0
L 0.7588605 0.4311044 0.7588605 0.4468548 2 P 0
L 0.7588605 0.4626005 0.7588605 0.4783509 2 P 0
L 0.7588605 0.4940966 0.7588605 0.509847 2 P 0
L 0.7588605 0.5255926 0.7588605 0.541343 2 P 0
L 0.7588605 0.5570887 0.7588605 0.5728391 2 P 0
L 0.7588605 0.5885848 0.7588605 0.6043352 2 P 0
L 0.7588605 0.6200808 0.7588605 0.6358312 2 P 0
L 0.7588605 0.6515769 0.7588605 0.6673273 2 P 0
L 0.7588605 0.6830729 0.7588605 0.6988233 2 P 0
L 0.7588605 0.714569 0.7588605 0.7303194 2 P 0
L 0.7588605 1.0482303 0.7588605 1.0639807 2 P 0
L 0.7588605 1.0797264 0.7588605 1.0954768 2 P 0
L 0.7588605 1.1112225 0.7588605 1.1269729 2 P 0
L 0.7588605 1.1427185 0.7588605 1.1584689 2 P 0
L 0.7588605 1.1742146 0.7588605 1.189965 2 P 0
L 0.7588605 1.2057107 0.7588605 1.2214611 2 P 0
L 0.7588605 1.2372067 0.7588605 1.2529571 2 P 0
L 0.7588605 1.2687028 0.7588605 1.2844532 2 P 0
L 0.7588605 1.3001988 0.7588605 1.3159492 2 P 0
L 0.7588605 1.3316949 0.7588605 1.3474453 2 P 0
L 0.7686988 0.7578785 0.7686988 0.7657505 2 P 0
L 0.7686988 0.7775635 0.7686988 0.7854355 2 P 0
L 0.7686988 0.7972485 0.7686988 0.8051205 2 P 0
L 0.7686988 0.8169336 0.7686988 0.8248056 2 P 0
L 0.7686989 0.8366186 0.7686989 0.8444906 2 P 0
L 0.7686989 0.8563036 0.7686989 0.8641756 2 P 0
L 0.7686989 0.8759886 0.7686989 0.8838606 2 P 0
L 0.7686989 0.8956737 0.7686989 0.9035457 2 P 0
L 0.7686989 0.9153587 0.7686989 0.9232307 2 P 0
L 0.7686989 0.9350438 0.7686989 0.9429158 2 P 0
L 0.7686989 0.9547288 0.7686989 0.9626008 2 P 0
L 0.7686989 0.9744138 0.7686989 0.9822858 2 P 0
L 0.7686989 0.9940989 0.7686989 1.0019709 2 P 0
L 0.7686989 1.0137839 0.7686989 1.0216559 2 P 0
L 0.7706735 0.4311044 0.7706735 0.4468548 2 P 0
L 0.7706735 0.4311044 0.7785455 0.4311044 2 P 0
L 0.7706735 0.4468548 0.7785455 0.4468548 2 P 0
L 0.7706735 0.4626005 0.7706735 0.4783509 2 P 0
L 0.7706735 0.4626005 0.7785455 0.4626005 2 P 0
L 0.7706735 0.4783509 0.7785455 0.4783509 2 P 0
L 0.7706735 0.4940966 0.7706735 0.509847 2 P 0
L 0.7706735 0.4940966 0.7785455 0.4940966 2 P 0
L 0.7706735 0.509847 0.7785455 0.509847 2 P 0
L 0.7706735 0.5255926 0.7706735 0.541343 2 P 0
L 0.7706735 0.5255926 0.7785455 0.5255926 2 P 0
L 0.7706735 0.541343 0.7785455 0.541343 2 P 0
L 0.7706735 0.5570887 0.7706735 0.5728391 2 P 0
L 0.7706735 0.5570887 0.7785455 0.5570887 2 P 0
L 0.7706735 0.5728391 0.7785455 0.5728391 2 P 0
L 0.7706735 0.5885848 0.7706735 0.6043352 2 P 0
L 0.7706735 0.5885848 0.7785455 0.5885848 2 P 0
L 0.7706735 0.6043352 0.7785455 0.6043352 2 P 0
L 0.7706735 0.6200808 0.7706735 0.6358312 2 P 0
L 0.7706735 0.6200808 0.7785455 0.6200808 2 P 0
L 0.7706735 0.6358312 0.7785455 0.6358312 2 P 0
L 0.7706735 0.6515769 0.7706735 0.6673273 2 P 0
L 0.7706735 0.6515769 0.7785455 0.6515769 2 P 0
L 0.7706735 0.6673273 0.7785455 0.6673273 2 P 0
L 0.7706735 0.6830729 0.7706735 0.6988233 2 P 0
L 0.7706735 0.6830729 0.7785455 0.6830729 2 P 0
L 0.7706735 0.6988233 0.7785455 0.6988233 2 P 0
L 0.7706735 0.714569 0.7706735 0.7303194 2 P 0
L 0.7706735 0.714569 0.7785455 0.714569 2 P 0
L 0.7706735 0.7303194 0.7785455 0.7303194 2 P 0
L 0.7706735 1.0482303 0.7706735 1.0639807 2 P 0
L 0.7706735 1.0482303 0.7785455 1.0482303 2 P 0
L 0.7706735 1.0639807 0.7785455 1.0639807 2 P 0
L 0.7706735 1.0797264 0.7706735 1.0954768 2 P 0
L 0.7706735 1.0797264 0.7785455 1.0797264 2 P 0
L 0.7706735 1.0954768 0.7785455 1.0954768 2 P 0
L 0.7706735 1.1112225 0.7706735 1.1269729 2 P 0
L 0.7706735 1.1112225 0.7785455 1.1112225 2 P 0
L 0.7706735 1.1269729 0.7785455 1.1269729 2 P 0
L 0.7706735 1.1427185 0.7706735 1.1584689 2 P 0
L 0.7706735 1.1427185 0.7785455 1.1427185 2 P 0
L 0.7706735 1.1584689 0.7785455 1.1584689 2 P 0
L 0.7706735 1.1742146 0.7706735 1.189965 2 P 0
L 0.7706735 1.1742146 0.7785455 1.1742146 2 P 0
L 0.7706735 1.189965 0.7785455 1.189965 2 P 0
L 0.7706735 1.2057107 0.7706735 1.2214611 2 P 0
L 0.7706735 1.2057107 0.7785455 1.2057107 2 P 0
L 0.7706735 1.2214611 0.7785455 1.2214611 2 P 0
L 0.7706735 1.2372067 0.7706735 1.2529571 2 P 0
L 0.7706735 1.2372067 0.7785455 1.2372067 2 P 0
L 0.7706735 1.2529571 0.7785455 1.2529571 2 P 0
L 0.7706735 1.2687028 0.7706735 1.2844532 2 P 0
L 0.7706735 1.2687028 0.7785455 1.2687028 2 P 0
L 0.7706735 1.2844532 0.7785455 1.2844532 2 P 0
L 0.7706735 1.3001988 0.7706735 1.3159492 2 P 0
L 0.7706735 1.3001988 0.7785455 1.3001988 2 P 0
L 0.7706735 1.3159492 0.7785455 1.3159492 2 P 0
L 0.7706735 1.3316949 0.7706735 1.3474453 2 P 0
L 0.7706735 1.3316949 0.7785455 1.3316949 2 P 0
L 0.7706735 1.3474453 0.7785455 1.3474453 2 P 0
L 0.7785455 0.4311044 0.7785455 0.4468548 2 P 0
L 0.7785455 0.4626005 0.7785455 0.4783509 2 P 0
L 0.7785455 0.4940966 0.7785455 0.509847 2 P 0
L 0.7785455 0.5255926 0.7785455 0.541343 2 P 0
L 0.7785455 0.5570887 0.7785455 0.5728391 2 P 0
L 0.7785455 0.5885848 0.7785455 0.6043352 2 P 0
L 0.7785455 0.6200808 0.7785455 0.6358312 2 P 0
L 0.7785455 0.6515769 0.7785455 0.6673273 2 P 0
L 0.7785455 0.6830729 0.7785455 0.6988233 2 P 0
L 0.7785455 0.714569 0.7785455 0.7303194 2 P 0
L 0.7785455 1.0482303 0.7785455 1.0639807 2 P 0
L 0.7785455 1.0797264 0.7785455 1.0954768 2 P 0
L 0.7785455 1.1112225 0.7785455 1.1269729 2 P 0
L 0.7785455 1.1427185 0.7785455 1.1584689 2 P 0
L 0.7785455 1.1742146 0.7785455 1.189965 2 P 0
L 0.7785455 1.2057107 0.7785455 1.2214611 2 P 0
L 0.7785455 1.2372067 0.7785455 1.2529571 2 P 0
L 0.7785455 1.2687028 0.7785455 1.2844532 2 P 0
L 0.7785455 1.3001988 0.7785455 1.3159492 2 P 0
L 0.7785455 1.3316949 0.7785455 1.3474453 2 P 0
L 0.7844445 0.7578785 0.7844445 0.7657505 2 P 0
L 0.7844445 0.7578785 0.8001949 0.7578785 2 P 0
L 0.7844445 0.7657505 0.8001949 0.7657505 2 P 0
L 0.7844445 0.7775635 0.7844445 0.7854355 2 P 0
L 0.7844445 0.7775635 0.8001949 0.7775635 2 P 0
L 0.7844445 0.7854355 0.8001949 0.7854355 2 P 0
L 0.7844445 0.7972485 0.7844445 0.8051205 2 P 0
L 0.7844445 0.7972485 0.8001949 0.7972485 2 P 0
L 0.7844445 0.8051205 0.8001949 0.8051205 2 P 0
L 0.7844445 0.8169336 0.7844445 0.8248056 2 P 0
L 0.7844445 0.8169336 0.8001949 0.8169336 2 P 0
L 0.7844445 0.8248056 0.8001949 0.8248056 2 P 0
L 0.7844446 0.8366186 0.7844446 0.8444906 2 P 0
L 0.7844446 0.8366186 0.800195 0.8366186 2 P 0
L 0.7844446 0.8444906 0.800195 0.8444906 2 P 0
L 0.7844446 0.8563036 0.7844446 0.8641756 2 P 0
L 0.7844446 0.8563036 0.800195 0.8563036 2 P 0
L 0.7844446 0.8641756 0.800195 0.8641756 2 P 0
L 0.7844446 0.8759886 0.7844446 0.8838606 2 P 0
L 0.7844446 0.8759886 0.800195 0.8759886 2 P 0
L 0.7844446 0.8838606 0.800195 0.8838606 2 P 0
L 0.7844446 0.8956737 0.7844446 0.9035457 2 P 0
L 0.7844446 0.8956737 0.800195 0.8956737 2 P 0
L 0.7844446 0.9035457 0.800195 0.9035457 2 P 0
L 0.7844446 0.9153587 0.7844446 0.9232307 2 P 0
L 0.7844446 0.9153587 0.800195 0.9153587 2 P 0
L 0.7844446 0.9232307 0.800195 0.9232307 2 P 0
L 0.7844446 0.9350438 0.7844446 0.9429158 2 P 0
L 0.7844446 0.9350438 0.800195 0.9350438 2 P 0
L 0.7844446 0.9429158 0.800195 0.9429158 2 P 0
L 0.7844446 0.9547288 0.7844446 0.9626008 2 P 0
L 0.7844446 0.9547288 0.800195 0.9547288 2 P 0
L 0.7844446 0.9626008 0.800195 0.9626008 2 P 0
L 0.7844446 0.9744138 0.7844446 0.9822858 2 P 0
L 0.7844446 0.9744138 0.800195 0.9744138 2 P 0
L 0.7844446 0.9822858 0.800195 0.9822858 2 P 0
L 0.7844446 0.9940989 0.7844446 1.0019709 2 P 0
L 0.7844446 0.9940989 0.800195 0.9940989 2 P 0
L 0.7844446 1.0019709 0.800195 1.0019709 2 P 0
L 0.7844446 1.0137839 0.7844446 1.0216559 2 P 0
L 0.7844446 1.0137839 0.800195 1.0137839 2 P 0
L 0.7844446 1.0216559 0.800195 1.0216559 2 P 0
L 0.7881884 2.9114124 0.7881884 2.9350348 1 P 0
L 0.7952812 2.0118195 0.7952812 2.0433139 1 P 0
L 0.7952812 2.0118195 0.8582764 2.0118195 1 P 0
L 0.7952812 2.0433139 0.8582764 2.0433139 1 P 0
L 0.8001949 0.7578785 0.8001949 0.7657505 2 P 0
L 0.8001949 0.7775635 0.8001949 0.7854355 2 P 0
L 0.8001949 0.7972485 0.8001949 0.8051205 2 P 0
L 0.8001949 0.8169336 0.8001949 0.8248056 2 P 0
L 0.800195 0.8366186 0.800195 0.8444906 2 P 0
L 0.800195 0.8563036 0.800195 0.8641756 2 P 0
L 0.800195 0.8759886 0.800195 0.8838606 2 P 0
L 0.800195 0.8956737 0.800195 0.9035457 2 P 0
L 0.800195 0.9153587 0.800195 0.9232307 2 P 0
L 0.800195 0.9350438 0.800195 0.9429158 2 P 0
L 0.800195 0.9547288 0.800195 0.9626008 2 P 0
L 0.800195 0.9744138 0.800195 0.9822858 2 P 0
L 0.800195 0.9940989 0.800195 1.0019709 2 P 0
L 0.800195 1.0137839 0.800195 1.0216559 2 P 0
L 0.8051224 0.4311044 0.8051224 0.4468548 2 P 0
L 0.8051224 0.4311044 0.8129944 0.4311044 2 P 0
L 0.8051224 0.4468548 0.8129944 0.4468548 2 P 0
L 0.8051224 0.4626005 0.8051224 0.4783509 2 P 0
L 0.8051224 0.4626005 0.8129944 0.4626005 2 P 0
L 0.8051224 0.4783509 0.8129944 0.4783509 2 P 0
L 0.8051224 0.4940966 0.8051224 0.509847 2 P 0
L 0.8051224 0.4940966 0.8129944 0.4940966 2 P 0
L 0.8051224 0.509847 0.8129944 0.509847 2 P 0
L 0.8051224 0.5255926 0.8051224 0.541343 2 P 0
L 0.8051224 0.5255926 0.8129944 0.5255926 2 P 0
L 0.8051224 0.541343 0.8129944 0.541343 2 P 0
L 0.8051224 0.5570887 0.8051224 0.5728391 2 P 0
L 0.8051224 0.5570887 0.8129944 0.5570887 2 P 0
L 0.8051224 0.5728391 0.8129944 0.5728391 2 P 0
L 0.8051224 0.5885848 0.8051224 0.6043352 2 P 0
L 0.8051224 0.5885848 0.8129944 0.5885848 2 P 0
L 0.8051224 0.6043352 0.8129944 0.6043352 2 P 0
L 0.8051224 0.6200808 0.8051224 0.6358312 2 P 0
L 0.8051224 0.6200808 0.8129944 0.6200808 2 P 0
L 0.8051224 0.6358312 0.8129944 0.6358312 2 P 0
L 0.8051224 0.6515769 0.8051224 0.6673273 2 P 0
L 0.8051224 0.6515769 0.8129944 0.6515769 2 P 0
L 0.8051224 0.6673273 0.8129944 0.6673273 2 P 0
L 0.8051224 0.6830729 0.8051224 0.6988233 2 P 0
L 0.8051224 0.6830729 0.8129944 0.6830729 2 P 0
L 0.8051224 0.6988233 0.8129944 0.6988233 2 P 0
L 0.8051224 0.714569 0.8051224 0.7303194 2 P 0
L 0.8051224 0.714569 0.8129944 0.714569 2 P 0
L 0.8051224 0.7303194 0.8129944 0.7303194 2 P 0
L 0.8051224 1.0482303 0.8051224 1.0639807 2 P 0
L 0.8051224 1.0482303 0.8129944 1.0482303 2 P 0
L 0.8051224 1.0639807 0.8129944 1.0639807 2 P 0
L 0.8051224 1.0797264 0.8051224 1.0954768 2 P 0
L 0.8051224 1.0797264 0.8129944 1.0797264 2 P 0
L 0.8051224 1.0954768 0.8129944 1.0954768 2 P 0
L 0.8051224 1.1112225 0.8051224 1.1269729 2 P 0
L 0.8051224 1.1112225 0.8129944 1.1112225 2 P 0
L 0.8051224 1.1269729 0.8129944 1.1269729 2 P 0
L 0.8051224 1.1427185 0.8051224 1.1584689 2 P 0
L 0.8051224 1.1427185 0.8129944 1.1427185 2 P 0
L 0.8051224 1.1584689 0.8129944 1.1584689 2 P 0
L 0.8051224 1.1742146 0.8051224 1.189965 2 P 0
L 0.8051224 1.1742146 0.8129944 1.1742146 2 P 0
L 0.8051224 1.189965 0.8129944 1.189965 2 P 0
L 0.8051224 1.2057107 0.8051224 1.2214611 2 P 0
L 0.8051224 1.2057107 0.8129944 1.2057107 2 P 0
L 0.8051224 1.2214611 0.8129944 1.2214611 2 P 0
L 0.8051224 1.2372067 0.8051224 1.2529571 2 P 0
L 0.8051224 1.2372067 0.8129944 1.2372067 2 P 0
L 0.8051224 1.2529571 0.8129944 1.2529571 2 P 0
L 0.8051224 1.2687028 0.8051224 1.2844532 2 P 0
L 0.8051224 1.2687028 0.8129944 1.2687028 2 P 0
L 0.8051224 1.2844532 0.8129944 1.2844532 2 P 0
L 0.8051224 1.3001988 0.8051224 1.3159492 2 P 0
L 0.8051224 1.3001988 0.8129944 1.3001988 2 P 0
L 0.8051224 1.3159492 0.8129944 1.3159492 2 P 0
L 0.8051224 1.3316949 0.8051224 1.3474453 2 P 0
L 0.8051224 1.3316949 0.8129944 1.3316949 2 P 0
L 0.8051224 1.3474453 0.8129944 1.3474453 2 P 0
L 0.8129944 0.4311044 0.8129944 0.4468548 2 P 0
L 0.8129944 0.4626005 0.8129944 0.4783509 2 P 0
L 0.8129944 0.4940966 0.8129944 0.509847 2 P 0
L 0.8129944 0.5255926 0.8129944 0.541343 2 P 0
L 0.8129944 0.5570887 0.8129944 0.5728391 2 P 0
L 0.8129944 0.5885848 0.8129944 0.6043352 2 P 0
L 0.8129944 0.6200808 0.8129944 0.6358312 2 P 0
L 0.8129944 0.6515769 0.8129944 0.6673273 2 P 0
L 0.8129944 0.6830729 0.8129944 0.6988233 2 P 0
L 0.8129944 0.714569 0.8129944 0.7303194 2 P 0
L 0.8129944 1.0482303 0.8129944 1.0639807 2 P 0
L 0.8129944 1.0797264 0.8129944 1.0954768 2 P 0
L 0.8129944 1.1112225 0.8129944 1.1269729 2 P 0
L 0.8129944 1.1427185 0.8129944 1.1584689 2 P 0
L 0.8129944 1.1742146 0.8129944 1.189965 2 P 0
L 0.8129944 1.2057107 0.8129944 1.2214611 2 P 0
L 0.8129944 1.2372067 0.8129944 1.2529571 2 P 0
L 0.8129944 1.2687028 0.8129944 1.2844532 2 P 0
L 0.8129944 1.3001988 0.8129944 1.3159492 2 P 0
L 0.8129944 1.3316949 0.8129944 1.3474453 2 P 0
L 0.8159405 0.7578785 0.8159405 0.7657505 2 P 0
L 0.8159405 0.7578785 0.8316909 0.7578785 2 P 0
L 0.8159405 0.7657505 0.8316909 0.7657505 2 P 0
L 0.8159405 0.7775635 0.8159405 0.7854355 2 P 0
L 0.8159405 0.7775635 0.8316909 0.7775635 2 P 0
L 0.8159405 0.7854355 0.8316909 0.7854355 2 P 0
L 0.8159405 0.7972485 0.8159405 0.8051205 2 P 0
L 0.8159405 0.7972485 0.8316909 0.7972485 2 P 0
L 0.8159405 0.8051205 0.8316909 0.8051205 2 P 0
L 0.8159405 0.8169336 0.8159405 0.8248056 2 P 0
L 0.8159405 0.8169336 0.8316909 0.8169336 2 P 0
L 0.8159405 0.8248056 0.8316909 0.8248056 2 P 0
L 0.8159406 0.8366186 0.8159406 0.8444906 2 P 0
L 0.8159406 0.8366186 0.831691 0.8366186 2 P 0
L 0.8159406 0.8444906 0.831691 0.8444906 2 P 0
L 0.8159406 0.8563036 0.8159406 0.8641756 2 P 0
L 0.8159406 0.8563036 0.831691 0.8563036 2 P 0
L 0.8159406 0.8641756 0.831691 0.8641756 2 P 0
L 0.8159406 0.8759886 0.8159406 0.8838606 2 P 0
L 0.8159406 0.8759886 0.831691 0.8759886 2 P 0
L 0.8159406 0.8838606 0.831691 0.8838606 2 P 0
L 0.8159406 0.8956737 0.8159406 0.9035457 2 P 0
L 0.8159406 0.8956737 0.831691 0.8956737 2 P 0
L 0.8159406 0.9035457 0.831691 0.9035457 2 P 0
L 0.8159406 0.9153587 0.8159406 0.9232307 2 P 0
L 0.8159406 0.9153587 0.831691 0.9153587 2 P 0
L 0.8159406 0.9232307 0.831691 0.9232307 2 P 0
L 0.8159406 0.9350438 0.8159406 0.9429158 2 P 0
L 0.8159406 0.9350438 0.831691 0.9350438 2 P 0
L 0.8159406 0.9429158 0.831691 0.9429158 2 P 0
L 0.8159406 0.9547288 0.8159406 0.9626008 2 P 0
L 0.8159406 0.9547288 0.831691 0.9547288 2 P 0
L 0.8159406 0.9626008 0.831691 0.9626008 2 P 0
L 0.8159406 0.9744138 0.8159406 0.9822858 2 P 0
L 0.8159406 0.9744138 0.831691 0.9744138 2 P 0
L 0.8159406 0.9822858 0.831691 0.9822858 2 P 0
L 0.8159406 0.9940989 0.8159406 1.0019709 2 P 0
L 0.8159406 0.9940989 0.831691 0.9940989 2 P 0
L 0.8159406 1.0019709 0.831691 1.0019709 2 P 0
L 0.8159406 1.0137839 0.8159406 1.0216559 2 P 0
L 0.8159406 1.0137839 0.831691 1.0137839 2 P 0
L 0.8159406 1.0216559 0.831691 1.0216559 2 P 0
L 0.8248074 0.4311044 0.8248074 0.4468548 2 P 0
L 0.8248074 0.4311044 0.8326794 0.4311044 2 P 0
L 0.8248074 0.4468548 0.8326794 0.4468548 2 P 0
L 0.8248074 0.4626005 0.8248074 0.4783509 2 P 0
L 0.8248074 0.4626005 0.8326794 0.4626005 2 P 0
L 0.8248074 0.4783509 0.8326794 0.4783509 2 P 0
L 0.8248074 0.4940966 0.8248074 0.509847 2 P 0
L 0.8248074 0.4940966 0.8326794 0.4940966 2 P 0
L 0.8248074 0.509847 0.8326794 0.509847 2 P 0
L 0.8248074 0.5255926 0.8248074 0.541343 2 P 0
L 0.8248074 0.5255926 0.8326794 0.5255926 2 P 0
L 0.8248074 0.541343 0.8326794 0.541343 2 P 0
L 0.8248074 0.5570887 0.8248074 0.5728391 2 P 0
L 0.8248074 0.5570887 0.8326794 0.5570887 2 P 0
L 0.8248074 0.5728391 0.8326794 0.5728391 2 P 0
L 0.8248074 0.5885848 0.8248074 0.6043352 2 P 0
L 0.8248074 0.5885848 0.8326794 0.5885848 2 P 0
L 0.8248074 0.6043352 0.8326794 0.6043352 2 P 0
L 0.8248074 0.6200808 0.8248074 0.6358312 2 P 0
L 0.8248074 0.6200808 0.8326794 0.6200808 2 P 0
L 0.8248074 0.6358312 0.8326794 0.6358312 2 P 0
L 0.8248074 0.6515769 0.8248074 0.6673273 2 P 0
L 0.8248074 0.6515769 0.8326794 0.6515769 2 P 0
L 0.8248074 0.6673273 0.8326794 0.6673273 2 P 0
L 0.8248074 0.6830729 0.8248074 0.6988233 2 P 0
L 0.8248074 0.6830729 0.8326794 0.6830729 2 P 0
L 0.8248074 0.6988233 0.8326794 0.6988233 2 P 0
L 0.8248074 0.714569 0.8248074 0.7303194 2 P 0
L 0.8248074 0.714569 0.8326794 0.714569 2 P 0
L 0.8248074 0.7303194 0.8326794 0.7303194 2 P 0
L 0.8248074 1.0482303 0.8248074 1.0639807 2 P 0
L 0.8248074 1.0482303 0.8326794 1.0482303 2 P 0
L 0.8248074 1.0639807 0.8326794 1.0639807 2 P 0
L 0.8248074 1.0797264 0.8248074 1.0954768 2 P 0
L 0.8248074 1.0797264 0.8326794 1.0797264 2 P 0
L 0.8248074 1.0954768 0.8326794 1.0954768 2 P 0
L 0.8248074 1.1112225 0.8248074 1.1269729 2 P 0
L 0.8248074 1.1112225 0.8326794 1.1112225 2 P 0
L 0.8248074 1.1269729 0.8326794 1.1269729 2 P 0
L 0.8248074 1.1427185 0.8248074 1.1584689 2 P 0
L 0.8248074 1.1427185 0.8326794 1.1427185 2 P 0
L 0.8248074 1.1584689 0.8326794 1.1584689 2 P 0
L 0.8248074 1.1742146 0.8248074 1.189965 2 P 0
L 0.8248074 1.1742146 0.8326794 1.1742146 2 P 0
L 0.8248074 1.189965 0.8326794 1.189965 2 P 0
L 0.8248074 1.2057107 0.8248074 1.2214611 2 P 0
L 0.8248074 1.2057107 0.8326794 1.2057107 2 P 0
L 0.8248074 1.2214611 0.8326794 1.2214611 2 P 0
L 0.8248074 1.2372067 0.8248074 1.2529571 2 P 0
L 0.8248074 1.2372067 0.8326794 1.2372067 2 P 0
L 0.8248074 1.2529571 0.8326794 1.2529571 2 P 0
L 0.8248074 1.2687028 0.8248074 1.2844532 2 P 0
L 0.8248074 1.2687028 0.8326794 1.2687028 2 P 0
L 0.8248074 1.2844532 0.8326794 1.2844532 2 P 0
L 0.8248074 1.3001988 0.8248074 1.3159492 2 P 0
L 0.8248074 1.3001988 0.8326794 1.3001988 2 P 0
L 0.8248074 1.3159492 0.8326794 1.3159492 2 P 0
L 0.8248074 1.3316949 0.8248074 1.3474453 2 P 0
L 0.8248074 1.3316949 0.8326794 1.3316949 2 P 0
L 0.8248074 1.3474453 0.8326794 1.3474453 2 P 0
L 0.8316909 0.7578785 0.8316909 0.7657505 2 P 0
L 0.8316909 0.7775635 0.8316909 0.7854355 2 P 0
L 0.8316909 0.7972485 0.8316909 0.8051205 2 P 0
L 0.8316909 0.8169336 0.8316909 0.8248056 2 P 0
L 0.831691 0.8366186 0.831691 0.8444906 2 P 0
L 0.831691 0.8563036 0.831691 0.8641756 2 P 0
L 0.831691 0.8759886 0.831691 0.8838606 2 P 0
L 0.831691 0.8956737 0.831691 0.9035457 2 P 0
L 0.831691 0.9153587 0.831691 0.9232307 2 P 0
L 0.831691 0.9350438 0.831691 0.9429158 2 P 0
L 0.831691 0.9547288 0.831691 0.9626008 2 P 0
L 0.831691 0.9744138 0.831691 0.9822858 2 P 0
L 0.831691 0.9940989 0.831691 1.0019709 2 P 0
L 0.831691 1.0137839 0.831691 1.0216559 2 P 0
L 0.8326794 0.4311044 0.8326794 0.4468548 2 P 0
L 0.8326794 0.4626005 0.8326794 0.4783509 2 P 0
L 0.8326794 0.4940966 0.8326794 0.509847 2 P 0
L 0.8326794 0.5255926 0.8326794 0.541343 2 P 0
L 0.8326794 0.5570887 0.8326794 0.5728391 2 P 0
L 0.8326794 0.5885848 0.8326794 0.6043352 2 P 0
L 0.8326794 0.6200808 0.8326794 0.6358312 2 P 0
L 0.8326794 0.6515769 0.8326794 0.6673273 2 P 0
L 0.8326794 0.6830729 0.8326794 0.6988233 2 P 0
L 0.8326794 0.714569 0.8326794 0.7303194 2 P 0
L 0.8326794 1.0482303 0.8326794 1.0639807 2 P 0
L 0.8326794 1.0797264 0.8326794 1.0954768 2 P 0
L 0.8326794 1.1112225 0.8326794 1.1269729 2 P 0
L 0.8326794 1.1427185 0.8326794 1.1584689 2 P 0
L 0.8326794 1.1742146 0.8326794 1.189965 2 P 0
L 0.8326794 1.2057107 0.8326794 1.2214611 2 P 0
L 0.8326794 1.2372067 0.8326794 1.2529571 2 P 0
L 0.8326794 1.2687028 0.8326794 1.2844532 2 P 0
L 0.8326794 1.3001988 0.8326794 1.3159492 2 P 0
L 0.8326794 1.3316949 0.8326794 1.3474453 2 P 0
L 0.8444924 0.4311044 0.8444924 0.4468548 2 P 0
L 0.8444924 0.4311044 0.8523644 0.4311044 2 P 0
L 0.8444924 0.4468548 0.8523644 0.4468548 2 P 0
L 0.8444924 0.4626005 0.8444924 0.4783509 2 P 0
L 0.8444924 0.4626005 0.8523644 0.4626005 2 P 0
L 0.8444924 0.4783509 0.8523644 0.4783509 2 P 0
L 0.8444924 0.4940966 0.8444924 0.509847 2 P 0
L 0.8444924 0.4940966 0.8523644 0.4940966 2 P 0
L 0.8444924 0.509847 0.8523644 0.509847 2 P 0
L 0.8444924 0.5255926 0.8444924 0.541343 2 P 0
L 0.8444924 0.5255926 0.8523644 0.5255926 2 P 0
L 0.8444924 0.541343 0.8523644 0.541343 2 P 0
L 0.8444924 0.5570887 0.8444924 0.5728391 2 P 0
L 0.8444924 0.5570887 0.8523644 0.5570887 2 P 0
L 0.8444924 0.5728391 0.8523644 0.5728391 2 P 0
L 0.8444924 0.5885848 0.8444924 0.6043352 2 P 0
L 0.8444924 0.5885848 0.8523644 0.5885848 2 P 0
L 0.8444924 0.6043352 0.8523644 0.6043352 2 P 0
L 0.8444924 0.6200808 0.8444924 0.6358312 2 P 0
L 0.8444924 0.6200808 0.8523644 0.6200808 2 P 0
L 0.8444924 0.6358312 0.8523644 0.6358312 2 P 0
L 0.8444924 0.6515769 0.8444924 0.6673273 2 P 0
L 0.8444924 0.6515769 0.8523644 0.6515769 2 P 0
L 0.8444924 0.6673273 0.8523644 0.6673273 2 P 0
L 0.8444924 0.6830729 0.8444924 0.6988233 2 P 0
L 0.8444924 0.6830729 0.8523644 0.6830729 2 P 0
L 0.8444924 0.6988233 0.8523644 0.6988233 2 P 0
L 0.8444924 0.714569 0.8444924 0.7303194 2 P 0
L 0.8444924 0.714569 0.8523644 0.714569 2 P 0
L 0.8444924 0.7303194 0.8523644 0.7303194 2 P 0
L 0.8444924 1.0482303 0.8444924 1.0639807 2 P 0
L 0.8444924 1.0482303 0.8523644 1.0482303 2 P 0
L 0.8444924 1.0639807 0.8523644 1.0639807 2 P 0
L 0.8444924 1.0797264 0.8444924 1.0954768 2 P 0
L 0.8444924 1.0797264 0.8523644 1.0797264 2 P 0
L 0.8444924 1.0954768 0.8523644 1.0954768 2 P 0
L 0.8444924 1.1112225 0.8444924 1.1269729 2 P 0
L 0.8444924 1.1112225 0.8523644 1.1112225 2 P 0
L 0.8444924 1.1269729 0.8523644 1.1269729 2 P 0
L 0.8444924 1.1427185 0.8444924 1.1584689 2 P 0
L 0.8444924 1.1427185 0.8523644 1.1427185 2 P 0
L 0.8444924 1.1584689 0.8523644 1.1584689 2 P 0
L 0.8444924 1.1742146 0.8444924 1.189965 2 P 0
L 0.8444924 1.1742146 0.8523644 1.1742146 2 P 0
L 0.8444924 1.189965 0.8523644 1.189965 2 P 0
L 0.8444924 1.2057107 0.8444924 1.2214611 2 P 0
L 0.8444924 1.2057107 0.8523644 1.2057107 2 P 0
L 0.8444924 1.2214611 0.8523644 1.2214611 2 P 0
L 0.8444924 1.2372067 0.8444924 1.2529571 2 P 0
L 0.8444924 1.2372067 0.8523644 1.2372067 2 P 0
L 0.8444924 1.2529571 0.8523644 1.2529571 2 P 0
L 0.8444924 1.2687028 0.8444924 1.2844532 2 P 0
L 0.8444924 1.2687028 0.8523644 1.2687028 2 P 0
L 0.8444924 1.2844532 0.8523644 1.2844532 2 P 0
L 0.8444924 1.3001988 0.8444924 1.3159492 2 P 0
L 0.8444924 1.3001988 0.8523644 1.3001988 2 P 0
L 0.8444924 1.3159492 0.8523644 1.3159492 2 P 0
L 0.8444924 1.3316949 0.8444924 1.3474453 2 P 0
L 0.8444924 1.3316949 0.8523644 1.3316949 2 P 0
L 0.8444924 1.3474453 0.8523644 1.3474453 2 P 0
L 0.8474366 0.7578785 0.8474366 0.7657505 2 P 0
L 0.8474366 0.7578785 0.863187 0.7578785 2 P 0
L 0.8474366 0.7657505 0.863187 0.7657505 2 P 0
L 0.8474366 0.7775635 0.8474366 0.7854355 2 P 0
L 0.8474366 0.7775635 0.863187 0.7775635 2 P 0
L 0.8474366 0.7854355 0.863187 0.7854355 2 P 0
L 0.8474366 0.7972485 0.8474366 0.8051205 2 P 0
L 0.8474366 0.7972485 0.863187 0.7972485 2 P 0
L 0.8474366 0.8051205 0.863187 0.8051205 2 P 0
L 0.8474366 0.8169336 0.8474366 0.8248056 2 P 0
L 0.8474366 0.8169336 0.863187 0.8169336 2 P 0
L 0.8474366 0.8248056 0.863187 0.8248056 2 P 0
L 0.8474367 0.8366186 0.8474367 0.8444906 2 P 0
L 0.8474367 0.8366186 0.8631871 0.8366186 2 P 0
L 0.8474367 0.8444906 0.8631871 0.8444906 2 P 0
L 0.8474367 0.8563036 0.8474367 0.8641756 2 P 0
L 0.8474367 0.8563036 0.8631871 0.8563036 2 P 0
L 0.8474367 0.8641756 0.8631871 0.8641756 2 P 0
L 0.8474367 0.8759886 0.8474367 0.8838606 2 P 0
L 0.8474367 0.8759886 0.8631871 0.8759886 2 P 0
L 0.8474367 0.8838606 0.8631871 0.8838606 2 P 0
L 0.8474367 0.8956737 0.8474367 0.9035457 2 P 0
L 0.8474367 0.8956737 0.8631871 0.8956737 2 P 0
L 0.8474367 0.9035457 0.8631871 0.9035457 2 P 0
L 0.8474367 0.9153587 0.8474367 0.9232307 2 P 0
L 0.8474367 0.9153587 0.8631871 0.9153587 2 P 0
L 0.8474367 0.9232307 0.8631871 0.9232307 2 P 0
L 0.8474367 0.9350438 0.8474367 0.9429158 2 P 0
L 0.8474367 0.9350438 0.8631871 0.9350438 2 P 0
L 0.8474367 0.9429158 0.8631871 0.9429158 2 P 0
L 0.8474367 0.9547288 0.8474367 0.9626008 2 P 0
L 0.8474367 0.9547288 0.8631871 0.9547288 2 P 0
L 0.8474367 0.9626008 0.8631871 0.9626008 2 P 0
L 0.8474367 0.9744138 0.8474367 0.9822858 2 P 0
L 0.8474367 0.9744138 0.8631871 0.9744138 2 P 0
L 0.8474367 0.9822858 0.8631871 0.9822858 2 P 0
L 0.8474367 0.9940989 0.8474367 1.0019709 2 P 0
L 0.8474367 0.9940989 0.8631871 0.9940989 2 P 0
L 0.8474367 1.0019709 0.8631871 1.0019709 2 P 0
L 0.8474367 1.0137839 0.8474367 1.0216559 2 P 0
L 0.8474367 1.0137839 0.8631871 1.0137839 2 P 0
L 0.8474367 1.0216559 0.8631871 1.0216559 2 P 0
L 0.8523644 0.4311044 0.8523644 0.4468548 2 P 0
L 0.8523644 0.4626005 0.8523644 0.4783509 2 P 0
L 0.8523644 0.4940966 0.8523644 0.509847 2 P 0
L 0.8523644 0.5255926 0.8523644 0.541343 2 P 0
L 0.8523644 0.5570887 0.8523644 0.5728391 2 P 0
L 0.8523644 0.5885848 0.8523644 0.6043352 2 P 0
L 0.8523644 0.6200808 0.8523644 0.6358312 2 P 0
L 0.8523644 0.6515769 0.8523644 0.6673273 2 P 0
L 0.8523644 0.6830729 0.8523644 0.6988233 2 P 0
L 0.8523644 0.714569 0.8523644 0.7303194 2 P 0
L 0.8523644 1.0482303 0.8523644 1.0639807 2 P 0
L 0.8523644 1.0797264 0.8523644 1.0954768 2 P 0
L 0.8523644 1.1112225 0.8523644 1.1269729 2 P 0
L 0.8523644 1.1427185 0.8523644 1.1584689 2 P 0
L 0.8523644 1.1742146 0.8523644 1.189965 2 P 0
L 0.8523644 1.2057107 0.8523644 1.2214611 2 P 0
L 0.8523644 1.2372067 0.8523644 1.2529571 2 P 0
L 0.8523644 1.2687028 0.8523644 1.2844532 2 P 0
L 0.8523644 1.3001988 0.8523644 1.3159492 2 P 0
L 0.8523644 1.3316949 0.8523644 1.3474453 2 P 0
L 0.8582633 0.5078719 0.8582633 0.5157439 2 P 0
L 0.8582633 0.5078719 0.8740137 0.5078719 2 P 0
L 0.8582633 0.5157439 0.8740137 0.5157439 2 P 0
L 0.8582633 0.586612 0.8582633 0.594484 2 P 0
L 0.8582633 0.586612 0.8740137 0.586612 2 P 0
L 0.8582633 0.594484 0.8740137 0.594484 2 P 0
L 0.8582633 0.6653522 0.8582633 0.6732242 2 P 0
L 0.8582633 0.6653522 0.8740137 0.6653522 2 P 0
L 0.8582633 0.6732242 0.8740137 0.6732242 2 P 0
L 0.8582633 0.7440924 0.8582633 0.7519644 2 P 0
L 0.8582633 0.7440924 0.8740137 0.7440924 2 P 0
L 0.8582633 0.7519644 0.8740137 0.7519644 2 P 0
L 0.8582697 0.4291381 0.8582697 0.4370101 2 P 0
L 0.8582697 0.4291381 0.8740201 0.4291381 2 P 0
L 0.8582697 0.4370101 0.8740201 0.4370101 2 P 0
L 0.8582764 2.0118195 0.8582764 2.0433139 1 P 0
L 0.8622025 0.8976398 0.8622025 0.9133902 2 P 0
L 0.8622025 0.8976398 0.8700745 0.8976398 2 P 0
L 0.8622025 0.9133902 0.8700745 0.9133902 2 P 0
L 0.8622025 0.968506 0.8622025 0.9842564 2 P 0
L 0.8622025 0.968506 0.8700745 0.968506 2 P 0
L 0.8622025 0.9842564 0.8700745 0.9842564 2 P 0
L 0.8622025 1.0433091 0.8622025 1.0590595 2 P 0
L 0.8622025 1.0433091 0.8700745 1.0433091 2 P 0
L 0.8622025 1.0590595 0.8700745 1.0590595 2 P 0
L 0.8622025 1.1141752 0.8622025 1.1299256 2 P 0
L 0.8622025 1.1141752 0.8700745 1.1141752 2 P 0
L 0.8622025 1.1299256 0.8700745 1.1299256 2 P 0
L 0.863187 0.7578785 0.863187 0.7657505 2 P 0
L 0.863187 0.7775635 0.863187 0.7854355 2 P 0
L 0.863187 0.7972485 0.863187 0.8051205 2 P 0
L 0.863187 0.8169336 0.863187 0.8248056 2 P 0
L 0.8631871 0.8366186 0.8631871 0.8444906 2 P 0
L 0.8631871 0.8563036 0.8631871 0.8641756 2 P 0
L 0.8631871 0.8759886 0.8631871 0.8838606 2 P 0
L 0.8631871 0.8956737 0.8631871 0.9035457 2 P 0
L 0.8631871 0.9153587 0.8631871 0.9232307 2 P 0
L 0.8631871 0.9350438 0.8631871 0.9429158 2 P 0
L 0.8631871 0.9547288 0.8631871 0.9626008 2 P 0
L 0.8631871 0.9744138 0.8631871 0.9822858 2 P 0
L 0.8631871 0.9940989 0.8631871 1.0019709 2 P 0
L 0.8631871 1.0137839 0.8631871 1.0216559 2 P 0
L 0.8641775 0.4311044 0.8641775 0.4468548 2 P 0
L 0.8641775 0.4311044 0.8720495 0.4311044 2 P 0
L 0.8641775 0.4468548 0.8720495 0.4468548 2 P 0
L 0.8641775 0.4626005 0.8641775 0.4783509 2 P 0
L 0.8641775 0.4626005 0.8720495 0.4626005 2 P 0
L 0.8641775 0.4783509 0.8720495 0.4783509 2 P 0
L 0.8641775 0.4940966 0.8641775 0.509847 2 P 0
L 0.8641775 0.4940966 0.8720495 0.4940966 2 P 0
L 0.8641775 0.509847 0.8720495 0.509847 2 P 0
L 0.8641775 0.5255926 0.8641775 0.541343 2 P 0
L 0.8641775 0.5255926 0.8720495 0.5255926 2 P 0
L 0.8641775 0.541343 0.8720495 0.541343 2 P 0
L 0.8641775 0.5570887 0.8641775 0.5728391 2 P 0
L 0.8641775 0.5570887 0.8720495 0.5570887 2 P 0
L 0.8641775 0.5728391 0.8720495 0.5728391 2 P 0
L 0.8641775 0.5885848 0.8641775 0.6043352 2 P 0
L 0.8641775 0.5885848 0.8720495 0.5885848 2 P 0
L 0.8641775 0.6043352 0.8720495 0.6043352 2 P 0
L 0.8641775 0.6200808 0.8641775 0.6358312 2 P 0
L 0.8641775 0.6200808 0.8720495 0.6200808 2 P 0
L 0.8641775 0.6358312 0.8720495 0.6358312 2 P 0
L 0.8641775 0.6515769 0.8641775 0.6673273 2 P 0
L 0.8641775 0.6515769 0.8720495 0.6515769 2 P 0
L 0.8641775 0.6673273 0.8720495 0.6673273 2 P 0
L 0.8641775 0.6830729 0.8641775 0.6988233 2 P 0
L 0.8641775 0.6830729 0.8720495 0.6830729 2 P 0
L 0.8641775 0.6988233 0.8720495 0.6988233 2 P 0
L 0.8641775 0.714569 0.8641775 0.7303194 2 P 0
L 0.8641775 0.714569 0.8720495 0.714569 2 P 0
L 0.8641775 0.7303194 0.8720495 0.7303194 2 P 0
L 0.8641775 1.0482303 0.8641775 1.0639807 2 P 0
L 0.8641775 1.0482303 0.8720495 1.0482303 2 P 0
L 0.8641775 1.0639807 0.8720495 1.0639807 2 P 0
L 0.8641775 1.0797264 0.8641775 1.0954768 2 P 0
L 0.8641775 1.0797264 0.8720495 1.0797264 2 P 0
L 0.8641775 1.0954768 0.8720495 1.0954768 2 P 0
L 0.8641775 1.1112225 0.8641775 1.1269729 2 P 0
L 0.8641775 1.1112225 0.8720495 1.1112225 2 P 0
L 0.8641775 1.1269729 0.8720495 1.1269729 2 P 0
L 0.8641775 1.1427185 0.8641775 1.1584689 2 P 0
L 0.8641775 1.1427185 0.8720495 1.1427185 2 P 0
L 0.8641775 1.1584689 0.8720495 1.1584689 2 P 0
L 0.8641775 1.1742146 0.8641775 1.189965 2 P 0
L 0.8641775 1.1742146 0.8720495 1.1742146 2 P 0
L 0.8641775 1.189965 0.8720495 1.189965 2 P 0
L 0.8641775 1.2057107 0.8641775 1.2214611 2 P 0
L 0.8641775 1.2057107 0.8720495 1.2057107 2 P 0
L 0.8641775 1.2214611 0.8720495 1.2214611 2 P 0
L 0.8641775 1.2372067 0.8641775 1.2529571 2 P 0
L 0.8641775 1.2372067 0.8720495 1.2372067 2 P 0
L 0.8641775 1.2529571 0.8720495 1.2529571 2 P 0
L 0.8641775 1.2687028 0.8641775 1.2844532 2 P 0
L 0.8641775 1.2687028 0.8720495 1.2687028 2 P 0
L 0.8641775 1.2844532 0.8720495 1.2844532 2 P 0
L 0.8641775 1.3001988 0.8641775 1.3159492 2 P 0
L 0.8641775 1.3001988 0.8720495 1.3001988 2 P 0
L 0.8641775 1.3159492 0.8720495 1.3159492 2 P 0
L 0.8641775 1.3316949 0.8641775 1.3474453 2 P 0
L 0.8641775 1.3316949 0.8720495 1.3316949 2 P 0
L 0.8641775 1.3474453 0.8720495 1.3474453 2 P 0
L 0.8700745 0.8976398 0.8700745 0.9133902 2 P 0
L 0.8700745 0.968506 0.8700745 0.9842564 2 P 0
L 0.8700745 1.0433091 0.8700745 1.0590595 2 P 0
L 0.8700745 1.1141752 0.8700745 1.1299256 2 P 0
L 0.8720495 0.4311044 0.8720495 0.4468548 2 P 0
L 0.8720495 0.4626005 0.8720495 0.4783509 2 P 0
L 0.8720495 0.4940966 0.8720495 0.509847 2 P 0
L 0.8720495 0.5255926 0.8720495 0.541343 2 P 0
L 0.8720495 0.5570887 0.8720495 0.5728391 2 P 0
L 0.8720495 0.5885848 0.8720495 0.6043352 2 P 0
L 0.8720495 0.6200808 0.8720495 0.6358312 2 P 0
L 0.8720495 0.6515769 0.8720495 0.6673273 2 P 0
L 0.8720495 0.6830729 0.8720495 0.6988233 2 P 0
L 0.8720495 0.714569 0.8720495 0.7303194 2 P 0
L 0.8720495 1.0482303 0.8720495 1.0639807 2 P 0
L 0.8720495 1.0797264 0.8720495 1.0954768 2 P 0
L 0.8720495 1.1112225 0.8720495 1.1269729 2 P 0
L 0.8720495 1.1427185 0.8720495 1.1584689 2 P 0
L 0.8720495 1.1742146 0.8720495 1.189965 2 P 0
L 0.8720495 1.2057107 0.8720495 1.2214611 2 P 0
L 0.8720495 1.2372067 0.8720495 1.2529571 2 P 0
L 0.8720495 1.2687028 0.8720495 1.2844532 2 P 0
L 0.8720495 1.3001988 0.8720495 1.3159492 2 P 0
L 0.8720495 1.3316949 0.8720495 1.3474453 2 P 0
L 0.8740137 0.5078719 0.8740137 0.5157439 2 P 0
L 0.8740137 0.586612 0.8740137 0.594484 2 P 0
L 0.8740137 0.6653522 0.8740137 0.6732242 2 P 0
L 0.8740137 0.7440924 0.8740137 0.7519644 2 P 0
L 0.8740201 0.4291381 0.8740201 0.4370101 2 P 0
L 0.8789327 0.7578785 0.8789327 0.7657505 2 P 0
L 0.8789327 0.7578785 0.8946831 0.7578785 2 P 0
L 0.8789327 0.7657505 0.8946831 0.7657505 2 P 0
L 0.8789327 0.7775635 0.8789327 0.7854355 2 P 0
L 0.8789327 0.7775635 0.8946831 0.7775635 2 P 0
L 0.8789327 0.7854355 0.8946831 0.7854355 2 P 0
L 0.8789327 0.7972485 0.8789327 0.8051205 2 P 0
L 0.8789327 0.7972485 0.8946831 0.7972485 2 P 0
L 0.8789327 0.8051205 0.8946831 0.8051205 2 P 0
L 0.8789327 0.8169336 0.8789327 0.8248056 2 P 0
L 0.8789327 0.8169336 0.8946831 0.8169336 2 P 0
L 0.8789327 0.8248056 0.8946831 0.8248056 2 P 0
L 0.8789328 0.8366186 0.8789328 0.8444906 2 P 0
L 0.8789328 0.8366186 0.8946832 0.8366186 2 P 0
L 0.8789328 0.8444906 0.8946832 0.8444906 2 P 0
L 0.8789328 0.8563036 0.8789328 0.8641756 2 P 0
L 0.8789328 0.8563036 0.8946832 0.8563036 2 P 0
L 0.8789328 0.8641756 0.8946832 0.8641756 2 P 0
L 0.8789328 0.8759886 0.8789328 0.8838606 2 P 0
L 0.8789328 0.8759886 0.8946832 0.8759886 2 P 0
L 0.8789328 0.8838606 0.8946832 0.8838606 2 P 0
L 0.8789328 0.8956737 0.8789328 0.9035457 2 P 0
L 0.8789328 0.8956737 0.8946832 0.8956737 2 P 0
L 0.8789328 0.9035457 0.8946832 0.9035457 2 P 0
L 0.8789328 0.9153587 0.8789328 0.9232307 2 P 0
L 0.8789328 0.9153587 0.8946832 0.9153587 2 P 0
L 0.8789328 0.9232307 0.8946832 0.9232307 2 P 0
L 0.8789328 0.9350438 0.8789328 0.9429158 2 P 0
L 0.8789328 0.9350438 0.8946832 0.9350438 2 P 0
L 0.8789328 0.9429158 0.8946832 0.9429158 2 P 0
L 0.8789328 0.9547288 0.8789328 0.9626008 2 P 0
L 0.8789328 0.9547288 0.8946832 0.9547288 2 P 0
L 0.8789328 0.9626008 0.8946832 0.9626008 2 P 0
L 0.8789328 0.9744138 0.8789328 0.9822858 2 P 0
L 0.8789328 0.9744138 0.8946832 0.9744138 2 P 0
L 0.8789328 0.9822858 0.8946832 0.9822858 2 P 0
L 0.8789328 0.9940989 0.8789328 1.0019709 2 P 0
L 0.8789328 0.9940989 0.8946832 0.9940989 2 P 0
L 0.8789328 1.0019709 0.8946832 1.0019709 2 P 0
L 0.8789328 1.0137839 0.8789328 1.0216559 2 P 0
L 0.8789328 1.0137839 0.8946832 1.0137839 2 P 0
L 0.8789328 1.0216559 0.8946832 1.0216559 2 P 0
L 0.8838625 0.4311044 0.8838625 0.4468548 2 P 0
L 0.8838625 0.4311044 0.8917345 0.4311044 2 P 0
L 0.8838625 0.4468548 0.8917345 0.4468548 2 P 0
L 0.8838625 0.4626005 0.8838625 0.4783509 2 P 0
L 0.8838625 0.4626005 0.8917345 0.4626005 2 P 0
L 0.8838625 0.4783509 0.8917345 0.4783509 2 P 0
L 0.8838625 0.4940966 0.8838625 0.509847 2 P 0
L 0.8838625 0.4940966 0.8917345 0.4940966 2 P 0
L 0.8838625 0.509847 0.8917345 0.509847 2 P 0
L 0.8838625 0.5255926 0.8838625 0.541343 2 P 0
L 0.8838625 0.5255926 0.8917345 0.5255926 2 P 0
L 0.8838625 0.541343 0.8917345 0.541343 2 P 0
L 0.8838625 0.5570887 0.8838625 0.5728391 2 P 0
L 0.8838625 0.5570887 0.8917345 0.5570887 2 P 0
L 0.8838625 0.5728391 0.8917345 0.5728391 2 P 0
L 0.8838625 0.5885848 0.8838625 0.6043352 2 P 0
L 0.8838625 0.5885848 0.8917345 0.5885848 2 P 0
L 0.8838625 0.6043352 0.8917345 0.6043352 2 P 0
L 0.8838625 0.6200808 0.8838625 0.6358312 2 P 0
L 0.8838625 0.6200808 0.8917345 0.6200808 2 P 0
L 0.8838625 0.6358312 0.8917345 0.6358312 2 P 0
L 0.8838625 0.6515769 0.8838625 0.6673273 2 P 0
L 0.8838625 0.6515769 0.8917345 0.6515769 2 P 0
L 0.8838625 0.6673273 0.8917345 0.6673273 2 P 0
L 0.8838625 0.6830729 0.8838625 0.6988233 2 P 0
L 0.8838625 0.6830729 0.8917345 0.6830729 2 P 0
L 0.8838625 0.6988233 0.8917345 0.6988233 2 P 0
L 0.8838625 0.714569 0.8838625 0.7303194 2 P 0
L 0.8838625 0.714569 0.8917345 0.714569 2 P 0
L 0.8838625 0.7303194 0.8917345 0.7303194 2 P 0
L 0.8838625 1.0482303 0.8838625 1.0639807 2 P 0
L 0.8838625 1.0482303 0.8917345 1.0482303 2 P 0
L 0.8838625 1.0639807 0.8917345 1.0639807 2 P 0
L 0.8838625 1.0797264 0.8838625 1.0954768 2 P 0
L 0.8838625 1.0797264 0.8917345 1.0797264 2 P 0
L 0.8838625 1.0954768 0.8917345 1.0954768 2 P 0
L 0.8838625 1.1112225 0.8838625 1.1269729 2 P 0
L 0.8838625 1.1112225 0.8917345 1.1112225 2 P 0
L 0.8838625 1.1269729 0.8917345 1.1269729 2 P 0
L 0.8838625 1.1427185 0.8838625 1.1584689 2 P 0
L 0.8838625 1.1427185 0.8917345 1.1427185 2 P 0
L 0.8838625 1.1584689 0.8917345 1.1584689 2 P 0
L 0.8838625 1.1742146 0.8838625 1.189965 2 P 0
L 0.8838625 1.1742146 0.8917345 1.1742146 2 P 0
L 0.8838625 1.189965 0.8917345 1.189965 2 P 0
L 0.8838625 1.2057107 0.8838625 1.2214611 2 P 0
L 0.8838625 1.2057107 0.8917345 1.2057107 2 P 0
L 0.8838625 1.2214611 0.8917345 1.2214611 2 P 0
L 0.8838625 1.2372067 0.8838625 1.2529571 2 P 0
L 0.8838625 1.2372067 0.8917345 1.2372067 2 P 0
L 0.8838625 1.2529571 0.8917345 1.2529571 2 P 0
L 0.8838625 1.2687028 0.8838625 1.2844532 2 P 0
L 0.8838625 1.2687028 0.8917345 1.2687028 2 P 0
L 0.8838625 1.2844532 0.8917345 1.2844532 2 P 0
L 0.8838625 1.3001988 0.8838625 1.3159492 2 P 0
L 0.8838625 1.3001988 0.8917345 1.3001988 2 P 0
L 0.8838625 1.3159492 0.8917345 1.3159492 2 P 0
L 0.8838625 1.3316949 0.8838625 1.3474453 2 P 0
L 0.8838625 1.3316949 0.8917345 1.3316949 2 P 0
L 0.8838625 1.3474453 0.8917345 1.3474453 2 P 0
L 0.8917345 0.4311044 0.8917345 0.4468548 2 P 0
L 0.8917345 0.4626005 0.8917345 0.4783509 2 P 0
L 0.8917345 0.4940966 0.8917345 0.509847 2 P 0
L 0.8917345 0.5255926 0.8917345 0.541343 2 P 0
L 0.8917345 0.5570887 0.8917345 0.5728391 2 P 0
L 0.8917345 0.5885848 0.8917345 0.6043352 2 P 0
L 0.8917345 0.6200808 0.8917345 0.6358312 2 P 0
L 0.8917345 0.6515769 0.8917345 0.6673273 2 P 0
L 0.8917345 0.6830729 0.8917345 0.6988233 2 P 0
L 0.8917345 0.714569 0.8917345 0.7303194 2 P 0
L 0.8917345 1.0482303 0.8917345 1.0639807 2 P 0
L 0.8917345 1.0797264 0.8917345 1.0954768 2 P 0
L 0.8917345 1.1112225 0.8917345 1.1269729 2 P 0
L 0.8917345 1.1427185 0.8917345 1.1584689 2 P 0
L 0.8917345 1.1742146 0.8917345 1.189965 2 P 0
L 0.8917345 1.2057107 0.8917345 1.2214611 2 P 0
L 0.8917345 1.2372067 0.8917345 1.2529571 2 P 0
L 0.8917345 1.2687028 0.8917345 1.2844532 2 P 0
L 0.8917345 1.3001988 0.8917345 1.3159492 2 P 0
L 0.8917345 1.3316949 0.8917345 1.3474453 2 P 0
L 0.8946831 0.7578785 0.8946831 0.7657505 2 P 0
L 0.8946831 0.7775635 0.8946831 0.7854355 2 P 0
L 0.8946831 0.7972485 0.8946831 0.8051205 2 P 0
L 0.8946831 0.8169336 0.8946831 0.8248056 2 P 0
L 0.8946832 0.8366186 0.8946832 0.8444906 2 P 0
L 0.8946832 0.8563036 0.8946832 0.8641756 2 P 0
L 0.8946832 0.8759886 0.8946832 0.8838606 2 P 0
L 0.8946832 0.8956737 0.8946832 0.9035457 2 P 0
L 0.8946832 0.9153587 0.8946832 0.9232307 2 P 0
L 0.8946832 0.9350438 0.8946832 0.9429158 2 P 0
L 0.8946832 0.9547288 0.8946832 0.9626008 2 P 0
L 0.8946832 0.9744138 0.8946832 0.9822858 2 P 0
L 0.8946832 0.9940989 0.8946832 1.0019709 2 P 0
L 0.8946832 1.0137839 0.8946832 1.0216559 2 P 0
L 0.9035476 0.4311044 0.9035476 0.4468548 2 P 0
L 0.9035476 0.4311044 0.9114196 0.4311044 2 P 0
L 0.9035476 0.4468548 0.9114196 0.4468548 2 P 0
L 0.9035476 0.4626005 0.9035476 0.4783509 2 P 0
L 0.9035476 0.4626005 0.9114196 0.4626005 2 P 0
L 0.9035476 0.4783509 0.9114196 0.4783509 2 P 0
L 0.9035476 0.4940966 0.9035476 0.509847 2 P 0
L 0.9035476 0.4940966 0.9114196 0.4940966 2 P 0
L 0.9035476 0.509847 0.9114196 0.509847 2 P 0
L 0.9035476 0.5255926 0.9035476 0.541343 2 P 0
L 0.9035476 0.5255926 0.9114196 0.5255926 2 P 0
L 0.9035476 0.541343 0.9114196 0.541343 2 P 0
L 0.9035476 0.5570887 0.9035476 0.5728391 2 P 0
L 0.9035476 0.5570887 0.9114196 0.5570887 2 P 0
L 0.9035476 0.5728391 0.9114196 0.5728391 2 P 0
L 0.9035476 0.5885848 0.9035476 0.6043352 2 P 0
L 0.9035476 0.5885848 0.9114196 0.5885848 2 P 0
L 0.9035476 0.6043352 0.9114196 0.6043352 2 P 0
L 0.9035476 0.6200808 0.9035476 0.6358312 2 P 0
L 0.9035476 0.6200808 0.9114196 0.6200808 2 P 0
L 0.9035476 0.6358312 0.9114196 0.6358312 2 P 0
L 0.9035476 0.6515769 0.9035476 0.6673273 2 P 0
L 0.9035476 0.6515769 0.9114196 0.6515769 2 P 0
L 0.9035476 0.6673273 0.9114196 0.6673273 2 P 0
L 0.9035476 0.6830729 0.9035476 0.6988233 2 P 0
L 0.9035476 0.6830729 0.9114196 0.6830729 2 P 0
L 0.9035476 0.6988233 0.9114196 0.6988233 2 P 0
L 0.9035476 0.714569 0.9035476 0.7303194 2 P 0
L 0.9035476 0.714569 0.9114196 0.714569 2 P 0
L 0.9035476 0.7303194 0.9114196 0.7303194 2 P 0
L 0.9035476 1.0482303 0.9035476 1.0639807 2 P 0
L 0.9035476 1.0482303 0.9114196 1.0482303 2 P 0
L 0.9035476 1.0639807 0.9114196 1.0639807 2 P 0
L 0.9035476 1.0797264 0.9035476 1.0954768 2 P 0
L 0.9035476 1.0797264 0.9114196 1.0797264 2 P 0
L 0.9035476 1.0954768 0.9114196 1.0954768 2 P 0
L 0.9035476 1.1112225 0.9035476 1.1269729 2 P 0
L 0.9035476 1.1112225 0.9114196 1.1112225 2 P 0
L 0.9035476 1.1269729 0.9114196 1.1269729 2 P 0
L 0.9035476 1.1427185 0.9035476 1.1584689 2 P 0
L 0.9035476 1.1427185 0.9114196 1.1427185 2 P 0
L 0.9035476 1.1584689 0.9114196 1.1584689 2 P 0
L 0.9035476 1.1742146 0.9035476 1.189965 2 P 0
L 0.9035476 1.1742146 0.9114196 1.1742146 2 P 0
L 0.9035476 1.189965 0.9114196 1.189965 2 P 0
L 0.9035476 1.2057107 0.9035476 1.2214611 2 P 0
L 0.9035476 1.2057107 0.9114196 1.2057107 2 P 0
L 0.9035476 1.2214611 0.9114196 1.2214611 2 P 0
L 0.9035476 1.2372067 0.9035476 1.2529571 2 P 0
L 0.9035476 1.2372067 0.9114196 1.2372067 2 P 0
L 0.9035476 1.2529571 0.9114196 1.2529571 2 P 0
L 0.9035476 1.2687028 0.9035476 1.2844532 2 P 0
L 0.9035476 1.2687028 0.9114196 1.2687028 2 P 0
L 0.9035476 1.2844532 0.9114196 1.2844532 2 P 0
L 0.9035476 1.3001988 0.9035476 1.3159492 2 P 0
L 0.9035476 1.3001988 0.9114196 1.3001988 2 P 0
L 0.9035476 1.3159492 0.9114196 1.3159492 2 P 0
L 0.9035476 1.3316949 0.9035476 1.3474453 2 P 0
L 0.9035476 1.3316949 0.9114196 1.3316949 2 P 0
L 0.9035476 1.3474453 0.9114196 1.3474453 2 P 0
L 0.9055153 3.2283493 0.9055153 3.7007909 0 P 0
L 0.9104288 0.7578786 0.9104288 0.7657506 2 P 0
L 0.9104288 0.7578786 0.9261792 0.7578786 2 P 0
L 0.9104288 0.7657506 0.9261792 0.7657506 2 P 0
L 0.9104288 0.7775636 0.9104288 0.7854356 2 P 0
L 0.9104288 0.7775636 0.9261792 0.7775636 2 P 0
L 0.9104288 0.7854356 0.9261792 0.7854356 2 P 0
L 0.9104288 0.7972486 0.9104288 0.8051206 2 P 0
L 0.9104288 0.7972486 0.9261792 0.7972486 2 P 0
L 0.9104288 0.8051206 0.9261792 0.8051206 2 P 0
L 0.9104288 0.8169337 0.9104288 0.8248057 2 P 0
L 0.9104288 0.8169337 0.9261792 0.8169337 2 P 0
L 0.9104288 0.8248057 0.9261792 0.8248057 2 P 0
L 0.9104289 0.8366187 0.9104289 0.8444907 2 P 0
L 0.9104289 0.8366187 0.9261793 0.8366187 2 P 0
L 0.9104289 0.8444907 0.9261793 0.8444907 2 P 0
L 0.9104289 0.8563037 0.9104289 0.8641757 2 P 0
L 0.9104289 0.8563037 0.9261793 0.8563037 2 P 0
L 0.9104289 0.8641757 0.9261793 0.8641757 2 P 0
L 0.9104289 0.8759887 0.9104289 0.8838607 2 P 0
L 0.9104289 0.8759887 0.9261793 0.8759887 2 P 0
L 0.9104289 0.8838607 0.9261793 0.8838607 2 P 0
L 0.9104289 0.8956738 0.9104289 0.9035458 2 P 0
L 0.9104289 0.8956738 0.9261793 0.8956738 2 P 0
L 0.9104289 0.9035458 0.9261793 0.9035458 2 P 0
L 0.9104289 0.9153588 0.9104289 0.9232308 2 P 0
L 0.9104289 0.9153588 0.9261793 0.9153588 2 P 0
L 0.9104289 0.9232308 0.9261793 0.9232308 2 P 0
L 0.9104289 0.9350439 0.9104289 0.9429159 2 P 0
L 0.9104289 0.9350439 0.9261793 0.9350439 2 P 0
L 0.9104289 0.9429159 0.9261793 0.9429159 2 P 0
L 0.9104289 0.9547289 0.9104289 0.9626009 2 P 0
L 0.9104289 0.9547289 0.9261793 0.9547289 2 P 0
L 0.9104289 0.9626009 0.9261793 0.9626009 2 P 0
L 0.9104289 0.9744139 0.9104289 0.9822859 2 P 0
L 0.9104289 0.9744139 0.9261793 0.9744139 2 P 0
L 0.9104289 0.9822859 0.9261793 0.9822859 2 P 0
L 0.9104289 0.994099 0.9104289 1.001971 2 P 0
L 0.9104289 0.994099 0.9261793 0.994099 2 P 0
L 0.9104289 1.001971 0.9261793 1.001971 2 P 0
L 0.9104289 1.013784 0.9104289 1.021656 2 P 0
L 0.9104289 1.013784 0.9261793 1.013784 2 P 0
L 0.9104289 1.021656 0.9261793 1.021656 2 P 0
L 0.9114196 0.4311044 0.9114196 0.4468548 2 P 0
L 0.9114196 0.4626005 0.9114196 0.4783509 2 P 0
L 0.9114196 0.4940966 0.9114196 0.509847 2 P 0
L 0.9114196 0.5255926 0.9114196 0.541343 2 P 0
L 0.9114196 0.5570887 0.9114196 0.5728391 2 P 0
L 0.9114196 0.5885848 0.9114196 0.6043352 2 P 0
L 0.9114196 0.6200808 0.9114196 0.6358312 2 P 0
L 0.9114196 0.6515769 0.9114196 0.6673273 2 P 0
L 0.9114196 0.6830729 0.9114196 0.6988233 2 P 0
L 0.9114196 0.714569 0.9114196 0.7303194 2 P 0
L 0.9114196 1.0482303 0.9114196 1.0639807 2 P 0
L 0.9114196 1.0797264 0.9114196 1.0954768 2 P 0
L 0.9114196 1.1112225 0.9114196 1.1269729 2 P 0
L 0.9114196 1.1427185 0.9114196 1.1584689 2 P 0
L 0.9114196 1.1742146 0.9114196 1.189965 2 P 0
L 0.9114196 1.2057107 0.9114196 1.2214611 2 P 0
L 0.9114196 1.2372067 0.9114196 1.2529571 2 P 0
L 0.9114196 1.2687028 0.9114196 1.2844532 2 P 0
L 0.9114196 1.3001988 0.9114196 1.3159492 2 P 0
L 0.9114196 1.3316949 0.9114196 1.3474453 2 P 0
L 0.9232326 0.4311044 0.9232326 0.4468548 2 P 0
L 0.9232326 0.4311044 0.9311046 0.4311044 2 P 0
L 0.9232326 0.4468548 0.9311046 0.4468548 2 P 0
L 0.9232326 0.4626005 0.9232326 0.4783509 2 P 0
L 0.9232326 0.4626005 0.9311046 0.4626005 2 P 0
L 0.9232326 0.4783509 0.9311046 0.4783509 2 P 0
L 0.9232326 0.4940966 0.9232326 0.509847 2 P 0
L 0.9232326 0.4940966 0.9311046 0.4940966 2 P 0
L 0.9232326 0.509847 0.9311046 0.509847 2 P 0
L 0.9232326 0.5255926 0.9232326 0.541343 2 P 0
L 0.9232326 0.5255926 0.9311046 0.5255926 2 P 0
L 0.9232326 0.541343 0.9311046 0.541343 2 P 0
L 0.9232326 0.5570887 0.9232326 0.5728391 2 P 0
L 0.9232326 0.5570887 0.9311046 0.5570887 2 P 0
L 0.9232326 0.5728391 0.9311046 0.5728391 2 P 0
L 0.9232326 0.5885848 0.9232326 0.6043352 2 P 0
L 0.9232326 0.5885848 0.9311046 0.5885848 2 P 0
L 0.9232326 0.6043352 0.9311046 0.6043352 2 P 0
L 0.9232326 0.6200808 0.9232326 0.6358312 2 P 0
L 0.9232326 0.6200808 0.9311046 0.6200808 2 P 0
L 0.9232326 0.6358312 0.9311046 0.6358312 2 P 0
L 0.9232326 0.6515769 0.9232326 0.6673273 2 P 0
L 0.9232326 0.6515769 0.9311046 0.6515769 2 P 0
L 0.9232326 0.6673273 0.9311046 0.6673273 2 P 0
L 0.9232326 0.6830729 0.9232326 0.6988233 2 P 0
L 0.9232326 0.6830729 0.9311046 0.6830729 2 P 0
L 0.9232326 0.6988233 0.9311046 0.6988233 2 P 0
L 0.9232326 0.714569 0.9232326 0.7303194 2 P 0
L 0.9232326 0.714569 0.9311046 0.714569 2 P 0
L 0.9232326 0.7303194 0.9311046 0.7303194 2 P 0
L 0.9232326 1.0482303 0.9232326 1.0639807 2 P 0
L 0.9232326 1.0482303 0.9311046 1.0482303 2 P 0
L 0.9232326 1.0639807 0.9311046 1.0639807 2 P 0
L 0.9232326 1.0797264 0.9232326 1.0954768 2 P 0
L 0.9232326 1.0797264 0.9311046 1.0797264 2 P 0
L 0.9232326 1.0954768 0.9311046 1.0954768 2 P 0
L 0.9232326 1.1112225 0.9232326 1.1269729 2 P 0
L 0.9232326 1.1112225 0.9311046 1.1112225 2 P 0
L 0.9232326 1.1269729 0.9311046 1.1269729 2 P 0
L 0.9232326 1.1427185 0.9232326 1.1584689 2 P 0
L 0.9232326 1.1427185 0.9311046 1.1427185 2 P 0
L 0.9232326 1.1584689 0.9311046 1.1584689 2 P 0
L 0.9232326 1.1742146 0.9232326 1.189965 2 P 0
L 0.9232326 1.1742146 0.9311046 1.1742146 2 P 0
L 0.9232326 1.189965 0.9311046 1.189965 2 P 0
L 0.9232326 1.2057107 0.9232326 1.2214611 2 P 0
L 0.9232326 1.2057107 0.9311046 1.2057107 2 P 0
L 0.9232326 1.2214611 0.9311046 1.2214611 2 P 0
L 0.9232326 1.2372067 0.9232326 1.2529571 2 P 0
L 0.9232326 1.2372067 0.9311046 1.2372067 2 P 0
L 0.9232326 1.2529571 0.9311046 1.2529571 2 P 0
L 0.9232326 1.2687028 0.9232326 1.2844532 2 P 0
L 0.9232326 1.2687028 0.9311046 1.2687028 2 P 0
L 0.9232326 1.2844532 0.9311046 1.2844532 2 P 0
L 0.9232326 1.3001988 0.9232326 1.3159492 2 P 0
L 0.9232326 1.3001988 0.9311046 1.3001988 2 P 0
L 0.9232326 1.3159492 0.9311046 1.3159492 2 P 0
L 0.9232326 1.3316949 0.9232326 1.3474453 2 P 0
L 0.9232326 1.3316949 0.9311046 1.3316949 2 P 0
L 0.9232326 1.3474453 0.9311046 1.3474453 2 P 0
L 0.9261792 0.7578786 0.9261792 0.7657506 2 P 0
L 0.9261792 0.7775636 0.9261792 0.7854356 2 P 0
L 0.9261792 0.7972486 0.9261792 0.8051206 2 P 0
L 0.9261792 0.8169337 0.9261792 0.8248057 2 P 0
L 0.9261793 0.8366187 0.9261793 0.8444907 2 P 0
L 0.9261793 0.8563037 0.9261793 0.8641757 2 P 0
L 0.9261793 0.8759887 0.9261793 0.8838607 2 P 0
L 0.9261793 0.8956738 0.9261793 0.9035458 2 P 0
L 0.9261793 0.9153588 0.9261793 0.9232308 2 P 0
L 0.9261793 0.9350439 0.9261793 0.9429159 2 P 0
L 0.9261793 0.9547289 0.9261793 0.9626009 2 P 0
L 0.9261793 0.9744139 0.9261793 0.9822859 2 P 0
L 0.9261793 0.994099 0.9261793 1.001971 2 P 0
L 0.9261793 1.013784 0.9261793 1.021656 2 P 0
L 0.9311046 0.4311044 0.9311046 0.4468548 2 P 0
L 0.9311046 0.4626005 0.9311046 0.4783509 2 P 0
L 0.9311046 0.4940966 0.9311046 0.509847 2 P 0
L 0.9311046 0.5255926 0.9311046 0.541343 2 P 0
L 0.9311046 0.5570887 0.9311046 0.5728391 2 P 0
L 0.9311046 0.5885848 0.9311046 0.6043352 2 P 0
L 0.9311046 0.6200808 0.9311046 0.6358312 2 P 0
L 0.9311046 0.6515769 0.9311046 0.6673273 2 P 0
L 0.9311046 0.6830729 0.9311046 0.6988233 2 P 0
L 0.9311046 0.714569 0.9311046 0.7303194 2 P 0
L 0.9311046 1.0482303 0.9311046 1.0639807 2 P 0
L 0.9311046 1.0797264 0.9311046 1.0954768 2 P 0
L 0.9311046 1.1112225 0.9311046 1.1269729 2 P 0
L 0.9311046 1.1427185 0.9311046 1.1584689 2 P 0
L 0.9311046 1.1742146 0.9311046 1.189965 2 P 0
L 0.9311046 1.2057107 0.9311046 1.2214611 2 P 0
L 0.9311046 1.2372067 0.9311046 1.2529571 2 P 0
L 0.9311046 1.2687028 0.9311046 1.2844532 2 P 0
L 0.9311046 1.3001988 0.9311046 1.3159492 2 P 0
L 0.9311046 1.3316949 0.9311046 1.3474453 2 P 0
L 0.9349638 2.1133198 0.9349638 2.8473038 0 P 0
L 0.9370035 0.4291317 0.9370035 0.4370037 2 P 0
L 0.9370035 0.4291317 0.9527539 0.4291317 2 P 0
L 0.9370035 0.4370037 0.9527539 0.4370037 2 P 0
L 0.9370035 0.5078719 0.9370035 0.5157439 2 P 0
L 0.9370035 0.5078719 0.9527539 0.5078719 2 P 0
L 0.9370035 0.5157439 0.9527539 0.5157439 2 P 0
L 0.9370035 0.586612 0.9370035 0.594484 2 P 0
L 0.9370035 0.586612 0.9527539 0.586612 2 P 0
L 0.9370035 0.594484 0.9527539 0.594484 2 P 0
L 0.9370035 0.6653522 0.9370035 0.6732242 2 P 0
L 0.9370035 0.6653522 0.9527539 0.6653522 2 P 0
L 0.9370035 0.6732242 0.9527539 0.6732242 2 P 0
L 0.9370035 0.7440924 0.9370035 0.7519644 2 P 0
L 0.9370035 0.7440924 0.9527539 0.7440924 2 P 0
L 0.9370035 0.7519644 0.9527539 0.7519644 2 P 0
L 0.9409427 0.8976398 0.9409427 0.9133902 2 P 0
L 0.9409427 0.8976398 0.9488147 0.8976398 2 P 0
L 0.9409427 0.9133902 0.9488147 0.9133902 2 P 0
L 0.9409427 0.968506 0.9409427 0.9842564 2 P 0
L 0.9409427 0.968506 0.9488147 0.968506 2 P 0
L 0.9409427 0.9842564 0.9488147 0.9842564 2 P 0
L 0.9409427 1.0433091 0.9409427 1.0590595 2 P 0
L 0.9409427 1.0433091 0.9488147 1.0433091 2 P 0
L 0.9409427 1.0590595 0.9488147 1.0590595 2 P 0
L 0.9409427 1.1141752 0.9409427 1.1299256 2 P 0
L 0.9409427 1.1141752 0.9488147 1.1141752 2 P 0
L 0.9409427 1.1299256 0.9488147 1.1299256 2 P 0
L 0.9419249 0.7578786 0.9419249 0.7657506 2 P 0
L 0.9419249 0.7578786 0.9576753 0.7578786 2 P 0
L 0.9419249 0.7657506 0.9576753 0.7657506 2 P 0
L 0.9419249 0.7775636 0.9419249 0.7854356 2 P 0
L 0.9419249 0.7775636 0.9576753 0.7775636 2 P 0
L 0.9419249 0.7854356 0.9576753 0.7854356 2 P 0
L 0.9419249 0.7972486 0.9419249 0.8051206 2 P 0
L 0.9419249 0.7972486 0.9576753 0.7972486 2 P 0
L 0.9419249 0.8051206 0.9576753 0.8051206 2 P 0
L 0.9419249 0.8169337 0.9419249 0.8248057 2 P 0
L 0.9419249 0.8169337 0.9576753 0.8169337 2 P 0
L 0.9419249 0.8248057 0.9576753 0.8248057 2 P 0
L 0.941925 0.8366187 0.941925 0.8444907 2 P 0
L 0.941925 0.8366187 0.9576754 0.8366187 2 P 0
L 0.941925 0.8444907 0.9576754 0.8444907 2 P 0
L 0.941925 0.8563037 0.941925 0.8641757 2 P 0
L 0.941925 0.8563037 0.9576754 0.8563037 2 P 0
L 0.941925 0.8641757 0.9576754 0.8641757 2 P 0
L 0.941925 0.8759887 0.941925 0.8838607 2 P 0
L 0.941925 0.8759887 0.9576754 0.8759887 2 P 0
L 0.941925 0.8838607 0.9576754 0.8838607 2 P 0
L 0.941925 0.8956738 0.941925 0.9035458 2 P 0
L 0.941925 0.8956738 0.9576754 0.8956738 2 P 0
L 0.941925 0.9035458 0.9576754 0.9035458 2 P 0
L 0.941925 0.9153588 0.941925 0.9232308 2 P 0
L 0.941925 0.9153588 0.9576754 0.9153588 2 P 0
L 0.941925 0.9232308 0.9576754 0.9232308 2 P 0
L 0.941925 0.9350439 0.941925 0.9429159 2 P 0
L 0.941925 0.9350439 0.9576754 0.9350439 2 P 0
L 0.941925 0.9429159 0.9576754 0.9429159 2 P 0
L 0.941925 0.9547289 0.941925 0.9626009 2 P 0
L 0.941925 0.9547289 0.9576754 0.9547289 2 P 0
L 0.941925 0.9626009 0.9576754 0.9626009 2 P 0
L 0.941925 0.9744139 0.941925 0.9822859 2 P 0
L 0.941925 0.9744139 0.9576754 0.9744139 2 P 0
L 0.941925 0.9822859 0.9576754 0.9822859 2 P 0
L 0.941925 0.994099 0.941925 1.001971 2 P 0
L 0.941925 0.994099 0.9576754 0.994099 2 P 0
L 0.941925 1.001971 0.9576754 1.001971 2 P 0
L 0.941925 1.013784 0.941925 1.021656 2 P 0
L 0.941925 1.013784 0.9576754 1.013784 2 P 0
L 0.941925 1.021656 0.9576754 1.021656 2 P 0
L 0.9429176 0.4311044 0.9429176 0.4468548 2 P 0
L 0.9429176 0.4311044 0.9507896 0.4311044 2 P 0
L 0.9429176 0.4468548 0.9507896 0.4468548 2 P 0
L 0.9429176 0.4626005 0.9429176 0.4783509 2 P 0
L 0.9429176 0.4626005 0.9507896 0.4626005 2 P 0
L 0.9429176 0.4783509 0.9507896 0.4783509 2 P 0
L 0.9429176 0.4940966 0.9429176 0.509847 2 P 0
L 0.9429176 0.4940966 0.9507896 0.4940966 2 P 0
L 0.9429176 0.509847 0.9507896 0.509847 2 P 0
L 0.9429176 0.5255926 0.9429176 0.541343 2 P 0
L 0.9429176 0.5255926 0.9507896 0.5255926 2 P 0
L 0.9429176 0.541343 0.9507896 0.541343 2 P 0
L 0.9429176 0.5570887 0.9429176 0.5728391 2 P 0
L 0.9429176 0.5570887 0.9507896 0.5570887 2 P 0
L 0.9429176 0.5728391 0.9507896 0.5728391 2 P 0
L 0.9429176 0.5885848 0.9429176 0.6043352 2 P 0
L 0.9429176 0.5885848 0.9507896 0.5885848 2 P 0
L 0.9429176 0.6043352 0.9507896 0.6043352 2 P 0
L 0.9429176 0.6200808 0.9429176 0.6358312 2 P 0
L 0.9429176 0.6200808 0.9507896 0.6200808 2 P 0
L 0.9429176 0.6358312 0.9507896 0.6358312 2 P 0
L 0.9429176 0.6515769 0.9429176 0.6673273 2 P 0
L 0.9429176 0.6515769 0.9507896 0.6515769 2 P 0
L 0.9429176 0.6673273 0.9507896 0.6673273 2 P 0
L 0.9429176 0.6830729 0.9429176 0.6988233 2 P 0
L 0.9429176 0.6830729 0.9507896 0.6830729 2 P 0
L 0.9429176 0.6988233 0.9507896 0.6988233 2 P 0
L 0.9429176 0.714569 0.9429176 0.7303194 2 P 0
L 0.9429176 0.714569 0.9507896 0.714569 2 P 0
L 0.9429176 0.7303194 0.9507896 0.7303194 2 P 0
L 0.9429176 1.0482303 0.9429176 1.0639807 2 P 0
L 0.9429176 1.0482303 0.9507896 1.0482303 2 P 0
L 0.9429176 1.0639807 0.9507896 1.0639807 2 P 0
L 0.9429176 1.0797264 0.9429176 1.0954768 2 P 0
L 0.9429176 1.0797264 0.9507896 1.0797264 2 P 0
L 0.9429176 1.0954768 0.9507896 1.0954768 2 P 0
L 0.9429176 1.1112225 0.9429176 1.1269729 2 P 0
L 0.9429176 1.1112225 0.9507896 1.1112225 2 P 0
L 0.9429176 1.1269729 0.9507896 1.1269729 2 P 0
L 0.9429176 1.1427185 0.9429176 1.1584689 2 P 0
L 0.9429176 1.1427185 0.9507896 1.1427185 2 P 0
L 0.9429176 1.1584689 0.9507896 1.1584689 2 P 0
L 0.9429176 1.1742146 0.9429176 1.189965 2 P 0
L 0.9429176 1.1742146 0.9507896 1.1742146 2 P 0
L 0.9429176 1.189965 0.9507896 1.189965 2 P 0
L 0.9429176 1.2057107 0.9429176 1.2214611 2 P 0
L 0.9429176 1.2057107 0.9507896 1.2057107 2 P 0
L 0.9429176 1.2214611 0.9507896 1.2214611 2 P 0
L 0.9429176 1.2372067 0.9429176 1.2529571 2 P 0
L 0.9429176 1.2372067 0.9507896 1.2372067 2 P 0
L 0.9429176 1.2529571 0.9507896 1.2529571 2 P 0
L 0.9429176 1.2687028 0.9429176 1.2844532 2 P 0
L 0.9429176 1.2687028 0.9507896 1.2687028 2 P 0
L 0.9429176 1.2844532 0.9507896 1.2844532 2 P 0
L 0.9429176 1.3001988 0.9429176 1.3159492 2 P 0
L 0.9429176 1.3001988 0.9507896 1.3001988 2 P 0
L 0.9429176 1.3159492 0.9507896 1.3159492 2 P 0
L 0.9429176 1.3316949 0.9429176 1.3474453 2 P 0
L 0.9429176 1.3316949 0.9507896 1.3316949 2 P 0
L 0.9429176 1.3474453 0.9507896 1.3474453 2 P 0
L 0.9488147 0.8976398 0.9488147 0.9133902 2 P 0
L 0.9488147 0.968506 0.9488147 0.9842564 2 P 0
L 0.9488147 1.0433091 0.9488147 1.0590595 2 P 0
L 0.9488147 1.1141752 0.9488147 1.1299256 2 P 0
L 0.9507896 0.4311044 0.9507896 0.4468548 2 P 0
L 0.9507896 0.4626005 0.9507896 0.4783509 2 P 0
L 0.9507896 0.4940966 0.9507896 0.509847 2 P 0
L 0.9507896 0.5255926 0.9507896 0.541343 2 P 0
L 0.9507896 0.5570887 0.9507896 0.5728391 2 P 0
L 0.9507896 0.5885848 0.9507896 0.6043352 2 P 0
L 0.9507896 0.6200808 0.9507896 0.6358312 2 P 0
L 0.9507896 0.6515769 0.9507896 0.6673273 2 P 0
L 0.9507896 0.6830729 0.9507896 0.6988233 2 P 0
L 0.9507896 0.714569 0.9507896 0.7303194 2 P 0
L 0.9507896 1.0482303 0.9507896 1.0639807 2 P 0
L 0.9507896 1.0797264 0.9507896 1.0954768 2 P 0
L 0.9507896 1.1112225 0.9507896 1.1269729 2 P 0
L 0.9507896 1.1427185 0.9507896 1.1584689 2 P 0
L 0.9507896 1.1742146 0.9507896 1.189965 2 P 0
L 0.9507896 1.2057107 0.9507896 1.2214611 2 P 0
L 0.9507896 1.2372067 0.9507896 1.2529571 2 P 0
L 0.9507896 1.2687028 0.9507896 1.2844532 2 P 0
L 0.9507896 1.3001988 0.9507896 1.3159492 2 P 0
L 0.9507896 1.3316949 0.9507896 1.3474453 2 P 0
L 0.9527539 0.4291317 0.9527539 0.4370037 2 P 0
L 0.9527539 0.5078719 0.9527539 0.5157439 2 P 0
L 0.9527539 0.586612 0.9527539 0.594484 2 P 0
L 0.9527539 0.6653522 0.9527539 0.6732242 2 P 0
L 0.9527539 0.7440924 0.9527539 0.7519644 2 P 0
L 0.9576753 0.7578786 0.9576753 0.7657506 2 P 0
L 0.9576753 0.7775636 0.9576753 0.7854356 2 P 0
L 0.9576753 0.7972486 0.9576753 0.8051206 2 P 0
L 0.9576753 0.8169337 0.9576753 0.8248057 2 P 0
L 0.9576754 0.8366187 0.9576754 0.8444907 2 P 0
L 0.9576754 0.8563037 0.9576754 0.8641757 2 P 0
L 0.9576754 0.8759887 0.9576754 0.8838607 2 P 0
L 0.9576754 0.8956738 0.9576754 0.9035458 2 P 0
L 0.9576754 0.9153588 0.9576754 0.9232308 2 P 0
L 0.9576754 0.9350439 0.9576754 0.9429159 2 P 0
L 0.9576754 0.9547289 0.9576754 0.9626009 2 P 0
L 0.9576754 0.9744139 0.9576754 0.9822859 2 P 0
L 0.9576754 0.994099 0.9576754 1.001971 2 P 0
L 0.9576754 1.013784 0.9576754 1.021656 2 P 0
L 0.9626027 0.4311044 0.9626027 0.4468548 2 P 0
L 0.9626027 0.4311044 0.9704747 0.4311044 2 P 0
L 0.9626027 0.4468548 0.9704747 0.4468548 2 P 0
L 0.9626027 0.4626005 0.9626027 0.4783509 2 P 0
L 0.9626027 0.4626005 0.9704747 0.4626005 2 P 0
L 0.9626027 0.4783509 0.9704747 0.4783509 2 P 0
L 0.9626027 0.4940966 0.9626027 0.509847 2 P 0
L 0.9626027 0.4940966 0.9704747 0.4940966 2 P 0
L 0.9626027 0.509847 0.9704747 0.509847 2 P 0
L 0.9626027 0.5255926 0.9626027 0.541343 2 P 0
L 0.9626027 0.5255926 0.9704747 0.5255926 2 P 0
L 0.9626027 0.541343 0.9704747 0.541343 2 P 0
L 0.9626027 0.5570887 0.9626027 0.5728391 2 P 0
L 0.9626027 0.5570887 0.9704747 0.5570887 2 P 0
L 0.9626027 0.5728391 0.9704747 0.5728391 2 P 0
L 0.9626027 0.5885848 0.9626027 0.6043352 2 P 0
L 0.9626027 0.5885848 0.9704747 0.5885848 2 P 0
L 0.9626027 0.6043352 0.9704747 0.6043352 2 P 0
L 0.9626027 0.6200808 0.9626027 0.6358312 2 P 0
L 0.9626027 0.6200808 0.9704747 0.6200808 2 P 0
L 0.9626027 0.6358312 0.9704747 0.6358312 2 P 0
L 0.9626027 0.6515769 0.9626027 0.6673273 2 P 0
L 0.9626027 0.6515769 0.9704747 0.6515769 2 P 0
L 0.9626027 0.6673273 0.9704747 0.6673273 2 P 0
L 0.9626027 0.6830729 0.9626027 0.6988233 2 P 0
L 0.9626027 0.6830729 0.9704747 0.6830729 2 P 0
L 0.9626027 0.6988233 0.9704747 0.6988233 2 P 0
L 0.9626027 0.714569 0.9626027 0.7303194 2 P 0
L 0.9626027 0.714569 0.9704747 0.714569 2 P 0
L 0.9626027 0.7303194 0.9704747 0.7303194 2 P 0
L 0.9626027 1.0482303 0.9626027 1.0639807 2 P 0
L 0.9626027 1.0482303 0.9704747 1.0482303 2 P 0
L 0.9626027 1.0639807 0.9704747 1.0639807 2 P 0
L 0.9626027 1.0797264 0.9626027 1.0954768 2 P 0
L 0.9626027 1.0797264 0.9704747 1.0797264 2 P 0
L 0.9626027 1.0954768 0.9704747 1.0954768 2 P 0
L 0.9626027 1.1112225 0.9626027 1.1269729 2 P 0
L 0.9626027 1.1112225 0.9704747 1.1112225 2 P 0
L 0.9626027 1.1269729 0.9704747 1.1269729 2 P 0
L 0.9626027 1.1427185 0.9626027 1.1584689 2 P 0
L 0.9626027 1.1427185 0.9704747 1.1427185 2 P 0
L 0.9626027 1.1584689 0.9704747 1.1584689 2 P 0
L 0.9626027 1.1742146 0.9626027 1.189965 2 P 0
L 0.9626027 1.1742146 0.9704747 1.1742146 2 P 0
L 0.9626027 1.189965 0.9704747 1.189965 2 P 0
L 0.9626027 1.2057107 0.9626027 1.2214611 2 P 0
L 0.9626027 1.2057107 0.9704747 1.2057107 2 P 0
L 0.9626027 1.2214611 0.9704747 1.2214611 2 P 0
L 0.9626027 1.2372067 0.9626027 1.2529571 2 P 0
L 0.9626027 1.2372067 0.9704747 1.2372067 2 P 0
L 0.9626027 1.2529571 0.9704747 1.2529571 2 P 0
L 0.9626027 1.2687028 0.9626027 1.2844532 2 P 0
L 0.9626027 1.2687028 0.9704747 1.2687028 2 P 0
L 0.9626027 1.2844532 0.9704747 1.2844532 2 P 0
L 0.9626027 1.3001988 0.9626027 1.3159492 2 P 0
L 0.9626027 1.3001988 0.9704747 1.3001988 2 P 0
L 0.9626027 1.3159492 0.9704747 1.3159492 2 P 0
L 0.9626027 1.3316949 0.9626027 1.3474453 2 P 0
L 0.9626027 1.3316949 0.9704747 1.3316949 2 P 0
L 0.9626027 1.3474453 0.9704747 1.3474453 2 P 0
L 0.9704747 0.4311044 0.9704747 0.4468548 2 P 0
L 0.9704747 0.4626005 0.9704747 0.4783509 2 P 0
L 0.9704747 0.4940966 0.9704747 0.509847 2 P 0
L 0.9704747 0.5255926 0.9704747 0.541343 2 P 0
L 0.9704747 0.5570887 0.9704747 0.5728391 2 P 0
L 0.9704747 0.5885848 0.9704747 0.6043352 2 P 0
L 0.9704747 0.6200808 0.9704747 0.6358312 2 P 0
L 0.9704747 0.6515769 0.9704747 0.6673273 2 P 0
L 0.9704747 0.6830729 0.9704747 0.6988233 2 P 0
L 0.9704747 0.714569 0.9704747 0.7303194 2 P 0
L 0.9704747 1.0482303 0.9704747 1.0639807 2 P 0
L 0.9704747 1.0797264 0.9704747 1.0954768 2 P 0
L 0.9704747 1.1112225 0.9704747 1.1269729 2 P 0
L 0.9704747 1.1427185 0.9704747 1.1584689 2 P 0
L 0.9704747 1.1742146 0.9704747 1.189965 2 P 0
L 0.9704747 1.2057107 0.9704747 1.2214611 2 P 0
L 0.9704747 1.2372067 0.9704747 1.2529571 2 P 0
L 0.9704747 1.2687028 0.9704747 1.2844532 2 P 0
L 0.9704747 1.3001988 0.9704747 1.3159492 2 P 0
L 0.9704747 1.3316949 0.9704747 1.3474453 2 P 0
L 0.973421 0.7578786 0.973421 0.7657506 2 P 0
L 0.973421 0.7578786 0.9891714 0.7578786 2 P 0
L 0.973421 0.7657506 0.9891714 0.7657506 2 P 0
L 0.973421 0.7775636 0.973421 0.7854356 2 P 0
L 0.973421 0.7775636 0.9891714 0.7775636 2 P 0
L 0.973421 0.7854356 0.9891714 0.7854356 2 P 0
L 0.973421 0.7972486 0.973421 0.8051206 2 P 0
L 0.973421 0.7972486 0.9891714 0.7972486 2 P 0
L 0.973421 0.8051206 0.9891714 0.8051206 2 P 0
L 0.973421 0.8169337 0.973421 0.8248057 2 P 0
L 0.973421 0.8169337 0.9891714 0.8169337 2 P 0
L 0.973421 0.8248057 0.9891714 0.8248057 2 P 0
L 0.9734211 0.8366187 0.9734211 0.8444907 2 P 0
L 0.9734211 0.8366187 0.9891715 0.8366187 2 P 0
L 0.9734211 0.8444907 0.9891715 0.8444907 2 P 0
L 0.9734211 0.8563037 0.9734211 0.8641757 2 P 0
L 0.9734211 0.8563037 0.9891715 0.8563037 2 P 0
L 0.9734211 0.8641757 0.9891715 0.8641757 2 P 0
L 0.9734211 0.8759887 0.9734211 0.8838607 2 P 0
L 0.9734211 0.8759887 0.9891715 0.8759887 2 P 0
L 0.9734211 0.8838607 0.9891715 0.8838607 2 P 0
L 0.9734211 0.8956738 0.9734211 0.9035458 2 P 0
L 0.9734211 0.8956738 0.9891715 0.8956738 2 P 0
L 0.9734211 0.9035458 0.9891715 0.9035458 2 P 0
L 0.9734211 0.9153588 0.9734211 0.9232308 2 P 0
L 0.9734211 0.9153588 0.9891715 0.9153588 2 P 0
L 0.9734211 0.9232308 0.9891715 0.9232308 2 P 0
L 0.9734211 0.9350439 0.9734211 0.9429159 2 P 0
L 0.9734211 0.9350439 0.9891715 0.9350439 2 P 0
L 0.9734211 0.9429159 0.9891715 0.9429159 2 P 0
L 0.9734211 0.9547289 0.9734211 0.9626009 2 P 0
L 0.9734211 0.9547289 0.9891715 0.9547289 2 P 0
L 0.9734211 0.9626009 0.9891715 0.9626009 2 P 0
L 0.9734211 0.9744139 0.9734211 0.9822859 2 P 0
L 0.9734211 0.9744139 0.9891715 0.9744139 2 P 0
L 0.9734211 0.9822859 0.9891715 0.9822859 2 P 0
L 0.9734211 0.994099 0.9734211 1.001971 2 P 0
L 0.9734211 0.994099 0.9891715 0.994099 2 P 0
L 0.9734211 1.001971 0.9891715 1.001971 2 P 0
L 0.9734211 1.013784 0.9734211 1.021656 2 P 0
L 0.9734211 1.013784 0.9891715 1.013784 2 P 0
L 0.9734211 1.021656 0.9891715 1.021656 2 P 0
L 0.9822877 0.4311044 0.9822877 0.4468548 2 P 0
L 0.9822877 0.4311044 0.9901597 0.4311044 2 P 0
L 0.9822877 0.4468548 0.9901597 0.4468548 2 P 0
L 0.9822877 0.4626005 0.9822877 0.4783509 2 P 0
L 0.9822877 0.4626005 0.9901597 0.4626005 2 P 0
L 0.9822877 0.4783509 0.9901597 0.4783509 2 P 0
L 0.9822877 0.4940966 0.9822877 0.509847 2 P 0
L 0.9822877 0.4940966 0.9901597 0.4940966 2 P 0
L 0.9822877 0.509847 0.9901597 0.509847 2 P 0
L 0.9822877 0.5255926 0.9822877 0.541343 2 P 0
L 0.9822877 0.5255926 0.9901597 0.5255926 2 P 0
L 0.9822877 0.541343 0.9901597 0.541343 2 P 0
L 0.9822877 0.5570887 0.9822877 0.5728391 2 P 0
L 0.9822877 0.5570887 0.9901597 0.5570887 2 P 0
L 0.9822877 0.5728391 0.9901597 0.5728391 2 P 0
L 0.9822877 0.5885848 0.9822877 0.6043352 2 P 0
L 0.9822877 0.5885848 0.9901597 0.5885848 2 P 0
L 0.9822877 0.6043352 0.9901597 0.6043352 2 P 0
L 0.9822877 0.6200808 0.9822877 0.6358312 2 P 0
L 0.9822877 0.6200808 0.9901597 0.6200808 2 P 0
L 0.9822877 0.6358312 0.9901597 0.6358312 2 P 0
L 0.9822877 0.6515769 0.9822877 0.6673273 2 P 0
L 0.9822877 0.6515769 0.9901597 0.6515769 2 P 0
L 0.9822877 0.6673273 0.9901597 0.6673273 2 P 0
L 0.9822877 0.6830729 0.9822877 0.6988233 2 P 0
L 0.9822877 0.6830729 0.9901597 0.6830729 2 P 0
L 0.9822877 0.6988233 0.9901597 0.6988233 2 P 0
L 0.9822877 0.714569 0.9822877 0.7303194 2 P 0
L 0.9822877 0.714569 0.9901597 0.714569 2 P 0
L 0.9822877 0.7303194 0.9901597 0.7303194 2 P 0
L 0.9822877 1.0482303 0.9822877 1.0639807 2 P 0
L 0.9822877 1.0482303 0.9901597 1.0482303 2 P 0
L 0.9822877 1.0639807 0.9901597 1.0639807 2 P 0
L 0.9822877 1.0797264 0.9822877 1.0954768 2 P 0
L 0.9822877 1.0797264 0.9901597 1.0797264 2 P 0
L 0.9822877 1.0954768 0.9901597 1.0954768 2 P 0
L 0.9822877 1.1112225 0.9822877 1.1269729 2 P 0
L 0.9822877 1.1112225 0.9901597 1.1112225 2 P 0
L 0.9822877 1.1269729 0.9901597 1.1269729 2 P 0
L 0.9822877 1.1427185 0.9822877 1.1584689 2 P 0
L 0.9822877 1.1427185 0.9901597 1.1427185 2 P 0
L 0.9822877 1.1584689 0.9901597 1.1584689 2 P 0
L 0.9822877 1.1742146 0.9822877 1.189965 2 P 0
L 0.9822877 1.1742146 0.9901597 1.1742146 2 P 0
L 0.9822877 1.189965 0.9901597 1.189965 2 P 0
L 0.9822877 1.2057107 0.9822877 1.2214611 2 P 0
L 0.9822877 1.2057107 0.9901597 1.2057107 2 P 0
L 0.9822877 1.2214611 0.9901597 1.2214611 2 P 0
L 0.9822877 1.2372067 0.9822877 1.2529571 2 P 0
L 0.9822877 1.2372067 0.9901597 1.2372067 2 P 0
L 0.9822877 1.2529571 0.9901597 1.2529571 2 P 0
L 0.9822877 1.2687028 0.9822877 1.2844532 2 P 0
L 0.9822877 1.2687028 0.9901597 1.2687028 2 P 0
L 0.9822877 1.2844532 0.9901597 1.2844532 2 P 0
L 0.9822877 1.3001988 0.9822877 1.3159492 2 P 0
L 0.9822877 1.3001988 0.9901597 1.3001988 2 P 0
L 0.9822877 1.3159492 0.9901597 1.3159492 2 P 0
L 0.9822877 1.3316949 0.9822877 1.3474453 2 P 0
L 0.9822877 1.3316949 0.9901597 1.3316949 2 P 0
L 0.9822877 1.3474453 0.9901597 1.3474453 2 P 0
L 0.9891714 0.7578786 0.9891714 0.7657506 2 P 0
L 0.9891714 0.7775636 0.9891714 0.7854356 2 P 0
L 0.9891714 0.7972486 0.9891714 0.8051206 2 P 0
L 0.9891714 0.8169337 0.9891714 0.8248057 2 P 0
L 0.9891715 0.8366187 0.9891715 0.8444907 2 P 0
L 0.9891715 0.8563037 0.9891715 0.8641757 2 P 0
L 0.9891715 0.8759887 0.9891715 0.8838607 2 P 0
L 0.9891715 0.8956738 0.9891715 0.9035458 2 P 0
L 0.9891715 0.9153588 0.9891715 0.9232308 2 P 0
L 0.9891715 0.9350439 0.9891715 0.9429159 2 P 0
L 0.9891715 0.9547289 0.9891715 0.9626009 2 P 0
L 0.9891715 0.9744139 0.9891715 0.9822859 2 P 0
L 0.9891715 0.994099 0.9891715 1.001971 2 P 0
L 0.9891715 1.013784 0.9891715 1.021656 2 P 0
L 0.9901597 0.4311044 0.9901597 0.4468548 2 P 0
L 0.9901597 0.4626005 0.9901597 0.4783509 2 P 0
L 0.9901597 0.4940966 0.9901597 0.509847 2 P 0
L 0.9901597 0.5255926 0.9901597 0.541343 2 P 0
L 0.9901597 0.5570887 0.9901597 0.5728391 2 P 0
L 0.9901597 0.5885848 0.9901597 0.6043352 2 P 0
L 0.9901597 0.6200808 0.9901597 0.6358312 2 P 0
L 0.9901597 0.6515769 0.9901597 0.6673273 2 P 0
L 0.9901597 0.6830729 0.9901597 0.6988233 2 P 0
L 0.9901597 0.714569 0.9901597 0.7303194 2 P 0
L 0.9901597 1.0482303 0.9901597 1.0639807 2 P 0
L 0.9901597 1.0797264 0.9901597 1.0954768 2 P 0
L 0.9901597 1.1112225 0.9901597 1.1269729 2 P 0
L 0.9901597 1.1427185 0.9901597 1.1584689 2 P 0
L 0.9901597 1.1742146 0.9901597 1.189965 2 P 0
L 0.9901597 1.2057107 0.9901597 1.2214611 2 P 0
L 0.9901597 1.2372067 0.9901597 1.2529571 2 P 0
L 0.9901597 1.2687028 0.9901597 1.2844532 2 P 0
L 0.9901597 1.3001988 0.9901597 1.3159492 2 P 0
L 0.9901597 1.3316949 0.9901597 1.3474453 2 P 0
L 1.0157436 0.4291317 1.0157436 0.4370037 2 P 0
L 1.0157436 0.4291317 1.031494 0.4291317 2 P 0
L 1.0157436 0.4370037 1.031494 0.4370037 2 P 0
L 1.0157436 0.5078719 1.0157436 0.5157439 2 P 0
L 1.0157436 0.5078719 1.031494 0.5078719 2 P 0
L 1.0157436 0.5157439 1.031494 0.5157439 2 P 0
L 1.0157436 0.586612 1.0157436 0.594484 2 P 0
L 1.0157436 0.586612 1.031494 0.586612 2 P 0
L 1.0157436 0.594484 1.031494 0.594484 2 P 0
L 1.0157436 0.6653522 1.0157436 0.6732242 2 P 0
L 1.0157436 0.6653522 1.031494 0.6653522 2 P 0
L 1.0157436 0.6732242 1.031494 0.6732242 2 P 0
L 1.0157436 0.7440924 1.0157436 0.7519644 2 P 0
L 1.0157436 0.7440924 1.031494 0.7440924 2 P 0
L 1.0157436 0.7519644 1.031494 0.7519644 2 P 0
L 1.0196828 0.8976398 1.0196828 0.9133902 2 P 0
L 1.0196828 0.8976398 1.0275548 0.8976398 2 P 0
L 1.0196828 0.9133902 1.0275548 0.9133902 2 P 0
L 1.0196828 0.968506 1.0196828 0.9842564 2 P 0
L 1.0196828 0.968506 1.0275548 0.968506 2 P 0
L 1.0196828 0.9842564 1.0275548 0.9842564 2 P 0
L 1.0196828 1.0433091 1.0196828 1.0590595 2 P 0
L 1.0196828 1.0433091 1.0275548 1.0433091 2 P 0
L 1.0196828 1.0590595 1.0275548 1.0590595 2 P 0
L 1.0196828 1.1141752 1.0196828 1.1299256 2 P 0
L 1.0196828 1.1141752 1.0275548 1.1141752 2 P 0
L 1.0196828 1.1299256 1.0275548 1.1299256 2 P 0
L 1.0275548 0.8976398 1.0275548 0.9133902 2 P 0
L 1.0275548 0.968506 1.0275548 0.9842564 2 P 0
L 1.0275548 1.0433091 1.0275548 1.0590595 2 P 0
L 1.0275548 1.1141752 1.0275548 1.1299256 2 P 0
L 1.031494 0.4291317 1.031494 0.4370037 2 P 0
L 1.031494 0.5078719 1.031494 0.5157439 2 P 0
L 1.031494 0.586612 1.031494 0.594484 2 P 0
L 1.031494 0.6653522 1.031494 0.6732242 2 P 0
L 1.031494 0.7440924 1.031494 0.7519644 2 P 0
L 1.0944838 0.4291317 1.0944838 0.4370037 2 P 0
L 1.0944838 0.4291317 1.1102342 0.4291317 2 P 0
L 1.0944838 0.4370037 1.1102342 0.4370037 2 P 0
L 1.0944838 0.5078719 1.0944838 0.5157439 2 P 0
L 1.0944838 0.5078719 1.1102342 0.5078719 2 P 0
L 1.0944838 0.5157439 1.1102342 0.5157439 2 P 0
L 1.0944838 0.586612 1.0944838 0.594484 2 P 0
L 1.0944838 0.586612 1.1102342 0.586612 2 P 0
L 1.0944838 0.594484 1.1102342 0.594484 2 P 0
L 1.0944838 0.6653522 1.0944838 0.6732242 2 P 0
L 1.0944838 0.6653522 1.1102342 0.6653522 2 P 0
L 1.0944838 0.6732242 1.1102342 0.6732242 2 P 0
L 1.0944838 0.7440924 1.0944838 0.7519644 2 P 0
L 1.0944838 0.7440924 1.1102342 0.7440924 2 P 0
L 1.0944838 0.7519644 1.1102342 0.7519644 2 P 0
L 1.098423 0.8976398 1.098423 0.9133902 2 P 0
L 1.098423 0.8976398 1.106295 0.8976398 2 P 0
L 1.098423 0.9133902 1.106295 0.9133902 2 P 0
L 1.098423 0.968506 1.098423 0.9842564 2 P 0
L 1.098423 0.968506 1.106295 0.968506 2 P 0
L 1.098423 0.9842564 1.106295 0.9842564 2 P 0
L 1.098423 1.0433091 1.098423 1.0590595 2 P 0
L 1.098423 1.0433091 1.106295 1.0433091 2 P 0
L 1.098423 1.0590595 1.106295 1.0590595 2 P 0
L 1.098423 1.1141752 1.098423 1.1299256 2 P 0
L 1.098423 1.1141752 1.106295 1.1141752 2 P 0
L 1.098423 1.1299256 1.106295 1.1299256 2 P 0
L 1.106295 0.8976398 1.106295 0.9133902 2 P 0
L 1.106295 0.968506 1.106295 0.9842564 2 P 0
L 1.106295 1.0433091 1.106295 1.0590595 2 P 0
L 1.106295 1.1141752 1.106295 1.1299256 2 P 0
L 1.1102342 0.4291317 1.1102342 0.4370037 2 P 0
L 1.1102342 0.5078719 1.1102342 0.5157439 2 P 0
L 1.1102342 0.586612 1.1102342 0.594484 2 P 0
L 1.1102342 0.6653522 1.1102342 0.6732242 2 P 0
L 1.1102342 0.7440924 1.1102342 0.7519644 2 P 0
L 1.1604375 0.4330738 1.1604375 0.4566962 1 P 0
L 1.1604375 0.4330738 1.1722455 0.4330738 1 P 0
L 1.1604375 0.4566962 1.1722455 0.4566962 1 P 0
L 1.1604375 0.4763809 1.1604375 0.5000033 1 P 0
L 1.1604375 0.4763809 1.1722455 0.4763809 1 P 0
L 1.1604375 0.5000033 1.1722455 0.5000033 1 P 0
L 1.1604375 0.519688 1.1604375 0.5433104 1 P 0
L 1.1604375 0.519688 1.1722455 0.519688 1 P 0
L 1.1604375 0.5433104 1.1722455 0.5433104 1 P 0
L 1.1604375 0.5629951 1.1604375 0.5866175 1 P 0
L 1.1604375 0.5629951 1.1722455 0.5629951 1 P 0
L 1.1604375 0.5866175 1.1722455 0.5866175 1 P 0
L 1.1604375 0.6063022 1.1604375 0.6299246 1 P 0
L 1.1604375 0.6063022 1.1722455 0.6063022 1 P 0
L 1.1604375 0.6299246 1.1722455 0.6299246 1 P 0
L 1.1604375 0.6496093 1.1604375 0.6732317 1 P 0
L 1.1604375 0.6496093 1.1722455 0.6496093 1 P 0
L 1.1604375 0.6732317 1.1722455 0.6732317 1 P 0
L 1.1604375 0.6929164 1.1604375 0.7165388 1 P 0
L 1.1604375 0.6929164 1.1722455 0.6929164 1 P 0
L 1.1604375 0.7165388 1.1722455 0.7165388 1 P 0
L 1.1604375 0.7362234 1.1604375 0.7598458 1 P 0
L 1.1604375 0.7362234 1.1722455 0.7362234 1 P 0
L 1.1604375 0.7598458 1.1722455 0.7598458 1 P 0
L 1.1604375 0.7795305 1.1604375 0.8031529 1 P 0
L 1.1604375 0.7795305 1.1722455 0.7795305 1 P 0
L 1.1604375 0.8031529 1.1722455 0.8031529 1 P 0
L 1.1604375 0.8228376 1.1604375 0.84646 1 P 0
L 1.1604375 0.8228376 1.1722455 0.8228376 1 P 0
L 1.1604375 0.84646 1.1722455 0.84646 1 P 0
L 1.1604376 0.9311053 1.1604376 0.9547277 1 P 0
L 1.1604376 0.9311053 1.1722456 0.9311053 1 P 0
L 1.1604376 0.9547277 1.1722456 0.9547277 1 P 0
L 1.1604376 0.9744124 1.1604376 0.9980348 1 P 0
L 1.1604376 0.9744124 1.1722456 0.9744124 1 P 0
L 1.1604376 0.9980348 1.1722456 0.9980348 1 P 0
L 1.1604376 1.0177195 1.1604376 1.0413419 1 P 0
L 1.1604376 1.0177195 1.1722456 1.0177195 1 P 0
L 1.1604376 1.0413419 1.1722456 1.0413419 1 P 0
L 1.1604376 1.0610266 1.1604376 1.084649 1 P 0
L 1.1604376 1.0610266 1.1722456 1.0610266 1 P 0
L 1.1604376 1.084649 1.1722456 1.084649 1 P 0
L 1.1604376 1.1043337 1.1604376 1.1279561 1 P 0
L 1.1604376 1.1043337 1.1722456 1.1043337 1 P 0
L 1.1604376 1.1279561 1.1722456 1.1279561 1 P 0
L 1.1604376 1.1476408 1.1604376 1.1712632 1 P 0
L 1.1604376 1.1476408 1.1722456 1.1476408 1 P 0
L 1.1604376 1.1712632 1.1722456 1.1712632 1 P 0
L 1.1604376 1.1909479 1.1604376 1.2145703 1 P 0
L 1.1604376 1.1909479 1.1722456 1.1909479 1 P 0
L 1.1604376 1.2145703 1.1722456 1.2145703 1 P 0
L 1.1604376 1.2342549 1.1604376 1.2578773 1 P 0
L 1.1604376 1.2342549 1.1722456 1.2342549 1 P 0
L 1.1604376 1.2578773 1.1722456 1.2578773 1 P 0
L 1.1604376 1.277562 1.1604376 1.3011844 1 P 0
L 1.1604376 1.277562 1.1722456 1.277562 1 P 0
L 1.1604376 1.3011844 1.1722456 1.3011844 1 P 0
L 1.1604376 1.3208691 1.1604376 1.3444915 1 P 0
L 1.1604376 1.3208691 1.1722456 1.3208691 1 P 0
L 1.1604376 1.3444915 1.1722456 1.3444915 1 P 0
L 1.1722455 0.4330738 1.1722455 0.4566962 1 P 0
L 1.1722455 0.4763809 1.1722455 0.5000033 1 P 0
L 1.1722455 0.519688 1.1722455 0.5433104 1 P 0
L 1.1722455 0.5629951 1.1722455 0.5866175 1 P 0
L 1.1722455 0.6063022 1.1722455 0.6299246 1 P 0
L 1.1722455 0.6496093 1.1722455 0.6732317 1 P 0
L 1.1722455 0.6929164 1.1722455 0.7165388 1 P 0
L 1.1722455 0.7362234 1.1722455 0.7598458 1 P 0
L 1.1722455 0.7795305 1.1722455 0.8031529 1 P 0
L 1.1722455 0.8228376 1.1722455 0.84646 1 P 0
L 1.1722456 0.9311053 1.1722456 0.9547277 1 P 0
L 1.1722456 0.9744124 1.1722456 0.9980348 1 P 0
L 1.1722456 1.0177195 1.1722456 1.0413419 1 P 0
L 1.1722456 1.0610266 1.1722456 1.084649 1 P 0
L 1.1722456 1.1043337 1.1722456 1.1279561 1 P 0
L 1.1722456 1.1476408 1.1722456 1.1712632 1 P 0
L 1.1722456 1.1909479 1.1722456 1.2145703 1 P 0
L 1.1722456 1.2342549 1.1722456 1.2578773 1 P 0
L 1.1722456 1.277562 1.1722456 1.3011844 1 P 0
L 1.1722456 1.3208691 1.1722456 1.3444915 1 P 0
L 1.1732239 0.4291317 1.1732239 0.4370037 2 P 0
L 1.1732239 0.4291317 1.1889743 0.4291317 2 P 0
L 1.1732239 0.4370037 1.1889743 0.4370037 2 P 0
L 1.1732239 0.5078719 1.1732239 0.5157439 2 P 0
L 1.1732239 0.5078719 1.1889743 0.5078719 2 P 0
L 1.1732239 0.5157439 1.1889743 0.5157439 2 P 0
L 1.1732239 0.586612 1.1732239 0.594484 2 P 0
L 1.1732239 0.586612 1.1889743 0.586612 2 P 0
L 1.1732239 0.594484 1.1889743 0.594484 2 P 0
L 1.1732239 0.6653522 1.1732239 0.6732242 2 P 0
L 1.1732239 0.6653522 1.1889743 0.6653522 2 P 0
L 1.1732239 0.6732242 1.1889743 0.6732242 2 P 0
L 1.1732239 0.7440924 1.1732239 0.7519644 2 P 0
L 1.1732239 0.7440924 1.1889743 0.7440924 2 P 0
L 1.1732239 0.7519644 1.1889743 0.7519644 2 P 0
L 1.1771632 0.8976398 1.1771632 0.9133902 2 P 0
L 1.1771632 0.8976398 1.1850352 0.8976398 2 P 0
L 1.1771632 0.9133902 1.1850352 0.9133902 2 P 0
L 1.1771632 0.968506 1.1771632 0.9842564 2 P 0
L 1.1771632 0.968506 1.1850352 0.968506 2 P 0
L 1.1771632 0.9842564 1.1850352 0.9842564 2 P 0
L 1.1771632 1.0433091 1.1771632 1.0590595 2 P 0
L 1.1771632 1.0433091 1.1850352 1.0433091 2 P 0
L 1.1771632 1.0590595 1.1850352 1.0590595 2 P 0
L 1.1771632 1.1141752 1.1771632 1.1299256 2 P 0
L 1.1771632 1.1141752 1.1850352 1.1141752 2 P 0
L 1.1771632 1.1299256 1.1850352 1.1299256 2 P 0
L 1.1791372 3.2460663 1.1791372 3.4468535 0 P 0
L 1.1791372 3.2460663 1.3799244 3.2460663 0 P 0
L 1.1791372 3.4468535 1.3799244 3.4468535 0 P 0
L 1.1791372 3.6397671 1.1791372 3.8405543 0 P 0
L 1.1791372 3.6397671 1.3799244 3.6397671 0 P 0
L 1.1791372 3.8405543 1.3799244 3.8405543 0 P 0
L 1.1840596 0.4330738 1.1840596 0.4566962 1 P 0
L 1.1840596 0.4330738 1.1958676 0.4330738 1 P 0
L 1.1840596 0.4566962 1.1958676 0.4566962 1 P 0
L 1.1840596 0.4763809 1.1840596 0.5000033 1 P 0
L 1.1840596 0.4763809 1.1958676 0.4763809 1 P 0
L 1.1840596 0.5000033 1.1958676 0.5000033 1 P 0
L 1.1840596 0.519688 1.1840596 0.5433104 1 P 0
L 1.1840596 0.519688 1.1958676 0.519688 1 P 0
L 1.1840596 0.5433104 1.1958676 0.5433104 1 P 0
L 1.1840596 0.5629951 1.1840596 0.5866175 1 P 0
L 1.1840596 0.5629951 1.1958676 0.5629951 1 P 0
L 1.1840596 0.5866175 1.1958676 0.5866175 1 P 0
L 1.1840596 0.6063022 1.1840596 0.6299246 1 P 0
L 1.1840596 0.6063022 1.1958676 0.6063022 1 P 0
L 1.1840596 0.6299246 1.1958676 0.6299246 1 P 0
L 1.1840596 0.6496093 1.1840596 0.6732317 1 P 0
L 1.1840596 0.6496093 1.1958676 0.6496093 1 P 0
L 1.1840596 0.6732317 1.1958676 0.6732317 1 P 0
L 1.1840596 0.6929164 1.1840596 0.7165388 1 P 0
L 1.1840596 0.6929164 1.1958676 0.6929164 1 P 0
L 1.1840596 0.7165388 1.1958676 0.7165388 1 P 0
L 1.1840596 0.7362234 1.1840596 0.7598458 1 P 0
L 1.1840596 0.7362234 1.1958676 0.7362234 1 P 0
L 1.1840596 0.7598458 1.1958676 0.7598458 1 P 0
L 1.1840596 0.7795305 1.1840596 0.8031529 1 P 0
L 1.1840596 0.7795305 1.1958676 0.7795305 1 P 0
L 1.1840596 0.8031529 1.1958676 0.8031529 1 P 0
L 1.1840596 0.8228376 1.1840596 0.84646 1 P 0
L 1.1840596 0.8228376 1.1958676 0.8228376 1 P 0
L 1.1840596 0.84646 1.1958676 0.84646 1 P 0
L 1.1840597 0.9311053 1.1840597 0.9547277 1 P 0
L 1.1840597 0.9311053 1.1958677 0.9311053 1 P 0
L 1.1840597 0.9547277 1.1958677 0.9547277 1 P 0
L 1.1840597 0.9744124 1.1840597 0.9980348 1 P 0
L 1.1840597 0.9744124 1.1958677 0.9744124 1 P 0
L 1.1840597 0.9980348 1.1958677 0.9980348 1 P 0
L 1.1840597 1.0177195 1.1840597 1.0413419 1 P 0
L 1.1840597 1.0177195 1.1958677 1.0177195 1 P 0
L 1.1840597 1.0413419 1.1958677 1.0413419 1 P 0
L 1.1840597 1.0610266 1.1840597 1.084649 1 P 0
L 1.1840597 1.0610266 1.1958677 1.0610266 1 P 0
L 1.1840597 1.084649 1.1958677 1.084649 1 P 0
L 1.1840597 1.1043337 1.1840597 1.1279561 1 P 0
L 1.1840597 1.1043337 1.1958677 1.1043337 1 P 0
L 1.1840597 1.1279561 1.1958677 1.1279561 1 P 0
L 1.1840597 1.1476408 1.1840597 1.1712632 1 P 0
L 1.1840597 1.1476408 1.1958677 1.1476408 1 P 0
L 1.1840597 1.1712632 1.1958677 1.1712632 1 P 0
L 1.1840597 1.1909479 1.1840597 1.2145703 1 P 0
L 1.1840597 1.1909479 1.1958677 1.1909479 1 P 0
L 1.1840597 1.2145703 1.1958677 1.2145703 1 P 0
L 1.1840597 1.2342549 1.1840597 1.2578773 1 P 0
L 1.1840597 1.2342549 1.1958677 1.2342549 1 P 0
L 1.1840597 1.2578773 1.1958677 1.2578773 1 P 0
L 1.1840597 1.277562 1.1840597 1.3011844 1 P 0
L 1.1840597 1.277562 1.1958677 1.277562 1 P 0
L 1.1840597 1.3011844 1.1958677 1.3011844 1 P 0
L 1.1840597 1.3208691 1.1840597 1.3444915 1 P 0
L 1.1840597 1.3208691 1.1958677 1.3208691 1 P 0
L 1.1840597 1.3444915 1.1958677 1.3444915 1 P 0
L 1.1850352 0.8976398 1.1850352 0.9133902 2 P 0
L 1.1850352 0.968506 1.1850352 0.9842564 2 P 0
L 1.1850352 1.0433091 1.1850352 1.0590595 2 P 0
L 1.1850352 1.1141752 1.1850352 1.1299256 2 P 0
L 1.1889743 0.4291317 1.1889743 0.4370037 2 P 0
L 1.1889743 0.5078719 1.1889743 0.5157439 2 P 0
L 1.1889743 0.586612 1.1889743 0.594484 2 P 0
L 1.1889743 0.6653522 1.1889743 0.6732242 2 P 0
L 1.1889743 0.7440924 1.1889743 0.7519644 2 P 0
L 1.1958676 0.4330738 1.1958676 0.4566962 1 P 0
L 1.1958676 0.4763809 1.1958676 0.5000033 1 P 0
L 1.1958676 0.519688 1.1958676 0.5433104 1 P 0
L 1.1958676 0.5629951 1.1958676 0.5866175 1 P 0
L 1.1958676 0.6063022 1.1958676 0.6299246 1 P 0
L 1.1958676 0.6496093 1.1958676 0.6732317 1 P 0
L 1.1958676 0.6929164 1.1958676 0.7165388 1 P 0
L 1.1958676 0.7362234 1.1958676 0.7598458 1 P 0
L 1.1958676 0.7795305 1.1958676 0.8031529 1 P 0
L 1.1958676 0.8228376 1.1958676 0.84646 1 P 0
L 1.1958677 0.9311053 1.1958677 0.9547277 1 P 0
L 1.1958677 0.9744124 1.1958677 0.9980348 1 P 0
L 1.1958677 1.0177195 1.1958677 1.0413419 1 P 0
L 1.1958677 1.0610266 1.1958677 1.084649 1 P 0
L 1.1958677 1.1043337 1.1958677 1.1279561 1 P 0
L 1.1958677 1.1476408 1.1958677 1.1712632 1 P 0
L 1.1958677 1.1909479 1.1958677 1.2145703 1 P 0
L 1.1958677 1.2342549 1.1958677 1.2578773 1 P 0
L 1.1958677 1.277562 1.1958677 1.3011844 1 P 0
L 1.1958677 1.3208691 1.1958677 1.3444915 1 P 0
L 1.2076816 0.4330738 1.2076816 0.4566962 1 P 0
L 1.2076816 0.4330738 1.2194896 0.4330738 1 P 0
L 1.2076816 0.4566962 1.2194896 0.4566962 1 P 0
L 1.2076816 0.4763809 1.2076816 0.5000033 1 P 0
L 1.2076816 0.4763809 1.2194896 0.4763809 1 P 0
L 1.2076816 0.5000033 1.2194896 0.5000033 1 P 0
L 1.2076816 0.519688 1.2076816 0.5433104 1 P 0
L 1.2076816 0.519688 1.2194896 0.519688 1 P 0
L 1.2076816 0.5433104 1.2194896 0.5433104 1 P 0
L 1.2076816 0.5629951 1.2076816 0.5866175 1 P 0
L 1.2076816 0.5629951 1.2194896 0.5629951 1 P 0
L 1.2076816 0.5866175 1.2194896 0.5866175 1 P 0
L 1.2076816 0.6063022 1.2076816 0.6299246 1 P 0
L 1.2076816 0.6063022 1.2194896 0.6063022 1 P 0
L 1.2076816 0.6299246 1.2194896 0.6299246 1 P 0
L 1.2076816 0.6496093 1.2076816 0.6732317 1 P 0
L 1.2076816 0.6496093 1.2194896 0.6496093 1 P 0
L 1.2076816 0.6732317 1.2194896 0.6732317 1 P 0
L 1.2076816 0.6929164 1.2076816 0.7165388 1 P 0
L 1.2076816 0.6929164 1.2194896 0.6929164 1 P 0
L 1.2076816 0.7165388 1.2194896 0.7165388 1 P 0
L 1.2076816 0.7362234 1.2076816 0.7598458 1 P 0
L 1.2076816 0.7362234 1.2194896 0.7362234 1 P 0
L 1.2076816 0.7598458 1.2194896 0.7598458 1 P 0
L 1.2076816 0.7795305 1.2076816 0.8031529 1 P 0
L 1.2076816 0.7795305 1.2194896 0.7795305 1 P 0
L 1.2076816 0.8031529 1.2194896 0.8031529 1 P 0
L 1.2076816 0.8228376 1.2076816 0.84646 1 P 0
L 1.2076816 0.8228376 1.2194896 0.8228376 1 P 0
L 1.2076816 0.84646 1.2194896 0.84646 1 P 0
L 1.2076817 0.9311053 1.2076817 0.9547277 1 P 0
L 1.2076817 0.9311053 1.2194897 0.9311053 1 P 0
L 1.2076817 0.9547277 1.2194897 0.9547277 1 P 0
L 1.2076817 0.9744124 1.2076817 0.9980348 1 P 0
L 1.2076817 0.9744124 1.2194897 0.9744124 1 P 0
L 1.2076817 0.9980348 1.2194897 0.9980348 1 P 0
L 1.2076817 1.0177195 1.2076817 1.0413419 1 P 0
L 1.2076817 1.0177195 1.2194897 1.0177195 1 P 0
L 1.2076817 1.0413419 1.2194897 1.0413419 1 P 0
L 1.2076817 1.0610266 1.2076817 1.084649 1 P 0
L 1.2076817 1.0610266 1.2194897 1.0610266 1 P 0
L 1.2076817 1.084649 1.2194897 1.084649 1 P 0
L 1.2076817 1.1043337 1.2076817 1.1279561 1 P 0
L 1.2076817 1.1043337 1.2194897 1.1043337 1 P 0
L 1.2076817 1.1279561 1.2194897 1.1279561 1 P 0
L 1.2076817 1.1476408 1.2076817 1.1712632 1 P 0
L 1.2076817 1.1476408 1.2194897 1.1476408 1 P 0
L 1.2076817 1.1712632 1.2194897 1.1712632 1 P 0
L 1.2076817 1.1909479 1.2076817 1.2145703 1 P 0
L 1.2076817 1.1909479 1.2194897 1.1909479 1 P 0
L 1.2076817 1.2145703 1.2194897 1.2145703 1 P 0
L 1.2076817 1.2342549 1.2076817 1.2578773 1 P 0
L 1.2076817 1.2342549 1.2194897 1.2342549 1 P 0
L 1.2076817 1.2578773 1.2194897 1.2578773 1 P 0
L 1.2076817 1.277562 1.2076817 1.3011844 1 P 0
L 1.2076817 1.277562 1.2194897 1.277562 1 P 0
L 1.2076817 1.3011844 1.2194897 1.3011844 1 P 0
L 1.2076817 1.3208691 1.2076817 1.3444915 1 P 0
L 1.2076817 1.3208691 1.2194897 1.3208691 1 P 0
L 1.2076817 1.3444915 1.2194897 1.3444915 1 P 0
L 1.2194896 0.4330738 1.2194896 0.4566962 1 P 0
L 1.2194896 0.4763809 1.2194896 0.5000033 1 P 0
L 1.2194896 0.519688 1.2194896 0.5433104 1 P 0
L 1.2194896 0.5629951 1.2194896 0.5866175 1 P 0
L 1.2194896 0.6063022 1.2194896 0.6299246 1 P 0
L 1.2194896 0.6496093 1.2194896 0.6732317 1 P 0
L 1.2194896 0.6929164 1.2194896 0.7165388 1 P 0
L 1.2194896 0.7362234 1.2194896 0.7598458 1 P 0
L 1.2194896 0.7795305 1.2194896 0.8031529 1 P 0
L 1.2194896 0.8228376 1.2194896 0.84646 1 P 0
L 1.2194897 0.9311053 1.2194897 0.9547277 1 P 0
L 1.2194897 0.9744124 1.2194897 0.9980348 1 P 0
L 1.2194897 1.0177195 1.2194897 1.0413419 1 P 0
L 1.2194897 1.0610266 1.2194897 1.084649 1 P 0
L 1.2194897 1.1043337 1.2194897 1.1279561 1 P 0
L 1.2194897 1.1476408 1.2194897 1.1712632 1 P 0
L 1.2194897 1.1909479 1.2194897 1.2145703 1 P 0
L 1.2194897 1.2342549 1.2194897 1.2578773 1 P 0
L 1.2194897 1.277562 1.2194897 1.3011844 1 P 0
L 1.2194897 1.3208691 1.2194897 1.3444915 1 P 0
L 1.2313037 0.4330738 1.2313037 0.4566962 1 P 0
L 1.2313037 0.4330738 1.2431117 0.4330738 1 P 0
L 1.2313037 0.4566962 1.2431117 0.4566962 1 P 0
L 1.2313037 0.4763809 1.2313037 0.5000033 1 P 0
L 1.2313037 0.4763809 1.2431117 0.4763809 1 P 0
L 1.2313037 0.5000033 1.2431117 0.5000033 1 P 0
L 1.2313037 0.519688 1.2313037 0.5433104 1 P 0
L 1.2313037 0.519688 1.2431117 0.519688 1 P 0
L 1.2313037 0.5433104 1.2431117 0.5433104 1 P 0
L 1.2313037 0.5629951 1.2313037 0.5866175 1 P 0
L 1.2313037 0.5629951 1.2431117 0.5629951 1 P 0
L 1.2313037 0.5866175 1.2431117 0.5866175 1 P 0
L 1.2313037 0.6063022 1.2313037 0.6299246 1 P 0
L 1.2313037 0.6063022 1.2431117 0.6063022 1 P 0
L 1.2313037 0.6299246 1.2431117 0.6299246 1 P 0
L 1.2313037 0.6496093 1.2313037 0.6732317 1 P 0
L 1.2313037 0.6496093 1.2431117 0.6496093 1 P 0
L 1.2313037 0.6732317 1.2431117 0.6732317 1 P 0
L 1.2313037 0.6929164 1.2313037 0.7165388 1 P 0
L 1.2313037 0.6929164 1.2431117 0.6929164 1 P 0
L 1.2313037 0.7165388 1.2431117 0.7165388 1 P 0
L 1.2313037 0.7362234 1.2313037 0.7598458 1 P 0
L 1.2313037 0.7362234 1.2431117 0.7362234 1 P 0
L 1.2313037 0.7598458 1.2431117 0.7598458 1 P 0
L 1.2313037 0.7795305 1.2313037 0.8031529 1 P 0
L 1.2313037 0.7795305 1.2431117 0.7795305 1 P 0
L 1.2313037 0.8031529 1.2431117 0.8031529 1 P 0
L 1.2313037 0.8228376 1.2313037 0.84646 1 P 0
L 1.2313037 0.8228376 1.2431117 0.8228376 1 P 0
L 1.2313037 0.84646 1.2431117 0.84646 1 P 0
L 1.2313038 0.9311053 1.2313038 0.9547277 1 P 0
L 1.2313038 0.9311053 1.2431118 0.9311053 1 P 0
L 1.2313038 0.9547277 1.2431118 0.9547277 1 P 0
L 1.2313038 0.9744124 1.2313038 0.9980348 1 P 0
L 1.2313038 0.9744124 1.2431118 0.9744124 1 P 0
L 1.2313038 0.9980348 1.2431118 0.9980348 1 P 0
L 1.2313038 1.0177195 1.2313038 1.0413419 1 P 0
L 1.2313038 1.0177195 1.2431118 1.0177195 1 P 0
L 1.2313038 1.0413419 1.2431118 1.0413419 1 P 0
L 1.2313038 1.0610266 1.2313038 1.084649 1 P 0
L 1.2313038 1.0610266 1.2431118 1.0610266 1 P 0
L 1.2313038 1.084649 1.2431118 1.084649 1 P 0
L 1.2313038 1.1043337 1.2313038 1.1279561 1 P 0
L 1.2313038 1.1043337 1.2431118 1.1043337 1 P 0
L 1.2313038 1.1279561 1.2431118 1.1279561 1 P 0
L 1.2313038 1.1476408 1.2313038 1.1712632 1 P 0
L 1.2313038 1.1476408 1.2431118 1.1476408 1 P 0
L 1.2313038 1.1712632 1.2431118 1.1712632 1 P 0
L 1.2313038 1.1909479 1.2313038 1.2145703 1 P 0
L 1.2313038 1.1909479 1.2431118 1.1909479 1 P 0
L 1.2313038 1.2145703 1.2431118 1.2145703 1 P 0
L 1.2313038 1.2342549 1.2313038 1.2578773 1 P 0
L 1.2313038 1.2342549 1.2431118 1.2342549 1 P 0
L 1.2313038 1.2578773 1.2431118 1.2578773 1 P 0
L 1.2313038 1.277562 1.2313038 1.3011844 1 P 0
L 1.2313038 1.277562 1.2431118 1.277562 1 P 0
L 1.2313038 1.3011844 1.2431118 1.3011844 1 P 0
L 1.2313038 1.3208691 1.2313038 1.3444915 1 P 0
L 1.2313038 1.3208691 1.2431118 1.3208691 1 P 0
L 1.2313038 1.3444915 1.2431118 1.3444915 1 P 0
L 1.2431117 0.4330738 1.2431117 0.4566962 1 P 0
L 1.2431117 0.4763809 1.2431117 0.5000033 1 P 0
L 1.2431117 0.519688 1.2431117 0.5433104 1 P 0
L 1.2431117 0.5629951 1.2431117 0.5866175 1 P 0
L 1.2431117 0.6063022 1.2431117 0.6299246 1 P 0
L 1.2431117 0.6496093 1.2431117 0.6732317 1 P 0
L 1.2431117 0.6929164 1.2431117 0.7165388 1 P 0
L 1.2431117 0.7362234 1.2431117 0.7598458 1 P 0
L 1.2431117 0.7795305 1.2431117 0.8031529 1 P 0
L 1.2431117 0.8228376 1.2431117 0.84646 1 P 0
L 1.2431118 0.9311053 1.2431118 0.9547277 1 P 0
L 1.2431118 0.9744124 1.2431118 0.9980348 1 P 0
L 1.2431118 1.0177195 1.2431118 1.0413419 1 P 0
L 1.2431118 1.0610266 1.2431118 1.084649 1 P 0
L 1.2431118 1.1043337 1.2431118 1.1279561 1 P 0
L 1.2431118 1.1476408 1.2431118 1.1712632 1 P 0
L 1.2431118 1.1909479 1.2431118 1.2145703 1 P 0
L 1.2431118 1.2342549 1.2431118 1.2578773 1 P 0
L 1.2431118 1.277562 1.2431118 1.3011844 1 P 0
L 1.2431118 1.3208691 1.2431118 1.3444915 1 P 0
L 1.2549257 0.4330738 1.2549257 0.4566962 1 P 0
L 1.2549257 0.4330738 1.2667337 0.4330738 1 P 0
L 1.2549257 0.4566962 1.2667337 0.4566962 1 P 0
L 1.2549257 0.4763809 1.2549257 0.5000033 1 P 0
L 1.2549257 0.4763809 1.2667337 0.4763809 1 P 0
L 1.2549257 0.5000033 1.2667337 0.5000033 1 P 0
L 1.2549257 0.519688 1.2549257 0.5433104 1 P 0
L 1.2549257 0.519688 1.2667337 0.519688 1 P 0
L 1.2549257 0.5433104 1.2667337 0.5433104 1 P 0
L 1.2549257 0.5629951 1.2549257 0.5866175 1 P 0
L 1.2549257 0.5629951 1.2667337 0.5629951 1 P 0
L 1.2549257 0.5866175 1.2667337 0.5866175 1 P 0
L 1.2549257 0.6063022 1.2549257 0.6299246 1 P 0
L 1.2549257 0.6063022 1.2667337 0.6063022 1 P 0
L 1.2549257 0.6299246 1.2667337 0.6299246 1 P 0
L 1.2549257 0.6496093 1.2549257 0.6732317 1 P 0
L 1.2549257 0.6496093 1.2667337 0.6496093 1 P 0
L 1.2549257 0.6732317 1.2667337 0.6732317 1 P 0
L 1.2549257 0.6929164 1.2549257 0.7165388 1 P 0
L 1.2549257 0.6929164 1.2667337 0.6929164 1 P 0
L 1.2549257 0.7165388 1.2667337 0.7165388 1 P 0
L 1.2549257 0.7362234 1.2549257 0.7598458 1 P 0
L 1.2549257 0.7362234 1.2667337 0.7362234 1 P 0
L 1.2549257 0.7598458 1.2667337 0.7598458 1 P 0
L 1.2549257 0.7795305 1.2549257 0.8031529 1 P 0
L 1.2549257 0.7795305 1.2667337 0.7795305 1 P 0
L 1.2549257 0.8031529 1.2667337 0.8031529 1 P 0
L 1.2549257 0.8228376 1.2549257 0.84646 1 P 0
L 1.2549257 0.8228376 1.2667337 0.8228376 1 P 0
L 1.2549257 0.84646 1.2667337 0.84646 1 P 0
L 1.2549258 0.9311053 1.2549258 0.9547277 1 P 0
L 1.2549258 0.9311053 1.2667338 0.9311053 1 P 0
L 1.2549258 0.9547277 1.2667338 0.9547277 1 P 0
L 1.2549258 0.9744124 1.2549258 0.9980348 1 P 0
L 1.2549258 0.9744124 1.2667338 0.9744124 1 P 0
L 1.2549258 0.9980348 1.2667338 0.9980348 1 P 0
L 1.2549258 1.0177195 1.2549258 1.0413419 1 P 0
L 1.2549258 1.0177195 1.2667338 1.0177195 1 P 0
L 1.2549258 1.0413419 1.2667338 1.0413419 1 P 0
L 1.2549258 1.0610266 1.2549258 1.084649 1 P 0
L 1.2549258 1.0610266 1.2667338 1.0610266 1 P 0
L 1.2549258 1.084649 1.2667338 1.084649 1 P 0
L 1.2549258 1.1043337 1.2549258 1.1279561 1 P 0
L 1.2549258 1.1043337 1.2667338 1.1043337 1 P 0
L 1.2549258 1.1279561 1.2667338 1.1279561 1 P 0
L 1.2549258 1.1476408 1.2549258 1.1712632 1 P 0
L 1.2549258 1.1476408 1.2667338 1.1476408 1 P 0
L 1.2549258 1.1712632 1.2667338 1.1712632 1 P 0
L 1.2549258 1.1909479 1.2549258 1.2145703 1 P 0
L 1.2549258 1.1909479 1.2667338 1.1909479 1 P 0
L 1.2549258 1.2145703 1.2667338 1.2145703 1 P 0
L 1.2549258 1.2342549 1.2549258 1.2578773 1 P 0
L 1.2549258 1.2342549 1.2667338 1.2342549 1 P 0
L 1.2549258 1.2578773 1.2667338 1.2578773 1 P 0
L 1.2549258 1.277562 1.2549258 1.3011844 1 P 0
L 1.2549258 1.277562 1.2667338 1.277562 1 P 0
L 1.2549258 1.3011844 1.2667338 1.3011844 1 P 0
L 1.2549258 1.3208691 1.2549258 1.3444915 1 P 0
L 1.2549258 1.3208691 1.2667338 1.3208691 1 P 0
L 1.2549258 1.3444915 1.2667338 1.3444915 1 P 0
L 1.2667337 0.4330738 1.2667337 0.4566962 1 P 0
L 1.2667337 0.4763809 1.2667337 0.5000033 1 P 0
L 1.2667337 0.519688 1.2667337 0.5433104 1 P 0
L 1.2667337 0.5629951 1.2667337 0.5866175 1 P 0
L 1.2667337 0.6063022 1.2667337 0.6299246 1 P 0
L 1.2667337 0.6496093 1.2667337 0.6732317 1 P 0
L 1.2667337 0.6929164 1.2667337 0.7165388 1 P 0
L 1.2667337 0.7362234 1.2667337 0.7598458 1 P 0
L 1.2667337 0.7795305 1.2667337 0.8031529 1 P 0
L 1.2667337 0.8228376 1.2667337 0.84646 1 P 0
L 1.2667338 0.9311053 1.2667338 0.9547277 1 P 0
L 1.2667338 0.9744124 1.2667338 0.9980348 1 P 0
L 1.2667338 1.0177195 1.2667338 1.0413419 1 P 0
L 1.2667338 1.0610266 1.2667338 1.084649 1 P 0
L 1.2667338 1.1043337 1.2667338 1.1279561 1 P 0
L 1.2667338 1.1476408 1.2667338 1.1712632 1 P 0
L 1.2667338 1.1909479 1.2667338 1.2145703 1 P 0
L 1.2667338 1.2342549 1.2667338 1.2578773 1 P 0
L 1.2667338 1.277562 1.2667338 1.3011844 1 P 0
L 1.2667338 1.3208691 1.2667338 1.3444915 1 P 0
L 1.2785478 0.4330738 1.2785478 0.4566962 1 P 0
L 1.2785478 0.4330738 1.2903558 0.4330738 1 P 0
L 1.2785478 0.4566962 1.2903558 0.4566962 1 P 0
L 1.2785478 0.4763809 1.2785478 0.5000033 1 P 0
L 1.2785478 0.4763809 1.2903558 0.4763809 1 P 0
L 1.2785478 0.5000033 1.2903558 0.5000033 1 P 0
L 1.2785478 0.519688 1.2785478 0.5433104 1 P 0
L 1.2785478 0.519688 1.2903558 0.519688 1 P 0
L 1.2785478 0.5433104 1.2903558 0.5433104 1 P 0
L 1.2785478 0.5629951 1.2785478 0.5866175 1 P 0
L 1.2785478 0.5629951 1.2903558 0.5629951 1 P 0
L 1.2785478 0.5866175 1.2903558 0.5866175 1 P 0
L 1.2785478 0.6063022 1.2785478 0.6299246 1 P 0
L 1.2785478 0.6063022 1.2903558 0.6063022 1 P 0
L 1.2785478 0.6299246 1.2903558 0.6299246 1 P 0
L 1.2785478 0.6496093 1.2785478 0.6732317 1 P 0
L 1.2785478 0.6496093 1.2903558 0.6496093 1 P 0
L 1.2785478 0.6732317 1.2903558 0.6732317 1 P 0
L 1.2785478 0.6929164 1.2785478 0.7165388 1 P 0
L 1.2785478 0.6929164 1.2903558 0.6929164 1 P 0
L 1.2785478 0.7165388 1.2903558 0.7165388 1 P 0
L 1.2785478 0.7362234 1.2785478 0.7598458 1 P 0
L 1.2785478 0.7362234 1.2903558 0.7362234 1 P 0
L 1.2785478 0.7598458 1.2903558 0.7598458 1 P 0
L 1.2785478 0.7795305 1.2785478 0.8031529 1 P 0
L 1.2785478 0.7795305 1.2903558 0.7795305 1 P 0
L 1.2785478 0.8031529 1.2903558 0.8031529 1 P 0
L 1.2785478 0.8228376 1.2785478 0.84646 1 P 0
L 1.2785478 0.8228376 1.2903558 0.8228376 1 P 0
L 1.2785478 0.84646 1.2903558 0.84646 1 P 0
L 1.2785479 0.9311053 1.2785479 0.9547277 1 P 0
L 1.2785479 0.9311053 1.2903559 0.9311053 1 P 0
L 1.2785479 0.9547277 1.2903559 0.9547277 1 P 0
L 1.2785479 0.9744124 1.2785479 0.9980348 1 P 0
L 1.2785479 0.9744124 1.2903559 0.9744124 1 P 0
L 1.2785479 0.9980348 1.2903559 0.9980348 1 P 0
L 1.2785479 1.0177195 1.2785479 1.0413419 1 P 0
L 1.2785479 1.0177195 1.2903559 1.0177195 1 P 0
L 1.2785479 1.0413419 1.2903559 1.0413419 1 P 0
L 1.2785479 1.0610266 1.2785479 1.084649 1 P 0
L 1.2785479 1.0610266 1.2903559 1.0610266 1 P 0
L 1.2785479 1.084649 1.2903559 1.084649 1 P 0
L 1.2785479 1.1043337 1.2785479 1.1279561 1 P 0
L 1.2785479 1.1043337 1.2903559 1.1043337 1 P 0
L 1.2785479 1.1279561 1.2903559 1.1279561 1 P 0
L 1.2785479 1.1476408 1.2785479 1.1712632 1 P 0
L 1.2785479 1.1476408 1.2903559 1.1476408 1 P 0
L 1.2785479 1.1712632 1.2903559 1.1712632 1 P 0
L 1.2785479 1.1909479 1.2785479 1.2145703 1 P 0
L 1.2785479 1.1909479 1.2903559 1.1909479 1 P 0
L 1.2785479 1.2145703 1.2903559 1.2145703 1 P 0
L 1.2785479 1.2342549 1.2785479 1.2578773 1 P 0
L 1.2785479 1.2342549 1.2903559 1.2342549 1 P 0
L 1.2785479 1.2578773 1.2903559 1.2578773 1 P 0
L 1.2785479 1.277562 1.2785479 1.3011844 1 P 0
L 1.2785479 1.277562 1.2903559 1.277562 1 P 0
L 1.2785479 1.3011844 1.2903559 1.3011844 1 P 0
L 1.2785479 1.3208691 1.2785479 1.3444915 1 P 0
L 1.2785479 1.3208691 1.2903559 1.3208691 1 P 0
L 1.2785479 1.3444915 1.2903559 1.3444915 1 P 0
L 1.2903558 0.4330738 1.2903558 0.4566962 1 P 0
L 1.2903558 0.4763809 1.2903558 0.5000033 1 P 0
L 1.2903558 0.519688 1.2903558 0.5433104 1 P 0
L 1.2903558 0.5629951 1.2903558 0.5866175 1 P 0
L 1.2903558 0.6063022 1.2903558 0.6299246 1 P 0
L 1.2903558 0.6496093 1.2903558 0.6732317 1 P 0
L 1.2903558 0.6929164 1.2903558 0.7165388 1 P 0
L 1.2903558 0.7362234 1.2903558 0.7598458 1 P 0
L 1.2903558 0.7795305 1.2903558 0.8031529 1 P 0
L 1.2903558 0.8228376 1.2903558 0.84646 1 P 0
L 1.2903559 0.9311053 1.2903559 0.9547277 1 P 0
L 1.2903559 0.9744124 1.2903559 0.9980348 1 P 0
L 1.2903559 1.0177195 1.2903559 1.0413419 1 P 0
L 1.2903559 1.0610266 1.2903559 1.084649 1 P 0
L 1.2903559 1.1043337 1.2903559 1.1279561 1 P 0
L 1.2903559 1.1476408 1.2903559 1.1712632 1 P 0
L 1.2903559 1.1909479 1.2903559 1.2145703 1 P 0
L 1.2903559 1.2342549 1.2903559 1.2578773 1 P 0
L 1.2903559 1.277562 1.2903559 1.3011844 1 P 0
L 1.2903559 1.3208691 1.2903559 1.3444915 1 P 0
L 1.3021698 0.4330738 1.3021698 0.4566962 1 P 0
L 1.3021698 0.4330738 1.3139778 0.4330738 1 P 0
L 1.3021698 0.4566962 1.3139778 0.4566962 1 P 0
L 1.3021698 0.4763809 1.3021698 0.5000033 1 P 0
L 1.3021698 0.4763809 1.3139778 0.4763809 1 P 0
L 1.3021698 0.5000033 1.3139778 0.5000033 1 P 0
L 1.3021698 0.519688 1.3021698 0.5433104 1 P 0
L 1.3021698 0.519688 1.3139778 0.519688 1 P 0
L 1.3021698 0.5433104 1.3139778 0.5433104 1 P 0
L 1.3021698 0.5629951 1.3021698 0.5866175 1 P 0
L 1.3021698 0.5629951 1.3139778 0.5629951 1 P 0
L 1.3021698 0.5866175 1.3139778 0.5866175 1 P 0
L 1.3021698 0.6063022 1.3021698 0.6299246 1 P 0
L 1.3021698 0.6063022 1.3139778 0.6063022 1 P 0
L 1.3021698 0.6299246 1.3139778 0.6299246 1 P 0
L 1.3021698 0.6496093 1.3021698 0.6732317 1 P 0
L 1.3021698 0.6496093 1.3139778 0.6496093 1 P 0
L 1.3021698 0.6732317 1.3139778 0.6732317 1 P 0
L 1.3021698 0.6929164 1.3021698 0.7165388 1 P 0
L 1.3021698 0.6929164 1.3139778 0.6929164 1 P 0
L 1.3021698 0.7165388 1.3139778 0.7165388 1 P 0
L 1.3021698 0.7362234 1.3021698 0.7598458 1 P 0
L 1.3021698 0.7362234 1.3139778 0.7362234 1 P 0
L 1.3021698 0.7598458 1.3139778 0.7598458 1 P 0
L 1.3021698 0.7795305 1.3021698 0.8031529 1 P 0
L 1.3021698 0.7795305 1.3139778 0.7795305 1 P 0
L 1.3021698 0.8031529 1.3139778 0.8031529 1 P 0
L 1.3021698 0.8228376 1.3021698 0.84646 1 P 0
L 1.3021698 0.8228376 1.3139778 0.8228376 1 P 0
L 1.3021698 0.84646 1.3139778 0.84646 1 P 0
L 1.3021699 0.9311053 1.3021699 0.9547277 1 P 0
L 1.3021699 0.9311053 1.3139779 0.9311053 1 P 0
L 1.3021699 0.9547277 1.3139779 0.9547277 1 P 0
L 1.3021699 0.9744124 1.3021699 0.9980348 1 P 0
L 1.3021699 0.9744124 1.3139779 0.9744124 1 P 0
L 1.3021699 0.9980348 1.3139779 0.9980348 1 P 0
L 1.3021699 1.0177195 1.3021699 1.0413419 1 P 0
L 1.3021699 1.0177195 1.3139779 1.0177195 1 P 0
L 1.3021699 1.0413419 1.3139779 1.0413419 1 P 0
L 1.3021699 1.0610266 1.3021699 1.084649 1 P 0
L 1.3021699 1.0610266 1.3139779 1.0610266 1 P 0
L 1.3021699 1.084649 1.3139779 1.084649 1 P 0
L 1.3021699 1.1043337 1.3021699 1.1279561 1 P 0
L 1.3021699 1.1043337 1.3139779 1.1043337 1 P 0
L 1.3021699 1.1279561 1.3139779 1.1279561 1 P 0
L 1.3021699 1.1476408 1.3021699 1.1712632 1 P 0
L 1.3021699 1.1476408 1.3139779 1.1476408 1 P 0
L 1.3021699 1.1712632 1.3139779 1.1712632 1 P 0
L 1.3021699 1.1909479 1.3021699 1.2145703 1 P 0
L 1.3021699 1.1909479 1.3139779 1.1909479 1 P 0
L 1.3021699 1.2145703 1.3139779 1.2145703 1 P 0
L 1.3021699 1.2342549 1.3021699 1.2578773 1 P 0
L 1.3021699 1.2342549 1.3139779 1.2342549 1 P 0
L 1.3021699 1.2578773 1.3139779 1.2578773 1 P 0
L 1.3021699 1.277562 1.3021699 1.3011844 1 P 0
L 1.3021699 1.277562 1.3139779 1.277562 1 P 0
L 1.3021699 1.3011844 1.3139779 1.3011844 1 P 0
L 1.3021699 1.3208691 1.3021699 1.3444915 1 P 0
L 1.3021699 1.3208691 1.3139779 1.3208691 1 P 0
L 1.3021699 1.3444915 1.3139779 1.3444915 1 P 0
L 1.3139778 0.4330738 1.3139778 0.4566962 1 P 0
L 1.3139778 0.4763809 1.3139778 0.5000033 1 P 0
L 1.3139778 0.519688 1.3139778 0.5433104 1 P 0
L 1.3139778 0.5629951 1.3139778 0.5866175 1 P 0
L 1.3139778 0.6063022 1.3139778 0.6299246 1 P 0
L 1.3139778 0.6496093 1.3139778 0.6732317 1 P 0
L 1.3139778 0.6929164 1.3139778 0.7165388 1 P 0
L 1.3139778 0.7362234 1.3139778 0.7598458 1 P 0
L 1.3139778 0.7795305 1.3139778 0.8031529 1 P 0
L 1.3139778 0.8228376 1.3139778 0.84646 1 P 0
L 1.3139779 0.9311053 1.3139779 0.9547277 1 P 0
L 1.3139779 0.9744124 1.3139779 0.9980348 1 P 0
L 1.3139779 1.0177195 1.3139779 1.0413419 1 P 0
L 1.3139779 1.0610266 1.3139779 1.084649 1 P 0
L 1.3139779 1.1043337 1.3139779 1.1279561 1 P 0
L 1.3139779 1.1476408 1.3139779 1.1712632 1 P 0
L 1.3139779 1.1909479 1.3139779 1.2145703 1 P 0
L 1.3139779 1.2342549 1.3139779 1.2578773 1 P 0
L 1.3139779 1.277562 1.3139779 1.3011844 1 P 0
L 1.3139779 1.3208691 1.3139779 1.3444915 1 P 0
L 1.3257919 0.4330738 1.3257919 0.4566962 1 P 0
L 1.3257919 0.4330738 1.3375999 0.4330738 1 P 0
L 1.3257919 0.4566962 1.3375999 0.4566962 1 P 0
L 1.3257919 0.4763809 1.3257919 0.5000033 1 P 0
L 1.3257919 0.4763809 1.3375999 0.4763809 1 P 0
L 1.3257919 0.5000033 1.3375999 0.5000033 1 P 0
L 1.3257919 0.519688 1.3257919 0.5433104 1 P 0
L 1.3257919 0.519688 1.3375999 0.519688 1 P 0
L 1.3257919 0.5433104 1.3375999 0.5433104 1 P 0
L 1.3257919 0.5629951 1.3257919 0.5866175 1 P 0
L 1.3257919 0.5629951 1.3375999 0.5629951 1 P 0
L 1.3257919 0.5866175 1.3375999 0.5866175 1 P 0
L 1.3257919 0.6063022 1.3257919 0.6299246 1 P 0
L 1.3257919 0.6063022 1.3375999 0.6063022 1 P 0
L 1.3257919 0.6299246 1.3375999 0.6299246 1 P 0
L 1.3257919 0.6496093 1.3257919 0.6732317 1 P 0
L 1.3257919 0.6496093 1.3375999 0.6496093 1 P 0
L 1.3257919 0.6732317 1.3375999 0.6732317 1 P 0
L 1.3257919 0.6929164 1.3257919 0.7165388 1 P 0
L 1.3257919 0.6929164 1.3375999 0.6929164 1 P 0
L 1.3257919 0.7165388 1.3375999 0.7165388 1 P 0
L 1.3257919 0.7362234 1.3257919 0.7598458 1 P 0
L 1.3257919 0.7362234 1.3375999 0.7362234 1 P 0
L 1.3257919 0.7598458 1.3375999 0.7598458 1 P 0
L 1.3257919 0.7795305 1.3257919 0.8031529 1 P 0
L 1.3257919 0.7795305 1.3375999 0.7795305 1 P 0
L 1.3257919 0.8031529 1.3375999 0.8031529 1 P 0
L 1.3257919 0.8228376 1.3257919 0.84646 1 P 0
L 1.3257919 0.8228376 1.3375999 0.8228376 1 P 0
L 1.3257919 0.84646 1.3375999 0.84646 1 P 0
L 1.325792 0.9311053 1.325792 0.9547277 1 P 0
L 1.325792 0.9311053 1.3376 0.9311053 1 P 0
L 1.325792 0.9547277 1.3376 0.9547277 1 P 0
L 1.325792 0.9744124 1.325792 0.9980348 1 P 0
L 1.325792 0.9744124 1.3376 0.9744124 1 P 0
L 1.325792 0.9980348 1.3376 0.9980348 1 P 0
L 1.325792 1.0177195 1.325792 1.0413419 1 P 0
L 1.325792 1.0177195 1.3376 1.0177195 1 P 0
L 1.325792 1.0413419 1.3376 1.0413419 1 P 0
L 1.325792 1.0610266 1.325792 1.084649 1 P 0
L 1.325792 1.0610266 1.3376 1.0610266 1 P 0
L 1.325792 1.084649 1.3376 1.084649 1 P 0
L 1.325792 1.1043337 1.325792 1.1279561 1 P 0
L 1.325792 1.1043337 1.3376 1.1043337 1 P 0
L 1.325792 1.1279561 1.3376 1.1279561 1 P 0
L 1.325792 1.1476408 1.325792 1.1712632 1 P 0
L 1.325792 1.1476408 1.3376 1.1476408 1 P 0
L 1.325792 1.1712632 1.3376 1.1712632 1 P 0
L 1.325792 1.1909479 1.325792 1.2145703 1 P 0
L 1.325792 1.1909479 1.3376 1.1909479 1 P 0
L 1.325792 1.2145703 1.3376 1.2145703 1 P 0
L 1.325792 1.2342549 1.325792 1.2578773 1 P 0
L 1.325792 1.2342549 1.3376 1.2342549 1 P 0
L 1.325792 1.2578773 1.3376 1.2578773 1 P 0
L 1.325792 1.277562 1.325792 1.3011844 1 P 0
L 1.325792 1.277562 1.3376 1.277562 1 P 0
L 1.325792 1.3011844 1.3376 1.3011844 1 P 0
L 1.325792 1.3208691 1.325792 1.3444915 1 P 0
L 1.325792 1.3208691 1.3376 1.3208691 1 P 0
L 1.325792 1.3444915 1.3376 1.3444915 1 P 0
L 1.3375999 0.4330738 1.3375999 0.4566962 1 P 0
L 1.3375999 0.4763809 1.3375999 0.5000033 1 P 0
L 1.3375999 0.519688 1.3375999 0.5433104 1 P 0
L 1.3375999 0.5629951 1.3375999 0.5866175 1 P 0
L 1.3375999 0.6063022 1.3375999 0.6299246 1 P 0
L 1.3375999 0.6496093 1.3375999 0.6732317 1 P 0
L 1.3375999 0.6929164 1.3375999 0.7165388 1 P 0
L 1.3375999 0.7362234 1.3375999 0.7598458 1 P 0
L 1.3375999 0.7795305 1.3375999 0.8031529 1 P 0
L 1.3375999 0.8228376 1.3375999 0.84646 1 P 0
L 1.3376 0.9311053 1.3376 0.9547277 1 P 0
L 1.3376 0.9744124 1.3376 0.9980348 1 P 0
L 1.3376 1.0177195 1.3376 1.0413419 1 P 0
L 1.3376 1.0610266 1.3376 1.084649 1 P 0
L 1.3376 1.1043337 1.3376 1.1279561 1 P 0
L 1.3376 1.1476408 1.3376 1.1712632 1 P 0
L 1.3376 1.1909479 1.3376 1.2145703 1 P 0
L 1.3376 1.2342549 1.3376 1.2578773 1 P 0
L 1.3376 1.277562 1.3376 1.3011844 1 P 0
L 1.3376 1.3208691 1.3376 1.3444915 1 P 0
L 1.3494139 0.4330738 1.3494139 0.4566962 1 P 0
L 1.3494139 0.4330738 1.3612219 0.4330738 1 P 0
L 1.3494139 0.4566962 1.3612219 0.4566962 1 P 0
L 1.3494139 0.4763809 1.3494139 0.5000033 1 P 0
L 1.3494139 0.4763809 1.3612219 0.4763809 1 P 0
L 1.3494139 0.5000033 1.3612219 0.5000033 1 P 0
L 1.3494139 0.519688 1.3494139 0.5433104 1 P 0
L 1.3494139 0.519688 1.3612219 0.519688 1 P 0
L 1.3494139 0.5433104 1.3612219 0.5433104 1 P 0
L 1.3494139 0.5629951 1.3494139 0.5866175 1 P 0
L 1.3494139 0.5629951 1.3612219 0.5629951 1 P 0
L 1.3494139 0.5866175 1.3612219 0.5866175 1 P 0
L 1.3494139 0.6063022 1.3494139 0.6299246 1 P 0
L 1.3494139 0.6063022 1.3612219 0.6063022 1 P 0
L 1.3494139 0.6299246 1.3612219 0.6299246 1 P 0
L 1.3494139 0.6496093 1.3494139 0.6732317 1 P 0
L 1.3494139 0.6496093 1.3612219 0.6496093 1 P 0
L 1.3494139 0.6732317 1.3612219 0.6732317 1 P 0
L 1.3494139 0.6929164 1.3494139 0.7165388 1 P 0
L 1.3494139 0.6929164 1.3612219 0.6929164 1 P 0
L 1.3494139 0.7165388 1.3612219 0.7165388 1 P 0
L 1.3494139 0.7362234 1.3494139 0.7598458 1 P 0
L 1.3494139 0.7362234 1.3612219 0.7362234 1 P 0
L 1.3494139 0.7598458 1.3612219 0.7598458 1 P 0
L 1.3494139 0.7795305 1.3494139 0.8031529 1 P 0
L 1.3494139 0.7795305 1.3612219 0.7795305 1 P 0
L 1.3494139 0.8031529 1.3612219 0.8031529 1 P 0
L 1.3494139 0.8228376 1.3494139 0.84646 1 P 0
L 1.3494139 0.8228376 1.3612219 0.8228376 1 P 0
L 1.3494139 0.84646 1.3612219 0.84646 1 P 0
L 1.349414 0.9311053 1.349414 0.9547277 1 P 0
L 1.349414 0.9311053 1.361222 0.9311053 1 P 0
L 1.349414 0.9547277 1.361222 0.9547277 1 P 0
L 1.349414 0.9744124 1.349414 0.9980348 1 P 0
L 1.349414 0.9744124 1.361222 0.9744124 1 P 0
L 1.349414 0.9980348 1.361222 0.9980348 1 P 0
L 1.349414 1.0177195 1.349414 1.0413419 1 P 0
L 1.349414 1.0177195 1.361222 1.0177195 1 P 0
L 1.349414 1.0413419 1.361222 1.0413419 1 P 0
L 1.349414 1.0610266 1.349414 1.084649 1 P 0
L 1.349414 1.0610266 1.361222 1.0610266 1 P 0
L 1.349414 1.084649 1.361222 1.084649 1 P 0
L 1.349414 1.1043337 1.349414 1.1279561 1 P 0
L 1.349414 1.1043337 1.361222 1.1043337 1 P 0
L 1.349414 1.1279561 1.361222 1.1279561 1 P 0
L 1.349414 1.1476408 1.349414 1.1712632 1 P 0
L 1.349414 1.1476408 1.361222 1.1476408 1 P 0
L 1.349414 1.1712632 1.361222 1.1712632 1 P 0
L 1.349414 1.1909479 1.349414 1.2145703 1 P 0
L 1.349414 1.1909479 1.361222 1.1909479 1 P 0
L 1.349414 1.2145703 1.361222 1.2145703 1 P 0
L 1.349414 1.2342549 1.349414 1.2578773 1 P 0
L 1.349414 1.2342549 1.361222 1.2342549 1 P 0
L 1.349414 1.2578773 1.361222 1.2578773 1 P 0
L 1.349414 1.277562 1.349414 1.3011844 1 P 0
L 1.349414 1.277562 1.361222 1.277562 1 P 0
L 1.349414 1.3011844 1.361222 1.3011844 1 P 0
L 1.349414 1.3208691 1.349414 1.3444915 1 P 0
L 1.349414 1.3208691 1.361222 1.3208691 1 P 0
L 1.349414 1.3444915 1.361222 1.3444915 1 P 0
L 1.3612219 0.4330738 1.3612219 0.4566962 1 P 0
L 1.3612219 0.4763809 1.3612219 0.5000033 1 P 0
L 1.3612219 0.519688 1.3612219 0.5433104 1 P 0
L 1.3612219 0.5629951 1.3612219 0.5866175 1 P 0
L 1.3612219 0.6063022 1.3612219 0.6299246 1 P 0
L 1.3612219 0.6496093 1.3612219 0.6732317 1 P 0
L 1.3612219 0.6929164 1.3612219 0.7165388 1 P 0
L 1.3612219 0.7362234 1.3612219 0.7598458 1 P 0
L 1.3612219 0.7795305 1.3612219 0.8031529 1 P 0
L 1.3612219 0.8228376 1.3612219 0.84646 1 P 0
L 1.361222 0.9311053 1.361222 0.9547277 1 P 0
L 1.361222 0.9744124 1.361222 0.9980348 1 P 0
L 1.361222 1.0177195 1.361222 1.0413419 1 P 0
L 1.361222 1.0610266 1.361222 1.084649 1 P 0
L 1.361222 1.1043337 1.361222 1.1279561 1 P 0
L 1.361222 1.1476408 1.361222 1.1712632 1 P 0
L 1.361222 1.1909479 1.361222 1.2145703 1 P 0
L 1.361222 1.2342549 1.361222 1.2578773 1 P 0
L 1.361222 1.277562 1.361222 1.3011844 1 P 0
L 1.361222 1.3208691 1.361222 1.3444915 1 P 0
L 1.3661448 0.4271702 1.3661448 0.4389782 1 P 0
L 1.3661448 0.4271702 1.3897672 0.4271702 1 P 0
L 1.3661448 0.4389782 1.3897672 0.4389782 1 P 0
L 1.3661448 0.5059104 1.3661448 0.5177184 1 P 0
L 1.3661448 0.5059104 1.3897672 0.5059104 1 P 0
L 1.3661448 0.5177184 1.3897672 0.5177184 1 P 0
L 1.3661448 0.5846505 1.3661448 0.5964585 1 P 0
L 1.3661448 0.5846505 1.3897672 0.5846505 1 P 0
L 1.3661448 0.5964585 1.3897672 0.5964585 1 P 0
L 1.3661448 0.6633907 1.3661448 0.6751987 1 P 0
L 1.3661448 0.6633907 1.3897672 0.6633907 1 P 0
L 1.3661448 0.6751987 1.3897672 0.6751987 1 P 0
L 1.3661448 0.7421308 1.3661448 0.7539388 1 P 0
L 1.3661448 0.7421308 1.3897672 0.7421308 1 P 0
L 1.3661448 0.7539388 1.3897672 0.7539388 1 P 0
L 1.3720455 0.8976407 1.3720455 0.9212631 1 P 0
L 1.3720455 0.8976407 1.3838535 0.8976407 1 P 0
L 1.3720455 0.9212631 1.3838535 0.9212631 1 P 0
L 1.3720455 0.9980345 1.3720455 1.0216569 1 P 0
L 1.3720455 0.9980345 1.3838535 0.9980345 1 P 0
L 1.3720455 1.0216569 1.3838535 1.0216569 1 P 0
L 1.3720455 1.0984282 1.3720455 1.1220506 1 P 0
L 1.3720455 1.0984282 1.3838535 1.0984282 1 P 0
L 1.3720455 1.1220506 1.3838535 1.1220506 1 P 0
L 1.373036 0.4330738 1.373036 0.4566962 1 P 0
L 1.373036 0.4330738 1.384844 0.4330738 1 P 0
L 1.373036 0.4566962 1.384844 0.4566962 1 P 0
L 1.373036 0.4763809 1.373036 0.5000033 1 P 0
L 1.373036 0.4763809 1.384844 0.4763809 1 P 0
L 1.373036 0.5000033 1.384844 0.5000033 1 P 0
L 1.373036 0.519688 1.373036 0.5433104 1 P 0
L 1.373036 0.519688 1.384844 0.519688 1 P 0
L 1.373036 0.5433104 1.384844 0.5433104 1 P 0
L 1.373036 0.5629951 1.373036 0.5866175 1 P 0
L 1.373036 0.5629951 1.384844 0.5629951 1 P 0
L 1.373036 0.5866175 1.384844 0.5866175 1 P 0
L 1.373036 0.6063022 1.373036 0.6299246 1 P 0
L 1.373036 0.6063022 1.384844 0.6063022 1 P 0
L 1.373036 0.6299246 1.384844 0.6299246 1 P 0
L 1.373036 0.6496093 1.373036 0.6732317 1 P 0
L 1.373036 0.6496093 1.384844 0.6496093 1 P 0
L 1.373036 0.6732317 1.384844 0.6732317 1 P 0
L 1.373036 0.6929164 1.373036 0.7165388 1 P 0
L 1.373036 0.6929164 1.384844 0.6929164 1 P 0
L 1.373036 0.7165388 1.384844 0.7165388 1 P 0
L 1.373036 0.7362234 1.373036 0.7598458 1 P 0
L 1.373036 0.7362234 1.384844 0.7362234 1 P 0
L 1.373036 0.7598458 1.384844 0.7598458 1 P 0
L 1.373036 0.7795305 1.373036 0.8031529 1 P 0
L 1.373036 0.7795305 1.384844 0.7795305 1 P 0
L 1.373036 0.8031529 1.384844 0.8031529 1 P 0
L 1.373036 0.8228376 1.373036 0.84646 1 P 0
L 1.373036 0.8228376 1.384844 0.8228376 1 P 0
L 1.373036 0.84646 1.384844 0.84646 1 P 0
L 1.3730361 0.9311053 1.3730361 0.9547277 1 P 0
L 1.3730361 0.9311053 1.3848441 0.9311053 1 P 0
L 1.3730361 0.9547277 1.3848441 0.9547277 1 P 0
L 1.3730361 0.9744124 1.3730361 0.9980348 1 P 0
L 1.3730361 0.9744124 1.3848441 0.9744124 1 P 0
L 1.3730361 0.9980348 1.3848441 0.9980348 1 P 0
L 1.3730361 1.0177195 1.3730361 1.0413419 1 P 0
L 1.3730361 1.0177195 1.3848441 1.0177195 1 P 0
L 1.3730361 1.0413419 1.3848441 1.0413419 1 P 0
L 1.3730361 1.0610266 1.3730361 1.084649 1 P 0
L 1.3730361 1.0610266 1.3848441 1.0610266 1 P 0
L 1.3730361 1.084649 1.3848441 1.084649 1 P 0
L 1.3730361 1.1043337 1.3730361 1.1279561 1 P 0
L 1.3730361 1.1043337 1.3848441 1.1043337 1 P 0
L 1.3730361 1.1279561 1.3848441 1.1279561 1 P 0
L 1.3730361 1.1476408 1.3730361 1.1712632 1 P 0
L 1.3730361 1.1476408 1.3848441 1.1476408 1 P 0
L 1.3730361 1.1712632 1.3848441 1.1712632 1 P 0
L 1.3730361 1.1909479 1.3730361 1.2145703 1 P 0
L 1.3730361 1.1909479 1.3848441 1.1909479 1 P 0
L 1.3730361 1.2145703 1.3848441 1.2145703 1 P 0
L 1.3730361 1.2342549 1.3730361 1.2578773 1 P 0
L 1.3730361 1.2342549 1.3848441 1.2342549 1 P 0
L 1.3730361 1.2578773 1.3848441 1.2578773 1 P 0
L 1.3730361 1.277562 1.3730361 1.3011844 1 P 0
L 1.3730361 1.277562 1.3848441 1.277562 1 P 0
L 1.3730361 1.3011844 1.3848441 1.3011844 1 P 0
L 1.3730361 1.3208691 1.3730361 1.3444915 1 P 0
L 1.3730361 1.3208691 1.3848441 1.3208691 1 P 0
L 1.3730361 1.3444915 1.3848441 1.3444915 1 P 0
L 1.3799244 3.2460663 1.3799244 3.4468535 0 P 0
L 1.3799244 3.6397671 1.3799244 3.8405543 0 P 0
L 1.3838535 0.8976407 1.3838535 0.9212631 1 P 0
L 1.3838535 0.9980345 1.3838535 1.0216569 1 P 0
L 1.3838535 1.0984282 1.3838535 1.1220506 1 P 0
L 1.384844 0.4330738 1.384844 0.4566962 1 P 0
L 1.384844 0.4763809 1.384844 0.5000033 1 P 0
L 1.384844 0.519688 1.384844 0.5433104 1 P 0
L 1.384844 0.5629951 1.384844 0.5866175 1 P 0
L 1.384844 0.6063022 1.384844 0.6299246 1 P 0
L 1.384844 0.6496093 1.384844 0.6732317 1 P 0
L 1.384844 0.6929164 1.384844 0.7165388 1 P 0
L 1.384844 0.7362234 1.384844 0.7598458 1 P 0
L 1.384844 0.7795305 1.384844 0.8031529 1 P 0
L 1.384844 0.8228376 1.384844 0.84646 1 P 0
L 1.3848441 0.9311053 1.3848441 0.9547277 1 P 0
L 1.3848441 0.9744124 1.3848441 0.9980348 1 P 0
L 1.3848441 1.0177195 1.3848441 1.0413419 1 P 0
L 1.3848441 1.0610266 1.3848441 1.084649 1 P 0
L 1.3848441 1.1043337 1.3848441 1.1279561 1 P 0
L 1.3848441 1.1476408 1.3848441 1.1712632 1 P 0
L 1.3848441 1.1909479 1.3848441 1.2145703 1 P 0
L 1.3848441 1.2342549 1.3848441 1.2578773 1 P 0
L 1.3848441 1.277562 1.3848441 1.3011844 1 P 0
L 1.3848441 1.3208691 1.3848441 1.3444915 1 P 0
L 1.3897672 0.4271702 1.3897672 0.4389782 1 P 0
L 1.3897672 0.5059104 1.3897672 0.5177184 1 P 0
L 1.3897672 0.5846505 1.3897672 0.5964585 1 P 0
L 1.3897672 0.6633907 1.3897672 0.6751987 1 P 0
L 1.3897672 0.7421308 1.3897672 0.7539388 1 P 0
L 1.4320911 0.9311053 1.4320911 0.9547277 1 P 0
L 1.4320911 0.9311053 1.4438991 0.9311053 1 P 0
L 1.4320911 0.9547277 1.4438991 0.9547277 1 P 0
L 1.4320911 0.9744124 1.4320911 0.9980348 1 P 0
L 1.4320911 0.9744124 1.4438991 0.9744124 1 P 0
L 1.4320911 0.9980348 1.4438991 0.9980348 1 P 0
L 1.4320911 1.0177195 1.4320911 1.0413419 1 P 0
L 1.4320911 1.0177195 1.4438991 1.0177195 1 P 0
L 1.4320911 1.0413419 1.4438991 1.0413419 1 P 0
L 1.4320911 1.0610266 1.4320911 1.084649 1 P 0
L 1.4320911 1.0610266 1.4438991 1.0610266 1 P 0
L 1.4320911 1.084649 1.4438991 1.084649 1 P 0
L 1.4320911 1.1043337 1.4320911 1.1279561 1 P 0
L 1.4320911 1.1043337 1.4438991 1.1043337 1 P 0
L 1.4320911 1.1279561 1.4438991 1.1279561 1 P 0
L 1.4320911 1.1476408 1.4320911 1.1712632 1 P 0
L 1.4320911 1.1476408 1.4438991 1.1476408 1 P 0
L 1.4320911 1.1712632 1.4438991 1.1712632 1 P 0
L 1.4320911 1.1909479 1.4320911 1.2145703 1 P 0
L 1.4320911 1.1909479 1.4438991 1.1909479 1 P 0
L 1.4320911 1.2145703 1.4438991 1.2145703 1 P 0
L 1.4320911 1.2342549 1.4320911 1.2578773 1 P 0
L 1.4320911 1.2342549 1.4438991 1.2342549 1 P 0
L 1.4320911 1.2578773 1.4438991 1.2578773 1 P 0
L 1.4320911 1.277562 1.4320911 1.3011844 1 P 0
L 1.4320911 1.277562 1.4438991 1.277562 1 P 0
L 1.4320911 1.3011844 1.4438991 1.3011844 1 P 0
L 1.4320911 1.3208691 1.4320911 1.3444915 1 P 0
L 1.4320911 1.3208691 1.4438991 1.3208691 1 P 0
L 1.4320911 1.3444915 1.4438991 1.3444915 1 P 0
L 1.4320912 0.4330738 1.4320912 0.4566962 1 P 0
L 1.4320912 0.4330738 1.4438992 0.4330738 1 P 0
L 1.4320912 0.4566962 1.4438992 0.4566962 1 P 0
L 1.4320912 0.4763809 1.4320912 0.5000033 1 P 0
L 1.4320912 0.4763809 1.4438992 0.4763809 1 P 0
L 1.4320912 0.5000033 1.4438992 0.5000033 1 P 0
L 1.4320912 0.519688 1.4320912 0.5433104 1 P 0
L 1.4320912 0.519688 1.4438992 0.519688 1 P 0
L 1.4320912 0.5433104 1.4438992 0.5433104 1 P 0
L 1.4320912 0.5629951 1.4320912 0.5866175 1 P 0
L 1.4320912 0.5629951 1.4438992 0.5629951 1 P 0
L 1.4320912 0.5866175 1.4438992 0.5866175 1 P 0
L 1.4320912 0.6063022 1.4320912 0.6299246 1 P 0
L 1.4320912 0.6063022 1.4438992 0.6063022 1 P 0
L 1.4320912 0.6299246 1.4438992 0.6299246 1 P 0
L 1.4320912 0.6496093 1.4320912 0.6732317 1 P 0
L 1.4320912 0.6496093 1.4438992 0.6496093 1 P 0
L 1.4320912 0.6732317 1.4438992 0.6732317 1 P 0
L 1.4320912 0.6929164 1.4320912 0.7165388 1 P 0
L 1.4320912 0.6929164 1.4438992 0.6929164 1 P 0
L 1.4320912 0.7165388 1.4438992 0.7165388 1 P 0
L 1.4320912 0.7362234 1.4320912 0.7598458 1 P 0
L 1.4320912 0.7362234 1.4438992 0.7362234 1 P 0
L 1.4320912 0.7598458 1.4438992 0.7598458 1 P 0
L 1.4320912 0.7795305 1.4320912 0.8031529 1 P 0
L 1.4320912 0.7795305 1.4438992 0.7795305 1 P 0
L 1.4320912 0.8031529 1.4438992 0.8031529 1 P 0
L 1.4320912 0.8228376 1.4320912 0.84646 1 P 0
L 1.4320912 0.8228376 1.4438992 0.8228376 1 P 0
L 1.4320912 0.84646 1.4438992 0.84646 1 P 0
L 1.4438991 0.9311053 1.4438991 0.9547277 1 P 0
L 1.4438991 0.9744124 1.4438991 0.9980348 1 P 0
L 1.4438991 1.0177195 1.4438991 1.0413419 1 P 0
L 1.4438991 1.0610266 1.4438991 1.084649 1 P 0
L 1.4438991 1.1043337 1.4438991 1.1279561 1 P 0
L 1.4438991 1.1476408 1.4438991 1.1712632 1 P 0
L 1.4438991 1.1909479 1.4438991 1.2145703 1 P 0
L 1.4438991 1.2342549 1.4438991 1.2578773 1 P 0
L 1.4438991 1.277562 1.4438991 1.3011844 1 P 0
L 1.4438991 1.3208691 1.4438991 1.3444915 1 P 0
L 1.4438992 0.4330738 1.4438992 0.4566962 1 P 0
L 1.4438992 0.4763809 1.4438992 0.5000033 1 P 0
L 1.4438992 0.519688 1.4438992 0.5433104 1 P 0
L 1.4438992 0.5629951 1.4438992 0.5866175 1 P 0
L 1.4438992 0.6063022 1.4438992 0.6299246 1 P 0
L 1.4438992 0.6496093 1.4438992 0.6732317 1 P 0
L 1.4438992 0.6929164 1.4438992 0.7165388 1 P 0
L 1.4438992 0.7362234 1.4438992 0.7598458 1 P 0
L 1.4438992 0.7795305 1.4438992 0.8031529 1 P 0
L 1.4438992 0.8228376 1.4438992 0.84646 1 P 0
L 1.4557132 0.9311053 1.4557132 0.9547277 1 P 0
L 1.4557132 0.9311053 1.4675212 0.9311053 1 P 0
L 1.4557132 0.9547277 1.4675212 0.9547277 1 P 0
L 1.4557132 0.9744124 1.4557132 0.9980348 1 P 0
L 1.4557132 0.9744124 1.4675212 0.9744124 1 P 0
L 1.4557132 0.9980348 1.4675212 0.9980348 1 P 0
L 1.4557132 1.0177195 1.4557132 1.0413419 1 P 0
L 1.4557132 1.0177195 1.4675212 1.0177195 1 P 0
L 1.4557132 1.0413419 1.4675212 1.0413419 1 P 0
L 1.4557132 1.0610266 1.4557132 1.084649 1 P 0
L 1.4557132 1.0610266 1.4675212 1.0610266 1 P 0
L 1.4557132 1.084649 1.4675212 1.084649 1 P 0
L 1.4557132 1.1043337 1.4557132 1.1279561 1 P 0
L 1.4557132 1.1043337 1.4675212 1.1043337 1 P 0
L 1.4557132 1.1279561 1.4675212 1.1279561 1 P 0
L 1.4557132 1.1476408 1.4557132 1.1712632 1 P 0
L 1.4557132 1.1476408 1.4675212 1.1476408 1 P 0
L 1.4557132 1.1712632 1.4675212 1.1712632 1 P 0
L 1.4557132 1.1909479 1.4557132 1.2145703 1 P 0
L 1.4557132 1.1909479 1.4675212 1.1909479 1 P 0
L 1.4557132 1.2145703 1.4675212 1.2145703 1 P 0
L 1.4557132 1.2342549 1.4557132 1.2578773 1 P 0
L 1.4557132 1.2342549 1.4675212 1.2342549 1 P 0
L 1.4557132 1.2578773 1.4675212 1.2578773 1 P 0
L 1.4557132 1.277562 1.4557132 1.3011844 1 P 0
L 1.4557132 1.277562 1.4675212 1.277562 1 P 0
L 1.4557132 1.3011844 1.4675212 1.3011844 1 P 0
L 1.4557132 1.3208691 1.4557132 1.3444915 1 P 0
L 1.4557132 1.3208691 1.4675212 1.3208691 1 P 0
L 1.4557132 1.3444915 1.4675212 1.3444915 1 P 0
L 1.4557133 0.4330738 1.4557133 0.4566962 1 P 0
L 1.4557133 0.4330738 1.4675213 0.4330738 1 P 0
L 1.4557133 0.4566962 1.4675213 0.4566962 1 P 0
L 1.4557133 0.4763809 1.4557133 0.5000033 1 P 0
L 1.4557133 0.4763809 1.4675213 0.4763809 1 P 0
L 1.4557133 0.5000033 1.4675213 0.5000033 1 P 0
L 1.4557133 0.519688 1.4557133 0.5433104 1 P 0
L 1.4557133 0.519688 1.4675213 0.519688 1 P 0
L 1.4557133 0.5433104 1.4675213 0.5433104 1 P 0
L 1.4557133 0.5629951 1.4557133 0.5866175 1 P 0
L 1.4557133 0.5629951 1.4675213 0.5629951 1 P 0
L 1.4557133 0.5866175 1.4675213 0.5866175 1 P 0
L 1.4557133 0.6063022 1.4557133 0.6299246 1 P 0
L 1.4557133 0.6063022 1.4675213 0.6063022 1 P 0
L 1.4557133 0.6299246 1.4675213 0.6299246 1 P 0
L 1.4557133 0.6496093 1.4557133 0.6732317 1 P 0
L 1.4557133 0.6496093 1.4675213 0.6496093 1 P 0
L 1.4557133 0.6732317 1.4675213 0.6732317 1 P 0
L 1.4557133 0.6929164 1.4557133 0.7165388 1 P 0
L 1.4557133 0.6929164 1.4675213 0.6929164 1 P 0
L 1.4557133 0.7165388 1.4675213 0.7165388 1 P 0
L 1.4557133 0.7362234 1.4557133 0.7598458 1 P 0
L 1.4557133 0.7362234 1.4675213 0.7362234 1 P 0
L 1.4557133 0.7598458 1.4675213 0.7598458 1 P 0
L 1.4557133 0.7795305 1.4557133 0.8031529 1 P 0
L 1.4557133 0.7795305 1.4675213 0.7795305 1 P 0
L 1.4557133 0.8031529 1.4675213 0.8031529 1 P 0
L 1.4557133 0.8228376 1.4557133 0.84646 1 P 0
L 1.4557133 0.8228376 1.4675213 0.8228376 1 P 0
L 1.4557133 0.84646 1.4675213 0.84646 1 P 0
L 1.4645699 0.4271702 1.4645699 0.4389782 1 P 0
L 1.4645699 0.4271702 1.4881923 0.4271702 1 P 0
L 1.4645699 0.4389782 1.4881923 0.4389782 1 P 0
L 1.4645699 0.5059104 1.4645699 0.5177184 1 P 0
L 1.4645699 0.5059104 1.4881923 0.5059104 1 P 0
L 1.4645699 0.5177184 1.4881923 0.5177184 1 P 0
L 1.4645699 0.5846505 1.4645699 0.5964585 1 P 0
L 1.4645699 0.5846505 1.4881923 0.5846505 1 P 0
L 1.4645699 0.5964585 1.4881923 0.5964585 1 P 0
L 1.4645699 0.6633907 1.4645699 0.6751987 1 P 0
L 1.4645699 0.6633907 1.4881923 0.6633907 1 P 0
L 1.4645699 0.6751987 1.4881923 0.6751987 1 P 0
L 1.4645699 0.7421308 1.4645699 0.7539388 1 P 0
L 1.4645699 0.7421308 1.4881923 0.7421308 1 P 0
L 1.4645699 0.7539388 1.4881923 0.7539388 1 P 0
L 1.4675212 0.9311053 1.4675212 0.9547277 1 P 0
L 1.4675212 0.9744124 1.4675212 0.9980348 1 P 0
L 1.4675212 1.0177195 1.4675212 1.0413419 1 P 0
L 1.4675212 1.0610266 1.4675212 1.084649 1 P 0
L 1.4675212 1.1043337 1.4675212 1.1279561 1 P 0
L 1.4675212 1.1476408 1.4675212 1.1712632 1 P 0
L 1.4675212 1.1909479 1.4675212 1.2145703 1 P 0
L 1.4675212 1.2342549 1.4675212 1.2578773 1 P 0
L 1.4675212 1.277562 1.4675212 1.3011844 1 P 0
L 1.4675212 1.3208691 1.4675212 1.3444915 1 P 0
L 1.4675213 0.4330738 1.4675213 0.4566962 1 P 0
L 1.4675213 0.4763809 1.4675213 0.5000033 1 P 0
L 1.4675213 0.519688 1.4675213 0.5433104 1 P 0
L 1.4675213 0.5629951 1.4675213 0.5866175 1 P 0
L 1.4675213 0.6063022 1.4675213 0.6299246 1 P 0
L 1.4675213 0.6496093 1.4675213 0.6732317 1 P 0
L 1.4675213 0.6929164 1.4675213 0.7165388 1 P 0
L 1.4675213 0.7362234 1.4675213 0.7598458 1 P 0
L 1.4675213 0.7795305 1.4675213 0.8031529 1 P 0
L 1.4675213 0.8228376 1.4675213 0.84646 1 P 0
L 1.4704706 1.0994124 1.4704706 1.1230348 1 P 0
L 1.4704706 1.0994124 1.4822786 1.0994124 1 P 0
L 1.4704706 1.1230348 1.4822786 1.1230348 1 P 0
L 1.4704707 0.8976407 1.4704707 0.9212631 1 P 0
L 1.4704707 0.8976407 1.4822787 0.8976407 1 P 0
L 1.4704707 0.9212631 1.4822787 0.9212631 1 P 0
L 1.4704707 0.9980345 1.4704707 1.0216569 1 P 0
L 1.4704707 0.9980345 1.4822787 0.9980345 1 P 0
L 1.4704707 1.0216569 1.4822787 1.0216569 1 P 0
L 1.4793352 0.9311053 1.4793352 0.9547277 1 P 0
L 1.4793352 0.9311053 1.4911432 0.9311053 1 P 0
L 1.4793352 0.9547277 1.4911432 0.9547277 1 P 0
L 1.4793352 0.9744124 1.4793352 0.9980348 1 P 0
L 1.4793352 0.9744124 1.4911432 0.9744124 1 P 0
L 1.4793352 0.9980348 1.4911432 0.9980348 1 P 0
L 1.4793352 1.0177195 1.4793352 1.0413419 1 P 0
L 1.4793352 1.0177195 1.4911432 1.0177195 1 P 0
L 1.4793352 1.0413419 1.4911432 1.0413419 1 P 0
L 1.4793352 1.0610266 1.4793352 1.084649 1 P 0
L 1.4793352 1.0610266 1.4911432 1.0610266 1 P 0
L 1.4793352 1.084649 1.4911432 1.084649 1 P 0
L 1.4793352 1.1043337 1.4793352 1.1279561 1 P 0
L 1.4793352 1.1043337 1.4911432 1.1043337 1 P 0
L 1.4793352 1.1279561 1.4911432 1.1279561 1 P 0
L 1.4793352 1.1476408 1.4793352 1.1712632 1 P 0
L 1.4793352 1.1476408 1.4911432 1.1476408 1 P 0
L 1.4793352 1.1712632 1.4911432 1.1712632 1 P 0
L 1.4793352 1.1909479 1.4793352 1.2145703 1 P 0
L 1.4793352 1.1909479 1.4911432 1.1909479 1 P 0
L 1.4793352 1.2145703 1.4911432 1.2145703 1 P 0
L 1.4793352 1.2342549 1.4793352 1.2578773 1 P 0
L 1.4793352 1.2342549 1.4911432 1.2342549 1 P 0
L 1.4793352 1.2578773 1.4911432 1.2578773 1 P 0
L 1.4793352 1.277562 1.4793352 1.3011844 1 P 0
L 1.4793352 1.277562 1.4911432 1.277562 1 P 0
L 1.4793352 1.3011844 1.4911432 1.3011844 1 P 0
L 1.4793352 1.3208691 1.4793352 1.3444915 1 P 0
L 1.4793352 1.3208691 1.4911432 1.3208691 1 P 0
L 1.4793352 1.3444915 1.4911432 1.3444915 1 P 0
L 1.4793353 0.4330738 1.4793353 0.4566962 1 P 0
L 1.4793353 0.4330738 1.4911433 0.4330738 1 P 0
L 1.4793353 0.4566962 1.4911433 0.4566962 1 P 0
L 1.4793353 0.4763809 1.4793353 0.5000033 1 P 0
L 1.4793353 0.4763809 1.4911433 0.4763809 1 P 0
L 1.4793353 0.5000033 1.4911433 0.5000033 1 P 0
L 1.4793353 0.519688 1.4793353 0.5433104 1 P 0
L 1.4793353 0.519688 1.4911433 0.519688 1 P 0
L 1.4793353 0.5433104 1.4911433 0.5433104 1 P 0
L 1.4793353 0.5629951 1.4793353 0.5866175 1 P 0
L 1.4793353 0.5629951 1.4911433 0.5629951 1 P 0
L 1.4793353 0.5866175 1.4911433 0.5866175 1 P 0
L 1.4793353 0.6063022 1.4793353 0.6299246 1 P 0
L 1.4793353 0.6063022 1.4911433 0.6063022 1 P 0
L 1.4793353 0.6299246 1.4911433 0.6299246 1 P 0
L 1.4793353 0.6496093 1.4793353 0.6732317 1 P 0
L 1.4793353 0.6496093 1.4911433 0.6496093 1 P 0
L 1.4793353 0.6732317 1.4911433 0.6732317 1 P 0
L 1.4793353 0.6929164 1.4793353 0.7165388 1 P 0
L 1.4793353 0.6929164 1.4911433 0.6929164 1 P 0
L 1.4793353 0.7165388 1.4911433 0.7165388 1 P 0
L 1.4793353 0.7362234 1.4793353 0.7598458 1 P 0
L 1.4793353 0.7362234 1.4911433 0.7362234 1 P 0
L 1.4793353 0.7598458 1.4911433 0.7598458 1 P 0
L 1.4793353 0.7795305 1.4793353 0.8031529 1 P 0
L 1.4793353 0.7795305 1.4911433 0.7795305 1 P 0
L 1.4793353 0.8031529 1.4911433 0.8031529 1 P 0
L 1.4793353 0.8228376 1.4793353 0.84646 1 P 0
L 1.4793353 0.8228376 1.4911433 0.8228376 1 P 0
L 1.4793353 0.84646 1.4911433 0.84646 1 P 0
L 1.4822786 1.0994124 1.4822786 1.1230348 1 P 0
L 1.4822787 0.8976407 1.4822787 0.9212631 1 P 0
L 1.4822787 0.9980345 1.4822787 1.0216569 1 P 0
L 1.4881923 0.4271702 1.4881923 0.4389782 1 P 0
L 1.4881923 0.5059104 1.4881923 0.5177184 1 P 0
L 1.4881923 0.5846505 1.4881923 0.5964585 1 P 0
L 1.4881923 0.6633907 1.4881923 0.6751987 1 P 0
L 1.4881923 0.7421308 1.4881923 0.7539388 1 P 0
L 1.4911432 0.9311053 1.4911432 0.9547277 1 P 0
L 1.4911432 0.9744124 1.4911432 0.9980348 1 P 0
L 1.4911432 1.0177195 1.4911432 1.0413419 1 P 0
L 1.4911432 1.0610266 1.4911432 1.084649 1 P 0
L 1.4911432 1.1043337 1.4911432 1.1279561 1 P 0
L 1.4911432 1.1476408 1.4911432 1.1712632 1 P 0
L 1.4911432 1.1909479 1.4911432 1.2145703 1 P 0
L 1.4911432 1.2342549 1.4911432 1.2578773 1 P 0
L 1.4911432 1.277562 1.4911432 1.3011844 1 P 0
L 1.4911432 1.3208691 1.4911432 1.3444915 1 P 0
L 1.4911433 0.4330738 1.4911433 0.4566962 1 P 0
L 1.4911433 0.4763809 1.4911433 0.5000033 1 P 0
L 1.4911433 0.519688 1.4911433 0.5433104 1 P 0
L 1.4911433 0.5629951 1.4911433 0.5866175 1 P 0
L 1.4911433 0.6063022 1.4911433 0.6299246 1 P 0
L 1.4911433 0.6496093 1.4911433 0.6732317 1 P 0
L 1.4911433 0.6929164 1.4911433 0.7165388 1 P 0
L 1.4911433 0.7362234 1.4911433 0.7598458 1 P 0
L 1.4911433 0.7795305 1.4911433 0.8031529 1 P 0
L 1.4911433 0.8228376 1.4911433 0.84646 1 P 0
L 1.5029573 0.9311053 1.5029573 0.9547277 1 P 0
L 1.5029573 0.9311053 1.5147653 0.9311053 1 P 0
L 1.5029573 0.9547277 1.5147653 0.9547277 1 P 0
L 1.5029573 0.9744124 1.5029573 0.9980348 1 P 0
L 1.5029573 0.9744124 1.5147653 0.9744124 1 P 0
L 1.5029573 0.9980348 1.5147653 0.9980348 1 P 0
L 1.5029573 1.0177195 1.5029573 1.0413419 1 P 0
L 1.5029573 1.0177195 1.5147653 1.0177195 1 P 0
L 1.5029573 1.0413419 1.5147653 1.0413419 1 P 0
L 1.5029573 1.0610266 1.5029573 1.084649 1 P 0
L 1.5029573 1.0610266 1.5147653 1.0610266 1 P 0
L 1.5029573 1.084649 1.5147653 1.084649 1 P 0
L 1.5029573 1.1043337 1.5029573 1.1279561 1 P 0
L 1.5029573 1.1043337 1.5147653 1.1043337 1 P 0
L 1.5029573 1.1279561 1.5147653 1.1279561 1 P 0
L 1.5029573 1.1476408 1.5029573 1.1712632 1 P 0
L 1.5029573 1.1476408 1.5147653 1.1476408 1 P 0
L 1.5029573 1.1712632 1.5147653 1.1712632 1 P 0
L 1.5029573 1.1909479 1.5029573 1.2145703 1 P 0
L 1.5029573 1.1909479 1.5147653 1.1909479 1 P 0
L 1.5029573 1.2145703 1.5147653 1.2145703 1 P 0
L 1.5029573 1.2342549 1.5029573 1.2578773 1 P 0
L 1.5029573 1.2342549 1.5147653 1.2342549 1 P 0
L 1.5029573 1.2578773 1.5147653 1.2578773 1 P 0
L 1.5029573 1.277562 1.5029573 1.3011844 1 P 0
L 1.5029573 1.277562 1.5147653 1.277562 1 P 0
L 1.5029573 1.3011844 1.5147653 1.3011844 1 P 0
L 1.5029573 1.3208691 1.5029573 1.3444915 1 P 0
L 1.5029573 1.3208691 1.5147653 1.3208691 1 P 0
L 1.5029573 1.3444915 1.5147653 1.3444915 1 P 0
L 1.5029574 0.4330738 1.5029574 0.4566962 1 P 0
L 1.5029574 0.4330738 1.5147654 0.4330738 1 P 0
L 1.5029574 0.4566962 1.5147654 0.4566962 1 P 0
L 1.5029574 0.4763809 1.5029574 0.5000033 1 P 0
L 1.5029574 0.4763809 1.5147654 0.4763809 1 P 0
L 1.5029574 0.5000033 1.5147654 0.5000033 1 P 0
L 1.5029574 0.519688 1.5029574 0.5433104 1 P 0
L 1.5029574 0.519688 1.5147654 0.519688 1 P 0
L 1.5029574 0.5433104 1.5147654 0.5433104 1 P 0
L 1.5029574 0.5629951 1.5029574 0.5866175 1 P 0
L 1.5029574 0.5629951 1.5147654 0.5629951 1 P 0
L 1.5029574 0.5866175 1.5147654 0.5866175 1 P 0
L 1.5029574 0.6063022 1.5029574 0.6299246 1 P 0
L 1.5029574 0.6063022 1.5147654 0.6063022 1 P 0
L 1.5029574 0.6299246 1.5147654 0.6299246 1 P 0
L 1.5029574 0.6496093 1.5029574 0.6732317 1 P 0
L 1.5029574 0.6496093 1.5147654 0.6496093 1 P 0
L 1.5029574 0.6732317 1.5147654 0.6732317 1 P 0
L 1.5029574 0.6929164 1.5029574 0.7165388 1 P 0
L 1.5029574 0.6929164 1.5147654 0.6929164 1 P 0
L 1.5029574 0.7165388 1.5147654 0.7165388 1 P 0
L 1.5029574 0.7362234 1.5029574 0.7598458 1 P 0
L 1.5029574 0.7362234 1.5147654 0.7362234 1 P 0
L 1.5029574 0.7598458 1.5147654 0.7598458 1 P 0
L 1.5029574 0.7795305 1.5029574 0.8031529 1 P 0
L 1.5029574 0.7795305 1.5147654 0.7795305 1 P 0
L 1.5029574 0.8031529 1.5147654 0.8031529 1 P 0
L 1.5029574 0.8228376 1.5029574 0.84646 1 P 0
L 1.5029574 0.8228376 1.5147654 0.8228376 1 P 0
L 1.5029574 0.84646 1.5147654 0.84646 1 P 0
L 1.5147653 0.9311053 1.5147653 0.9547277 1 P 0
L 1.5147653 0.9744124 1.5147653 0.9980348 1 P 0
L 1.5147653 1.0177195 1.5147653 1.0413419 1 P 0
L 1.5147653 1.0610266 1.5147653 1.084649 1 P 0
L 1.5147653 1.1043337 1.5147653 1.1279561 1 P 0
L 1.5147653 1.1476408 1.5147653 1.1712632 1 P 0
L 1.5147653 1.1909479 1.5147653 1.2145703 1 P 0
L 1.5147653 1.2342549 1.5147653 1.2578773 1 P 0
L 1.5147653 1.277562 1.5147653 1.3011844 1 P 0
L 1.5147653 1.3208691 1.5147653 1.3444915 1 P 0
L 1.5147654 0.4330738 1.5147654 0.4566962 1 P 0
L 1.5147654 0.4763809 1.5147654 0.5000033 1 P 0
L 1.5147654 0.519688 1.5147654 0.5433104 1 P 0
L 1.5147654 0.5629951 1.5147654 0.5866175 1 P 0
L 1.5147654 0.6063022 1.5147654 0.6299246 1 P 0
L 1.5147654 0.6496093 1.5147654 0.6732317 1 P 0
L 1.5147654 0.6929164 1.5147654 0.7165388 1 P 0
L 1.5147654 0.7362234 1.5147654 0.7598458 1 P 0
L 1.5147654 0.7795305 1.5147654 0.8031529 1 P 0
L 1.5147654 0.8228376 1.5147654 0.84646 1 P 0
L 1.5265793 0.9311053 1.5265793 0.9547277 1 P 0
L 1.5265793 0.9311053 1.5383873 0.9311053 1 P 0
L 1.5265793 0.9547277 1.5383873 0.9547277 1 P 0
L 1.5265793 0.9744124 1.5265793 0.9980348 1 P 0
L 1.5265793 0.9744124 1.5383873 0.9744124 1 P 0
L 1.5265793 0.9980348 1.5383873 0.9980348 1 P 0
L 1.5265793 1.0177195 1.5265793 1.0413419 1 P 0
L 1.5265793 1.0177195 1.5383873 1.0177195 1 P 0
L 1.5265793 1.0413419 1.5383873 1.0413419 1 P 0
L 1.5265793 1.0610266 1.5265793 1.084649 1 P 0
L 1.5265793 1.0610266 1.5383873 1.0610266 1 P 0
L 1.5265793 1.084649 1.5383873 1.084649 1 P 0
L 1.5265793 1.1043337 1.5265793 1.1279561 1 P 0
L 1.5265793 1.1043337 1.5383873 1.1043337 1 P 0
L 1.5265793 1.1279561 1.5383873 1.1279561 1 P 0
L 1.5265793 1.1476408 1.5265793 1.1712632 1 P 0
L 1.5265793 1.1476408 1.5383873 1.1476408 1 P 0
L 1.5265793 1.1712632 1.5383873 1.1712632 1 P 0
L 1.5265793 1.1909479 1.5265793 1.2145703 1 P 0
L 1.5265793 1.1909479 1.5383873 1.1909479 1 P 0
L 1.5265793 1.2145703 1.5383873 1.2145703 1 P 0
L 1.5265793 1.2342549 1.5265793 1.2578773 1 P 0
L 1.5265793 1.2342549 1.5383873 1.2342549 1 P 0
L 1.5265793 1.2578773 1.5383873 1.2578773 1 P 0
L 1.5265793 1.277562 1.5265793 1.3011844 1 P 0
L 1.5265793 1.277562 1.5383873 1.277562 1 P 0
L 1.5265793 1.3011844 1.5383873 1.3011844 1 P 0
L 1.5265793 1.3208691 1.5265793 1.3444915 1 P 0
L 1.5265793 1.3208691 1.5383873 1.3208691 1 P 0
L 1.5265793 1.3444915 1.5383873 1.3444915 1 P 0
L 1.5265794 0.4330738 1.5265794 0.4566962 1 P 0
L 1.5265794 0.4330738 1.5383874 0.4330738 1 P 0
L 1.5265794 0.4566962 1.5383874 0.4566962 1 P 0
L 1.5265794 0.4763809 1.5265794 0.5000033 1 P 0
L 1.5265794 0.4763809 1.5383874 0.4763809 1 P 0
L 1.5265794 0.5000033 1.5383874 0.5000033 1 P 0
L 1.5265794 0.519688 1.5265794 0.5433104 1 P 0
L 1.5265794 0.519688 1.5383874 0.519688 1 P 0
L 1.5265794 0.5433104 1.5383874 0.5433104 1 P 0
L 1.5265794 0.5629951 1.5265794 0.5866175 1 P 0
L 1.5265794 0.5629951 1.5383874 0.5629951 1 P 0
L 1.5265794 0.5866175 1.5383874 0.5866175 1 P 0
L 1.5265794 0.6063022 1.5265794 0.6299246 1 P 0
L 1.5265794 0.6063022 1.5383874 0.6063022 1 P 0
L 1.5265794 0.6299246 1.5383874 0.6299246 1 P 0
L 1.5265794 0.6496093 1.5265794 0.6732317 1 P 0
L 1.5265794 0.6496093 1.5383874 0.6496093 1 P 0
L 1.5265794 0.6732317 1.5383874 0.6732317 1 P 0
L 1.5265794 0.6929164 1.5265794 0.7165388 1 P 0
L 1.5265794 0.6929164 1.5383874 0.6929164 1 P 0
L 1.5265794 0.7165388 1.5383874 0.7165388 1 P 0
L 1.5265794 0.7362234 1.5265794 0.7598458 1 P 0
L 1.5265794 0.7362234 1.5383874 0.7362234 1 P 0
L 1.5265794 0.7598458 1.5383874 0.7598458 1 P 0
L 1.5265794 0.7795305 1.5265794 0.8031529 1 P 0
L 1.5265794 0.7795305 1.5383874 0.7795305 1 P 0
L 1.5265794 0.8031529 1.5383874 0.8031529 1 P 0
L 1.5265794 0.8228376 1.5265794 0.84646 1 P 0
L 1.5265794 0.8228376 1.5383874 0.8228376 1 P 0
L 1.5265794 0.84646 1.5383874 0.84646 1 P 0
L 1.5383873 0.9311053 1.5383873 0.9547277 1 P 0
L 1.5383873 0.9744124 1.5383873 0.9980348 1 P 0
L 1.5383873 1.0177195 1.5383873 1.0413419 1 P 0
L 1.5383873 1.0610266 1.5383873 1.084649 1 P 0
L 1.5383873 1.1043337 1.5383873 1.1279561 1 P 0
L 1.5383873 1.1476408 1.5383873 1.1712632 1 P 0
L 1.5383873 1.1909479 1.5383873 1.2145703 1 P 0
L 1.5383873 1.2342549 1.5383873 1.2578773 1 P 0
L 1.5383873 1.277562 1.5383873 1.3011844 1 P 0
L 1.5383873 1.3208691 1.5383873 1.3444915 1 P 0
L 1.5383874 0.4330738 1.5383874 0.4566962 1 P 0
L 1.5383874 0.4763809 1.5383874 0.5000033 1 P 0
L 1.5383874 0.519688 1.5383874 0.5433104 1 P 0
L 1.5383874 0.5629951 1.5383874 0.5866175 1 P 0
L 1.5383874 0.6063022 1.5383874 0.6299246 1 P 0
L 1.5383874 0.6496093 1.5383874 0.6732317 1 P 0
L 1.5383874 0.6929164 1.5383874 0.7165388 1 P 0
L 1.5383874 0.7362234 1.5383874 0.7598458 1 P 0
L 1.5383874 0.7795305 1.5383874 0.8031529 1 P 0
L 1.5383874 0.8228376 1.5383874 0.84646 1 P 0
L 1.5502014 0.9311053 1.5502014 0.9547277 1 P 0
L 1.5502014 0.9311053 1.5620094 0.9311053 1 P 0
L 1.5502014 0.9547277 1.5620094 0.9547277 1 P 0
L 1.5502014 0.9744124 1.5502014 0.9980348 1 P 0
L 1.5502014 0.9744124 1.5620094 0.9744124 1 P 0
L 1.5502014 0.9980348 1.5620094 0.9980348 1 P 0
L 1.5502014 1.0177195 1.5502014 1.0413419 1 P 0
L 1.5502014 1.0177195 1.5620094 1.0177195 1 P 0
L 1.5502014 1.0413419 1.5620094 1.0413419 1 P 0
L 1.5502014 1.0610266 1.5502014 1.084649 1 P 0
L 1.5502014 1.0610266 1.5620094 1.0610266 1 P 0
L 1.5502014 1.084649 1.5620094 1.084649 1 P 0
L 1.5502014 1.1043337 1.5502014 1.1279561 1 P 0
L 1.5502014 1.1043337 1.5620094 1.1043337 1 P 0
L 1.5502014 1.1279561 1.5620094 1.1279561 1 P 0
L 1.5502014 1.1476408 1.5502014 1.1712632 1 P 0
L 1.5502014 1.1476408 1.5620094 1.1476408 1 P 0
L 1.5502014 1.1712632 1.5620094 1.1712632 1 P 0
L 1.5502014 1.1909479 1.5502014 1.2145703 1 P 0
L 1.5502014 1.1909479 1.5620094 1.1909479 1 P 0
L 1.5502014 1.2145703 1.5620094 1.2145703 1 P 0
L 1.5502014 1.2342549 1.5502014 1.2578773 1 P 0
L 1.5502014 1.2342549 1.5620094 1.2342549 1 P 0
L 1.5502014 1.2578773 1.5620094 1.2578773 1 P 0
L 1.5502014 1.277562 1.5502014 1.3011844 1 P 0
L 1.5502014 1.277562 1.5620094 1.277562 1 P 0
L 1.5502014 1.3011844 1.5620094 1.3011844 1 P 0
L 1.5502014 1.3208691 1.5502014 1.3444915 1 P 0
L 1.5502014 1.3208691 1.5620094 1.3208691 1 P 0
L 1.5502014 1.3444915 1.5620094 1.3444915 1 P 0
L 1.5502015 0.4330738 1.5502015 0.4566962 1 P 0
L 1.5502015 0.4330738 1.5620095 0.4330738 1 P 0
L 1.5502015 0.4566962 1.5620095 0.4566962 1 P 0
L 1.5502015 0.4763809 1.5502015 0.5000033 1 P 0
L 1.5502015 0.4763809 1.5620095 0.4763809 1 P 0
L 1.5502015 0.5000033 1.5620095 0.5000033 1 P 0
L 1.5502015 0.519688 1.5502015 0.5433104 1 P 0
L 1.5502015 0.519688 1.5620095 0.519688 1 P 0
L 1.5502015 0.5433104 1.5620095 0.5433104 1 P 0
L 1.5502015 0.5629951 1.5502015 0.5866175 1 P 0
L 1.5502015 0.5629951 1.5620095 0.5629951 1 P 0
L 1.5502015 0.5866175 1.5620095 0.5866175 1 P 0
L 1.5502015 0.6063022 1.5502015 0.6299246 1 P 0
L 1.5502015 0.6063022 1.5620095 0.6063022 1 P 0
L 1.5502015 0.6299246 1.5620095 0.6299246 1 P 0
L 1.5502015 0.6496093 1.5502015 0.6732317 1 P 0
L 1.5502015 0.6496093 1.5620095 0.6496093 1 P 0
L 1.5502015 0.6732317 1.5620095 0.6732317 1 P 0
L 1.5502015 0.6929164 1.5502015 0.7165388 1 P 0
L 1.5502015 0.6929164 1.5620095 0.6929164 1 P 0
L 1.5502015 0.7165388 1.5620095 0.7165388 1 P 0
L 1.5502015 0.7362234 1.5502015 0.7598458 1 P 0
L 1.5502015 0.7362234 1.5620095 0.7362234 1 P 0
L 1.5502015 0.7598458 1.5620095 0.7598458 1 P 0
L 1.5502015 0.7795305 1.5502015 0.8031529 1 P 0
L 1.5502015 0.7795305 1.5620095 0.7795305 1 P 0
L 1.5502015 0.8031529 1.5620095 0.8031529 1 P 0
L 1.5502015 0.8228376 1.5502015 0.84646 1 P 0
L 1.5502015 0.8228376 1.5620095 0.8228376 1 P 0
L 1.5502015 0.84646 1.5620095 0.84646 1 P 0
L 1.5620094 0.9311053 1.5620094 0.9547277 1 P 0
L 1.5620094 0.9744124 1.5620094 0.9980348 1 P 0
L 1.5620094 1.0177195 1.5620094 1.0413419 1 P 0
L 1.5620094 1.0610266 1.5620094 1.084649 1 P 0
L 1.5620094 1.1043337 1.5620094 1.1279561 1 P 0
L 1.5620094 1.1476408 1.5620094 1.1712632 1 P 0
L 1.5620094 1.1909479 1.5620094 1.2145703 1 P 0
L 1.5620094 1.2342549 1.5620094 1.2578773 1 P 0
L 1.5620094 1.277562 1.5620094 1.3011844 1 P 0
L 1.5620094 1.3208691 1.5620094 1.3444915 1 P 0
L 1.5620095 0.4330738 1.5620095 0.4566962 1 P 0
L 1.5620095 0.4763809 1.5620095 0.5000033 1 P 0
L 1.5620095 0.519688 1.5620095 0.5433104 1 P 0
L 1.5620095 0.5629951 1.5620095 0.5866175 1 P 0
L 1.5620095 0.6063022 1.5620095 0.6299246 1 P 0
L 1.5620095 0.6496093 1.5620095 0.6732317 1 P 0
L 1.5620095 0.6929164 1.5620095 0.7165388 1 P 0
L 1.5620095 0.7362234 1.5620095 0.7598458 1 P 0
L 1.5620095 0.7795305 1.5620095 0.8031529 1 P 0
L 1.5620095 0.8228376 1.5620095 0.84646 1 P 0
L 1.5629952 0.4271702 1.5629952 0.4389782 1 P 0
L 1.5629952 0.4271702 1.5866176 0.4271702 1 P 0
L 1.5629952 0.4389782 1.5866176 0.4389782 1 P 0
L 1.5629952 0.5059104 1.5629952 0.5177184 1 P 0
L 1.5629952 0.5059104 1.5866176 0.5059104 1 P 0
L 1.5629952 0.5177184 1.5866176 0.5177184 1 P 0
L 1.5629952 0.5846505 1.5629952 0.5964585 1 P 0
L 1.5629952 0.5846505 1.5866176 0.5846505 1 P 0
L 1.5629952 0.5964585 1.5866176 0.5964585 1 P 0
L 1.5629952 0.6633907 1.5629952 0.6751987 1 P 0
L 1.5629952 0.6633907 1.5866176 0.6633907 1 P 0
L 1.5629952 0.6751987 1.5866176 0.6751987 1 P 0
L 1.5629952 0.7421308 1.5629952 0.7539388 1 P 0
L 1.5629952 0.7421308 1.5866176 0.7421308 1 P 0
L 1.5629952 0.7539388 1.5866176 0.7539388 1 P 0
L 1.5688959 0.8976407 1.5688959 0.9212631 1 P 0
L 1.5688959 0.8976407 1.5807039 0.8976407 1 P 0
L 1.5688959 0.9212631 1.5807039 0.9212631 1 P 0
L 1.5688959 0.9980345 1.5688959 1.0216569 1 P 0
L 1.5688959 0.9980345 1.5807039 0.9980345 1 P 0
L 1.5688959 1.0216569 1.5807039 1.0216569 1 P 0
L 1.5688959 1.0984282 1.5688959 1.1220506 1 P 0
L 1.5688959 1.0984282 1.5807039 1.0984282 1 P 0
L 1.5688959 1.1220506 1.5807039 1.1220506 1 P 0
L 1.5738234 0.9311053 1.5738234 0.9547277 1 P 0
L 1.5738234 0.9311053 1.5856314 0.9311053 1 P 0
L 1.5738234 0.9547277 1.5856314 0.9547277 1 P 0
L 1.5738234 0.9744124 1.5738234 0.9980348 1 P 0
L 1.5738234 0.9744124 1.5856314 0.9744124 1 P 0
L 1.5738234 0.9980348 1.5856314 0.9980348 1 P 0
L 1.5738234 1.0177195 1.5738234 1.0413419 1 P 0
L 1.5738234 1.0177195 1.5856314 1.0177195 1 P 0
L 1.5738234 1.0413419 1.5856314 1.0413419 1 P 0
L 1.5738234 1.0610266 1.5738234 1.084649 1 P 0
L 1.5738234 1.0610266 1.5856314 1.0610266 1 P 0
L 1.5738234 1.084649 1.5856314 1.084649 1 P 0
L 1.5738234 1.1043337 1.5738234 1.1279561 1 P 0
L 1.5738234 1.1043337 1.5856314 1.1043337 1 P 0
L 1.5738234 1.1279561 1.5856314 1.1279561 1 P 0
L 1.5738234 1.1476408 1.5738234 1.1712632 1 P 0
L 1.5738234 1.1476408 1.5856314 1.1476408 1 P 0
L 1.5738234 1.1712632 1.5856314 1.1712632 1 P 0
L 1.5738234 1.1909479 1.5738234 1.2145703 1 P 0
L 1.5738234 1.1909479 1.5856314 1.1909479 1 P 0
L 1.5738234 1.2145703 1.5856314 1.2145703 1 P 0
L 1.5738234 1.2342549 1.5738234 1.2578773 1 P 0
L 1.5738234 1.2342549 1.5856314 1.2342549 1 P 0
L 1.5738234 1.2578773 1.5856314 1.2578773 1 P 0
L 1.5738234 1.277562 1.5738234 1.3011844 1 P 0
L 1.5738234 1.277562 1.5856314 1.277562 1 P 0
L 1.5738234 1.3011844 1.5856314 1.3011844 1 P 0
L 1.5738234 1.3208691 1.5738234 1.3444915 1 P 0
L 1.5738234 1.3208691 1.5856314 1.3208691 1 P 0
L 1.5738234 1.3444915 1.5856314 1.3444915 1 P 0
L 1.5738235 0.4330738 1.5738235 0.4566962 1 P 0
L 1.5738235 0.4330738 1.5856315 0.4330738 1 P 0
L 1.5738235 0.4566962 1.5856315 0.4566962 1 P 0
L 1.5738235 0.4763809 1.5738235 0.5000033 1 P 0
L 1.5738235 0.4763809 1.5856315 0.4763809 1 P 0
L 1.5738235 0.5000033 1.5856315 0.5000033 1 P 0
L 1.5738235 0.519688 1.5738235 0.5433104 1 P 0
L 1.5738235 0.519688 1.5856315 0.519688 1 P 0
L 1.5738235 0.5433104 1.5856315 0.5433104 1 P 0
L 1.5738235 0.5629951 1.5738235 0.5866175 1 P 0
L 1.5738235 0.5629951 1.5856315 0.5629951 1 P 0
L 1.5738235 0.5866175 1.5856315 0.5866175 1 P 0
L 1.5738235 0.6063022 1.5738235 0.6299246 1 P 0
L 1.5738235 0.6063022 1.5856315 0.6063022 1 P 0
L 1.5738235 0.6299246 1.5856315 0.6299246 1 P 0
L 1.5738235 0.6496093 1.5738235 0.6732317 1 P 0
L 1.5738235 0.6496093 1.5856315 0.6496093 1 P 0
L 1.5738235 0.6732317 1.5856315 0.6732317 1 P 0
L 1.5738235 0.6929164 1.5738235 0.7165388 1 P 0
L 1.5738235 0.6929164 1.5856315 0.6929164 1 P 0
L 1.5738235 0.7165388 1.5856315 0.7165388 1 P 0
L 1.5738235 0.7362234 1.5738235 0.7598458 1 P 0
L 1.5738235 0.7362234 1.5856315 0.7362234 1 P 0
L 1.5738235 0.7598458 1.5856315 0.7598458 1 P 0
L 1.5738235 0.7795305 1.5738235 0.8031529 1 P 0
L 1.5738235 0.7795305 1.5856315 0.7795305 1 P 0
L 1.5738235 0.8031529 1.5856315 0.8031529 1 P 0
L 1.5738235 0.8228376 1.5738235 0.84646 1 P 0
L 1.5738235 0.8228376 1.5856315 0.8228376 1 P 0
L 1.5738235 0.84646 1.5856315 0.84646 1 P 0
L 1.5807039 0.8976407 1.5807039 0.9212631 1 P 0
L 1.5807039 0.9980345 1.5807039 1.0216569 1 P 0
L 1.5807039 1.0984282 1.5807039 1.1220506 1 P 0
L 1.5856314 0.9311053 1.5856314 0.9547277 1 P 0
L 1.5856314 0.9744124 1.5856314 0.9980348 1 P 0
L 1.5856314 1.0177195 1.5856314 1.0413419 1 P 0
L 1.5856314 1.0610266 1.5856314 1.084649 1 P 0
L 1.5856314 1.1043337 1.5856314 1.1279561 1 P 0
L 1.5856314 1.1476408 1.5856314 1.1712632 1 P 0
L 1.5856314 1.1909479 1.5856314 1.2145703 1 P 0
L 1.5856314 1.2342549 1.5856314 1.2578773 1 P 0
L 1.5856314 1.277562 1.5856314 1.3011844 1 P 0
L 1.5856314 1.3208691 1.5856314 1.3444915 1 P 0
L 1.5856315 0.4330738 1.5856315 0.4566962 1 P 0
L 1.5856315 0.4763809 1.5856315 0.5000033 1 P 0
L 1.5856315 0.519688 1.5856315 0.5433104 1 P 0
L 1.5856315 0.5629951 1.5856315 0.5866175 1 P 0
L 1.5856315 0.6063022 1.5856315 0.6299246 1 P 0
L 1.5856315 0.6496093 1.5856315 0.6732317 1 P 0
L 1.5856315 0.6929164 1.5856315 0.7165388 1 P 0
L 1.5856315 0.7362234 1.5856315 0.7598458 1 P 0
L 1.5856315 0.7795305 1.5856315 0.8031529 1 P 0
L 1.5856315 0.8228376 1.5856315 0.84646 1 P 0
L 1.5866176 0.4271702 1.5866176 0.4389782 1 P 0
L 1.5866176 0.5059104 1.5866176 0.5177184 1 P 0
L 1.5866176 0.5846505 1.5866176 0.5964585 1 P 0
L 1.5866176 0.6633907 1.5866176 0.6751987 1 P 0
L 1.5866176 0.7421308 1.5866176 0.7539388 1 P 0
L 1.5974455 0.9311053 1.5974455 0.9547277 1 P 0
L 1.5974455 0.9311053 1.6092535 0.9311053 1 P 0
L 1.5974455 0.9547277 1.6092535 0.9547277 1 P 0
L 1.5974455 0.9744124 1.5974455 0.9980348 1 P 0
L 1.5974455 0.9744124 1.6092535 0.9744124 1 P 0
L 1.5974455 0.9980348 1.6092535 0.9980348 1 P 0
L 1.5974455 1.0177195 1.5974455 1.0413419 1 P 0
L 1.5974455 1.0177195 1.6092535 1.0177195 1 P 0
L 1.5974455 1.0413419 1.6092535 1.0413419 1 P 0
L 1.5974455 1.0610266 1.5974455 1.084649 1 P 0
L 1.5974455 1.0610266 1.6092535 1.0610266 1 P 0
L 1.5974455 1.084649 1.6092535 1.084649 1 P 0
L 1.5974455 1.1043337 1.5974455 1.1279561 1 P 0
L 1.5974455 1.1043337 1.6092535 1.1043337 1 P 0
L 1.5974455 1.1279561 1.6092535 1.1279561 1 P 0
L 1.5974455 1.1476408 1.5974455 1.1712632 1 P 0
L 1.5974455 1.1476408 1.6092535 1.1476408 1 P 0
L 1.5974455 1.1712632 1.6092535 1.1712632 1 P 0
L 1.5974455 1.1909479 1.5974455 1.2145703 1 P 0
L 1.5974455 1.1909479 1.6092535 1.1909479 1 P 0
L 1.5974455 1.2145703 1.6092535 1.2145703 1 P 0
L 1.5974455 1.2342549 1.5974455 1.2578773 1 P 0
L 1.5974455 1.2342549 1.6092535 1.2342549 1 P 0
L 1.5974455 1.2578773 1.6092535 1.2578773 1 P 0
L 1.5974455 1.277562 1.5974455 1.3011844 1 P 0
L 1.5974455 1.277562 1.6092535 1.277562 1 P 0
L 1.5974455 1.3011844 1.6092535 1.3011844 1 P 0
L 1.5974455 1.3208691 1.5974455 1.3444915 1 P 0
L 1.5974455 1.3208691 1.6092535 1.3208691 1 P 0
L 1.5974455 1.3444915 1.6092535 1.3444915 1 P 0
L 1.5974456 0.4330738 1.5974456 0.4566962 1 P 0
L 1.5974456 0.4330738 1.6092536 0.4330738 1 P 0
L 1.5974456 0.4566962 1.6092536 0.4566962 1 P 0
L 1.5974456 0.4763809 1.5974456 0.5000033 1 P 0
L 1.5974456 0.4763809 1.6092536 0.4763809 1 P 0
L 1.5974456 0.5000033 1.6092536 0.5000033 1 P 0
L 1.5974456 0.519688 1.5974456 0.5433104 1 P 0
L 1.5974456 0.519688 1.6092536 0.519688 1 P 0
L 1.5974456 0.5433104 1.6092536 0.5433104 1 P 0
L 1.5974456 0.5629951 1.5974456 0.5866175 1 P 0
L 1.5974456 0.5629951 1.6092536 0.5629951 1 P 0
L 1.5974456 0.5866175 1.6092536 0.5866175 1 P 0
L 1.5974456 0.6063022 1.5974456 0.6299246 1 P 0
L 1.5974456 0.6063022 1.6092536 0.6063022 1 P 0
L 1.5974456 0.6299246 1.6092536 0.6299246 1 P 0
L 1.5974456 0.6496093 1.5974456 0.6732317 1 P 0
L 1.5974456 0.6496093 1.6092536 0.6496093 1 P 0
L 1.5974456 0.6732317 1.6092536 0.6732317 1 P 0
L 1.5974456 0.6929164 1.5974456 0.7165388 1 P 0
L 1.5974456 0.6929164 1.6092536 0.6929164 1 P 0
L 1.5974456 0.7165388 1.6092536 0.7165388 1 P 0
L 1.5974456 0.7362234 1.5974456 0.7598458 1 P 0
L 1.5974456 0.7362234 1.6092536 0.7362234 1 P 0
L 1.5974456 0.7598458 1.6092536 0.7598458 1 P 0
L 1.5974456 0.7795305 1.5974456 0.8031529 1 P 0
L 1.5974456 0.7795305 1.6092536 0.7795305 1 P 0
L 1.5974456 0.8031529 1.6092536 0.8031529 1 P 0
L 1.5974456 0.8228376 1.5974456 0.84646 1 P 0
L 1.5974456 0.8228376 1.6092536 0.8228376 1 P 0
L 1.5974456 0.84646 1.6092536 0.84646 1 P 0
L 1.6092535 0.9311053 1.6092535 0.9547277 1 P 0
L 1.6092535 0.9744124 1.6092535 0.9980348 1 P 0
L 1.6092535 1.0177195 1.6092535 1.0413419 1 P 0
L 1.6092535 1.0610266 1.6092535 1.084649 1 P 0
L 1.6092535 1.1043337 1.6092535 1.1279561 1 P 0
L 1.6092535 1.1476408 1.6092535 1.1712632 1 P 0
L 1.6092535 1.1909479 1.6092535 1.2145703 1 P 0
L 1.6092535 1.2342549 1.6092535 1.2578773 1 P 0
L 1.6092535 1.277562 1.6092535 1.3011844 1 P 0
L 1.6092535 1.3208691 1.6092535 1.3444915 1 P 0
L 1.6092536 0.4330738 1.6092536 0.4566962 1 P 0
L 1.6092536 0.4763809 1.6092536 0.5000033 1 P 0
L 1.6092536 0.519688 1.6092536 0.5433104 1 P 0
L 1.6092536 0.5629951 1.6092536 0.5866175 1 P 0
L 1.6092536 0.6063022 1.6092536 0.6299246 1 P 0
L 1.6092536 0.6496093 1.6092536 0.6732317 1 P 0
L 1.6092536 0.6929164 1.6092536 0.7165388 1 P 0
L 1.6092536 0.7362234 1.6092536 0.7598458 1 P 0
L 1.6092536 0.7795305 1.6092536 0.8031529 1 P 0
L 1.6092536 0.8228376 1.6092536 0.84646 1 P 0
L 1.6210675 0.9311053 1.6210675 0.9547277 1 P 0
L 1.6210675 0.9311053 1.6328755 0.9311053 1 P 0
L 1.6210675 0.9547277 1.6328755 0.9547277 1 P 0
L 1.6210675 0.9744124 1.6210675 0.9980348 1 P 0
L 1.6210675 0.9744124 1.6328755 0.9744124 1 P 0
L 1.6210675 0.9980348 1.6328755 0.9980348 1 P 0
L 1.6210675 1.0177195 1.6210675 1.0413419 1 P 0
L 1.6210675 1.0177195 1.6328755 1.0177195 1 P 0
L 1.6210675 1.0413419 1.6328755 1.0413419 1 P 0
L 1.6210675 1.0610266 1.6210675 1.084649 1 P 0
L 1.6210675 1.0610266 1.6328755 1.0610266 1 P 0
L 1.6210675 1.084649 1.6328755 1.084649 1 P 0
L 1.6210675 1.1043337 1.6210675 1.1279561 1 P 0
L 1.6210675 1.1043337 1.6328755 1.1043337 1 P 0
L 1.6210675 1.1279561 1.6328755 1.1279561 1 P 0
L 1.6210675 1.1476408 1.6210675 1.1712632 1 P 0
L 1.6210675 1.1476408 1.6328755 1.1476408 1 P 0
L 1.6210675 1.1712632 1.6328755 1.1712632 1 P 0
L 1.6210675 1.1909479 1.6210675 1.2145703 1 P 0
L 1.6210675 1.1909479 1.6328755 1.1909479 1 P 0
L 1.6210675 1.2145703 1.6328755 1.2145703 1 P 0
L 1.6210675 1.2342549 1.6210675 1.2578773 1 P 0
L 1.6210675 1.2342549 1.6328755 1.2342549 1 P 0
L 1.6210675 1.2578773 1.6328755 1.2578773 1 P 0
L 1.6210675 1.277562 1.6210675 1.3011844 1 P 0
L 1.6210675 1.277562 1.6328755 1.277562 1 P 0
L 1.6210675 1.3011844 1.6328755 1.3011844 1 P 0
L 1.6210675 1.3208691 1.6210675 1.3444915 1 P 0
L 1.6210675 1.3208691 1.6328755 1.3208691 1 P 0
L 1.6210675 1.3444915 1.6328755 1.3444915 1 P 0
L 1.6210676 0.4330738 1.6210676 0.4566962 1 P 0
L 1.6210676 0.4330738 1.6328756 0.4330738 1 P 0
L 1.6210676 0.4566962 1.6328756 0.4566962 1 P 0
L 1.6210676 0.4763809 1.6210676 0.5000033 1 P 0
L 1.6210676 0.4763809 1.6328756 0.4763809 1 P 0
L 1.6210676 0.5000033 1.6328756 0.5000033 1 P 0
L 1.6210676 0.519688 1.6210676 0.5433104 1 P 0
L 1.6210676 0.519688 1.6328756 0.519688 1 P 0
L 1.6210676 0.5433104 1.6328756 0.5433104 1 P 0
L 1.6210676 0.5629951 1.6210676 0.5866175 1 P 0
L 1.6210676 0.5629951 1.6328756 0.5629951 1 P 0
L 1.6210676 0.5866175 1.6328756 0.5866175 1 P 0
L 1.6210676 0.6063022 1.6210676 0.6299246 1 P 0
L 1.6210676 0.6063022 1.6328756 0.6063022 1 P 0
L 1.6210676 0.6299246 1.6328756 0.6299246 1 P 0
L 1.6210676 0.6496093 1.6210676 0.6732317 1 P 0
L 1.6210676 0.6496093 1.6328756 0.6496093 1 P 0
L 1.6210676 0.6732317 1.6328756 0.6732317 1 P 0
L 1.6210676 0.6929164 1.6210676 0.7165388 1 P 0
L 1.6210676 0.6929164 1.6328756 0.6929164 1 P 0
L 1.6210676 0.7165388 1.6328756 0.7165388 1 P 0
L 1.6210676 0.7362234 1.6210676 0.7598458 1 P 0
L 1.6210676 0.7362234 1.6328756 0.7362234 1 P 0
L 1.6210676 0.7598458 1.6328756 0.7598458 1 P 0
L 1.6210676 0.7795305 1.6210676 0.8031529 1 P 0
L 1.6210676 0.7795305 1.6328756 0.7795305 1 P 0
L 1.6210676 0.8031529 1.6328756 0.8031529 1 P 0
L 1.6210676 0.8228376 1.6210676 0.84646 1 P 0
L 1.6210676 0.8228376 1.6328756 0.8228376 1 P 0
L 1.6210676 0.84646 1.6328756 0.84646 1 P 0
L 1.6328755 0.9311053 1.6328755 0.9547277 1 P 0
L 1.6328755 0.9744124 1.6328755 0.9980348 1 P 0
L 1.6328755 1.0177195 1.6328755 1.0413419 1 P 0
L 1.6328755 1.0610266 1.6328755 1.084649 1 P 0
L 1.6328755 1.1043337 1.6328755 1.1279561 1 P 0
L 1.6328755 1.1476408 1.6328755 1.1712632 1 P 0
L 1.6328755 1.1909479 1.6328755 1.2145703 1 P 0
L 1.6328755 1.2342549 1.6328755 1.2578773 1 P 0
L 1.6328755 1.277562 1.6328755 1.3011844 1 P 0
L 1.6328755 1.3208691 1.6328755 1.3444915 1 P 0
L 1.6328756 0.4330738 1.6328756 0.4566962 1 P 0
L 1.6328756 0.4763809 1.6328756 0.5000033 1 P 0
L 1.6328756 0.519688 1.6328756 0.5433104 1 P 0
L 1.6328756 0.5629951 1.6328756 0.5866175 1 P 0
L 1.6328756 0.6063022 1.6328756 0.6299246 1 P 0
L 1.6328756 0.6496093 1.6328756 0.6732317 1 P 0
L 1.6328756 0.6929164 1.6328756 0.7165388 1 P 0
L 1.6328756 0.7362234 1.6328756 0.7598458 1 P 0
L 1.6328756 0.7795305 1.6328756 0.8031529 1 P 0
L 1.6328756 0.8228376 1.6328756 0.84646 1 P 0
L 1.6446896 0.9311053 1.6446896 0.9547277 1 P 0
L 1.6446896 0.9311053 1.6564976 0.9311053 1 P 0
L 1.6446896 0.9547277 1.6564976 0.9547277 1 P 0
L 1.6446896 0.9744124 1.6446896 0.9980348 1 P 0
L 1.6446896 0.9744124 1.6564976 0.9744124 1 P 0
L 1.6446896 0.9980348 1.6564976 0.9980348 1 P 0
L 1.6446896 1.0177195 1.6446896 1.0413419 1 P 0
L 1.6446896 1.0177195 1.6564976 1.0177195 1 P 0
L 1.6446896 1.0413419 1.6564976 1.0413419 1 P 0
L 1.6446896 1.0610266 1.6446896 1.084649 1 P 0
L 1.6446896 1.0610266 1.6564976 1.0610266 1 P 0
L 1.6446896 1.084649 1.6564976 1.084649 1 P 0
L 1.6446896 1.1043337 1.6446896 1.1279561 1 P 0
L 1.6446896 1.1043337 1.6564976 1.1043337 1 P 0
L 1.6446896 1.1279561 1.6564976 1.1279561 1 P 0
L 1.6446896 1.1476408 1.6446896 1.1712632 1 P 0
L 1.6446896 1.1476408 1.6564976 1.1476408 1 P 0
L 1.6446896 1.1712632 1.6564976 1.1712632 1 P 0
L 1.6446896 1.1909479 1.6446896 1.2145703 1 P 0
L 1.6446896 1.1909479 1.6564976 1.1909479 1 P 0
L 1.6446896 1.2145703 1.6564976 1.2145703 1 P 0
L 1.6446896 1.2342549 1.6446896 1.2578773 1 P 0
L 1.6446896 1.2342549 1.6564976 1.2342549 1 P 0
L 1.6446896 1.2578773 1.6564976 1.2578773 1 P 0
L 1.6446896 1.277562 1.6446896 1.3011844 1 P 0
L 1.6446896 1.277562 1.6564976 1.277562 1 P 0
L 1.6446896 1.3011844 1.6564976 1.3011844 1 P 0
L 1.6446896 1.3208691 1.6446896 1.3444915 1 P 0
L 1.6446896 1.3208691 1.6564976 1.3208691 1 P 0
L 1.6446896 1.3444915 1.6564976 1.3444915 1 P 0
L 1.6446897 0.4330738 1.6446897 0.4566962 1 P 0
L 1.6446897 0.4330738 1.6564977 0.4330738 1 P 0
L 1.6446897 0.4566962 1.6564977 0.4566962 1 P 0
L 1.6446897 0.4763809 1.6446897 0.5000033 1 P 0
L 1.6446897 0.4763809 1.6564977 0.4763809 1 P 0
L 1.6446897 0.5000033 1.6564977 0.5000033 1 P 0
L 1.6446897 0.519688 1.6446897 0.5433104 1 P 0
L 1.6446897 0.519688 1.6564977 0.519688 1 P 0
L 1.6446897 0.5433104 1.6564977 0.5433104 1 P 0
L 1.6446897 0.5629951 1.6446897 0.5866175 1 P 0
L 1.6446897 0.5629951 1.6564977 0.5629951 1 P 0
L 1.6446897 0.5866175 1.6564977 0.5866175 1 P 0
L 1.6446897 0.6063022 1.6446897 0.6299246 1 P 0
L 1.6446897 0.6063022 1.6564977 0.6063022 1 P 0
L 1.6446897 0.6299246 1.6564977 0.6299246 1 P 0
L 1.6446897 0.6496093 1.6446897 0.6732317 1 P 0
L 1.6446897 0.6496093 1.6564977 0.6496093 1 P 0
L 1.6446897 0.6732317 1.6564977 0.6732317 1 P 0
L 1.6446897 0.6929164 1.6446897 0.7165388 1 P 0
L 1.6446897 0.6929164 1.6564977 0.6929164 1 P 0
L 1.6446897 0.7165388 1.6564977 0.7165388 1 P 0
L 1.6446897 0.7362234 1.6446897 0.7598458 1 P 0
L 1.6446897 0.7362234 1.6564977 0.7362234 1 P 0
L 1.6446897 0.7598458 1.6564977 0.7598458 1 P 0
L 1.6446897 0.7795305 1.6446897 0.8031529 1 P 0
L 1.6446897 0.7795305 1.6564977 0.7795305 1 P 0
L 1.6446897 0.8031529 1.6564977 0.8031529 1 P 0
L 1.6446897 0.8228376 1.6446897 0.84646 1 P 0
L 1.6446897 0.8228376 1.6564977 0.8228376 1 P 0
L 1.6446897 0.84646 1.6564977 0.84646 1 P 0
L 1.6564976 0.9311053 1.6564976 0.9547277 1 P 0
L 1.6564976 0.9744124 1.6564976 0.9980348 1 P 0
L 1.6564976 1.0177195 1.6564976 1.0413419 1 P 0
L 1.6564976 1.0610266 1.6564976 1.084649 1 P 0
L 1.6564976 1.1043337 1.6564976 1.1279561 1 P 0
L 1.6564976 1.1476408 1.6564976 1.1712632 1 P 0
L 1.6564976 1.1909479 1.6564976 1.2145703 1 P 0
L 1.6564976 1.2342549 1.6564976 1.2578773 1 P 0
L 1.6564976 1.277562 1.6564976 1.3011844 1 P 0
L 1.6564976 1.3208691 1.6564976 1.3444915 1 P 0
L 1.6564977 0.4330738 1.6564977 0.4566962 1 P 0
L 1.6564977 0.4763809 1.6564977 0.5000033 1 P 0
L 1.6564977 0.519688 1.6564977 0.5433104 1 P 0
L 1.6564977 0.5629951 1.6564977 0.5866175 1 P 0
L 1.6564977 0.6063022 1.6564977 0.6299246 1 P 0
L 1.6564977 0.6496093 1.6564977 0.6732317 1 P 0
L 1.6564977 0.6929164 1.6564977 0.7165388 1 P 0
L 1.6564977 0.7362234 1.6564977 0.7598458 1 P 0
L 1.6564977 0.7795305 1.6564977 0.8031529 1 P 0
L 1.6564977 0.8228376 1.6564977 0.84646 1 P 0
L 1.6614202 0.4271702 1.6614202 0.4389782 1 P 0
L 1.6614202 0.4271702 1.6850426 0.4271702 1 P 0
L 1.6614202 0.4389782 1.6850426 0.4389782 1 P 0
L 1.6614202 0.5059104 1.6614202 0.5177184 1 P 0
L 1.6614202 0.5059104 1.6850426 0.5059104 1 P 0
L 1.6614202 0.5177184 1.6850426 0.5177184 1 P 0
L 1.6614202 0.5846505 1.6614202 0.5964585 1 P 0
L 1.6614202 0.5846505 1.6850426 0.5846505 1 P 0
L 1.6614202 0.5964585 1.6850426 0.5964585 1 P 0
L 1.6614202 0.6633907 1.6614202 0.6751987 1 P 0
L 1.6614202 0.6633907 1.6850426 0.6633907 1 P 0
L 1.6614202 0.6751987 1.6850426 0.6751987 1 P 0
L 1.6614202 0.7421308 1.6614202 0.7539388 1 P 0
L 1.6614202 0.7421308 1.6850426 0.7421308 1 P 0
L 1.6614202 0.7539388 1.6850426 0.7539388 1 P 0
L 1.6673211 0.8976407 1.6673211 0.9212631 1 P 0
L 1.6673211 0.8976407 1.6791291 0.8976407 1 P 0
L 1.6673211 0.9212631 1.6791291 0.9212631 1 P 0
L 1.6673211 0.9980345 1.6673211 1.0216569 1 P 0
L 1.6673211 0.9980345 1.6791291 0.9980345 1 P 0
L 1.6673211 1.0216569 1.6791291 1.0216569 1 P 0
L 1.6673211 1.0984282 1.6673211 1.1220506 1 P 0
L 1.6673211 1.0984282 1.6791291 1.0984282 1 P 0
L 1.6673211 1.1220506 1.6791291 1.1220506 1 P 0
L 1.6791291 0.8976407 1.6791291 0.9212631 1 P 0
L 1.6791291 0.9980345 1.6791291 1.0216569 1 P 0
L 1.6791291 1.0984282 1.6791291 1.1220506 1 P 0
L 1.6850426 0.4271702 1.6850426 0.4389782 1 P 0
L 1.6850426 0.5059104 1.6850426 0.5177184 1 P 0
L 1.6850426 0.5846505 1.6850426 0.5964585 1 P 0
L 1.6850426 0.6633907 1.6850426 0.6751987 1 P 0
L 1.6850426 0.7421308 1.6850426 0.7539388 1 P 0
L 1.700782 3.1968537 1.700782 3.8897689 0 P 0
L 1.700782 3.1968537 2.3936972 3.1968537 0 P 0
L 1.700782 3.8897689 2.3936972 3.8897689 0 P 0
L 1.7598455 0.4271702 1.7598455 0.4389782 1 P 0
L 1.7598455 0.4271702 1.7834679 0.4271702 1 P 0
L 1.7598455 0.4389782 1.7834679 0.4389782 1 P 0
L 1.7598455 0.5059104 1.7598455 0.5177184 1 P 0
L 1.7598455 0.5059104 1.7834679 0.5059104 1 P 0
L 1.7598455 0.5177184 1.7834679 0.5177184 1 P 0
L 1.7598455 0.5846505 1.7598455 0.5964585 1 P 0
L 1.7598455 0.5846505 1.7834679 0.5846505 1 P 0
L 1.7598455 0.5964585 1.7834679 0.5964585 1 P 0
L 1.7598455 0.6633907 1.7598455 0.6751987 1 P 0
L 1.7598455 0.6633907 1.7834679 0.6633907 1 P 0
L 1.7598455 0.6751987 1.7834679 0.6751987 1 P 0
L 1.7598455 0.7421308 1.7598455 0.7539388 1 P 0
L 1.7598455 0.7421308 1.7834679 0.7421308 1 P 0
L 1.7598455 0.7539388 1.7834679 0.7539388 1 P 0
L 1.7657463 0.8976407 1.7657463 0.9212631 1 P 0
L 1.7657463 0.8976407 1.7775543 0.8976407 1 P 0
L 1.7657463 0.9212631 1.7775543 0.9212631 1 P 0
L 1.7657463 0.9980345 1.7657463 1.0216569 1 P 0
L 1.7657463 0.9980345 1.7775543 0.9980345 1 P 0
L 1.7657463 1.0216569 1.7775543 1.0216569 1 P 0
L 1.7657463 1.0984282 1.7657463 1.1220506 1 P 0
L 1.7657463 1.0984282 1.7775543 1.0984282 1 P 0
L 1.7657463 1.1220506 1.7775543 1.1220506 1 P 0
L 1.7775543 0.8976407 1.7775543 0.9212631 1 P 0
L 1.7775543 0.9980345 1.7775543 1.0216569 1 P 0
L 1.7775543 1.0984282 1.7775543 1.1220506 1 P 0
L 1.7834679 0.4271702 1.7834679 0.4389782 1 P 0
L 1.7834679 0.5059104 1.7834679 0.5177184 1 P 0
L 1.7834679 0.5846505 1.7834679 0.5964585 1 P 0
L 1.7834679 0.6633907 1.7834679 0.6751987 1 P 0
L 1.7834679 0.7421308 1.7834679 0.7539388 1 P 0
L 1.8307132 0.6094496 1.8307132 0.6503968 1 P 0
L 1.8307132 0.6094496 1.8543356 0.6094496 1 P 0
L 1.8307132 0.6503968 1.8543356 0.6503968 1 P 0
L 1.8307132 0.6842528 1.8307132 0.7252 1 P 0
L 1.8307132 0.6842528 1.8543356 0.6842528 1 P 0
L 1.8307132 0.7252 1.8543356 0.7252 1 P 0
L 1.8307132 0.7590559 1.8307132 0.8000031 1 P 0
L 1.8307132 0.7590559 1.8543356 0.7590559 1 P 0
L 1.8307132 0.8000031 1.8543356 0.8000031 1 P 0
L 1.8307132 0.8338591 1.8307132 0.8748063 1 P 0
L 1.8307132 0.8338591 1.8543356 0.8338591 1 P 0
L 1.8307132 0.8748063 1.8543356 0.8748063 1 P 0
L 1.8307132 0.9086622 1.8307132 0.9496094 1 P 0
L 1.8307132 0.9086622 1.8543356 0.9086622 1 P 0
L 1.8307132 0.9496094 1.8543356 0.9496094 1 P 0
L 1.8307132 0.9834654 1.8307132 1.0244126 1 P 0
L 1.8307132 0.9834654 1.8543356 0.9834654 1 P 0
L 1.8307132 1.0244126 1.8543356 1.0244126 1 P 0
L 1.8307132 1.0582685 1.8307132 1.0992157 1 P 0
L 1.8307132 1.0582685 1.8543356 1.0582685 1 P 0
L 1.8307132 1.0992157 1.8543356 1.0992157 1 P 0
L 1.8307132 1.1330717 1.8307132 1.1740189 1 P 0
L 1.8307132 1.1330717 1.8543356 1.1330717 1 P 0
L 1.8307132 1.1740189 1.8543356 1.1740189 1 P 0
L 1.8307132 1.2078748 1.8307132 1.248822 1 P 0
L 1.8307132 1.2078748 1.8543356 1.2078748 1 P 0
L 1.8307132 1.248822 1.8543356 1.248822 1 P 0
L 1.8307132 1.282678 1.8307132 1.3236252 1 P 0
L 1.8307132 1.282678 1.8543356 1.282678 1 P 0
L 1.8307132 1.3236252 1.8543356 1.3236252 1 P 0
L 1.8307133 0.4578748 1.8307133 0.498822 1 P 0
L 1.8307133 0.4578748 1.8543357 0.4578748 1 P 0
L 1.8307133 0.498822 1.8543357 0.498822 1 P 0
L 1.8307133 0.532678 1.8307133 0.5736252 1 P 0
L 1.8307133 0.532678 1.8543357 0.532678 1 P 0
L 1.8307133 0.5736252 1.8543357 0.5736252 1 P 0
L 1.8543356 0.6094496 1.8543356 0.6503968 1 P 0
L 1.8543356 0.6842528 1.8543356 0.7252 1 P 0
L 1.8543356 0.7590559 1.8543356 0.8000031 1 P 0
L 1.8543356 0.8338591 1.8543356 0.8748063 1 P 0
L 1.8543356 0.9086622 1.8543356 0.9496094 1 P 0
L 1.8543356 0.9834654 1.8543356 1.0244126 1 P 0
L 1.8543356 1.0582685 1.8543356 1.0992157 1 P 0
L 1.8543356 1.1330717 1.8543356 1.1740189 1 P 0
L 1.8543356 1.2078748 1.8543356 1.248822 1 P 0
L 1.8543356 1.282678 1.8543356 1.3236252 1 P 0
L 1.8543357 0.4578748 1.8543357 0.498822 1 P 0
L 1.8543357 0.532678 1.8543357 0.5736252 1 P 0
L 1.8700833 0.6094496 1.8700833 0.6503968 1 P 0
L 1.8700833 0.6094496 1.8937057 0.6094496 1 P 0
L 1.8700833 0.6503968 1.8937057 0.6503968 1 P 0
L 1.8700833 0.6842528 1.8700833 0.7252 1 P 0
L 1.8700833 0.6842528 1.8937057 0.6842528 1 P 0
L 1.8700833 0.7252 1.8937057 0.7252 1 P 0
L 1.8700833 0.7590559 1.8700833 0.8000031 1 P 0
L 1.8700833 0.7590559 1.8937057 0.7590559 1 P 0
L 1.8700833 0.8000031 1.8937057 0.8000031 1 P 0
L 1.8700833 0.8338591 1.8700833 0.8748063 1 P 0
L 1.8700833 0.8338591 1.8937057 0.8338591 1 P 0
L 1.8700833 0.8748063 1.8937057 0.8748063 1 P 0
L 1.8700833 0.9086622 1.8700833 0.9496094 1 P 0
L 1.8700833 0.9086622 1.8937057 0.9086622 1 P 0
L 1.8700833 0.9496094 1.8937057 0.9496094 1 P 0
L 1.8700833 0.9834654 1.8700833 1.0244126 1 P 0
L 1.8700833 0.9834654 1.8937057 0.9834654 1 P 0
L 1.8700833 1.0244126 1.8937057 1.0244126 1 P 0
L 1.8700833 1.0582685 1.8700833 1.0992157 1 P 0
L 1.8700833 1.0582685 1.8937057 1.0582685 1 P 0
L 1.8700833 1.0992157 1.8937057 1.0992157 1 P 0
L 1.8700833 1.1330717 1.8700833 1.1740189 1 P 0
L 1.8700833 1.1330717 1.8937057 1.1330717 1 P 0
L 1.8700833 1.1740189 1.8937057 1.1740189 1 P 0
L 1.8700833 1.2078748 1.8700833 1.248822 1 P 0
L 1.8700833 1.2078748 1.8937057 1.2078748 1 P 0
L 1.8700833 1.248822 1.8937057 1.248822 1 P 0
L 1.8700833 1.282678 1.8700833 1.3236252 1 P 0
L 1.8700833 1.282678 1.8937057 1.282678 1 P 0
L 1.8700833 1.3236252 1.8937057 1.3236252 1 P 0
L 1.8700834 0.4578748 1.8700834 0.498822 1 P 0
L 1.8700834 0.4578748 1.8937058 0.4578748 1 P 0
L 1.8700834 0.498822 1.8937058 0.498822 1 P 0
L 1.8700834 0.532678 1.8700834 0.5736252 1 P 0
L 1.8700834 0.532678 1.8937058 0.532678 1 P 0
L 1.8700834 0.5736252 1.8937058 0.5736252 1 P 0
L 1.8937057 0.6094496 1.8937057 0.6503968 1 P 0
L 1.8937057 0.6842528 1.8937057 0.7252 1 P 0
L 1.8937057 0.7590559 1.8937057 0.8000031 1 P 0
L 1.8937057 0.8338591 1.8937057 0.8748063 1 P 0
L 1.8937057 0.9086622 1.8937057 0.9496094 1 P 0
L 1.8937057 0.9834654 1.8937057 1.0244126 1 P 0
L 1.8937057 1.0582685 1.8937057 1.0992157 1 P 0
L 1.8937057 1.1330717 1.8937057 1.1740189 1 P 0
L 1.8937057 1.2078748 1.8937057 1.248822 1 P 0
L 1.8937057 1.282678 1.8937057 1.3236252 1 P 0
L 1.8937058 0.4578748 1.8937058 0.498822 1 P 0
L 1.8937058 0.532678 1.8937058 0.5736252 1 P 0
L 1.9094534 0.6094496 1.9094534 0.6503968 1 P 0
L 1.9094534 0.6094496 1.9330758 0.6094496 1 P 0
L 1.9094534 0.6503968 1.9330758 0.6503968 1 P 0
L 1.9094534 0.6842528 1.9094534 0.7252 1 P 0
L 1.9094534 0.6842528 1.9330758 0.6842528 1 P 0
L 1.9094534 0.7252 1.9330758 0.7252 1 P 0
L 1.9094534 0.7590559 1.9094534 0.8000031 1 P 0
L 1.9094534 0.7590559 1.9330758 0.7590559 1 P 0
L 1.9094534 0.8000031 1.9330758 0.8000031 1 P 0
L 1.9094534 0.8338591 1.9094534 0.8748063 1 P 0
L 1.9094534 0.8338591 1.9330758 0.8338591 1 P 0
L 1.9094534 0.8748063 1.9330758 0.8748063 1 P 0
L 1.9094534 0.9086622 1.9094534 0.9496094 1 P 0
L 1.9094534 0.9086622 1.9330758 0.9086622 1 P 0
L 1.9094534 0.9496094 1.9330758 0.9496094 1 P 0
L 1.9094534 0.9834654 1.9094534 1.0244126 1 P 0
L 1.9094534 0.9834654 1.9330758 0.9834654 1 P 0
L 1.9094534 1.0244126 1.9330758 1.0244126 1 P 0
L 1.9094534 1.0582685 1.9094534 1.0992157 1 P 0
L 1.9094534 1.0582685 1.9330758 1.0582685 1 P 0
L 1.9094534 1.0992157 1.9330758 1.0992157 1 P 0
L 1.9094534 1.1330717 1.9094534 1.1740189 1 P 0
L 1.9094534 1.1330717 1.9330758 1.1330717 1 P 0
L 1.9094534 1.1740189 1.9330758 1.1740189 1 P 0
L 1.9094534 1.2078748 1.9094534 1.248822 1 P 0
L 1.9094534 1.2078748 1.9330758 1.2078748 1 P 0
L 1.9094534 1.248822 1.9330758 1.248822 1 P 0
L 1.9094534 1.282678 1.9094534 1.3236252 1 P 0
L 1.9094534 1.282678 1.9330758 1.282678 1 P 0
L 1.9094534 1.3236252 1.9330758 1.3236252 1 P 0
L 1.9094535 0.4578748 1.9094535 0.498822 1 P 0
L 1.9094535 0.4578748 1.9330759 0.4578748 1 P 0
L 1.9094535 0.498822 1.9330759 0.498822 1 P 0
L 1.9094535 0.532678 1.9094535 0.5736252 1 P 0
L 1.9094535 0.532678 1.9330759 0.532678 1 P 0
L 1.9094535 0.5736252 1.9330759 0.5736252 1 P 0
L 1.9330758 0.6094496 1.9330758 0.6503968 1 P 0
L 1.9330758 0.6842528 1.9330758 0.7252 1 P 0
L 1.9330758 0.7590559 1.9330758 0.8000031 1 P 0
L 1.9330758 0.8338591 1.9330758 0.8748063 1 P 0
L 1.9330758 0.9086622 1.9330758 0.9496094 1 P 0
L 1.9330758 0.9834654 1.9330758 1.0244126 1 P 0
L 1.9330758 1.0582685 1.9330758 1.0992157 1 P 0
L 1.9330758 1.1330717 1.9330758 1.1740189 1 P 0
L 1.9330758 1.2078748 1.9330758 1.248822 1 P 0
L 1.9330758 1.282678 1.9330758 1.3236252 1 P 0
L 1.9330759 0.4578748 1.9330759 0.498822 1 P 0
L 1.9330759 0.532678 1.9330759 0.5736252 1 P 0
L 1.9488235 0.6094496 1.9488235 0.6503968 1 P 0
L 1.9488235 0.6094496 1.9724459 0.6094496 1 P 0
L 1.9488235 0.6503968 1.9724459 0.6503968 1 P 0
L 1.9488235 0.6842528 1.9488235 0.7252 1 P 0
L 1.9488235 0.6842528 1.9724459 0.6842528 1 P 0
L 1.9488235 0.7252 1.9724459 0.7252 1 P 0
L 1.9488235 0.7590559 1.9488235 0.8000031 1 P 0
L 1.9488235 0.7590559 1.9724459 0.7590559 1 P 0
L 1.9488235 0.8000031 1.9724459 0.8000031 1 P 0
L 1.9488235 0.8338591 1.9488235 0.8748063 1 P 0
L 1.9488235 0.8338591 1.9724459 0.8338591 1 P 0
L 1.9488235 0.8748063 1.9724459 0.8748063 1 P 0
L 1.9488235 0.9086622 1.9488235 0.9496094 1 P 0
L 1.9488235 0.9086622 1.9724459 0.9086622 1 P 0
L 1.9488235 0.9496094 1.9724459 0.9496094 1 P 0
L 1.9488235 0.9834654 1.9488235 1.0244126 1 P 0
L 1.9488235 0.9834654 1.9724459 0.9834654 1 P 0
L 1.9488235 1.0244126 1.9724459 1.0244126 1 P 0
L 1.9488235 1.0582685 1.9488235 1.0992157 1 P 0
L 1.9488235 1.0582685 1.9724459 1.0582685 1 P 0
L 1.9488235 1.0992157 1.9724459 1.0992157 1 P 0
L 1.9488235 1.1330717 1.9488235 1.1740189 1 P 0
L 1.9488235 1.1330717 1.9724459 1.1330717 1 P 0
L 1.9488235 1.1740189 1.9724459 1.1740189 1 P 0
L 1.9488235 1.2078748 1.9488235 1.248822 1 P 0
L 1.9488235 1.2078748 1.9724459 1.2078748 1 P 0
L 1.9488235 1.248822 1.9724459 1.248822 1 P 0
L 1.9488235 1.282678 1.9488235 1.3236252 1 P 0
L 1.9488235 1.282678 1.9724459 1.282678 1 P 0
L 1.9488235 1.3236252 1.9724459 1.3236252 1 P 0
L 1.9488236 0.4578748 1.9488236 0.498822 1 P 0
L 1.9488236 0.4578748 1.972446 0.4578748 1 P 0
L 1.9488236 0.498822 1.972446 0.498822 1 P 0
L 1.9488236 0.532678 1.9488236 0.5736252 1 P 0
L 1.9488236 0.532678 1.972446 0.532678 1 P 0
L 1.9488236 0.5736252 1.972446 0.5736252 1 P 0
L 1.9724459 0.6094496 1.9724459 0.6503968 1 P 0
L 1.9724459 0.6842528 1.9724459 0.7252 1 P 0
L 1.9724459 0.7590559 1.9724459 0.8000031 1 P 0
L 1.9724459 0.8338591 1.9724459 0.8748063 1 P 0
L 1.9724459 0.9086622 1.9724459 0.9496094 1 P 0
L 1.9724459 0.9834654 1.9724459 1.0244126 1 P 0
L 1.9724459 1.0582685 1.9724459 1.0992157 1 P 0
L 1.9724459 1.1330717 1.9724459 1.1740189 1 P 0
L 1.9724459 1.2078748 1.9724459 1.248822 1 P 0
L 1.9724459 1.282678 1.9724459 1.3236252 1 P 0
L 1.972446 0.4578748 1.972446 0.498822 1 P 0
L 1.972446 0.532678 1.972446 0.5736252 1 P 0
L 1.9874023 0.4212644 1.9874023 0.4448868 1 P 0
L 1.9874023 0.4212644 2.0283495 0.4212644 1 P 0
L 1.9874023 0.4448868 2.0283495 0.4448868 1 P 0
L 1.9874023 0.5000046 1.9874023 0.523627 1 P 0
L 1.9874023 0.5000046 2.0283495 0.5000046 1 P 0
L 1.9874023 0.523627 2.0283495 0.523627 1 P 0
L 1.9874023 0.6574849 1.9874023 0.6811073 1 P 0
L 1.9874023 0.6574849 2.0283495 0.6574849 1 P 0
L 1.9874023 0.6811073 2.0283495 0.6811073 1 P 0
L 1.9874023 0.736225 1.9874023 0.7598474 1 P 0
L 1.9874023 0.736225 2.0283495 0.736225 1 P 0
L 1.9874023 0.7598474 2.0283495 0.7598474 1 P 0
L 1.9874024 0.5787447 1.9874024 0.6023671 1 P 0
L 1.9874024 0.5787447 2.0283496 0.5787447 1 P 0
L 1.9874024 0.6023671 2.0283496 0.6023671 1 P 0
L 1.9881936 0.6094496 1.9881936 0.6503968 1 P 0
L 1.9881936 0.6094496 2.011816 0.6094496 1 P 0
L 1.9881936 0.6503968 2.011816 0.6503968 1 P 0
L 1.9881936 0.6842528 1.9881936 0.7252 1 P 0
L 1.9881936 0.6842528 2.011816 0.6842528 1 P 0
L 1.9881936 0.7252 2.011816 0.7252 1 P 0
L 1.9881936 0.7590559 1.9881936 0.8000031 1 P 0
L 1.9881936 0.7590559 2.011816 0.7590559 1 P 0
L 1.9881936 0.8000031 2.011816 0.8000031 1 P 0
L 1.9881936 0.8338591 1.9881936 0.8748063 1 P 0
L 1.9881936 0.8338591 2.011816 0.8338591 1 P 0
L 1.9881936 0.8748063 2.011816 0.8748063 1 P 0
L 1.9881936 0.9086622 1.9881936 0.9496094 1 P 0
L 1.9881936 0.9086622 2.011816 0.9086622 1 P 0
L 1.9881936 0.9496094 2.011816 0.9496094 1 P 0
L 1.9881936 0.9834654 1.9881936 1.0244126 1 P 0
L 1.9881936 0.9834654 2.011816 0.9834654 1 P 0
L 1.9881936 1.0244126 2.011816 1.0244126 1 P 0
L 1.9881936 1.0582685 1.9881936 1.0992157 1 P 0
L 1.9881936 1.0582685 2.011816 1.0582685 1 P 0
L 1.9881936 1.0992157 2.011816 1.0992157 1 P 0
L 1.9881936 1.1330717 1.9881936 1.1740189 1 P 0
L 1.9881936 1.1330717 2.011816 1.1330717 1 P 0
L 1.9881936 1.1740189 2.011816 1.1740189 1 P 0
L 1.9881936 1.2078748 1.9881936 1.248822 1 P 0
L 1.9881936 1.2078748 2.011816 1.2078748 1 P 0
L 1.9881936 1.248822 2.011816 1.248822 1 P 0
L 1.9881936 1.282678 1.9881936 1.3236252 1 P 0
L 1.9881936 1.282678 2.011816 1.282678 1 P 0
L 1.9881936 1.3236252 2.011816 1.3236252 1 P 0
L 1.9881937 0.4578748 1.9881937 0.498822 1 P 0
L 1.9881937 0.4578748 2.0118161 0.4578748 1 P 0
L 1.9881937 0.498822 2.0118161 0.498822 1 P 0
L 1.9881937 0.532678 1.9881937 0.5736252 1 P 0
L 1.9881937 0.532678 2.0118161 0.532678 1 P 0
L 1.9881937 0.5736252 2.0118161 0.5736252 1 P 0
L 1.9960582 0.9047251 1.9960582 0.9456723 1 P 0
L 1.9960582 0.9047251 2.0196806 0.9047251 1 P 0
L 1.9960582 0.9456723 2.0196806 0.9456723 1 P 0
L 1.9960582 1.0622053 1.9960582 1.1031525 1 P 0
L 1.9960582 1.0622053 2.0196806 1.0622053 1 P 0
L 1.9960582 1.1031525 2.0196806 1.1031525 1 P 0
L 2.011816 0.6094496 2.011816 0.6503968 1 P 0
L 2.011816 0.6842528 2.011816 0.7252 1 P 0
L 2.011816 0.7590559 2.011816 0.8000031 1 P 0
L 2.011816 0.8338591 2.011816 0.8748063 1 P 0
L 2.011816 0.9086622 2.011816 0.9496094 1 P 0
L 2.011816 0.9834654 2.011816 1.0244126 1 P 0
L 2.011816 1.0582685 2.011816 1.0992157 1 P 0
L 2.011816 1.1330717 2.011816 1.1740189 1 P 0
L 2.011816 1.2078748 2.011816 1.248822 1 P 0
L 2.011816 1.282678 2.011816 1.3236252 1 P 0
L 2.0118161 0.4578748 2.0118161 0.498822 1 P 0
L 2.0118161 0.532678 2.0118161 0.5736252 1 P 0
L 2.0196806 0.9047251 2.0196806 0.9456723 1 P 0
L 2.0196806 1.0622053 2.0196806 1.1031525 1 P 0
L 2.0275636 0.6094496 2.0275636 0.6503968 1 P 0
L 2.0275636 0.6094496 2.051186 0.6094496 1 P 0
L 2.0275636 0.6503968 2.051186 0.6503968 1 P 0
L 2.0275636 0.6842528 2.0275636 0.7252 1 P 0
L 2.0275636 0.6842528 2.051186 0.6842528 1 P 0
L 2.0275636 0.7252 2.051186 0.7252 1 P 0
L 2.0275636 0.7590559 2.0275636 0.8000031 1 P 0
L 2.0275636 0.7590559 2.051186 0.7590559 1 P 0
L 2.0275636 0.8000031 2.051186 0.8000031 1 P 0
L 2.0275636 0.8338591 2.0275636 0.8748063 1 P 0
L 2.0275636 0.8338591 2.051186 0.8338591 1 P 0
L 2.0275636 0.8748063 2.051186 0.8748063 1 P 0
L 2.0275636 0.9086622 2.0275636 0.9496094 1 P 0
L 2.0275636 0.9086622 2.051186 0.9086622 1 P 0
L 2.0275636 0.9496094 2.051186 0.9496094 1 P 0
L 2.0275636 0.9834654 2.0275636 1.0244126 1 P 0
L 2.0275636 0.9834654 2.051186 0.9834654 1 P 0
L 2.0275636 1.0244126 2.051186 1.0244126 1 P 0
L 2.0275636 1.0582685 2.0275636 1.0992157 1 P 0
L 2.0275636 1.0582685 2.051186 1.0582685 1 P 0
L 2.0275636 1.0992157 2.051186 1.0992157 1 P 0
L 2.0275636 1.1330717 2.0275636 1.1740189 1 P 0
L 2.0275636 1.1330717 2.051186 1.1330717 1 P 0
L 2.0275636 1.1740189 2.051186 1.1740189 1 P 0
L 2.0275636 1.2078748 2.0275636 1.248822 1 P 0
L 2.0275636 1.2078748 2.051186 1.2078748 1 P 0
L 2.0275636 1.248822 2.051186 1.248822 1 P 0
L 2.0275636 1.282678 2.0275636 1.3236252 1 P 0
L 2.0275636 1.282678 2.051186 1.282678 1 P 0
L 2.0275636 1.3236252 2.051186 1.3236252 1 P 0
L 2.0275637 0.4578748 2.0275637 0.498822 1 P 0
L 2.0275637 0.4578748 2.0511861 0.4578748 1 P 0
L 2.0275637 0.498822 2.0511861 0.498822 1 P 0
L 2.0275637 0.532678 2.0275637 0.5736252 1 P 0
L 2.0275637 0.532678 2.0511861 0.532678 1 P 0
L 2.0275637 0.5736252 2.0511861 0.5736252 1 P 0
L 2.0283495 0.4212644 2.0283495 0.4448868 1 P 0
L 2.0283495 0.5000046 2.0283495 0.523627 1 P 0
L 2.0283495 0.6574849 2.0283495 0.6811073 1 P 0
L 2.0283495 0.736225 2.0283495 0.7598474 1 P 0
L 2.0283496 0.5787447 2.0283496 0.6023671 1 P 0
L 2.051186 0.6094496 2.051186 0.6503968 1 P 0
L 2.051186 0.6842528 2.051186 0.7252 1 P 0
L 2.051186 0.7590559 2.051186 0.8000031 1 P 0
L 2.051186 0.8338591 2.051186 0.8748063 1 P 0
L 2.051186 0.9086622 2.051186 0.9496094 1 P 0
L 2.051186 0.9834654 2.051186 1.0244126 1 P 0
L 2.051186 1.0582685 2.051186 1.0992157 1 P 0
L 2.051186 1.1330717 2.051186 1.1740189 1 P 0
L 2.051186 1.2078748 2.051186 1.248822 1 P 0
L 2.051186 1.282678 2.051186 1.3236252 1 P 0
L 2.0511861 0.4578748 2.0511861 0.498822 1 P 0
L 2.0511861 0.532678 2.0511861 0.5736252 1 P 0
L 2.0669337 0.6094496 2.0669337 0.6503968 1 P 0
L 2.0669337 0.6094496 2.0905561 0.6094496 1 P 0
L 2.0669337 0.6503968 2.0905561 0.6503968 1 P 0
L 2.0669337 0.6842528 2.0669337 0.7252 1 P 0
L 2.0669337 0.6842528 2.0905561 0.6842528 1 P 0
L 2.0669337 0.7252 2.0905561 0.7252 1 P 0
L 2.0669337 0.7590559 2.0669337 0.8000031 1 P 0
L 2.0669337 0.7590559 2.0905561 0.7590559 1 P 0
L 2.0669337 0.8000031 2.0905561 0.8000031 1 P 0
L 2.0669337 0.8338591 2.0669337 0.8748063 1 P 0
L 2.0669337 0.8338591 2.0905561 0.8338591 1 P 0
L 2.0669337 0.8748063 2.0905561 0.8748063 1 P 0
L 2.0669337 0.9086622 2.0669337 0.9496094 1 P 0
L 2.0669337 0.9086622 2.0905561 0.9086622 1 P 0
L 2.0669337 0.9496094 2.0905561 0.9496094 1 P 0
L 2.0669337 0.9834654 2.0669337 1.0244126 1 P 0
L 2.0669337 0.9834654 2.0905561 0.9834654 1 P 0
L 2.0669337 1.0244126 2.0905561 1.0244126 1 P 0
L 2.0669337 1.0582685 2.0669337 1.0992157 1 P 0
L 2.0669337 1.0582685 2.0905561 1.0582685 1 P 0
L 2.0669337 1.0992157 2.0905561 1.0992157 1 P 0
L 2.0669337 1.1330717 2.0669337 1.1740189 1 P 0
L 2.0669337 1.1330717 2.0905561 1.1330717 1 P 0
L 2.0669337 1.1740189 2.0905561 1.1740189 1 P 0
L 2.0669337 1.2078748 2.0669337 1.248822 1 P 0
L 2.0669337 1.2078748 2.0905561 1.2078748 1 P 0
L 2.0669337 1.248822 2.0905561 1.248822 1 P 0
L 2.0669337 1.282678 2.0669337 1.3236252 1 P 0
L 2.0669337 1.282678 2.0905561 1.282678 1 P 0
L 2.0669337 1.3236252 2.0905561 1.3236252 1 P 0
L 2.0669338 0.4578748 2.0669338 0.498822 1 P 0
L 2.0669338 0.4578748 2.0905562 0.4578748 1 P 0
L 2.0669338 0.498822 2.0905562 0.498822 1 P 0
L 2.0669338 0.532678 2.0669338 0.5736252 1 P 0
L 2.0669338 0.532678 2.0905562 0.532678 1 P 0
L 2.0669338 0.5736252 2.0905562 0.5736252 1 P 0
L 2.0905561 0.6094496 2.0905561 0.6503968 1 P 0
L 2.0905561 0.6842528 2.0905561 0.7252 1 P 0
L 2.0905561 0.7590559 2.0905561 0.8000031 1 P 0
L 2.0905561 0.8338591 2.0905561 0.8748063 1 P 0
L 2.0905561 0.9086622 2.0905561 0.9496094 1 P 0
L 2.0905561 0.9834654 2.0905561 1.0244126 1 P 0
L 2.0905561 1.0582685 2.0905561 1.0992157 1 P 0
L 2.0905561 1.1330717 2.0905561 1.1740189 1 P 0
L 2.0905561 1.2078748 2.0905561 1.248822 1 P 0
L 2.0905561 1.282678 2.0905561 1.3236252 1 P 0
L 2.0905562 0.4578748 2.0905562 0.498822 1 P 0
L 2.0905562 0.532678 2.0905562 0.5736252 1 P 0
L 2.1055125 0.4212644 2.1055125 0.4448868 1 P 0
L 2.1055125 0.4212644 2.1464597 0.4212644 1 P 0
L 2.1055125 0.4448868 2.1464597 0.4448868 1 P 0
L 2.1055125 0.5000046 2.1055125 0.523627 1 P 0
L 2.1055125 0.5000046 2.1464597 0.5000046 1 P 0
L 2.1055125 0.523627 2.1464597 0.523627 1 P 0
L 2.1055125 0.5787447 2.1055125 0.6023671 1 P 0
L 2.1055125 0.5787447 2.1464597 0.5787447 1 P 0
L 2.1055125 0.6023671 2.1464597 0.6023671 1 P 0
L 2.1055125 0.6574849 2.1055125 0.6811073 1 P 0
L 2.1055125 0.6574849 2.1464597 0.6574849 1 P 0
L 2.1055125 0.6811073 2.1464597 0.6811073 1 P 0
L 2.1055125 0.736225 2.1055125 0.7598474 1 P 0
L 2.1055125 0.736225 2.1464597 0.736225 1 P 0
L 2.1055125 0.7598474 2.1464597 0.7598474 1 P 0
L 2.1063038 0.6094496 2.1063038 0.6503968 1 P 0
L 2.1063038 0.6094496 2.1299262 0.6094496 1 P 0
L 2.1063038 0.6503968 2.1299262 0.6503968 1 P 0
L 2.1063038 0.6842528 2.1063038 0.7252 1 P 0
L 2.1063038 0.6842528 2.1299262 0.6842528 1 P 0
L 2.1063038 0.7252 2.1299262 0.7252 1 P 0
L 2.1063038 0.7590559 2.1063038 0.8000031 1 P 0
L 2.1063038 0.7590559 2.1299262 0.7590559 1 P 0
L 2.1063038 0.8000031 2.1299262 0.8000031 1 P 0
L 2.1063038 0.8338591 2.1063038 0.8748063 1 P 0
L 2.1063038 0.8338591 2.1299262 0.8338591 1 P 0
L 2.1063038 0.8748063 2.1299262 0.8748063 1 P 0
L 2.1063038 0.9086622 2.1063038 0.9496094 1 P 0
L 2.1063038 0.9086622 2.1299262 0.9086622 1 P 0
L 2.1063038 0.9496094 2.1299262 0.9496094 1 P 0
L 2.1063038 0.9834654 2.1063038 1.0244126 1 P 0
L 2.1063038 0.9834654 2.1299262 0.9834654 1 P 0
L 2.1063038 1.0244126 2.1299262 1.0244126 1 P 0
L 2.1063038 1.0582685 2.1063038 1.0992157 1 P 0
L 2.1063038 1.0582685 2.1299262 1.0582685 1 P 0
L 2.1063038 1.0992157 2.1299262 1.0992157 1 P 0
L 2.1063038 1.1330717 2.1063038 1.1740189 1 P 0
L 2.1063038 1.1330717 2.1299262 1.1330717 1 P 0
L 2.1063038 1.1740189 2.1299262 1.1740189 1 P 0
L 2.1063038 1.2078748 2.1063038 1.248822 1 P 0
L 2.1063038 1.2078748 2.1299262 1.2078748 1 P 0
L 2.1063038 1.248822 2.1299262 1.248822 1 P 0
L 2.1063038 1.282678 2.1063038 1.3236252 1 P 0
L 2.1063038 1.282678 2.1299262 1.282678 1 P 0
L 2.1063038 1.3236252 2.1299262 1.3236252 1 P 0
L 2.1063039 0.4578748 2.1063039 0.498822 1 P 0
L 2.1063039 0.4578748 2.1299263 0.4578748 1 P 0
L 2.1063039 0.498822 2.1299263 0.498822 1 P 0
L 2.1063039 0.532678 2.1063039 0.5736252 1 P 0
L 2.1063039 0.532678 2.1299263 0.532678 1 P 0
L 2.1063039 0.5736252 2.1299263 0.5736252 1 P 0
L 2.1141684 0.9047251 2.1141684 0.9456723 1 P 0
L 2.1141684 0.9047251 2.1377908 0.9047251 1 P 0
L 2.1141684 0.9456723 2.1377908 0.9456723 1 P 0
L 2.1141684 1.0622053 2.1141684 1.1031525 1 P 0
L 2.1141684 1.0622053 2.1377908 1.0622053 1 P 0
L 2.1141684 1.1031525 2.1377908 1.1031525 1 P 0
L 2.1299262 0.6094496 2.1299262 0.6503968 1 P 0
L 2.1299262 0.6842528 2.1299262 0.7252 1 P 0
L 2.1299262 0.7590559 2.1299262 0.8000031 1 P 0
L 2.1299262 0.8338591 2.1299262 0.8748063 1 P 0
L 2.1299262 0.9086622 2.1299262 0.9496094 1 P 0
L 2.1299262 0.9834654 2.1299262 1.0244126 1 P 0
L 2.1299262 1.0582685 2.1299262 1.0992157 1 P 0
L 2.1299262 1.1330717 2.1299262 1.1740189 1 P 0
L 2.1299262 1.2078748 2.1299262 1.248822 1 P 0
L 2.1299262 1.282678 2.1299262 1.3236252 1 P 0
L 2.1299263 0.4578748 2.1299263 0.498822 1 P 0
L 2.1299263 0.532678 2.1299263 0.5736252 1 P 0
L 2.1377908 0.9047251 2.1377908 0.9456723 1 P 0
L 2.1377908 1.0622053 2.1377908 1.1031525 1 P 0
L 2.1456739 0.6094496 2.1456739 0.6503968 1 P 0
L 2.1456739 0.6094496 2.1692963 0.6094496 1 P 0
L 2.1456739 0.6503968 2.1692963 0.6503968 1 P 0
L 2.1456739 0.6842528 2.1456739 0.7252 1 P 0
L 2.1456739 0.6842528 2.1692963 0.6842528 1 P 0
L 2.1456739 0.7252 2.1692963 0.7252 1 P 0
L 2.1456739 0.7590559 2.1456739 0.8000031 1 P 0
L 2.1456739 0.7590559 2.1692963 0.7590559 1 P 0
L 2.1456739 0.8000031 2.1692963 0.8000031 1 P 0
L 2.1456739 0.8338591 2.1456739 0.8748063 1 P 0
L 2.1456739 0.8338591 2.1692963 0.8338591 1 P 0
L 2.1456739 0.8748063 2.1692963 0.8748063 1 P 0
L 2.1456739 0.9086622 2.1456739 0.9496094 1 P 0
L 2.1456739 0.9086622 2.1692963 0.9086622 1 P 0
L 2.1456739 0.9496094 2.1692963 0.9496094 1 P 0
L 2.1456739 0.9834653 2.1456739 1.0244125 1 P 0
L 2.1456739 0.9834653 2.1692963 0.9834653 1 P 0
L 2.1456739 1.0244125 2.1692963 1.0244125 1 P 0
L 2.1456739 1.0582685 2.1456739 1.0992157 1 P 0
L 2.1456739 1.0582685 2.1692963 1.0582685 1 P 0
L 2.1456739 1.0992157 2.1692963 1.0992157 1 P 0
L 2.1456739 1.1330717 2.1456739 1.1740189 1 P 0
L 2.1456739 1.1330717 2.1692963 1.1330717 1 P 0
L 2.1456739 1.1740189 2.1692963 1.1740189 1 P 0
L 2.1456739 1.2078748 2.1456739 1.248822 1 P 0
L 2.1456739 1.2078748 2.1692963 1.2078748 1 P 0
L 2.1456739 1.248822 2.1692963 1.248822 1 P 0
L 2.1456739 1.282678 2.1456739 1.3236252 1 P 0
L 2.1456739 1.282678 2.1692963 1.282678 1 P 0
L 2.1456739 1.3236252 2.1692963 1.3236252 1 P 0
L 2.145674 0.4578748 2.145674 0.498822 1 P 0
L 2.145674 0.4578748 2.1692964 0.4578748 1 P 0
L 2.145674 0.498822 2.1692964 0.498822 1 P 0
L 2.145674 0.532678 2.145674 0.5736252 1 P 0
L 2.145674 0.532678 2.1692964 0.532678 1 P 0
L 2.145674 0.5736252 2.1692964 0.5736252 1 P 0
L 2.1464597 0.4212644 2.1464597 0.4448868 1 P 0
L 2.1464597 0.5000046 2.1464597 0.523627 1 P 0
L 2.1464597 0.5787447 2.1464597 0.6023671 1 P 0
L 2.1464597 0.6574849 2.1464597 0.6811073 1 P 0
L 2.1464597 0.736225 2.1464597 0.7598474 1 P 0
L 2.1692963 0.6094496 2.1692963 0.6503968 1 P 0
L 2.1692963 0.6842528 2.1692963 0.7252 1 P 0
L 2.1692963 0.7590559 2.1692963 0.8000031 1 P 0
L 2.1692963 0.8338591 2.1692963 0.8748063 1 P 0
L 2.1692963 0.9086622 2.1692963 0.9496094 1 P 0
L 2.1692963 0.9834653 2.1692963 1.0244125 1 P 0
L 2.1692963 1.0582685 2.1692963 1.0992157 1 P 0
L 2.1692963 1.1330717 2.1692963 1.1740189 1 P 0
L 2.1692963 1.2078748 2.1692963 1.248822 1 P 0
L 2.1692963 1.282678 2.1692963 1.3236252 1 P 0
L 2.1692964 0.4578748 2.1692964 0.498822 1 P 0
L 2.1692964 0.532678 2.1692964 0.5736252 1 P 0
L 2.185044 0.6094496 2.185044 0.6503968 1 P 0
L 2.185044 0.6094496 2.2086664 0.6094496 1 P 0
L 2.185044 0.6503968 2.2086664 0.6503968 1 P 0
L 2.185044 0.6842528 2.185044 0.7252 1 P 0
L 2.185044 0.6842528 2.2086664 0.6842528 1 P 0
L 2.185044 0.7252 2.2086664 0.7252 1 P 0
L 2.185044 0.7590559 2.185044 0.8000031 1 P 0
L 2.185044 0.7590559 2.2086664 0.7590559 1 P 0
L 2.185044 0.8000031 2.2086664 0.8000031 1 P 0
L 2.185044 0.8338591 2.185044 0.8748063 1 P 0
L 2.185044 0.8338591 2.2086664 0.8338591 1 P 0
L 2.185044 0.8748063 2.2086664 0.8748063 1 P 0
L 2.185044 0.9086622 2.185044 0.9496094 1 P 0
L 2.185044 0.9086622 2.2086664 0.9086622 1 P 0
L 2.185044 0.9496094 2.2086664 0.9496094 1 P 0
L 2.185044 0.9834654 2.185044 1.0244126 1 P 0
L 2.185044 0.9834654 2.2086664 0.9834654 1 P 0
L 2.185044 1.0244126 2.2086664 1.0244126 1 P 0
L 2.185044 1.0582685 2.185044 1.0992157 1 P 0
L 2.185044 1.0582685 2.2086664 1.0582685 1 P 0
L 2.185044 1.0992157 2.2086664 1.0992157 1 P 0
L 2.185044 1.1330717 2.185044 1.1740189 1 P 0
L 2.185044 1.1330717 2.2086664 1.1330717 1 P 0
L 2.185044 1.1740189 2.2086664 1.1740189 1 P 0
L 2.185044 1.2078748 2.185044 1.248822 1 P 0
L 2.185044 1.2078748 2.2086664 1.2078748 1 P 0
L 2.185044 1.248822 2.2086664 1.248822 1 P 0
L 2.185044 1.282678 2.185044 1.3236252 1 P 0
L 2.185044 1.282678 2.2086664 1.282678 1 P 0
L 2.185044 1.3236252 2.2086664 1.3236252 1 P 0
L 2.1850441 0.4578748 2.1850441 0.498822 1 P 0
L 2.1850441 0.4578748 2.2086665 0.4578748 1 P 0
L 2.1850441 0.498822 2.2086665 0.498822 1 P 0
L 2.1850441 0.532678 2.1850441 0.5736252 1 P 0
L 2.1850441 0.532678 2.2086665 0.532678 1 P 0
L 2.1850441 0.5736252 2.2086665 0.5736252 1 P 0
L 2.2086664 0.6094496 2.2086664 0.6503968 1 P 0
L 2.2086664 0.6842528 2.2086664 0.7252 1 P 0
L 2.2086664 0.7590559 2.2086664 0.8000031 1 P 0
L 2.2086664 0.8338591 2.2086664 0.8748063 1 P 0
L 2.2086664 0.9086622 2.2086664 0.9496094 1 P 0
L 2.2086664 0.9834654 2.2086664 1.0244126 1 P 0
L 2.2086664 1.0582685 2.2086664 1.0992157 1 P 0
L 2.2086664 1.1330717 2.2086664 1.1740189 1 P 0
L 2.2086664 1.2078748 2.2086664 1.248822 1 P 0
L 2.2086664 1.282678 2.2086664 1.3236252 1 P 0
L 2.2086665 0.4578748 2.2086665 0.498822 1 P 0
L 2.2086665 0.532678 2.2086665 0.5736252 1 P 0
L 2.2236227 0.6574849 2.2236227 0.6811073 1 P 0
L 2.2236227 0.6574849 2.2645699 0.6574849 1 P 0
L 2.2236227 0.6811073 2.2645699 0.6811073 1 P 0
L 2.2236228 0.4212644 2.2236228 0.4448868 1 P 0
L 2.2236228 0.4212644 2.26457 0.4212644 1 P 0
L 2.2236228 0.4448868 2.26457 0.4448868 1 P 0
L 2.2236228 0.5000046 2.2236228 0.523627 1 P 0
L 2.2236228 0.5000046 2.26457 0.5000046 1 P 0
L 2.2236228 0.523627 2.26457 0.523627 1 P 0
L 2.2236228 0.5787447 2.2236228 0.6023671 1 P 0
L 2.2236228 0.5787447 2.26457 0.5787447 1 P 0
L 2.2236228 0.6023671 2.26457 0.6023671 1 P 0
L 2.2236228 0.736225 2.2236228 0.7598474 1 P 0
L 2.2236228 0.736225 2.26457 0.736225 1 P 0
L 2.2236228 0.7598474 2.26457 0.7598474 1 P 0
L 2.2322786 0.904725 2.2322786 0.9456722 1 P 0
L 2.2322786 0.904725 2.255901 0.904725 1 P 0
L 2.2322786 0.9456722 2.255901 0.9456722 1 P 0
L 2.2322786 1.0622053 2.2322786 1.1031525 1 P 0
L 2.2322786 1.0622053 2.255901 1.0622053 1 P 0
L 2.2322786 1.1031525 2.255901 1.1031525 1 P 0
L 2.255901 0.904725 2.255901 0.9456722 1 P 0
L 2.255901 1.0622053 2.255901 1.1031525 1 P 0
L 2.2578785 0.6094496 2.2578785 0.6503968 1 P 0
L 2.2578785 0.6094496 2.2815009 0.6094496 1 P 0
L 2.2578785 0.6503968 2.2815009 0.6503968 1 P 0
L 2.2578785 0.6842528 2.2578785 0.7252 1 P 0
L 2.2578785 0.6842528 2.2815009 0.6842528 1 P 0
L 2.2578785 0.7252 2.2815009 0.7252 1 P 0
L 2.2578785 0.7590559 2.2578785 0.8000031 1 P 0
L 2.2578785 0.7590559 2.2815009 0.7590559 1 P 0
L 2.2578785 0.8000031 2.2815009 0.8000031 1 P 0
L 2.2578785 0.8338591 2.2578785 0.8748063 1 P 0
L 2.2578785 0.8338591 2.2815009 0.8338591 1 P 0
L 2.2578785 0.8748063 2.2815009 0.8748063 1 P 0
L 2.2578785 0.9086622 2.2578785 0.9496094 1 P 0
L 2.2578785 0.9086622 2.2815009 0.9086622 1 P 0
L 2.2578785 0.9496094 2.2815009 0.9496094 1 P 0
L 2.2578785 0.9834654 2.2578785 1.0244126 1 P 0
L 2.2578785 0.9834654 2.2815009 0.9834654 1 P 0
L 2.2578785 1.0244126 2.2815009 1.0244126 1 P 0
L 2.2578785 1.0582685 2.2578785 1.0992157 1 P 0
L 2.2578785 1.0582685 2.2815009 1.0582685 1 P 0
L 2.2578785 1.0992157 2.2815009 1.0992157 1 P 0
L 2.2578785 1.1330717 2.2578785 1.1740189 1 P 0
L 2.2578785 1.1330717 2.2815009 1.1330717 1 P 0
L 2.2578785 1.1740189 2.2815009 1.1740189 1 P 0
L 2.2578785 1.2078748 2.2578785 1.248822 1 P 0
L 2.2578785 1.2078748 2.2815009 1.2078748 1 P 0
L 2.2578785 1.248822 2.2815009 1.248822 1 P 0
L 2.2578785 1.282678 2.2578785 1.3236252 1 P 0
L 2.2578785 1.282678 2.2815009 1.282678 1 P 0
L 2.2578785 1.3236252 2.2815009 1.3236252 1 P 0
L 2.2578786 0.4578748 2.2578786 0.498822 1 P 0
L 2.2578786 0.4578748 2.281501 0.4578748 1 P 0
L 2.2578786 0.498822 2.281501 0.498822 1 P 0
L 2.2578786 0.532678 2.2578786 0.5736252 1 P 0
L 2.2578786 0.532678 2.281501 0.532678 1 P 0
L 2.2578786 0.5736252 2.281501 0.5736252 1 P 0
L 2.2645699 0.6574849 2.2645699 0.6811073 1 P 0
L 2.26457 0.4212644 2.26457 0.4448868 1 P 0
L 2.26457 0.5000046 2.26457 0.523627 1 P 0
L 2.26457 0.5787447 2.26457 0.6023671 1 P 0
L 2.26457 0.736225 2.26457 0.7598474 1 P 0
L 2.2815009 0.6094496 2.2815009 0.6503968 1 P 0
L 2.2815009 0.6842528 2.2815009 0.7252 1 P 0
L 2.2815009 0.7590559 2.2815009 0.8000031 1 P 0
L 2.2815009 0.8338591 2.2815009 0.8748063 1 P 0
L 2.2815009 0.9086622 2.2815009 0.9496094 1 P 0
L 2.2815009 0.9834654 2.2815009 1.0244126 1 P 0
L 2.2815009 1.0582685 2.2815009 1.0992157 1 P 0
L 2.2815009 1.1330717 2.2815009 1.1740189 1 P 0
L 2.2815009 1.2078748 2.2815009 1.248822 1 P 0
L 2.2815009 1.282678 2.2815009 1.3236252 1 P 0
L 2.281501 0.4578748 2.281501 0.498822 1 P 0
L 2.281501 0.532678 2.281501 0.5736252 1 P 0
L 2.2972486 0.6094496 2.2972486 0.6503968 1 P 0
L 2.2972486 0.6094496 2.320871 0.6094496 1 P 0
L 2.2972486 0.6503968 2.320871 0.6503968 1 P 0
L 2.2972486 0.6842528 2.2972486 0.7252 1 P 0
L 2.2972486 0.6842528 2.320871 0.6842528 1 P 0
L 2.2972486 0.7252 2.320871 0.7252 1 P 0
L 2.2972486 0.7590559 2.2972486 0.8000031 1 P 0
L 2.2972486 0.7590559 2.320871 0.7590559 1 P 0
L 2.2972486 0.8000031 2.320871 0.8000031 1 P 0
L 2.2972486 0.8338591 2.2972486 0.8748063 1 P 0
L 2.2972486 0.8338591 2.320871 0.8338591 1 P 0
L 2.2972486 0.8748063 2.320871 0.8748063 1 P 0
L 2.2972486 0.9086622 2.2972486 0.9496094 1 P 0
L 2.2972486 0.9086622 2.320871 0.9086622 1 P 0
L 2.2972486 0.9496094 2.320871 0.9496094 1 P 0
L 2.2972486 0.9834654 2.2972486 1.0244126 1 P 0
L 2.2972486 0.9834654 2.320871 0.9834654 1 P 0
L 2.2972486 1.0244126 2.320871 1.0244126 1 P 0
L 2.2972486 1.0582685 2.2972486 1.0992157 1 P 0
L 2.2972486 1.0582685 2.320871 1.0582685 1 P 0
L 2.2972486 1.0992157 2.320871 1.0992157 1 P 0
L 2.2972486 1.1330717 2.2972486 1.1740189 1 P 0
L 2.2972486 1.1330717 2.320871 1.1330717 1 P 0
L 2.2972486 1.1740189 2.320871 1.1740189 1 P 0
L 2.2972486 1.2078748 2.2972486 1.248822 1 P 0
L 2.2972486 1.2078748 2.320871 1.2078748 1 P 0
L 2.2972486 1.248822 2.320871 1.248822 1 P 0
L 2.2972486 1.282678 2.2972486 1.3236252 1 P 0
L 2.2972486 1.282678 2.320871 1.282678 1 P 0
L 2.2972486 1.3236252 2.320871 1.3236252 1 P 0
L 2.2972487 0.4578748 2.2972487 0.498822 1 P 0
L 2.2972487 0.4578748 2.3208711 0.4578748 1 P 0
L 2.2972487 0.498822 2.3208711 0.498822 1 P 0
L 2.2972487 0.532678 2.2972487 0.5736252 1 P 0
L 2.2972487 0.532678 2.3208711 0.532678 1 P 0
L 2.2972487 0.5736252 2.3208711 0.5736252 1 P 0
L 2.320871 0.6094496 2.320871 0.6503968 1 P 0
L 2.320871 0.6842528 2.320871 0.7252 1 P 0
L 2.320871 0.7590559 2.320871 0.8000031 1 P 0
L 2.320871 0.8338591 2.320871 0.8748063 1 P 0
L 2.320871 0.9086622 2.320871 0.9496094 1 P 0
L 2.320871 0.9834654 2.320871 1.0244126 1 P 0
L 2.320871 1.0582685 2.320871 1.0992157 1 P 0
L 2.320871 1.1330717 2.320871 1.1740189 1 P 0
L 2.320871 1.2078748 2.320871 1.248822 1 P 0
L 2.320871 1.282678 2.320871 1.3236252 1 P 0
L 2.3208711 0.4578748 2.3208711 0.498822 1 P 0
L 2.3208711 0.532678 2.3208711 0.5736252 1 P 0
L 2.3366187 0.6094496 2.3366187 0.6503968 1 P 0
L 2.3366187 0.6094496 2.3602411 0.6094496 1 P 0
L 2.3366187 0.6503968 2.3602411 0.6503968 1 P 0
L 2.3366187 0.6842528 2.3366187 0.7252 1 P 0
L 2.3366187 0.6842528 2.3602411 0.6842528 1 P 0
L 2.3366187 0.7252 2.3602411 0.7252 1 P 0
L 2.3366187 0.7590559 2.3366187 0.8000031 1 P 0
L 2.3366187 0.7590559 2.3602411 0.7590559 1 P 0
L 2.3366187 0.8000031 2.3602411 0.8000031 1 P 0
L 2.3366187 0.8338591 2.3366187 0.8748063 1 P 0
L 2.3366187 0.8338591 2.3602411 0.8338591 1 P 0
L 2.3366187 0.8748063 2.3602411 0.8748063 1 P 0
L 2.3366187 0.9086622 2.3366187 0.9496094 1 P 0
L 2.3366187 0.9086622 2.3602411 0.9086622 1 P 0
L 2.3366187 0.9496094 2.3602411 0.9496094 1 P 0
L 2.3366187 0.9834654 2.3366187 1.0244126 1 P 0
L 2.3366187 0.9834654 2.3602411 0.9834654 1 P 0
L 2.3366187 1.0244126 2.3602411 1.0244126 1 P 0
L 2.3366187 1.0582685 2.3366187 1.0992157 1 P 0
L 2.3366187 1.0582685 2.3602411 1.0582685 1 P 0
L 2.3366187 1.0992157 2.3602411 1.0992157 1 P 0
L 2.3366187 1.1330717 2.3366187 1.1740189 1 P 0
L 2.3366187 1.1330717 2.3602411 1.1330717 1 P 0
L 2.3366187 1.1740189 2.3602411 1.1740189 1 P 0
L 2.3366187 1.2078748 2.3366187 1.248822 1 P 0
L 2.3366187 1.2078748 2.3602411 1.2078748 1 P 0
L 2.3366187 1.248822 2.3602411 1.248822 1 P 0
L 2.3366187 1.282678 2.3366187 1.3236252 1 P 0
L 2.3366187 1.282678 2.3602411 1.282678 1 P 0
L 2.3366187 1.3236252 2.3602411 1.3236252 1 P 0
L 2.3366188 0.4578748 2.3366188 0.498822 1 P 0
L 2.3366188 0.4578748 2.3602412 0.4578748 1 P 0
L 2.3366188 0.498822 2.3602412 0.498822 1 P 0
L 2.3366188 0.532678 2.3366188 0.5736252 1 P 0
L 2.3366188 0.532678 2.3602412 0.532678 1 P 0
L 2.3366188 0.5736252 2.3602412 0.5736252 1 P 0
L 2.341733 0.4212644 2.341733 0.4448868 1 P 0
L 2.341733 0.4212644 2.3826802 0.4212644 1 P 0
L 2.341733 0.4448868 2.3826802 0.4448868 1 P 0
L 2.341733 0.5000046 2.341733 0.523627 1 P 0
L 2.341733 0.5000046 2.3826802 0.5000046 1 P 0
L 2.341733 0.523627 2.3826802 0.523627 1 P 0
L 2.341733 0.5787447 2.341733 0.6023671 1 P 0
L 2.341733 0.5787447 2.3826802 0.5787447 1 P 0
L 2.341733 0.6023671 2.3826802 0.6023671 1 P 0
L 2.341733 0.6574849 2.341733 0.6811073 1 P 0
L 2.341733 0.6574849 2.3826802 0.6574849 1 P 0
L 2.341733 0.6811073 2.3826802 0.6811073 1 P 0
L 2.341733 0.736225 2.341733 0.7598474 1 P 0
L 2.341733 0.736225 2.3826802 0.736225 1 P 0
L 2.341733 0.7598474 2.3826802 0.7598474 1 P 0
L 2.3503889 0.904725 2.3503889 0.9456722 1 P 0
L 2.3503889 0.904725 2.3740113 0.904725 1 P 0
L 2.3503889 0.9456722 2.3740113 0.9456722 1 P 0
L 2.3503889 1.0622053 2.3503889 1.1031525 1 P 0
L 2.3503889 1.0622053 2.3740113 1.0622053 1 P 0
L 2.3503889 1.1031525 2.3740113 1.1031525 1 P 0
L 2.3602411 0.6094496 2.3602411 0.6503968 1 P 0
L 2.3602411 0.6842528 2.3602411 0.7252 1 P 0
L 2.3602411 0.7590559 2.3602411 0.8000031 1 P 0
L 2.3602411 0.8338591 2.3602411 0.8748063 1 P 0
L 2.3602411 0.9086622 2.3602411 0.9496094 1 P 0
L 2.3602411 0.9834654 2.3602411 1.0244126 1 P 0
L 2.3602411 1.0582685 2.3602411 1.0992157 1 P 0
L 2.3602411 1.1330717 2.3602411 1.1740189 1 P 0
L 2.3602411 1.2078748 2.3602411 1.248822 1 P 0
L 2.3602411 1.282678 2.3602411 1.3236252 1 P 0
L 2.3602412 0.4578748 2.3602412 0.498822 1 P 0
L 2.3602412 0.532678 2.3602412 0.5736252 1 P 0
L 2.3740113 0.904725 2.3740113 0.9456722 1 P 0
L 2.3740113 1.0622053 2.3740113 1.1031525 1 P 0
L 2.3759888 0.6094496 2.3759888 0.6503968 1 P 0
L 2.3759888 0.6094496 2.3996112 0.6094496 1 P 0
L 2.3759888 0.6503968 2.3996112 0.6503968 1 P 0
L 2.3759888 0.6842528 2.3759888 0.7252 1 P 0
L 2.3759888 0.6842528 2.3996112 0.6842528 1 P 0
L 2.3759888 0.7252 2.3996112 0.7252 1 P 0
L 2.3759888 0.7590559 2.3759888 0.8000031 1 P 0
L 2.3759888 0.7590559 2.3996112 0.7590559 1 P 0
L 2.3759888 0.8000031 2.3996112 0.8000031 1 P 0
L 2.3759888 0.8338591 2.3759888 0.8748063 1 P 0
L 2.3759888 0.8338591 2.3996112 0.8338591 1 P 0
L 2.3759888 0.8748063 2.3996112 0.8748063 1 P 0
L 2.3759888 0.9086622 2.3759888 0.9496094 1 P 0
L 2.3759888 0.9086622 2.3996112 0.9086622 1 P 0
L 2.3759888 0.9496094 2.3996112 0.9496094 1 P 0
L 2.3759888 0.9834654 2.3759888 1.0244126 1 P 0
L 2.3759888 0.9834654 2.3996112 0.9834654 1 P 0
L 2.3759888 1.0244126 2.3996112 1.0244126 1 P 0
L 2.3759888 1.0582685 2.3759888 1.0992157 1 P 0
L 2.3759888 1.0582685 2.3996112 1.0582685 1 P 0
L 2.3759888 1.0992157 2.3996112 1.0992157 1 P 0
L 2.3759888 1.1330717 2.3759888 1.1740189 1 P 0
L 2.3759888 1.1330717 2.3996112 1.1330717 1 P 0
L 2.3759888 1.1740189 2.3996112 1.1740189 1 P 0
L 2.3759888 1.2078748 2.3759888 1.248822 1 P 0
L 2.3759888 1.2078748 2.3996112 1.2078748 1 P 0
L 2.3759888 1.248822 2.3996112 1.248822 1 P 0
L 2.3759888 1.282678 2.3759888 1.3236252 1 P 0
L 2.3759888 1.282678 2.3996112 1.282678 1 P 0
L 2.3759888 1.3236252 2.3996112 1.3236252 1 P 0
L 2.3759889 0.4578748 2.3759889 0.498822 1 P 0
L 2.3759889 0.4578748 2.3996113 0.4578748 1 P 0
L 2.3759889 0.498822 2.3996113 0.498822 1 P 0
L 2.3759889 0.532678 2.3759889 0.5736252 1 P 0
L 2.3759889 0.532678 2.3996113 0.532678 1 P 0
L 2.3759889 0.5736252 2.3996113 0.5736252 1 P 0
L 2.3826802 0.4212644 2.3826802 0.4448868 1 P 0
L 2.3826802 0.5000046 2.3826802 0.523627 1 P 0
L 2.3826802 0.5787447 2.3826802 0.6023671 1 P 0
L 2.3826802 0.6574849 2.3826802 0.6811073 1 P 0
L 2.3826802 0.736225 2.3826802 0.7598474 1 P 0
L 2.3936972 3.1968537 2.3936972 3.8897689 0 P 0
L 2.3996112 0.6094496 2.3996112 0.6503968 1 P 0
L 2.3996112 0.6842528 2.3996112 0.7252 1 P 0
L 2.3996112 0.7590559 2.3996112 0.8000031 1 P 0
L 2.3996112 0.8338591 2.3996112 0.8748063 1 P 0
L 2.3996112 0.9086622 2.3996112 0.9496094 1 P 0
L 2.3996112 0.9834654 2.3996112 1.0244126 1 P 0
L 2.3996112 1.0582685 2.3996112 1.0992157 1 P 0
L 2.3996112 1.1330717 2.3996112 1.1740189 1 P 0
L 2.3996112 1.2078748 2.3996112 1.248822 1 P 0
L 2.3996112 1.282678 2.3996112 1.3236252 1 P 0
L 2.3996113 0.4578748 2.3996113 0.498822 1 P 0
L 2.3996113 0.532678 2.3996113 0.5736252 1 P 0
L 2.4153589 0.6094496 2.4153589 0.6503968 1 P 0
L 2.4153589 0.6094496 2.4389813 0.6094496 1 P 0
L 2.4153589 0.6503968 2.4389813 0.6503968 1 P 0
L 2.4153589 0.6842528 2.4153589 0.7252 1 P 0
L 2.4153589 0.6842528 2.4389813 0.6842528 1 P 0
L 2.4153589 0.7252 2.4389813 0.7252 1 P 0
L 2.4153589 0.7590559 2.4153589 0.8000031 1 P 0
L 2.4153589 0.7590559 2.4389813 0.7590559 1 P 0
L 2.4153589 0.8000031 2.4389813 0.8000031 1 P 0
L 2.4153589 0.8338591 2.4153589 0.8748063 1 P 0
L 2.4153589 0.8338591 2.4389813 0.8338591 1 P 0
L 2.4153589 0.8748063 2.4389813 0.8748063 1 P 0
L 2.4153589 0.9086622 2.4153589 0.9496094 1 P 0
L 2.4153589 0.9086622 2.4389813 0.9086622 1 P 0
L 2.4153589 0.9496094 2.4389813 0.9496094 1 P 0
L 2.4153589 0.9834654 2.4153589 1.0244126 1 P 0
L 2.4153589 0.9834654 2.4389813 0.9834654 1 P 0
L 2.4153589 1.0244126 2.4389813 1.0244126 1 P 0
L 2.4153589 1.0582685 2.4153589 1.0992157 1 P 0
L 2.4153589 1.0582685 2.4389813 1.0582685 1 P 0
L 2.4153589 1.0992157 2.4389813 1.0992157 1 P 0
L 2.4153589 1.1330717 2.4153589 1.1740189 1 P 0
L 2.4153589 1.1330717 2.4389813 1.1330717 1 P 0
L 2.4153589 1.1740189 2.4389813 1.1740189 1 P 0
L 2.4153589 1.2078748 2.4153589 1.248822 1 P 0
L 2.4153589 1.2078748 2.4389813 1.2078748 1 P 0
L 2.4153589 1.248822 2.4389813 1.248822 1 P 0
L 2.4153589 1.282678 2.4153589 1.3236252 1 P 0
L 2.4153589 1.282678 2.4389813 1.282678 1 P 0
L 2.4153589 1.3236252 2.4389813 1.3236252 1 P 0
L 2.415359 0.4578748 2.415359 0.498822 1 P 0
L 2.415359 0.4578748 2.4389814 0.4578748 1 P 0
L 2.415359 0.498822 2.4389814 0.498822 1 P 0
L 2.415359 0.532678 2.415359 0.5736252 1 P 0
L 2.415359 0.532678 2.4389814 0.532678 1 P 0
L 2.415359 0.5736252 2.4389814 0.5736252 1 P 0
L 2.4251969 1.4094488 2.4251969 1.8228346 0 P 0
L 2.4389813 0.6094496 2.4389813 0.6503968 1 P 0
L 2.4389813 0.6842528 2.4389813 0.7252 1 P 0
L 2.4389813 0.7590559 2.4389813 0.8000031 1 P 0
L 2.4389813 0.8338591 2.4389813 0.8748063 1 P 0
L 2.4389813 0.9086622 2.4389813 0.9496094 1 P 0
L 2.4389813 0.9834654 2.4389813 1.0244126 1 P 0
L 2.4389813 1.0582685 2.4389813 1.0992157 1 P 0
L 2.4389813 1.1330717 2.4389813 1.1740189 1 P 0
L 2.4389813 1.2078748 2.4389813 1.248822 1 P 0
L 2.4389813 1.282678 2.4389813 1.3236252 1 P 0
L 2.4389814 0.4578748 2.4389814 0.498822 1 P 0
L 2.4389814 0.532678 2.4389814 0.5736252 1 P 0
L 2.4547289 0.6094496 2.4547289 0.6503968 1 P 0
L 2.4547289 0.6094496 2.4783513 0.6094496 1 P 0
L 2.4547289 0.6503968 2.4783513 0.6503968 1 P 0
L 2.4547289 0.6842528 2.4547289 0.7252 1 P 0
L 2.4547289 0.6842528 2.4783513 0.6842528 1 P 0
L 2.4547289 0.7252 2.4783513 0.7252 1 P 0
L 2.4547289 0.7590559 2.4547289 0.8000031 1 P 0
L 2.4547289 0.7590559 2.4783513 0.7590559 1 P 0
L 2.4547289 0.8000031 2.4783513 0.8000031 1 P 0
L 2.4547289 0.8338591 2.4547289 0.8748063 1 P 0
L 2.4547289 0.8338591 2.4783513 0.8338591 1 P 0
L 2.4547289 0.8748063 2.4783513 0.8748063 1 P 0
L 2.4547289 0.9086622 2.4547289 0.9496094 1 P 0
L 2.4547289 0.9086622 2.4783513 0.9086622 1 P 0
L 2.4547289 0.9496094 2.4783513 0.9496094 1 P 0
L 2.4547289 0.9834654 2.4547289 1.0244126 1 P 0
L 2.4547289 0.9834654 2.4783513 0.9834654 1 P 0
L 2.4547289 1.0244126 2.4783513 1.0244126 1 P 0
L 2.4547289 1.0582685 2.4547289 1.0992157 1 P 0
L 2.4547289 1.0582685 2.4783513 1.0582685 1 P 0
L 2.4547289 1.0992157 2.4783513 1.0992157 1 P 0
L 2.4547289 1.1330717 2.4547289 1.1740189 1 P 0
L 2.4547289 1.1330717 2.4783513 1.1330717 1 P 0
L 2.4547289 1.1740189 2.4783513 1.1740189 1 P 0
L 2.4547289 1.2078748 2.4547289 1.248822 1 P 0
L 2.4547289 1.2078748 2.4783513 1.2078748 1 P 0
L 2.4547289 1.248822 2.4783513 1.248822 1 P 0
L 2.4547289 1.282678 2.4547289 1.3236252 1 P 0
L 2.4547289 1.282678 2.4783513 1.282678 1 P 0
L 2.4547289 1.3236252 2.4783513 1.3236252 1 P 0
L 2.454729 0.4578748 2.454729 0.498822 1 P 0
L 2.454729 0.4578748 2.4783514 0.4578748 1 P 0
L 2.454729 0.498822 2.4783514 0.498822 1 P 0
L 2.454729 0.532678 2.454729 0.5736252 1 P 0
L 2.454729 0.532678 2.4783514 0.532678 1 P 0
L 2.454729 0.5736252 2.4783514 0.5736252 1 P 0
L 2.4598432 0.5000046 2.4598432 0.523627 1 P 0
L 2.4598432 0.5000046 2.5007904 0.5000046 1 P 0
L 2.4598432 0.523627 2.5007904 0.523627 1 P 0
L 2.4598432 0.5787447 2.4598432 0.6023671 1 P 0
L 2.4598432 0.5787447 2.5007904 0.5787447 1 P 0
L 2.4598432 0.6023671 2.5007904 0.6023671 1 P 0
L 2.4598433 0.4212644 2.4598433 0.4448868 1 P 0
L 2.4598433 0.4212644 2.5007905 0.4212644 1 P 0
L 2.4598433 0.4448868 2.5007905 0.4448868 1 P 0
L 2.4598433 0.6574849 2.4598433 0.6811073 1 P 0
L 2.4598433 0.6574849 2.5007905 0.6574849 1 P 0
L 2.4598433 0.6811073 2.5007905 0.6811073 1 P 0
L 2.4598433 0.736225 2.4598433 0.7598474 1 P 0
L 2.4598433 0.736225 2.5007905 0.736225 1 P 0
L 2.4598433 0.7598474 2.5007905 0.7598474 1 P 0
L 2.4684991 0.904725 2.4684991 0.9456722 1 P 0
L 2.4684991 0.904725 2.4921215 0.904725 1 P 0
L 2.4684991 0.9456722 2.4921215 0.9456722 1 P 0
L 2.4684991 1.0622053 2.4684991 1.1031525 1 P 0
L 2.4684991 1.0622053 2.4921215 1.0622053 1 P 0
L 2.4684991 1.1031525 2.4921215 1.1031525 1 P 0
L 2.4783513 0.6094496 2.4783513 0.6503968 1 P 0
L 2.4783513 0.6842528 2.4783513 0.7252 1 P 0
L 2.4783513 0.7590559 2.4783513 0.8000031 1 P 0
L 2.4783513 0.8338591 2.4783513 0.8748063 1 P 0
L 2.4783513 0.9086622 2.4783513 0.9496094 1 P 0
L 2.4783513 0.9834654 2.4783513 1.0244126 1 P 0
L 2.4783513 1.0582685 2.4783513 1.0992157 1 P 0
L 2.4783513 1.1330717 2.4783513 1.1740189 1 P 0
L 2.4783513 1.2078748 2.4783513 1.248822 1 P 0
L 2.4783513 1.282678 2.4783513 1.3236252 1 P 0
L 2.4783514 0.4578748 2.4783514 0.498822 1 P 0
L 2.4783514 0.532678 2.4783514 0.5736252 1 P 0
L 2.4921215 0.904725 2.4921215 0.9456722 1 P 0
L 2.4921215 1.0622053 2.4921215 1.1031525 1 P 0
L 2.494099 0.6094496 2.494099 0.6503968 1 P 0
L 2.494099 0.6094496 2.5177214 0.6094496 1 P 0
L 2.494099 0.6503968 2.5177214 0.6503968 1 P 0
L 2.494099 0.6842528 2.494099 0.7252 1 P 0
L 2.494099 0.6842528 2.5177214 0.6842528 1 P 0
L 2.494099 0.7252 2.5177214 0.7252 1 P 0
L 2.494099 0.7590559 2.494099 0.8000031 1 P 0
L 2.494099 0.7590559 2.5177214 0.7590559 1 P 0
L 2.494099 0.8000031 2.5177214 0.8000031 1 P 0
L 2.494099 0.8338591 2.494099 0.8748063 1 P 0
L 2.494099 0.8338591 2.5177214 0.8338591 1 P 0
L 2.494099 0.8748063 2.5177214 0.8748063 1 P 0
L 2.494099 0.9086622 2.494099 0.9496094 1 P 0
L 2.494099 0.9086622 2.5177214 0.9086622 1 P 0
L 2.494099 0.9496094 2.5177214 0.9496094 1 P 0
L 2.494099 0.9834654 2.494099 1.0244126 1 P 0
L 2.494099 0.9834654 2.5177214 0.9834654 1 P 0
L 2.494099 1.0244126 2.5177214 1.0244126 1 P 0
L 2.494099 1.0582685 2.494099 1.0992157 1 P 0
L 2.494099 1.0582685 2.5177214 1.0582685 1 P 0
L 2.494099 1.0992157 2.5177214 1.0992157 1 P 0
L 2.494099 1.1330717 2.494099 1.1740189 1 P 0
L 2.494099 1.1330717 2.5177214 1.1330717 1 P 0
L 2.494099 1.1740189 2.5177214 1.1740189 1 P 0
L 2.494099 1.2078748 2.494099 1.248822 1 P 0
L 2.494099 1.2078748 2.5177214 1.2078748 1 P 0
L 2.494099 1.248822 2.5177214 1.248822 1 P 0
L 2.494099 1.282678 2.494099 1.3236252 1 P 0
L 2.494099 1.282678 2.5177214 1.282678 1 P 0
L 2.494099 1.3236252 2.5177214 1.3236252 1 P 0
L 2.4940991 0.4578748 2.4940991 0.498822 1 P 0
L 2.4940991 0.4578748 2.5177215 0.4578748 1 P 0
L 2.4940991 0.498822 2.5177215 0.498822 1 P 0
L 2.4940991 0.532678 2.4940991 0.5736252 1 P 0
L 2.4940991 0.532678 2.5177215 0.532678 1 P 0
L 2.4940991 0.5736252 2.5177215 0.5736252 1 P 0
L 2.5007904 0.5000046 2.5007904 0.523627 1 P 0
L 2.5007904 0.5787447 2.5007904 0.6023671 1 P 0
L 2.5007905 0.4212644 2.5007905 0.4448868 1 P 0
L 2.5007905 0.6574849 2.5007905 0.6811073 1 P 0
L 2.5007905 0.736225 2.5007905 0.7598474 1 P 0
L 2.5177214 0.6094496 2.5177214 0.6503968 1 P 0
L 2.5177214 0.6842528 2.5177214 0.7252 1 P 0
L 2.5177214 0.7590559 2.5177214 0.8000031 1 P 0
L 2.5177214 0.8338591 2.5177214 0.8748063 1 P 0
L 2.5177214 0.9086622 2.5177214 0.9496094 1 P 0
L 2.5177214 0.9834654 2.5177214 1.0244126 1 P 0
L 2.5177214 1.0582685 2.5177214 1.0992157 1 P 0
L 2.5177214 1.1330717 2.5177214 1.1740189 1 P 0
L 2.5177214 1.2078748 2.5177214 1.248822 1 P 0
L 2.5177214 1.282678 2.5177214 1.3236252 1 P 0
L 2.5177215 0.4578748 2.5177215 0.498822 1 P 0
L 2.5177215 0.532678 2.5177215 0.5736252 1 P 0
L 2.5334691 0.6094496 2.5334691 0.6503968 1 P 0
L 2.5334691 0.6094496 2.5570915 0.6094496 1 P 0
L 2.5334691 0.6503968 2.5570915 0.6503968 1 P 0
L 2.5334691 0.6842528 2.5334691 0.7252 1 P 0
L 2.5334691 0.6842528 2.5570915 0.6842528 1 P 0
L 2.5334691 0.7252 2.5570915 0.7252 1 P 0
L 2.5334691 0.7590559 2.5334691 0.8000031 1 P 0
L 2.5334691 0.7590559 2.5570915 0.7590559 1 P 0
L 2.5334691 0.8000031 2.5570915 0.8000031 1 P 0
L 2.5334691 0.8338591 2.5334691 0.8748063 1 P 0
L 2.5334691 0.8338591 2.5570915 0.8338591 1 P 0
L 2.5334691 0.8748063 2.5570915 0.8748063 1 P 0
L 2.5334691 0.9086622 2.5334691 0.9496094 1 P 0
L 2.5334691 0.9086622 2.5570915 0.9086622 1 P 0
L 2.5334691 0.9496094 2.5570915 0.9496094 1 P 0
L 2.5334691 0.9834654 2.5334691 1.0244126 1 P 0
L 2.5334691 0.9834654 2.5570915 0.9834654 1 P 0
L 2.5334691 1.0244126 2.5570915 1.0244126 1 P 0
L 2.5334691 1.0582685 2.5334691 1.0992157 1 P 0
L 2.5334691 1.0582685 2.5570915 1.0582685 1 P 0
L 2.5334691 1.0992157 2.5570915 1.0992157 1 P 0
L 2.5334691 1.1330717 2.5334691 1.1740189 1 P 0
L 2.5334691 1.1330717 2.5570915 1.1330717 1 P 0
L 2.5334691 1.1740189 2.5570915 1.1740189 1 P 0
L 2.5334691 1.2078748 2.5334691 1.248822 1 P 0
L 2.5334691 1.2078748 2.5570915 1.2078748 1 P 0
L 2.5334691 1.248822 2.5570915 1.248822 1 P 0
L 2.5334691 1.282678 2.5334691 1.3236252 1 P 0
L 2.5334691 1.282678 2.5570915 1.282678 1 P 0
L 2.5334691 1.3236252 2.5570915 1.3236252 1 P 0
L 2.5334692 0.4578748 2.5334692 0.498822 1 P 0
L 2.5334692 0.4578748 2.5570916 0.4578748 1 P 0
L 2.5334692 0.498822 2.5570916 0.498822 1 P 0
L 2.5334692 0.532678 2.5334692 0.5736252 1 P 0
L 2.5334692 0.532678 2.5570916 0.532678 1 P 0
L 2.5334692 0.5736252 2.5570916 0.5736252 1 P 0
L 2.5570915 0.6094496 2.5570915 0.6503968 1 P 0
L 2.5570915 0.6842528 2.5570915 0.7252 1 P 0
L 2.5570915 0.7590559 2.5570915 0.8000031 1 P 0
L 2.5570915 0.8338591 2.5570915 0.8748063 1 P 0
L 2.5570915 0.9086622 2.5570915 0.9496094 1 P 0
L 2.5570915 0.9834654 2.5570915 1.0244126 1 P 0
L 2.5570915 1.0582685 2.5570915 1.0992157 1 P 0
L 2.5570915 1.1330717 2.5570915 1.1740189 1 P 0
L 2.5570915 1.2078748 2.5570915 1.248822 1 P 0
L 2.5570915 1.282678 2.5570915 1.3236252 1 P 0
L 2.5570916 0.4578748 2.5570916 0.498822 1 P 0
L 2.5570916 0.532678 2.5570916 0.5736252 1 P 0
L 2.5728392 0.6094496 2.5728392 0.6503968 1 P 0
L 2.5728392 0.6094496 2.5964616 0.6094496 1 P 0
L 2.5728392 0.6503968 2.5964616 0.6503968 1 P 0
L 2.5728392 0.6842528 2.5728392 0.7252 1 P 0
L 2.5728392 0.6842528 2.5964616 0.6842528 1 P 0
L 2.5728392 0.7252 2.5964616 0.7252 1 P 0
L 2.5728392 0.7590559 2.5728392 0.8000031 1 P 0
L 2.5728392 0.7590559 2.5964616 0.7590559 1 P 0
L 2.5728392 0.8000031 2.5964616 0.8000031 1 P 0
L 2.5728392 0.8338591 2.5728392 0.8748063 1 P 0
L 2.5728392 0.8338591 2.5964616 0.8338591 1 P 0
L 2.5728392 0.8748063 2.5964616 0.8748063 1 P 0
L 2.5728392 0.9086622 2.5728392 0.9496094 1 P 0
L 2.5728392 0.9086622 2.5964616 0.9086622 1 P 0
L 2.5728392 0.9496094 2.5964616 0.9496094 1 P 0
L 2.5728392 0.9834653 2.5728392 1.0244125 1 P 0
L 2.5728392 0.9834653 2.5964616 0.9834653 1 P 0
L 2.5728392 1.0244125 2.5964616 1.0244125 1 P 0
L 2.5728392 1.0582685 2.5728392 1.0992157 1 P 0
L 2.5728392 1.0582685 2.5964616 1.0582685 1 P 0
L 2.5728392 1.0992157 2.5964616 1.0992157 1 P 0
L 2.5728392 1.1330717 2.5728392 1.1740189 1 P 0
L 2.5728392 1.1330717 2.5964616 1.1330717 1 P 0
L 2.5728392 1.1740189 2.5964616 1.1740189 1 P 0
L 2.5728392 1.2078748 2.5728392 1.248822 1 P 0
L 2.5728392 1.2078748 2.5964616 1.2078748 1 P 0
L 2.5728392 1.248822 2.5964616 1.248822 1 P 0
L 2.5728392 1.282678 2.5728392 1.3236252 1 P 0
L 2.5728392 1.282678 2.5964616 1.282678 1 P 0
L 2.5728392 1.3236252 2.5964616 1.3236252 1 P 0
L 2.5728393 0.4578748 2.5728393 0.498822 1 P 0
L 2.5728393 0.4578748 2.5964617 0.4578748 1 P 0
L 2.5728393 0.498822 2.5964617 0.498822 1 P 0
L 2.5728393 0.532678 2.5728393 0.5736252 1 P 0
L 2.5728393 0.532678 2.5964617 0.532678 1 P 0
L 2.5728393 0.5736252 2.5964617 0.5736252 1 P 0
L 2.5964616 0.6094496 2.5964616 0.6503968 1 P 0
L 2.5964616 0.6842528 2.5964616 0.7252 1 P 0
L 2.5964616 0.7590559 2.5964616 0.8000031 1 P 0
L 2.5964616 0.8338591 2.5964616 0.8748063 1 P 0
L 2.5964616 0.9086622 2.5964616 0.9496094 1 P 0
L 2.5964616 0.9834653 2.5964616 1.0244125 1 P 0
L 2.5964616 1.0582685 2.5964616 1.0992157 1 P 0
L 2.5964616 1.1330717 2.5964616 1.1740189 1 P 0
L 2.5964616 1.2078748 2.5964616 1.248822 1 P 0
L 2.5964616 1.282678 2.5964616 1.3236252 1 P 0
L 2.5964617 0.4578748 2.5964617 0.498822 1 P 0
L 2.5964617 0.532678 2.5964617 0.5736252 1 P 0
L 2.6122093 0.6094496 2.6122093 0.6503968 1 P 0
L 2.6122093 0.6094496 2.6358317 0.6094496 1 P 0
L 2.6122093 0.6503968 2.6358317 0.6503968 1 P 0
L 2.6122093 0.6842528 2.6122093 0.7252 1 P 0
L 2.6122093 0.6842528 2.6358317 0.6842528 1 P 0
L 2.6122093 0.7252 2.6358317 0.7252 1 P 0
L 2.6122093 0.7590559 2.6122093 0.8000031 1 P 0
L 2.6122093 0.7590559 2.6358317 0.7590559 1 P 0
L 2.6122093 0.8000031 2.6358317 0.8000031 1 P 0
L 2.6122093 0.8338591 2.6122093 0.8748063 1 P 0
L 2.6122093 0.8338591 2.6358317 0.8338591 1 P 0
L 2.6122093 0.8748063 2.6358317 0.8748063 1 P 0
L 2.6122093 0.9086622 2.6122093 0.9496094 1 P 0
L 2.6122093 0.9086622 2.6358317 0.9086622 1 P 0
L 2.6122093 0.9496094 2.6358317 0.9496094 1 P 0
L 2.6122093 0.9834654 2.6122093 1.0244126 1 P 0
L 2.6122093 0.9834654 2.6358317 0.9834654 1 P 0
L 2.6122093 1.0244126 2.6358317 1.0244126 1 P 0
L 2.6122093 1.0582685 2.6122093 1.0992157 1 P 0
L 2.6122093 1.0582685 2.6358317 1.0582685 1 P 0
L 2.6122093 1.0992157 2.6358317 1.0992157 1 P 0
L 2.6122093 1.1330717 2.6122093 1.1740189 1 P 0
L 2.6122093 1.1330717 2.6358317 1.1330717 1 P 0
L 2.6122093 1.1740189 2.6358317 1.1740189 1 P 0
L 2.6122093 1.2078748 2.6122093 1.248822 1 P 0
L 2.6122093 1.2078748 2.6358317 1.2078748 1 P 0
L 2.6122093 1.248822 2.6358317 1.248822 1 P 0
L 2.6122093 1.282678 2.6122093 1.3236252 1 P 0
L 2.6122093 1.282678 2.6358317 1.282678 1 P 0
L 2.6122093 1.3236252 2.6358317 1.3236252 1 P 0
L 2.6122094 0.4578748 2.6122094 0.498822 1 P 0
L 2.6122094 0.4578748 2.6358318 0.4578748 1 P 0
L 2.6122094 0.498822 2.6358318 0.498822 1 P 0
L 2.6122094 0.532678 2.6122094 0.5736252 1 P 0
L 2.6122094 0.532678 2.6358318 0.532678 1 P 0
L 2.6122094 0.5736252 2.6358318 0.5736252 1 P 0
L 2.6358317 0.6094496 2.6358317 0.6503968 1 P 0
L 2.6358317 0.6842528 2.6358317 0.7252 1 P 0
L 2.6358317 0.7590559 2.6358317 0.8000031 1 P 0
L 2.6358317 0.8338591 2.6358317 0.8748063 1 P 0
L 2.6358317 0.9086622 2.6358317 0.9496094 1 P 0
L 2.6358317 0.9834654 2.6358317 1.0244126 1 P 0
L 2.6358317 1.0582685 2.6358317 1.0992157 1 P 0
L 2.6358317 1.1330717 2.6358317 1.1740189 1 P 0
L 2.6358317 1.2078748 2.6358317 1.248822 1 P 0
L 2.6358317 1.282678 2.6358317 1.3236252 1 P 0
L 2.6358318 0.4578748 2.6358318 0.498822 1 P 0
L 2.6358318 0.532678 2.6358318 0.5736252 1 P 0
L 2.668706 4.1349528 2.835737 3.9679217 0 P 0
L 2.668706 4.1349528 2.9122946 4.3785414 0 P 0
L 2.677169 3.1742111 2.677169 3.5186975 0 P 0
L 2.677169 3.1742111 2.9133866 3.1742111 0 P 0
L 2.677169 3.5186975 2.9133866 3.5186975 0 P 0
L 2.7165267 0.4173161 2.7165267 0.4488105 1 P 0
L 2.7165267 0.4173161 2.7795219 0.4173161 1 P 0
L 2.7165267 0.4488105 2.7795219 0.4488105 1 P 0
L 2.7165267 0.4960562 2.7165267 0.5275506 1 P 0
L 2.7165267 0.4960562 2.7795219 0.4960562 1 P 0
L 2.7165267 0.5275506 2.7795219 0.5275506 1 P 0
L 2.7165267 0.5747964 2.7165267 0.6062908 1 P 0
L 2.7165267 0.5747964 2.7795219 0.5747964 1 P 0
L 2.7165267 0.6062908 2.7795219 0.6062908 1 P 0
L 2.7165267 0.6535365 2.7165267 0.6850309 1 P 0
L 2.7165267 0.6535365 2.7795219 0.6535365 1 P 0
L 2.7165267 0.6850309 2.7795219 0.6850309 1 P 0
L 2.7165267 0.7322767 2.7165267 0.7637711 1 P 0
L 2.7165267 0.7322767 2.7795219 0.7322767 1 P 0
L 2.7165267 0.7637711 2.7795219 0.7637711 1 P 0
L 2.7401508 0.8937064 2.7401508 0.9567016 1 P 0
L 2.7401508 0.8937064 2.7716452 0.8937064 1 P 0
L 2.7401508 0.9567016 2.7716452 0.9567016 1 P 0
L 2.7401508 1.0511868 2.7401508 1.114182 1 P 0
L 2.7401508 1.0511868 2.7716452 1.0511868 1 P 0
L 2.7401508 1.114182 2.7716452 1.114182 1 P 0
L 2.7716452 0.8937064 2.7716452 0.9567016 1 P 0
L 2.7716452 1.0511868 2.7716452 1.114182 1 P 0
L 2.7795219 0.4173161 2.7795219 0.4488105 1 P 0
L 2.7795219 0.4960562 2.7795219 0.5275506 1 P 0
L 2.7795219 0.5747964 2.7795219 0.6062908 1 P 0
L 2.7795219 0.6535365 2.7795219 0.6850309 1 P 0
L 2.7795219 0.7322767 2.7795219 0.7637711 1 P 0
L 2.835737 3.9679217 3.0793257 4.2115104 0 P 0
L 2.874007 0.4173161 2.874007 0.4488105 1 P 0
L 2.874007 0.4173161 2.9370022 0.4173161 1 P 0
L 2.874007 0.4488105 2.9370022 0.4488105 1 P 0
L 2.874007 0.4960562 2.874007 0.5275506 1 P 0
L 2.874007 0.4960562 2.9370022 0.4960562 1 P 0
L 2.874007 0.5275506 2.9370022 0.5275506 1 P 0
L 2.874007 0.5747964 2.874007 0.6062908 1 P 0
L 2.874007 0.5747964 2.9370022 0.5747964 1 P 0
L 2.874007 0.6062908 2.9370022 0.6062908 1 P 0
L 2.874007 0.6535365 2.874007 0.6850309 1 P 0
L 2.874007 0.6535365 2.9370022 0.6535365 1 P 0
L 2.874007 0.6850309 2.9370022 0.6850309 1 P 0
L 2.874007 0.7322767 2.874007 0.7637711 1 P 0
L 2.874007 0.7322767 2.9370022 0.7322767 1 P 0
L 2.874007 0.7637711 2.9370022 0.7637711 1 P 0
L 2.8976311 0.8937064 2.8976311 0.9567016 1 P 0
L 2.8976311 0.8937064 2.9291255 0.8937064 1 P 0
L 2.8976311 0.9567016 2.9291255 0.9567016 1 P 0
L 2.8976311 1.0511868 2.8976311 1.114182 1 P 0
L 2.8976311 1.0511868 2.9291255 1.0511868 1 P 0
L 2.8976311 1.114182 2.9291255 1.114182 1 P 0
L 2.9122946 4.3785414 3.0793257 4.2115104 0 P 0
L 2.9133866 3.1742111 2.9133866 3.5186975 0 P 0
L 2.9291255 0.8937064 2.9291255 0.9567016 1 P 0
L 2.9291255 1.0511868 2.9291255 1.114182 1 P 0
L 2.9370022 0.4173161 2.9370022 0.4488105 1 P 0
L 2.9370022 0.4960562 2.9370022 0.5275506 1 P 0
L 2.9370022 0.5747964 2.9370022 0.6062908 1 P 0
L 2.9370022 0.6535365 2.9370022 0.6850309 1 P 0
L 2.9370022 0.7322767 2.9370022 0.7637711 1 P 0
L 3.0314873 0.4173161 3.0314873 0.4488105 1 P 0
L 3.0314873 0.4173161 3.0944825 0.4173161 1 P 0
L 3.0314873 0.4488105 3.0944825 0.4488105 1 P 0
L 3.0314873 0.4960562 3.0314873 0.5275506 1 P 0
L 3.0314873 0.4960562 3.0944825 0.4960562 1 P 0
L 3.0314873 0.5275506 3.0944825 0.5275506 1 P 0
L 3.0314873 0.5747964 3.0314873 0.6062908 1 P 0
L 3.0314873 0.5747964 3.0944825 0.5747964 1 P 0
L 3.0314873 0.6062908 3.0944825 0.6062908 1 P 0
L 3.0314873 0.6535365 3.0314873 0.6850309 1 P 0
L 3.0314873 0.6535365 3.0944825 0.6535365 1 P 0
L 3.0314873 0.6850309 3.0944825 0.6850309 1 P 0
L 3.0314873 0.7322767 3.0314873 0.7637711 1 P 0
L 3.0314873 0.7322767 3.0944825 0.7322767 1 P 0
L 3.0314873 0.7637711 3.0944825 0.7637711 1 P 0
L 3.0551114 0.8937064 3.0551114 0.9567016 1 P 0
L 3.0551114 0.8937064 3.0866058 0.8937064 1 P 0
L 3.0551114 0.9567016 3.0866058 0.9567016 1 P 0
L 3.0551114 1.0511868 3.0551114 1.114182 1 P 0
L 3.0551114 1.0511868 3.0866058 1.0511868 1 P 0
L 3.0551114 1.114182 3.0866058 1.114182 1 P 0
L 3.0866058 0.8937064 3.0866058 0.9567016 1 P 0
L 3.0866058 1.0511868 3.0866058 1.114182 1 P 0
L 3.0944825 0.4173161 3.0944825 0.4488105 1 P 0
L 3.0944825 0.4960562 3.0944825 0.5275506 1 P 0
L 3.0944825 0.5747964 3.0944825 0.6062908 1 P 0
L 3.0944825 0.6535365 3.0944825 0.6850309 1 P 0
L 3.0944825 0.7322767 3.0944825 0.7637711 1 P 0
L 3.1889677 0.4173161 3.1889677 0.4488105 1 P 0
L 3.1889677 0.4173161 3.2519629 0.4173161 1 P 0
L 3.1889677 0.4488105 3.2519629 0.4488105 1 P 0
L 3.1889677 0.4960562 3.1889677 0.5275506 1 P 0
L 3.1889677 0.4960562 3.2519629 0.4960562 1 P 0
L 3.1889677 0.5275506 3.2519629 0.5275506 1 P 0
L 3.1889677 0.5747964 3.1889677 0.6062908 1 P 0
L 3.1889677 0.5747964 3.2519629 0.5747964 1 P 0
L 3.1889677 0.6062908 3.2519629 0.6062908 1 P 0
L 3.1889677 0.6535365 3.1889677 0.6850309 1 P 0
L 3.1889677 0.6535365 3.2519629 0.6535365 1 P 0
L 3.1889677 0.6850309 3.2519629 0.6850309 1 P 0
L 3.1889677 0.7322767 3.1889677 0.7637711 1 P 0
L 3.1889677 0.7322767 3.2519629 0.7322767 1 P 0
L 3.1889677 0.7637711 3.2519629 0.7637711 1 P 0
L 3.2125918 0.8937064 3.2125918 0.9567016 1 P 0
L 3.2125918 0.8937064 3.2440862 0.8937064 1 P 0
L 3.2125918 0.9567016 3.2440862 0.9567016 1 P 0
L 3.2125918 1.0511868 3.2125918 1.114182 1 P 0
L 3.2125918 1.0511868 3.2440862 1.0511868 1 P 0
L 3.2125918 1.114182 3.2440862 1.114182 1 P 0
L 3.2440862 0.8937064 3.2440862 0.9567016 1 P 0
L 3.2440862 1.0511868 3.2440862 1.114182 1 P 0
L 3.2519629 0.4173161 3.2519629 0.4488105 1 P 0
L 3.2519629 0.4960562 3.2519629 0.5275506 1 P 0
L 3.2519629 0.5747964 3.2519629 0.6062908 1 P 0
L 3.2519629 0.6535365 3.2519629 0.6850309 1 P 0
L 3.2519629 0.7322767 3.2519629 0.7637711 1 P 0
L 3.346448 0.4173161 3.346448 0.4488105 1 P 0
L 3.346448 0.4173161 3.4094432 0.4173161 1 P 0
L 3.346448 0.4488105 3.4094432 0.4488105 1 P 0
L 3.346448 0.4960562 3.346448 0.5275506 1 P 0
L 3.346448 0.4960562 3.4094432 0.4960562 1 P 0
L 3.346448 0.5275506 3.4094432 0.5275506 1 P 0
L 3.346448 0.5747964 3.346448 0.6062908 1 P 0
L 3.346448 0.5747964 3.4094432 0.5747964 1 P 0
L 3.346448 0.6062908 3.4094432 0.6062908 1 P 0
L 3.346448 0.6535365 3.346448 0.6850309 1 P 0
L 3.346448 0.6535365 3.4094432 0.6535365 1 P 0
L 3.346448 0.6850309 3.4094432 0.6850309 1 P 0
L 3.346448 0.7322767 3.346448 0.7637711 1 P 0
L 3.346448 0.7322767 3.4094432 0.7322767 1 P 0
L 3.346448 0.7637711 3.4094432 0.7637711 1 P 0
L 3.3700721 0.8937064 3.3700721 0.9567016 1 P 0
L 3.3700721 0.8937064 3.4015665 0.8937064 1 P 0
L 3.3700721 0.9567016 3.4015665 0.9567016 1 P 0
L 3.3700721 1.0511868 3.3700721 1.114182 1 P 0
L 3.3700721 1.0511868 3.4015665 1.0511868 1 P 0
L 3.3700721 1.114182 3.4015665 1.114182 1 P 0
L 3.4015665 0.8937064 3.4015665 0.9567016 1 P 0
L 3.4015665 1.0511868 3.4015665 1.114182 1 P 0
L 3.4094432 0.4173161 3.4094432 0.4488105 1 P 0
L 3.4094432 0.4960562 3.4094432 0.5275506 1 P 0
L 3.4094432 0.5747964 3.4094432 0.6062908 1 P 0
L 3.4094432 0.6535365 3.4094432 0.6850309 1 P 0
L 3.4094432 0.7322767 3.4094432 0.7637711 1 P 0
L 3.5348509 4.211507 3.701882 4.378538 0 P 0
L 3.5348509 4.211507 3.7784396 3.9679183 0 P 0
L 3.7007866 3.1742159 3.7007866 3.5187023 0 P 0
L 3.7007866 3.1742159 3.9370042 3.1742159 0 P 0
L 3.7007866 3.5187023 3.9370042 3.5187023 0 P 0
L 3.701882 4.378538 3.9454706 4.1349494 0 P 0
L 3.7204702 0.6200805 3.7204702 0.7185061 0 P 0
L 3.7204702 0.6200805 3.8385822 0.6200805 0 P 0
L 3.7204702 0.7185061 3.8385822 0.7185061 0 P 0
L 3.7204703 1.0137813 3.7204703 1.1122069 0 P 0
L 3.7204703 1.0137813 3.8385823 1.0137813 0 P 0
L 3.7204703 1.1122069 3.8385823 1.1122069 0 P 0
L 3.720473 0.4232261 3.720473 0.5216517 0 P 0
L 3.720473 0.4232261 3.838585 0.4232261 0 P 0
L 3.720473 0.5216517 3.838585 0.5216517 0 P 0
L 3.720473 0.8169269 3.720473 0.9153525 0 P 0
L 3.720473 0.8169269 3.838585 0.8169269 0 P 0
L 3.720473 0.9153525 3.838585 0.9153525 0 P 0
L 3.7784396 3.9679183 3.9454706 4.1349494 0 P 0
L 3.8385822 0.6200805 3.8385822 0.7185061 0 P 0
L 3.8385823 1.0137813 3.8385823 1.1122069 0 P 0
L 3.838585 0.4232261 3.838585 0.5216517 0 P 0
L 3.838585 0.8169269 3.838585 0.9153525 0 P 0
L 3.9173206 0.6200805 3.9173206 0.7185061 0 P 0
L 3.9173206 0.6200805 4.0354326 0.6200805 0 P 0
L 3.9173206 0.7185061 4.0354326 0.7185061 0 P 0
L 3.9173207 1.0137813 3.9173207 1.1122069 0 P 0
L 3.9173207 1.0137813 4.0354327 1.0137813 0 P 0
L 3.9173207 1.1122069 4.0354327 1.1122069 0 P 0
L 3.9173234 0.4232261 3.9173234 0.5216517 0 P 0
L 3.9173234 0.4232261 4.0354354 0.4232261 0 P 0
L 3.9173234 0.5216517 4.0354354 0.5216517 0 P 0
L 3.9173234 0.8169269 3.9173234 0.9153525 0 P 0
L 3.9173234 0.8169269 4.0354354 0.8169269 0 P 0
L 3.9173234 0.9153525 4.0354354 0.9153525 0 P 0
L 3.9370042 3.1742159 3.9370042 3.5187023 0 P 0
L 3.9944856 1.9385795 3.9944856 2.9385795 0 P 0
L 3.9944856 1.9385795 4.1944856 1.9385795 0 P 0
L 3.9944856 2.9385795 4.1944856 2.9385795 0 P 0
L 4.0354326 0.6200805 4.0354326 0.7185061 0 P 0
L 4.0354327 1.0137813 4.0354327 1.1122069 0 P 0
L 4.0354354 0.4232261 4.0354354 0.5216517 0 P 0
L 4.0354354 0.8169269 4.0354354 0.9153525 0 P 0
L 4.114171 0.6200805 4.114171 0.7185061 0 P 0
L 4.114171 0.6200805 4.232283 0.6200805 0 P 0
L 4.114171 0.7185061 4.232283 0.7185061 0 P 0
L 4.1141711 1.0137813 4.1141711 1.1122069 0 P 0
L 4.1141711 1.0137813 4.2322831 1.0137813 0 P 0
L 4.1141711 1.1122069 4.2322831 1.1122069 0 P 0
L 4.1141738 0.4232261 4.1141738 0.5216517 0 P 0
L 4.1141738 0.4232261 4.2322858 0.4232261 0 P 0
L 4.1141738 0.5216517 4.2322858 0.5216517 0 P 0
L 4.1141738 0.8169269 4.1141738 0.9153525 0 P 0
L 4.1141738 0.8169269 4.2322858 0.8169269 0 P 0
L 4.1141738 0.9153525 4.2322858 0.9153525 0 P 0
L 4.1496063 3.1889764 4.1496063 3.8188976 0 P 0
L 4.1496063 3.1889764 4.1496063 3.8425188 0 P 0
L 4.1496063 3.1889764 4.1732284 3.1653543 0 P 0
L 4.1496063 3.1889764 4.1732284 3.1653543 0 P 0
L 4.1496063 3.8188976 4.1732278 3.8425191 0 P 0
L 4.1496063 3.8425188 4.1496066 3.8425191 0 P 0
L 4.1496066 3.8425191 4.8031502 3.8425191 0 P 0
L 4.1732278 3.8425191 4.8267714 3.8425191 0 P 0
L 4.1732284 3.1653543 4.8031496 3.1653543 0 P 0
L 4.1732284 3.1653543 4.8031496 3.1653543 0 P 0
L 4.1944856 1.9385795 4.1944856 2.9385795 0 P 0
L 4.232283 0.6200805 4.232283 0.7185061 0 P 0
L 4.2322831 1.0137813 4.2322831 1.1122069 0 P 0
L 4.2322858 0.4232261 4.2322858 0.5216517 0 P 0
L 4.2322858 0.8169269 4.2322858 0.9153525 0 P 0
L 4.3110214 0.6200805 4.3110214 0.7185061 0 P 0
L 4.3110214 0.6200805 4.4291334 0.6200805 0 P 0
L 4.3110214 0.7185061 4.4291334 0.7185061 0 P 0
L 4.3110215 1.0137813 4.3110215 1.1122069 0 P 0
L 4.3110215 1.0137813 4.4291335 1.0137813 0 P 0
L 4.3110215 1.1122069 4.4291335 1.1122069 0 P 0
L 4.3110242 0.4232261 4.3110242 0.5216517 0 P 0
L 4.3110242 0.4232261 4.4291362 0.4232261 0 P 0
L 4.3110242 0.5216517 4.4291362 0.5216517 0 P 0
L 4.3110242 0.8169269 4.3110242 0.9153525 0 P 0
L 4.3110242 0.8169269 4.4291362 0.8169269 0 P 0
L 4.3110242 0.9153525 4.4291362 0.9153525 0 P 0
L 4.3700834 4.1141765 4.3700834 4.3897669 0 P 0
L 4.3700834 4.1141765 4.606301 4.1141765 0 P 0
L 4.3700834 4.3897669 4.606301 4.3897669 0 P 0
L 4.4291334 0.6200805 4.4291334 0.7185061 0 P 0
L 4.4291335 1.0137813 4.4291335 1.1122069 0 P 0
L 4.4291362 0.4232261 4.4291362 0.5216517 0 P 0
L 4.4291362 0.8169269 4.4291362 0.9153525 0 P 0
L 4.5062966 1.9385795 4.5062966 2.9385795 0 P 0
L 4.5062966 1.9385795 4.7062966 1.9385795 0 P 0
L 4.5062966 2.9385795 4.7062966 2.9385795 0 P 0
L 4.606301 4.1141765 4.606301 4.3897669 0 P 0
L 4.7062966 1.9385795 4.7062966 2.9385795 0 P 0
L 4.8030715 0.4192913 4.8030715 0.6837411 0 P 0
L 4.8030715 0.4192913 4.8037353 0.4186275 0 P 0
L 4.8030715 0.6837411 5.2007099 0.6837411 0 P 0
L 4.8031496 3.1653543 4.8267717 3.1889764 0 P 0
L 4.8031496 3.1653543 4.8267717 3.1889764 0 P 0
L 4.8031502 3.8425191 4.8267717 3.8188976 0 P 0
L 4.8037353 0.4186275 5.2007099 0.4186275 0 P 0
L 4.8189751 0.851692 4.8189751 1.1168056 0 P 0
L 4.8189751 0.851692 5.2166135 0.851692 0 P 0
L 4.8189751 1.1168056 5.2159497 1.1168056 0 P 0
L 4.8267714 3.8425191 4.8267717 3.8425188 0 P 0
L 4.8267717 3.1889764 4.8267717 3.8188976 0 P 0
L 4.8267717 3.1889764 4.8267717 3.8425188 0 P 0
L 5.1062944 3.1387866 5.1062944 4.3435098 0 P 0
L 5.1062944 3.1387866 6.3110176 3.1387866 0 P 0
L 5.1062944 4.3435098 6.3110176 4.3435098 0 P 0
L 5.116133 1.0564282 5.116133 1.0879226 1 P 0
L 5.116133 1.0564282 5.1791282 1.0564282 1 P 0
L 5.116133 1.0879226 5.1791282 1.0879226 1 P 0
L 5.1207656 1.0014454 5.1262346 0.9704295 1 P 0
L 5.1207656 1.0014454 5.1828038 1.0123844 1 P 0
L 5.1217525 1.143909 5.1272214 1.1749249 1 P 0
L 5.1217525 1.143909 5.1837906 1.13297 1 P 0
L 5.1262346 0.9704295 5.1882727 0.9813685 1 P 0
L 5.1272214 1.1749249 5.1892596 1.1639859 1 P 0
L 5.1377953 2.2047245 5.1377953 2.3622048 0 P 0
L 5.1377953 2.2047245 5.2204725 2.1220473 0 P 0
L 5.1377953 2.3622048 5.2204724 2.4448819 0 P 0
L 5.1411878 0.9158114 5.1519595 0.8862163 1 P 0
L 5.1411878 0.9158114 5.2003839 0.937357 1 P 0
L 5.1412706 1.2302369 5.1520423 1.2598319 1 P 0
L 5.1412706 1.2302369 5.2004667 1.2086913 1 P 0
L 5.1519595 0.8862163 5.2111558 0.907762 1 P 0
L 5.1520423 1.2598319 5.2112385 1.2382863 1 P 0
L 5.1754685 0.8347788 5.1912157 0.8075038 1 P 0
L 5.1754685 0.8347788 5.230024 0.8662764 1 P 0
L 5.1764604 1.3101924 5.1922076 1.3374674 1 P 0
L 5.1764604 1.3101924 5.2310159 1.2786948 1 P 0
L 5.1791282 1.0564282 5.1791282 1.0879226 1 P 0
L 5.1828038 1.0123844 5.1882727 0.9813685 1 P 0
L 5.1837906 1.13297 5.1892596 1.1639859 1 P 0
L 5.1912157 0.8075038 5.2457712 0.8390014 1 P 0
L 5.1922076 1.3374674 5.2467631 1.3059698 1 P 0
L 5.2003839 0.937357 5.2111558 0.907762 1 P 0
L 5.2004667 1.2086913 5.2112385 1.2382863 1 P 0
L 5.2007099 0.4186275 5.2007099 0.6837411 0 P 0
L 5.2159497 1.1168056 5.2166135 1.1161418 0 P 0
L 5.2166135 0.851692 5.2166135 1.1161418 0 P 0
L 5.2204724 2.4448819 5.492126 2.4448819 0 P 0
L 5.2204725 2.1220473 5.492126 2.1220473 0 P 0
L 5.2238015 0.7605188 5.2440457 0.7363927 1 P 0
L 5.2238015 0.7605188 5.2720587 0.8010113 1 P 0
L 5.2239337 1.384178 5.2441779 1.4083041 1 P 0
L 5.2239337 1.384178 5.2721908 1.3436854 1 P 0
L 5.230024 0.8662764 5.2457712 0.8390014 1 P 0
L 5.2310159 1.2786948 5.2467631 1.3059698 1 P 0
L 5.2440457 0.7363927 5.2923029 0.7768852 1 P 0
L 5.2441779 1.4083041 5.292435 1.3678115 1 P 0
L 5.2511781 1.0603657 5.2511781 1.0839881 1 P 0
L 5.2511781 1.0603657 5.2921253 1.0603657 1 P 0
L 5.2511781 1.0839881 5.2921253 1.0839881 1 P 0
L 5.255343 1.0208004 5.2594449 0.9975369 1 P 0
L 5.255343 1.0208004 5.2956681 1.0279108 1 P 0
L 5.2553446 1.1244198 5.2594466 1.1476833 1 P 0
L 5.2553446 1.1244198 5.2956697 1.1173094 1 P 0
L 5.2594449 0.9975369 5.2997701 1.0046473 1 P 0
L 5.2594466 1.1476833 5.2997717 1.1405729 1 P 0
L 5.2691864 0.9578405 5.2772658 0.9356427 1 P 0
L 5.2691864 0.9578405 5.3076642 0.9718453 1 P 0
L 5.2700285 1.187482 5.2781078 1.2096798 1 P 0
L 5.2700285 1.187482 5.3085061 1.1734773 1 P 0
L 5.2720587 0.8010113 5.2923029 0.7768852 1 P 0
L 5.2721908 1.3436854 5.292435 1.3678115 1 P 0
L 5.2772658 0.9356427 5.3157436 0.9496475 1 P 0
L 5.2781078 1.2096798 5.3165856 1.195675 1 P 0
L 5.2844834 0.6966228 5.3086095 0.6763786 1 P 0
L 5.2844834 0.6966228 5.324976 0.7448799 1 P 0
L 5.2851872 1.448072 5.3093133 1.4683162 1 P 0
L 5.2851872 1.448072 5.3256797 1.3998148 1 P 0
L 5.2921253 1.0603657 5.2921253 1.0839881 1 P 0
L 5.2945894 0.8986172 5.3064006 0.8781596 1 P 0
L 5.2945894 0.8986172 5.3300507 0.9190909 1 P 0
L 5.2952621 1.2465844 5.3070733 1.267042 1 P 0
L 5.2952621 1.2465844 5.3307234 1.2261108 1 P 0
L 5.2956681 1.0279108 5.2997701 1.0046473 1 P 0
L 5.2956697 1.1173094 5.2997717 1.1405729 1 P 0
L 5.3064006 0.8781596 5.3418619 0.8986332 1 P 0
L 5.3070733 1.267042 5.3425346 1.2465684 1 P 0
L 5.3076642 0.9718453 5.3157436 0.9496475 1 P 0
L 5.3085061 1.1734773 5.3165856 1.195675 1 P 0
L 5.3086095 0.6763786 5.3491021 0.7246357 1 P 0
L 5.3093133 1.4683162 5.3498058 1.420059 1 P 0
L 5.324976 0.7448799 5.3491021 0.7246357 1 P 0
L 5.3256797 1.3998148 5.3498058 1.420059 1 P 0
L 5.3300507 0.9190909 5.3418619 0.8986332 1 P 0
L 5.3300663 0.8443154 5.3452505 0.8262196 1 P 0
L 5.3300663 0.8443154 5.3614337 0.8706357 1 P 0
L 5.3300724 1.3003611 5.3452565 1.3184569 1 P 0
L 5.3300724 1.3003611 5.3614397 1.2740408 1 P 0
L 5.3307234 1.2261108 5.3425346 1.2465684 1 P 0
L 5.3452505 0.8262196 5.3766179 0.8525399 1 P 0
L 5.3452565 1.3184569 5.3766239 1.2921366 1 P 0
L 5.3523588 1.0659496 5.3523588 1.0777576 1 P 0
L 5.3523588 1.0659496 5.3759812 1.0659496 1 P 0
L 5.3523588 1.0777576 5.3759812 1.0777576 1 P 0
L 5.3549871 0.6439792 5.3822621 0.628232 1 P 0
L 5.3549871 0.6439792 5.3864847 0.6985347 1 P 0
L 5.3554495 1.0321758 5.3575 1.0205472 1 P 0
L 5.3554495 1.0321758 5.378713 1.0362778 1 P 0
L 5.3554506 1.1128193 5.3575011 1.1244479 1 P 0
L 5.3554506 1.1128193 5.3787141 1.1087173 1 P 0
L 5.3554592 1.5007134 5.3827342 1.5164606 1 P 0
L 5.3554592 1.5007134 5.3869568 1.4461579 1 P 0
L 5.3575 1.0205472 5.3807635 1.0246492 1 P 0
L 5.3575011 1.1244479 5.3807646 1.1203459 1 P 0
L 5.3614337 0.8706357 5.3766179 0.8525399 1 P 0
L 5.3614397 1.2740408 5.3766239 1.2921366 1 P 0
L 5.3666373 0.9867464 5.3706759 0.9756505 1 P 0
L 5.3666373 0.9867464 5.3888351 0.9948257 1 P 0
L 5.3668012 1.1579446 5.3708398 1.1690405 1 P 0
L 5.3668012 1.1579446 5.388999 1.1498653 1 P 0
L 5.3706759 0.9756505 5.3928737 0.9837298 1 P 0
L 5.3708398 1.1690405 5.3930376 1.1609612 1 P 0
L 5.3744407 0.7975283 5.3925365 0.7823442 1 P 0
L 5.3744407 0.7975283 5.400761 0.8288957 1 P 0
L 5.3744479 1.3476629 5.3925437 1.3628471 1 P 0
L 5.3744479 1.3476629 5.4007682 1.3162955 1 P 0
L 5.3759812 1.0659496 5.3759812 1.0777576 1 P 0
L 5.378713 1.0362778 5.3807635 1.0246492 1 P 0
L 5.3787141 1.1087173 5.3807646 1.1203459 1 P 0
L 5.3822621 0.628232 5.4137597 0.6827875 1 P 0
L 5.3827342 1.5164606 5.4142318 1.4619051 1 P 0
L 5.3854368 0.9440905 5.3913408 0.9338645 1 P 0
L 5.3854368 0.9440905 5.4058944 0.9559017 1 P 0
L 5.38544 1.201308 5.391344 1.211534 1 P 0
L 5.38544 1.201308 5.4058976 1.1894968 1 P 0
L 5.3864847 0.6985347 5.4137597 0.6827875 1 P 0
L 5.3869568 1.4461579 5.4142318 1.4619051 1 P 0
L 5.3888351 0.9948257 5.3928737 0.9837298 1 P 0
L 5.388999 1.1498653 5.3930376 1.1609612 1 P 0
L 5.3913408 0.9338645 5.4117984 0.9456757 1 P 0
L 5.391344 1.211534 5.4118016 1.1997228 1 P 0
L 5.3925365 0.7823442 5.4188568 0.8137115 1 P 0
L 5.3925437 1.3628471 5.418864 1.3314797 1 P 0
L 5.400761 0.8288957 5.4188568 0.8137115 1 P 0
L 5.4007682 1.3162955 5.418864 1.3314797 1 P 0
L 5.4058944 0.9559017 5.4117984 0.9456757 1 P 0
L 5.4058976 1.1894968 5.4118016 1.1997228 1 P 0
L 5.4113652 0.904665 5.4189552 0.8956196 1 P 0
L 5.4113652 0.904665 5.429461 0.9198492 1 P 0
L 5.4113693 1.239936 5.4189593 1.2489814 1 P 0
L 5.4113693 1.239936 5.4294651 1.2247518 1 P 0
L 5.4189552 0.8956196 5.437051 0.9108038 1 P 0
L 5.4189593 1.2489814 5.4370551 1.2337972 1 P 0
L 5.4253955 0.7579019 5.4458531 0.7460907 1 P 0
L 5.4253955 0.7579019 5.4458691 0.7933632 1 P 0
L 5.4261767 1.0682452 5.4261767 1.0761172 2 P 0
L 5.4261767 1.0682452 5.4419271 1.0682452 2 P 0
L 5.4261767 1.0761172 5.4419271 1.0761172 2 P 0
L 5.426388 1.385609 5.4468456 1.3974202 1 P 0
L 5.426388 1.385609 5.4468616 1.3501477 1 P 0
L 5.4285652 1.0428656 5.4299321 1.0351132 2 P 0
L 5.4285652 1.0428656 5.4440763 1.0456006 2 P 0
L 5.4285663 1.1019665 5.4299332 1.1097189 2 P 0
L 5.4285663 1.1019665 5.4440774 1.0992315 2 P 0
L 5.429461 0.9198492 5.437051 0.9108038 1 P 0
L 5.4294651 1.2247518 5.4370551 1.2337972 1 P 0
L 5.4299321 1.0351132 5.4454432 1.0378482 2 P 0
L 5.4299332 1.1097189 5.4454443 1.1069839 2 P 0
L 5.4330957 1.5400167 5.4546414 1.4808204 1 P 0
L 5.4330957 1.5400167 5.4626908 1.5507884 1 P 0
L 5.4336185 0.6037364 5.4551641 0.6629326 1 P 0
L 5.4336185 0.6037364 5.4632135 0.5929647 1 P 0
L 5.4361335 1.1353047 5.4388259 1.142702 2 P 0
L 5.4361335 1.1353047 5.4509341 1.1299178 2 P 0
L 5.4364776 1.0098654 5.4391701 1.0024681 2 P 0
L 5.4364776 1.0098654 5.4512781 1.0152523 2 P 0
L 5.4388259 1.142702 5.4536264 1.1373151 2 P 0
L 5.4391701 1.0024681 5.4539706 1.007855 2 P 0
L 5.4419271 1.0682452 5.4419271 1.0761172 2 P 0
L 5.443686 0.870731 5.4527314 0.863141 1 P 0
L 5.443686 0.870731 5.4588702 0.8888268 1 P 0
L 5.4439455 1.2739582 5.4529909 1.2815482 1 P 0
L 5.4439455 1.2739582 5.4591297 1.2558624 1 P 0
L 5.4440763 1.0456006 5.4454432 1.0378482 2 P 0
L 5.4440774 1.0992315 5.4454443 1.1069839 2 P 0
L 5.4458531 0.7460907 5.4663267 0.781552 1 P 0
L 5.4458691 0.7933632 5.4663267 0.781552 1 P 0
L 5.4468456 1.3974202 5.4673193 1.3619589 1 P 0
L 5.4468616 1.3501477 5.4673193 1.3619589 1 P 0
L 5.4498721 1.1663568 5.4538081 1.1731741 2 P 0
L 5.4498721 1.1663568 5.4635124 1.1584816 2 P 0
L 5.4501069 0.978803 5.4540428 0.9719855 2 P 0
L 5.4501069 0.978803 5.463747 0.9866782 2 P 0
L 5.4509341 1.1299178 5.4536264 1.1373151 2 P 0
L 5.4512781 1.0152523 5.4539706 1.007855 2 P 0
L 5.4527314 0.863141 5.4679156 0.8812368 1 P 0
L 5.4529909 1.2815482 5.4681751 1.2634524 1 P 0
L 5.4538081 1.1731741 5.4674484 1.1652989 2 P 0
L 5.4540428 0.9719855 5.4676831 0.9798608 2 P 0
L 5.4546414 1.4808204 5.4842365 1.4915922 1 P 0
L 5.4551641 0.6629326 5.4847591 0.6521608 1 P 0
L 5.4588702 0.8888268 5.4679156 0.8812368 1 P 0
L 5.4591297 1.2558624 5.4681751 1.2634524 1 P 0
L 5.4626908 1.5507884 5.4842365 1.4915922 1 P 0
L 5.4632135 0.5929647 5.4847591 0.6521608 1 P 0
L 5.4635124 1.1584816 5.4674484 1.1652989 2 P 0
L 5.463747 0.9866782 5.4676831 0.9798608 2 P 0
L 5.4687949 0.9501628 5.473855 0.9441325 2 P 0
L 5.4687949 0.9501628 5.4808604 0.9602869 2 P 0
L 5.4692722 1.1939805 5.4743323 1.2000108 2 P 0
L 5.4692722 1.1939805 5.4813377 1.1838564 2 P 0
L 5.473855 0.9441325 5.4859205 0.9542566 2 P 0
L 5.4743323 1.2000108 5.4863978 1.1898867 2 P 0
L 5.4808604 0.9602869 5.4859205 0.9542566 2 P 0
L 5.4813377 1.1838564 5.4863978 1.1898867 2 P 0
L 5.4814824 0.8431157 5.4917084 0.8372117 1 P 0
L 5.4814824 0.8431157 5.4932936 0.8635733 1 P 0
L 5.4816628 1.3015725 5.4918888 1.3074765 1 P 0
L 5.4816628 1.3015725 5.493474 1.2811149 1 P 0
L 5.4828869 1.4151582 5.4968916 1.3766804 1 P 0
L 5.4828869 1.4151582 5.5050847 1.4232375 1 P 0
L 5.4833256 0.7288952 5.4973303 0.7673729 1 P 0
L 5.4833256 0.7288952 5.5055234 0.7208159 1 P 0
L 5.4917084 0.8372117 5.5035196 0.8576693 1 P 0
L 5.4918888 1.3074765 5.5037 1.2870189 1 P 0
L 5.492126 2.1220473 5.492126 2.4448819 0 P 0
L 5.4924028 0.9256308 5.4984331 0.9205707 2 P 0
L 5.4924028 0.9256308 5.502527 0.9376963 2 P 0
L 5.4929075 1.2185981 5.4989378 1.2236582 2 P 0
L 5.4929075 1.2185981 5.5030316 1.2065326 2 P 0
L 5.4932936 0.8635733 5.5035196 0.8576693 1 P 0
L 5.493474 1.2811149 5.5037 1.2870189 1 P 0
L 5.4968916 1.3766804 5.5190895 1.3847597 1 P 0
L 5.4973303 0.7673729 5.5195281 0.7592935 1 P 0
L 5.4984331 0.9205707 5.5085571 0.9326363 2 P 0
L 5.4989378 1.2236582 5.5090619 1.2115927 2 P 0
L 5.502527 0.9376963 5.5085571 0.9326363 2 P 0
L 5.5030316 1.2065326 5.5090619 1.2115927 2 P 0
L 5.5050847 1.4232375 5.5190895 1.3847597 1 P 0
L 5.5055234 0.7208159 5.5195281 0.7592935 1 P 0
L 5.5180048 1.5656946 5.5289438 1.5036565 1 P 0
L 5.5180048 1.5656946 5.5490207 1.5711636 1 P 0
L 5.5183839 0.5780088 5.5293229 0.640047 1 P 0
L 5.5183839 0.5780088 5.5493998 0.5725399 1 P 0
L 5.5198675 0.9055798 5.5266848 0.9016438 2 P 0
L 5.5198675 0.9055798 5.5277427 0.9192201 2 P 0
L 5.520214 1.2386529 5.5270313 1.2425889 2 P 0
L 5.520214 1.2386529 5.5280892 1.2250126 2 P 0
L 5.5231713 1.3220758 5.5312506 1.299878 1 P 0
L 5.5231713 1.3220758 5.5342672 1.3261144 1 P 0
L 5.5236942 0.8226114 5.5317735 0.8448092 1 P 0
L 5.5236942 0.8226114 5.5347901 0.8185728 1 P 0
L 5.5266848 0.9016438 5.53456 0.9152841 2 P 0
L 5.5270313 1.2425889 5.5349065 1.2289486 2 P 0
L 5.5277427 0.9192201 5.53456 0.9152841 2 P 0
L 5.5280892 1.2250126 5.5349065 1.2289486 2 P 0
L 5.5289438 1.5036565 5.5599597 1.5091254 1 P 0
L 5.5293229 0.640047 5.5603388 0.634578 1 P 0
L 5.5312506 1.299878 5.5423465 1.3039166 1 P 0
L 5.5317735 0.8448092 5.5428694 0.8407706 1 P 0
L 5.5342672 1.3261144 5.5423465 1.3039166 1 P 0
L 5.5347901 0.8185728 5.5428694 0.8407706 1 P 0
L 5.5449678 0.710234 5.5520782 0.7505591 1 P 0
L 5.5449678 0.710234 5.5682313 0.706132 1 P 0
L 5.5452432 1.4334685 5.5523536 1.3931433 1 P 0
L 5.5452432 1.4334685 5.5685067 1.4375704 1 P 0
L 5.5472441 1.7952756 5.5472441 2.0669292 0 P 0
L 5.5472441 1.7952756 5.6299212 1.7125985 0 P 0
L 5.5472441 2.0669292 5.8700787 2.0669292 0 P 0
L 5.5472441 2.5 5.5472441 2.7716535 0 P 0
L 5.5472441 2.5 5.8700787 2.5 0 P 0
L 5.5472441 2.7716535 5.6299213 2.8543307 0 P 0
L 5.5490207 1.5711636 5.5599597 1.5091254 1 P 0
L 5.5493998 0.5725399 5.5603388 0.634578 1 P 0
L 5.5501007 1.2540897 5.5554877 1.239289 2 P 0
L 5.5501007 1.2540897 5.5574979 1.2567822 2 P 0
L 5.5505118 0.8905975 5.5558987 0.905398 2 P 0
L 5.5505118 0.8905975 5.5579091 0.8879051 2 P 0
L 5.5520782 0.7505591 5.5753417 0.746457 1 P 0
L 5.5523536 1.3931433 5.5756171 1.3972453 1 P 0
L 5.5554877 1.239289 5.5628849 1.2419815 2 P 0
L 5.5558987 0.905398 5.563296 0.9027057 2 P 0
L 5.5574979 1.2567822 5.5628849 1.2419815 2 P 0
L 5.5579091 0.8879051 5.563296 0.9027057 2 P 0
L 5.5616802 1.02297 5.5616802 1.1213956 0 P 0
L 5.5616802 1.02297 5.6797922 1.02297 0 P 0
L 5.5616802 1.1213956 5.6797922 1.1213956 0 P 0
L 5.5682313 0.706132 5.5753417 0.746457 1 P 0
L 5.5684176 0.8092728 5.5725196 0.8325363 1 P 0
L 5.5684176 0.8092728 5.5800462 0.8072223 1 P 0
L 5.5684774 1.3354133 5.5725794 1.3121498 1 P 0
L 5.5684774 1.3354133 5.580106 1.3374638 1 P 0
L 5.5685067 1.4375704 5.5756171 1.3972453 1 P 0
L 5.5725196 0.8325363 5.5841482 0.8304858 1 P 0
L 5.5725794 1.3121498 5.584208 1.3142003 1 P 0
L 5.5800462 0.8072223 5.5841482 0.8304858 1 P 0
L 5.580106 1.3374638 5.584208 1.3142003 1 P 0
L 5.5830043 0.8807206 5.5857393 0.8962317 2 P 0
L 5.5830043 0.8807206 5.5907567 0.8793537 2 P 0
L 5.5832078 1.2629813 5.5859428 1.2474702 2 P 0
L 5.5832078 1.2629813 5.5909602 1.2643482 2 P 0
L 5.5857393 0.8962317 5.5934917 0.8948648 2 P 0
L 5.5859428 1.2474702 5.5936952 1.2488371 2 P 0
L 5.5885778 2.2629928 5.5885778 2.30394 1 P 0
L 5.5885778 2.2629928 5.6122002 2.2629928 1 P 0
L 5.5885778 2.30394 5.6122002 2.30394 1 P 0
L 5.5907567 0.8793537 5.5934917 0.8948648 2 P 0
L 5.5909602 1.2643482 5.5936952 1.2488371 2 P 0
L 5.6049919 0.5688889 5.6049919 0.6318841 1 P 0
L 5.6049919 0.5688889 5.6364863 0.5688889 1 P 0
L 5.6049919 0.6318841 5.6364863 0.6318841 1 P 0
L 5.6053234 1.5137852 5.6053234 1.5767804 1 P 0
L 5.6053234 1.5137852 5.6368178 1.5137852 1 P 0
L 5.6053234 1.5767804 5.6368178 1.5767804 1 P 0
L 5.6089285 0.7029498 5.6089285 0.743897 1 P 0
L 5.6089285 0.7029498 5.6325509 0.7029498 1 P 0
L 5.6089285 0.743897 5.6325509 0.743897 1 P 0
L 5.6089378 1.400788 5.6089378 1.4417352 1 P 0
L 5.6089378 1.400788 5.6325602 1.400788 1 P 0
L 5.6089378 1.4417352 5.6325602 1.4417352 1 P 0
L 5.6122002 2.2629928 5.6122002 2.30394 1 P 0
L 5.6148354 0.8041305 5.6148354 0.8277529 1 P 0
L 5.6148354 0.8041305 5.6266434 0.8041305 1 P 0
L 5.6148354 0.8277529 5.6266434 0.8277529 1 P 0
L 5.6148418 1.3169322 5.6148418 1.3405546 1 P 0
L 5.6148418 1.3169322 5.6266498 1.3169322 1 P 0
L 5.6148418 1.3405546 5.6266498 1.3405546 1 P 0
L 5.6171238 0.8779484 5.6171238 0.8936988 2 P 0
L 5.6171238 0.8779484 5.6249958 0.8779484 2 P 0
L 5.6171238 0.8936988 5.6249958 0.8936988 2 P 0
L 5.6171302 1.2509863 5.6171302 1.2667367 2 P 0
L 5.6171302 1.2509863 5.6250022 1.2509863 2 P 0
L 5.6171302 1.2667367 5.6250022 1.2667367 2 P 0
L 5.6249958 0.8779484 5.6249958 0.8936988 2 P 0
L 5.6250022 1.2509863 5.6250022 1.2667367 2 P 0
L 5.6266434 0.8041305 5.6266434 0.8277529 1 P 0
L 5.6266498 1.3169322 5.6266498 1.3405546 1 P 0
L 5.6299212 1.7125985 5.7874015 1.7125985 0 P 0
L 5.6299213 2.8543307 5.7874016 2.8543307 0 P 0
L 5.6325509 0.7029498 5.6325509 0.743897 1 P 0
L 5.6325602 1.400788 5.6325602 1.4417352 1 P 0
L 5.6364863 0.5688889 5.6364863 0.6318841 1 P 0
L 5.6368178 1.5137852 5.6368178 1.5767804 1 P 0
L 5.6476813 0.8948637 5.6504163 0.8793526 2 P 0
L 5.6476813 0.8948637 5.6554337 0.8962306 2 P 0
L 5.6480121 1.248836 5.6507471 1.2643471 2 P 0
L 5.6480121 1.248836 5.6557645 1.2474691 2 P 0
L 5.6504163 0.8793526 5.6581687 0.8807195 2 P 0
L 5.6507471 1.2643471 5.6584995 1.2629802 2 P 0
L 5.6554337 0.8962306 5.6581687 0.8807195 2 P 0
L 5.6557645 1.2474691 5.6584995 1.2629802 2 P 0
L 5.6569158 0.8304847 5.6610178 0.8072212 1 P 0
L 5.6569158 0.8304847 5.6685444 0.8325352 1 P 0
L 5.6575838 1.3141992 5.6616858 1.3374627 1 P 0
L 5.6575838 1.3141992 5.6692124 1.3121487 1 P 0
L 5.6610178 0.8072212 5.6726464 0.8092717 1 P 0
L 5.6616858 1.3374627 5.6733144 1.3354122 1 P 0
L 5.6655724 0.7464555 5.6726828 0.7061304 1 P 0
L 5.6655724 0.7464555 5.6888359 0.7505575 1 P 0
L 5.6662889 1.3972437 5.6733993 1.4375688 1 P 0
L 5.6662889 1.3972437 5.6895524 1.3931417 1 P 0
L 5.6685444 0.8325352 5.6726464 0.8092717 1 P 0
L 5.6692124 1.3121487 5.6733144 1.3354122 1 P 0
L 5.6726828 0.7061304 5.6959463 0.7102323 1 P 0
L 5.6733993 1.4375688 5.6966628 1.4334668 1 P 0
L 5.6779336 0.9027035 5.6833205 0.8879029 2 P 0
L 5.6779336 0.9027035 5.6853308 0.905396 2 P 0
L 5.6782627 1.2419793 5.6836496 1.2567799 2 P 0
L 5.6782627 1.2419793 5.68566 1.239287 2 P 0
L 5.6797922 1.02297 5.6797922 1.1213956 0 P 0
L 5.6809147 0.6355597 5.6918537 0.5735215 1 P 0
L 5.6809147 0.6355597 5.7119306 0.6410286 1 P 0
L 5.6821017 1.5091228 5.6930407 1.5711609 1 P 0
L 5.6821017 1.5091228 5.7131176 1.5036538 1 P 0
L 5.6833205 0.8879029 5.6907178 0.8905953 2 P 0
L 5.6836496 1.2567799 5.6910469 1.2540875 2 P 0
L 5.6853308 0.905396 5.6907178 0.8905953 2 P 0
L 5.68566 1.239287 5.6910469 1.2540875 2 P 0
L 5.688186 2.163381 5.688186 2.1870034 1 P 0
L 5.688186 2.163381 5.7291332 2.163381 1 P 0
L 5.688186 2.1870034 5.7291332 2.1870034 1 P 0
L 5.6881896 2.3799258 5.6881896 2.4035482 1 P 0
L 5.6881896 2.3799258 5.7291368 2.3799258 1 P 0
L 5.6881896 2.4035482 5.7291368 2.4035482 1 P 0
L 5.6888359 0.7505575 5.6959463 0.7102323 1 P 0
L 5.6895524 1.3931417 5.6966628 1.4334668 1 P 0
L 5.6918537 0.5735215 5.7228696 0.5789905 1 P 0
L 5.6930407 1.5711609 5.7240566 1.565692 1 P 0
L 5.6980877 0.8407684 5.706167 0.8185706 1 P 0
L 5.6980877 0.8407684 5.7091836 0.844807 1 P 0
L 5.6986776 1.3039144 5.7067569 1.3261122 1 P 0
L 5.6986776 1.3039144 5.7097735 1.2998758 1 P 0
L 5.706167 0.8185706 5.7172629 0.8226092 1 P 0
L 5.706597 0.9152809 5.7134143 0.9192169 2 P 0
L 5.706597 0.9152809 5.7144722 0.9016406 2 P 0
L 5.7067569 1.3261122 5.7178528 1.3220736 1 P 0
L 5.7069713 1.229401 5.7137886 1.225465 2 P 0
L 5.7069713 1.229401 5.7148465 1.2430413 2 P 0
L 5.7091836 0.844807 5.7172629 0.8226092 1 P 0
L 5.7097735 1.2998758 5.7178528 1.3220736 1 P 0
L 5.7119306 0.6410286 5.7228696 0.5789905 1 P 0
L 5.7131176 1.5036538 5.7240566 1.565692 1 P 0
L 5.7134143 0.9192169 5.7212895 0.9055766 2 P 0
L 5.7137886 1.225465 5.7216638 1.2391053 2 P 0
L 5.7144722 0.9016406 5.7212895 0.9055766 2 P 0
L 5.7148465 1.2430413 5.7216638 1.2391053 2 P 0
L 5.7214902 0.7592904 5.735495 0.7208126 1 P 0
L 5.7214902 0.7592904 5.743688 0.7673698 1 P 0
L 5.7216455 1.3844073 5.7356502 1.4228849 1 P 0
L 5.7216455 1.3844073 5.7438432 1.3763278 1 P 0
L 5.7291332 2.163381 5.7291332 2.1870034 1 P 0
L 5.7291368 2.3799258 5.7291368 2.4035482 1 P 0
L 5.7327972 0.9326321 5.7388275 0.9376922 2 P 0
L 5.7327972 0.9326321 5.7429213 0.9205666 2 P 0
L 5.7329197 1.2120489 5.73895 1.2069888 2 P 0
L 5.7329197 1.2120489 5.7430438 1.2241144 2 P 0
L 5.735495 0.7208126 5.7576928 0.728892 1 P 0
L 5.7356502 1.4228849 5.757848 1.4148056 1 P 0
L 5.7375214 0.8576661 5.7477474 0.8635701 1 P 0
L 5.7375214 0.8576661 5.7493326 0.8372085 1 P 0
L 5.7380015 1.2870157 5.7482275 1.2811117 1 P 0
L 5.7380015 1.2870157 5.7498127 1.3074733 1 P 0
L 5.7388275 0.9376922 5.7489516 0.9256267 2 P 0
L 5.73895 1.2069888 5.7490741 1.2190543 2 P 0
L 5.7429213 0.9205666 5.7489516 0.9256267 2 P 0
L 5.7430438 1.2241144 5.7490741 1.2190543 2 P 0
L 5.743688 0.7673698 5.7576928 0.728892 1 P 0
L 5.7438432 1.3763278 5.757848 1.4148056 1 P 0
L 5.7477474 0.8635701 5.7595586 0.8431125 1 P 0
L 5.7482275 1.2811117 5.7600387 1.3015693 1 P 0
L 5.7493326 0.8372085 5.7595586 0.8431125 1 P 0
L 5.7498127 1.3074733 5.7600387 1.3015693 1 P 0
L 5.7552171 0.9538141 5.7602772 0.9598444 2 P 0
L 5.7552171 0.9538141 5.7672826 0.94369 2 P 0
L 5.7552212 1.1900406 5.7602813 1.1840103 2 P 0
L 5.7552212 1.1900406 5.7672867 1.2001647 2 P 0
L 5.7559211 0.6521556 5.7774667 0.5929595 1 P 0
L 5.7559211 0.6521556 5.7855161 0.6629275 1 P 0
L 5.7567515 1.4925243 5.7782971 1.5517204 1 P 0
L 5.7567515 1.4925243 5.7863465 1.4817525 1 P 0
L 5.7602772 0.9598444 5.7723427 0.9497203 2 P 0
L 5.7602813 1.1840103 5.7723468 1.1941344 2 P 0
L 5.7672826 0.94369 5.7723427 0.9497203 2 P 0
L 5.7672867 1.2001647 5.7723468 1.1941344 2 P 0
L 5.7733228 1.2632804 5.7823682 1.2556904 1 P 0
L 5.7733228 1.2632804 5.788507 1.2813762 1 P 0
L 5.7733957 0.8812327 5.7824411 0.8888227 1 P 0
L 5.7733957 0.8812327 5.7885799 0.8631369 1 P 0
L 5.7736934 0.9798552 5.7776293 0.9866726 2 P 0
L 5.7736934 0.9798552 5.7873336 0.9719801 2 P 0
L 5.7736965 1.1650232 5.7776325 1.1582059 2 P 0
L 5.7736965 1.1650232 5.7873368 1.1728984 2 P 0
L 5.7745793 0.7815061 5.795037 0.7933173 1 P 0
L 5.7745793 0.7815061 5.795053 0.7460448 1 P 0
L 5.774815 1.3626482 5.7952726 1.350837 1 P 0
L 5.774815 1.3626482 5.7952886 1.3981095 1 P 0
L 5.7774667 0.5929595 5.8070618 0.6037312 1 P 0
L 5.7776293 0.9866726 5.7912696 0.9787974 2 P 0
L 5.7776325 1.1582059 5.7912728 1.1660811 2 P 0
L 5.7782971 1.5517204 5.8078921 1.5409487 1 P 0
L 5.7823682 1.2556904 5.7975524 1.2737862 1 P 0
L 5.7824411 0.8888227 5.7976253 0.8707269 1 P 0
L 5.7855161 0.6629275 5.8070618 0.6037312 1 P 0
L 5.7863465 1.4817525 5.8078921 1.5409487 1 P 0
L 5.7873336 0.9719801 5.7912696 0.9787974 2 P 0
L 5.7873368 1.1728984 5.7912728 1.1660811 2 P 0
L 5.7874015 1.7125985 5.8700787 1.7952757 0 P 0
L 5.7874016 2.8543307 5.8700787 2.7716536 0 P 0
L 5.7875153 1.0074607 5.7902076 1.014858 2 P 0
L 5.7875153 1.0074607 5.8023158 1.0020738 2 P 0
L 5.7875173 1.137137 5.7902098 1.1297398 2 P 0
L 5.7875173 1.137137 5.802318 1.142524 2 P 0
L 5.788507 1.2813762 5.7975524 1.2737862 1 P 0
L 5.7885799 0.8631369 5.7976253 0.8707269 1 P 0
L 5.7902076 1.014858 5.8050082 1.0094711 2 P 0
L 5.7902098 1.1297398 5.8050104 1.1351267 2 P 0
L 5.795037 0.7933173 5.8155106 0.757856 1 P 0
L 5.795053 0.7460448 5.8155106 0.757856 1 P 0
L 5.7952726 1.350837 5.8157462 1.3862983 1 P 0
L 5.7952886 1.3981095 5.8157462 1.3862983 1 P 0
L 5.7966817 1.0373606 5.7980486 1.045113 2 P 0
L 5.7966817 1.0373606 5.8121928 1.0346256 2 P 0
L 5.7966828 1.1071125 5.7980497 1.0993601 2 P 0
L 5.7966828 1.1071125 5.8121938 1.1098475 2 P 0
L 5.7980486 1.045113 5.8135597 1.042378 2 P 0
L 5.7980497 1.0993601 5.8135608 1.1020951 2 P 0
L 5.7995396 1.0682456 5.7995396 1.0761176 2 P 0
L 5.7995396 1.0682456 5.81529 1.0682456 2 P 0
L 5.7995396 1.0761176 5.81529 1.0761176 2 P 0
L 5.8023158 1.0020738 5.8050082 1.0094711 2 P 0
L 5.802318 1.142524 5.8050104 1.1351267 2 P 0
L 5.8040043 0.9105452 5.8115943 0.9195906 1 P 0
L 5.8040043 0.9105452 5.8221001 0.895361 1 P 0
L 5.8040907 1.23357 5.8116808 1.2245247 1 P 0
L 5.8040907 1.23357 5.8221865 1.2487542 1 P 0
L 5.8051132 2.2629928 5.8051132 2.30394 1 P 0
L 5.8051132 2.2629928 5.8287356 2.2629928 1 P 0
L 5.8051132 2.30394 5.8287356 2.30394 1 P 0
L 5.8115943 0.9195906 5.8296901 0.9044064 1 P 0
L 5.8116808 1.2245247 5.8297766 1.2397088 1 P 0
L 5.8121928 1.0346256 5.8135597 1.042378 2 P 0
L 5.8121938 1.1098475 5.8135608 1.1020951 2 P 0
L 5.81529 1.0682456 5.81529 1.0761176 2 P 0
L 5.8221001 0.895361 5.8296901 0.9044064 1 P 0
L 5.8221865 1.2487542 5.8297766 1.2397088 1 P 0
L 5.8228127 1.3314737 5.8409085 1.3162895 1 P 0
L 5.8228127 1.3314737 5.849133 1.362841 1 P 0
L 5.8228154 0.8132053 5.8409112 0.8283895 1 P 0
L 5.8228154 0.8132053 5.8491357 0.7818379 1 P 0
L 5.8274792 0.6817957 5.8547542 0.6975429 1 P 0
L 5.8274792 0.6817957 5.8589768 0.6272402 1 P 0
L 5.8275789 1.4618975 5.8548539 1.4461503 1 P 0
L 5.8275789 1.4618975 5.8590765 1.516453 1 P 0
L 5.8287356 2.2629928 5.8287356 2.30394 1 P 0
L 5.8293433 1.1994182 5.8352473 1.1891922 1 P 0
L 5.8293433 1.1994182 5.8498009 1.2112294 1 P 0
L 5.8303243 0.9456701 5.8362283 0.9558961 1 P 0
L 5.8303243 0.9456701 5.8507819 0.9338589 1 P 0
L 5.8352473 1.1891922 5.8557049 1.2010034 1 P 0
L 5.8362283 0.9558961 5.8566859 0.9440849 1 P 0
L 5.8409085 1.3162895 5.8672288 1.3476569 1 P 0
L 5.8409112 0.8283895 5.8672315 0.7970221 1 P 0
L 5.8481042 0.9837238 5.8521428 0.9948197 1 P 0
L 5.8481042 0.9837238 5.870302 0.9756445 1 P 0
L 5.8481064 1.1613077 5.852145 1.1502118 1 P 0
L 5.8481064 1.1613077 5.8703042 1.169387 1 P 0
L 5.849133 1.362841 5.8672288 1.3476569 1 P 0
L 5.8491357 0.7818379 5.8672315 0.7970221 1 P 0
L 5.8498009 1.2112294 5.8557049 1.2010034 1 P 0
L 5.8507819 0.9338589 5.8566859 0.9440849 1 P 0
L 5.8521428 0.9948197 5.8743406 0.9867404 1 P 0
L 5.852145 1.1502118 5.8743428 1.1582911 1 P 0
L 5.8547542 0.6975429 5.8862518 0.6429874 1 P 0
L 5.8548539 1.4461503 5.8863515 1.5007058 1 P 0
L 5.8589768 0.6272402 5.8862518 0.6429874 1 P 0
L 5.8590765 1.516453 5.8863515 1.5007058 1 P 0
L 5.8603771 1.0242046 5.8624276 1.0358332 1 P 0
L 5.8603771 1.0242046 5.8836406 1.0201026 1 P 0
L 5.8603782 1.1203089 5.8624287 1.1086803 1 P 0
L 5.8603782 1.1203089 5.8836417 1.1244109 1 P 0
L 5.8624276 1.0358332 5.8856911 1.0317312 1 P 0
L 5.8624287 1.1086803 5.8856922 1.1127823 1 P 0
L 5.8645179 0.8520008 5.8797021 0.8700966 1 P 0
L 5.8645179 0.8520008 5.8958853 0.8256805 1 P 0
L 5.8647832 1.2921451 5.8799674 1.2740493 1 P 0
L 5.8647832 1.2921451 5.8961506 1.3184654 1 P 0
L 5.8651605 1.0659432 5.8651605 1.0777512 1 P 0
L 5.8651605 1.0659432 5.8887829 1.0659432 1 P 0
L 5.8651605 1.0777512 5.8887829 1.0777512 1 P 0
L 5.8700787 1.7952757 5.8700787 2.0669292 0 P 0
L 5.8700787 2.5 5.8700787 2.7716536 0 P 0
L 5.870302 0.9756445 5.8743406 0.9867404 1 P 0
L 5.8703042 1.169387 5.8743428 1.1582911 1 P 0
L 5.8797021 0.8700966 5.9110694 0.8437763 1 P 0
L 5.8799674 1.2740493 5.9113348 1.3003696 1 P 0
L 5.8836406 1.0201026 5.8856911 1.0317312 1 P 0
L 5.8836417 1.1244109 5.8856922 1.1127823 1 P 0
L 5.8887829 1.0659432 5.8887829 1.0777512 1 P 0
L 5.8919021 0.724626 5.9160282 0.7448702 1 P 0
L 5.8919021 0.724626 5.9323946 0.6763688 1 P 0
L 5.8919733 1.4200494 5.9160993 1.399805 1 P 0
L 5.8919733 1.4200494 5.9324658 1.4683064 1 P 0
L 5.8958853 0.8256805 5.9110694 0.8437763 1 P 0
L 5.8961506 1.3184654 5.9113348 1.3003696 1 P 0
L 5.899356 0.8976408 5.9111672 0.9180984 1 P 0
L 5.899356 0.8976408 5.9348173 0.8771672 1 P 0
L 5.899596 1.2460518 5.9114072 1.2255941 1 P 0
L 5.899596 1.2460518 5.9350573 1.2665254 1 P 0
L 5.9111672 0.9180984 5.9466285 0.8976248 1 P 0
L 5.9114072 1.2255941 5.9468685 1.2460678 1 P 0
L 5.9160282 0.7448702 5.9565207 0.696613 1 P 0
L 5.9160993 1.399805 5.9565919 1.4480622 1 P 0
L 5.9245593 1.1954505 5.9326387 1.1732527 1 P 0
L 5.9245593 1.1954505 5.9630371 1.2094553 1 P 0
L 5.9251968 2.1220473 5.9251968 2.4448819 0 P 0
L 5.9251968 2.1220473 6.1968504 2.1220473 0 P 0
L 5.9251968 2.4448819 6.1968503 2.4448819 0 P 0
L 5.9255404 0.9489893 5.9336199 0.971187 1 P 0
L 5.9255404 0.9489893 5.9640182 0.9349845 1 P 0
L 5.9323946 0.6763688 5.9565207 0.696613 1 P 0
L 5.9324658 1.4683064 5.9565919 1.4480622 1 P 0
L 5.9326387 1.1732527 5.9711165 1.1872575 1 P 0
L 5.9336199 0.971187 5.9720975 0.9571823 1 P 0
L 5.9348173 0.8771672 5.9466285 0.8976248 1 P 0
L 5.9350573 1.2665254 5.9468685 1.2460678 1 P 0
L 5.9423543 1.0038489 5.9464563 1.0271124 1 P 0
L 5.9423543 1.0038489 5.9826794 0.9967385 1 P 0
L 5.9423559 1.1407161 5.9464579 1.1174526 1 P 0
L 5.9423559 1.1407161 5.9826811 1.1478265 1 P 0
L 5.9464563 1.0271124 5.9867814 1.020002 1 P 0
L 5.9464579 1.1174526 5.986783 1.124563 1 P 0
L 5.9490164 1.0600345 5.9490164 1.0836569 1 P 0
L 5.9490164 1.0600345 5.9899636 1.0600345 1 P 0
L 5.9490164 1.0836569 5.9899636 1.0836569 1 P 0
L 5.9490176 0.7758892 5.9692619 0.8000154 1 P 0
L 5.9490176 0.7758892 5.9972748 0.7353967 1 P 0
L 5.9490274 1.3677999 5.9692716 1.3436738 1 P 0
L 5.9490274 1.3677999 5.9972846 1.4082924 1 P 0
L 5.9630371 1.2094553 5.9711165 1.1872575 1 P 0
L 5.9640182 0.9349845 5.9720975 0.9571823 1 P 0
L 5.9692619 0.8000154 6.017519 0.7595228 1 P 0
L 5.9692716 1.3436738 6.0175288 1.3841663 1 P 0
L 5.9826794 0.9967385 5.9867814 1.020002 1 P 0
L 5.9826811 1.1478265 5.986783 1.124563 1 P 0
L 5.9899636 1.0600345 5.9899636 1.0836569 1 P 0
L 5.9952206 0.837731 6.0109678 0.865006 1 P 0
L 5.9952206 0.837731 6.0497761 0.8062334 1 P 0
L 5.9953705 1.3066191 6.0111177 1.2793441 1 P 0
L 5.9953705 1.3066191 6.049926 1.3381167 1 P 0
L 5.9972748 0.7353967 6.017519 0.7595228 1 P 0
L 5.9972846 1.4082924 6.0175288 1.3841663 1 P 0
L 6.0109678 0.865006 6.0655233 0.8335084 1 P 0
L 6.0111177 1.2793441 6.0656732 1.3108417 1 P 0
L 6.0299808 0.9068969 6.0407526 0.9364919 1 P 0
L 6.0299808 0.9068969 6.089177 0.8853513 1 P 0
L 6.0299859 1.238051 6.0407578 1.208456 1 P 0
L 6.0299859 1.238051 6.0891822 1.2595967 1 P 0
L 6.0407526 0.9364919 6.0999487 0.9149463 1 P 0
L 6.0407578 1.208456 6.0999539 1.2300016 1 P 0
L 6.0497761 0.8062334 6.0655233 0.8335084 1 P 0
L 6.049926 1.3381167 6.0656732 1.3108417 1 P 0
L 6.0528664 0.980495 6.0583354 1.0115109 1 P 0
L 6.0528664 0.980495 6.1149046 0.969556 1 P 0
L 6.0528691 1.1641369 6.058338 1.133121 1 P 0
L 6.0528691 1.1641369 6.1149072 1.1750759 1 P 0
L 6.0583354 1.0115109 6.1203735 1.0005719 1 P 0
L 6.058338 1.133121 6.1203762 1.14406 1 P 0
L 6.0610293 1.0564131 6.0610293 1.0879075 1 P 0
L 6.0610293 1.0564131 6.1240245 1.0564131 1 P 0
L 6.0610293 1.0879075 6.1240245 1.0879075 1 P 0
L 6.089177 0.8853513 6.0999487 0.9149463 1 P 0
L 6.0891822 1.2595967 6.0999539 1.2300016 1 P 0
L 6.1149046 0.969556 6.1203735 1.0005719 1 P 0
L 6.1149072 1.1750759 6.1203762 1.14406 1 P 0
L 6.1240245 1.0564131 6.1240245 1.0879075 1 P 0
L 6.1968503 2.4448819 6.2795275 2.3622047 0 P 0
L 6.1968504 2.1220473 6.2795275 2.2047244 0 P 0
L 6.2795275 2.2047244 6.2795275 2.3622047 0 P 0
L 6.3110176 3.1387866 6.3110176 4.3435098 0 P 0
